// This file was @generated automatically

#define BIAS_0 { \
  0xea, 0xf7, 0xe4, 0xf8, 0xfb, 0xe9, 0xf7, 0xe3, 0xf0, 0xf2, 0xe6, 0xec, 0xed, 0xe8, 0xf8, 0xf8, \
  0xe3, 0xed, 0xe8, 0xea, 0xef, 0xea, 0xf1, 0xe9, 0xe4, 0xf0, 0xe9, 0xef, 0xf1, 0xea, 0xf3, 0xe7, \
  0xe7, 0xee, 0xe2, 0xf1, 0xe9, 0xed, 0xe5, 0xe5, 0xf3, 0xdb, 0xe9, 0xec, 0xe9, 0xec, 0xeb, 0xe9, \
  0xef, 0xf4, 0xec, 0xe7, 0xee, 0xe3, 0xf0, 0xe9, 0xef, 0xf3, 0xf2, 0xea, 0xe6, 0xf1, 0xf1, 0xe9, \
  0xed, 0xf3, 0xfa, 0xef, 0xee, 0xe8, 0xe5, 0xfa, 0xeb, 0xf0, 0xda, 0xf4, 0xed, 0x01, 0xf2, 0xe8, \
  0xe3, 0xdc, 0xec, 0xe5, 0xef, 0xf2, 0xf2, 0xee, 0xf5, 0xe8, 0xe4, 0xec, 0xf3, 0xef, 0xef, 0xf4, \
  0xe8, 0xe0, 0xf1, 0xee, 0xe7, 0xe6, 0xe9, 0xe8, 0xe0, 0xee, 0xeb, 0xe1, 0xf3, 0xf6, 0xea, 0xe4, \
  0xfa, 0xe6, 0xf8, 0xe7, 0xe5, 0xf0, 0xf3, 0xe5, 0xe5, 0xe6, 0xeb, 0xe6, 0xe7, 0xf7, 0xf3, 0xec, \
  0x07, 0x0a, 0x17, 0xf5, 0x03, 0x01, 0xff, 0x0d, 0xf6, 0xf8, 0x09, 0x0e, 0x11, 0x08, 0xfa, 0xe9, \
  0xf5, 0x0b, 0xfd, 0x18, 0xee, 0xf7, 0x01, 0x10, 0x00, 0x05, 0x0c, 0x02, 0x0e, 0x05, 0x03, 0x01, \
  0xe1, 0x0b, 0xfe, 0xf5, 0x0c, 0x0a, 0xf2, 0x0c, 0x02, 0xf1, 0xfe, 0x0d, 0x0e, 0x13, 0xfa, 0xf8, \
  0xf4, 0xf8, 0x1f, 0x0a, 0x06, 0xfa, 0xf8, 0xf6, 0xe1, 0x00, 0xfc, 0xf3, 0x05, 0xfe, 0xeb, 0x03, \
  0x07, 0x01, 0xff, 0x01, 0xfe, 0x05, 0x00, 0xfd, 0x02, 0x00, 0x01, 0xfb, 0x02, 0xfb, 0x05, 0xfc, \
  0x00, 0xfe, 0xff, 0xfd, 0x04, 0xf9, 0xfd, 0xfc, 0x00, 0x02, 0x03, 0xfd, 0xff, 0x05, 0xf8, 0x06, \
  0x05, 0xfd, 0x05, 0x04, 0xff, 0x02, 0x03, 0x03, 0x00, 0x0d, 0x00, 0xfb, 0xfc, 0xff, 0xf3, 0x03, \
  0xfe, 0x01, 0xf7, 0x07, 0x00, 0x00, 0x01, 0x02, 0xfe, 0xfc, 0xfe, 0x04, 0x05, 0xfc, 0x00, 0xfe, \
  0x01, 0x08, 0x07, 0x0b, 0xfb, 0x0b, 0xf2, 0xf5, 0xfa, 0x03, 0xfc, 0x0d, 0xf6, 0xfb, 0x0b, 0x0e, \
  0x04, 0xea, 0xec, 0xf7, 0xfa, 0xed, 0x09, 0x0b, 0xfd, 0x04, 0xff, 0xf6, 0x06, 0xfb, 0xe0, 0x01, \
  0xf8, 0xf4, 0x09, 0xfc, 0x03, 0x0a, 0xfa, 0xfb, 0xf9, 0x06, 0x00, 0xf3, 0xfd, 0x02, 0x05, 0x00, \
  0x0e, 0x11, 0x05, 0xf8, 0xf9, 0xff, 0x0a, 0xfd, 0x05, 0x03, 0xfe, 0x01, 0x09, 0x04, 0xfe, 0xf4, \
  0x01, 0x03, 0x05, 0x06, 0xfe, 0x08, 0xf1, 0xf7, 0xf9, 0x06, 0xf9, 0x08, 0xfd, 0xfe, 0x0b, 0x0b, \
  0xfb, 0xee, 0xfd, 0x07, 0xfa, 0x03, 0x10, 0x01, 0xf6, 0xf4, 0x05, 0xf0, 0x00, 0x06, 0xf0, 0x06, \
  0xf6, 0xfe, 0x03, 0x0a, 0x05, 0x0a, 0x00, 0xfe, 0xf9, 0x03, 0xfb, 0x00, 0x03, 0x02, 0xfa, 0xf9, \
  0x0c, 0x04, 0x03, 0xff, 0xfd, 0x04, 0x07, 0x00, 0xff, 0x06, 0x02, 0xfb, 0x0d, 0x01, 0xf8, 0xfc \
}
#define BIAS_1 { \
  0xeb, 0xde, 0xf2, 0xf3, 0xed, 0xeb, 0xee, 0xef, 0xe4, 0xe7, 0xe8, 0xe9, 0xef, 0xe7, 0xe1, 0xe5, \
  0xdc, 0xd9, 0xec, 0xe4, 0xf5, 0xe2, 0xed, 0xeb, 0xda, 0xed, 0xe9, 0xeb, 0xe5, 0xf2, 0xef, 0xea, \
  0xe8, 0xe9, 0xe3, 0xef, 0xf1, 0xe6, 0xf0, 0xf9, 0xf0, 0xee, 0xe5, 0xeb, 0xe0, 0xef, 0xf4, 0xe6, \
  0xe9, 0xe6, 0xe5, 0xe2, 0xe8, 0xfc, 0xf7, 0xe5, 0xed, 0xef, 0xf3, 0xed, 0xf5, 0xee, 0xfd, 0xf3, \
  0xf1, 0xf2, 0xed, 0xed, 0xe9, 0xf2, 0xe7, 0xe5, 0xe9, 0xea, 0xee, 0xf2, 0xf2, 0xf2, 0xde, 0xec, \
  0xf4, 0xeb, 0xe8, 0xe9, 0xe9, 0xf2, 0xe0, 0xe5, 0xe2, 0xec, 0xe3, 0xf5, 0xf0, 0xf3, 0xe7, 0xf1, \
  0xe6, 0xee, 0xf3, 0xef, 0xf9, 0xe5, 0xf2, 0xee, 0xec, 0xed, 0xf1, 0xf4, 0xed, 0xf1, 0xe4, 0xe5, \
  0xe9, 0xe3, 0xf6, 0xe5, 0xef, 0xe0, 0xeb, 0xe5, 0xe9, 0xe7, 0xf2, 0xe3, 0xec, 0xe1, 0xe2, 0xea, \
  0x00, 0x00, 0x00, 0x00, 0x00, 0xff, 0x00, 0x01, 0x01, 0x01, 0x00, 0xff, 0x00, 0x00, 0x00, 0x01, \
  0x01, 0xff, 0x00, 0x00, 0x00, 0x00, 0x00, 0x00, 0x01, 0x00, 0x00, 0x00, 0x00, 0xff, 0x01, 0x01, \
  0x00, 0x00, 0x00, 0x01, 0x00, 0x00, 0xff, 0x00, 0x01, 0x00, 0x00, 0xff, 0x00, 0x00, 0x00, 0x00, \
  0x00, 0x00, 0x00, 0xff, 0xff, 0x00, 0x01, 0x00, 0x00, 0x01, 0x00, 0x01, 0x01, 0x00, 0x01, 0x00, \
  0x01, 0xff, 0x01, 0xff, 0xff, 0xff, 0x00, 0xff, 0x00, 0x00, 0x00, 0x00, 0x00, 0x00, 0x01, 0xff, \
  0xff, 0x01, 0x00, 0x00, 0x00, 0xff, 0xff, 0x01, 0xff, 0x01, 0x00, 0x00, 0x00, 0x00, 0x01, 0x01, \
  0x00, 0x02, 0xfe, 0x01, 0xfe, 0xff, 0x00, 0xff, 0x03, 0x00, 0xfe, 0x00, 0xfe, 0x00, 0x01, 0x01, \
  0x01, 0xff, 0xff, 0xfe, 0x01, 0x00, 0x00, 0xff, 0xff, 0x03, 0x00, 0x02, 0x02, 0x00, 0x00, 0x00, \
  0x02, 0xfc, 0x00, 0xff, 0xfd, 0xfe, 0x02, 0xfe, 0xff, 0x01, 0x03, 0x00, 0x00, 0x03, 0x00, 0xf8, \
  0x01, 0x02, 0x00, 0xff, 0x01, 0x01, 0xff, 0x04, 0x00, 0x00, 0x01, 0xff, 0x00, 0x00, 0x03, 0xff, \
  0x01, 0x02, 0xfd, 0x05, 0xfe, 0xff, 0xff, 0xfd, 0x04, 0x00, 0xff, 0x00, 0xfc, 0xfd, 0x03, 0x03, \
  0x01, 0xfe, 0xfc, 0xf9, 0x00, 0xfe, 0xfc, 0xfe, 0xfe, 0x02, 0x00, 0x03, 0x04, 0x00, 0x04, 0xff, \
  0xff, 0xff, 0x00, 0xff, 0x00, 0xff, 0x00, 0x00, 0x00, 0xff, 0x00, 0xff, 0xff, 0x00, 0xff, 0xff, \
  0x00, 0x00, 0xff, 0xff, 0x00, 0x00, 0xff, 0xff, 0x00, 0xff, 0xff, 0x00, 0xff, 0x00, 0x00, 0xff, \
  0x00, 0xff, 0x00, 0xff, 0xff, 0xff, 0x00, 0x00, 0xff, 0x00, 0x00, 0x00, 0xff, 0x00, 0x00, 0x00, \
  0xff, 0xff, 0xff, 0x00, 0x00, 0xff, 0xff, 0x00, 0x00, 0xff, 0x00, 0x00, 0xff, 0x00, 0x00, 0x00 \
}
#define BIAS_2 { \
  0xfc, 0xea, 0xf3, 0xe6, 0xfc, 0xde, 0xf6, 0xed, 0xe8, 0xea, 0xfb, 0xeb, 0xf7, 0xe9, 0xe7, 0xee, \
  0xe3, 0xe5, 0xef, 0xf5, 0xd7, 0xe4, 0xfe, 0xec, 0xe4, 0xd5, 0xe8, 0xe1, 0xeb, 0xf8, 0xf4, 0xe9, \
  0xe7, 0xfe, 0xe8, 0xf8, 0xe6, 0xed, 0xfb, 0xe5, 0xf7, 0xf7, 0xfb, 0xe6, 0xec, 0xf0, 0xef, 0xed, \
  0xe5, 0xf5, 0xf9, 0xf0, 0xe4, 0xfb, 0xef, 0xe6, 0xf4, 0xe9, 0xe4, 0xdf, 0xf5, 0xf1, 0xea, 0xf1, \
  0xfb, 0xeb, 0xe4, 0xea, 0xf7, 0xe4, 0xed, 0xf8, 0xf3, 0xee, 0x03, 0xf1, 0xea, 0xf7, 0xe6, 0xdb, \
  0xf2, 0xf7, 0xea, 0xeb, 0xe6, 0xdf, 0xe0, 0xe1, 0xec, 0xf6, 0xe2, 0xeb, 0xf2, 0xef, 0xe9, 0xe0, \
  0xee, 0xf8, 0xed, 0xe8, 0xf9, 0xea, 0xf8, 0xe0, 0xe7, 0xeb, 0xed, 0xe2, 0xee, 0xe6, 0xe9, 0xee, \
  0xe3, 0xee, 0xf7, 0xf1, 0xe7, 0xd9, 0xea, 0xf3, 0xe8, 0xef, 0xee, 0xe7, 0xf5, 0xe2, 0xe6, 0xf2, \
  0xff, 0x00, 0xff, 0xff, 0xff, 0x00, 0x00, 0xff, 0xff, 0x00, 0xff, 0xff, 0x00, 0x00, 0x00, 0xff, \
  0x00, 0xff, 0x00, 0x00, 0xff, 0x00, 0xff, 0x00, 0x00, 0xff, 0x00, 0xff, 0xff, 0xff, 0x00, 0x00, \
  0x00, 0x00, 0x00, 0x00, 0xff, 0xff, 0x00, 0xff, 0x00, 0x00, 0xff, 0x00, 0xff, 0x00, 0x00, 0xff, \
  0x00, 0x00, 0x00, 0xff, 0xff, 0xff, 0xff, 0xff, 0xff, 0x00, 0x00, 0xff, 0xff, 0xff, 0x00, 0xff, \
  0xff, 0xff, 0xff, 0xff, 0xff, 0xff, 0xff, 0xff, 0xff, 0xff, 0xff, 0x00, 0x00, 0xff, 0x00, 0xff, \
  0x00, 0xff, 0xff, 0x00, 0xff, 0xff, 0x00, 0xff, 0xff, 0xff, 0x00, 0xff, 0xff, 0x00, 0xff, 0xff, \
  0x00, 0xff, 0xff, 0xff, 0xff, 0x00, 0xff, 0x00, 0x00, 0xff, 0xff, 0xff, 0xff, 0xff, 0x00, 0x00, \
  0xff, 0x00, 0xff, 0x00, 0x00, 0x00, 0x00, 0x00, 0xff, 0xff, 0xff, 0x00, 0x00, 0x00, 0xff, 0x00, \
  0xff, 0xff, 0x00, 0xff, 0x00, 0xff, 0x00, 0x00, 0x00, 0x00, 0xff, 0xff, 0xff, 0x00, 0x00, 0x00, \
  0xff, 0xff, 0xff, 0xff, 0x00, 0xff, 0x00, 0xff, 0xff, 0xff, 0xff, 0xff, 0xff, 0x00, 0xff, 0x00, \
  0xff, 0x00, 0x00, 0xff, 0xff, 0x00, 0x00, 0xff, 0xff, 0xff, 0x00, 0xff, 0xff, 0x00, 0xff, 0xff, \
  0x00, 0x00, 0x00, 0xff, 0xff, 0xff, 0x00, 0x00, 0x00, 0x00, 0x00, 0x00, 0x00, 0xff, 0x00, 0x00, \
  0xff, 0x00, 0x00, 0xff, 0x00, 0xff, 0xff, 0xff, 0x00, 0x00 \
}
#define BIAS_3 { \
  0x1c, 0xe9, 0xb6, 0x15, 0x2b, 0x13, 0x37, 0xb1, 0x30, 0x05, 0xf0, 0x2f, 0x1f, 0x24, 0x0b, 0x0c, \
  0x21, 0x40, 0xdd, 0xb7, 0x1d, 0xb3, 0x3a, 0xf0, 0xe7, 0x11, 0x0b, 0x05, 0xee, 0xb1, 0xc5, 0x17, \
  0x14, 0x07, 0xe0, 0xb3, 0xe3, 0xfb, 0x2b, 0xde, 0x0f, 0xfd, 0xad, 0x1d, 0x20, 0xff, 0x06, 0x45, \
  0xb9, 0x12, 0x09, 0x29, 0xc2, 0x1f, 0xb8, 0x10, 0xee, 0x19, 0xe2, 0x2b, 0xe9, 0x07, 0x2e, 0xf4, \
  0x03, 0xf8, 0x03, 0xfe, 0xff, 0xe7, 0x0b, 0x0d, 0xe6, 0x01, 0xf7, 0xf5, 0xf2, 0xfe, 0x03, 0xf6, \
  0x12, 0x08, 0x09, 0x0f, 0xf4, 0xff, 0xef, 0xf7, 0xf6, 0x0c, 0xee, 0xf5, 0xee, 0xe7, 0xf6, 0xff, \
  0x04, 0xfd, 0xf6, 0x0f, 0xfd, 0xef, 0x0c, 0x0d, 0x03, 0x15, 0x01, 0xf1, 0xff, 0xff, 0xfa, 0x09, \
  0xf3, 0x09, 0xf7, 0x10, 0xf1, 0xf9, 0x0d, 0xf2, 0xf8, 0xf7, 0x00, 0xf8, 0xea, 0x03, 0xfc, 0xf5, \
  0x01, 0xff, 0x00, 0x00, 0x00, 0xff, 0x01, 0x00, 0x00, 0x00, 0x00, 0xff, 0x00, 0x01, 0xff, 0x00, \
  0x00, 0x01, 0x00, 0xff, 0x00, 0x00, 0xff, 0x00, 0x00, 0x01, 0x00, 0x00, 0xff, 0x01, 0x00, 0x00, \
  0x01, 0x00, 0x00, 0x00, 0xff, 0x00, 0x00, 0x00, 0x00, 0x00, 0x00, 0x01, 0xff, 0x00, 0xff, 0x01, \
  0x00, 0xff, 0xff, 0x01, 0x00, 0xff, 0xff, 0x01, 0x00, 0x00, 0x00, 0x01, 0x00, 0x00, 0x00, 0x00, \
  0x00, 0x00, 0x00, 0x00, 0x00, 0x00, 0x00, 0x00, 0x00, 0x00, 0x00, 0x00, 0x00, 0x00, 0x00, 0x01, \
  0x00, 0x00, 0xff, 0x00, 0x00, 0x00, 0x00, 0x00, 0x01, 0x00, 0x00, 0x00, 0x00, 0x01, 0xff, 0x00, \
  0x01, 0x00, 0x00, 0x00, 0x00, 0x01, 0x00, 0x00, 0xff, 0x01, 0x00, 0x00, 0x00, 0x00, 0x00, 0x01, \
  0x00, 0xff, 0x00, 0x00, 0xff, 0x00, 0x00, 0x00, 0x00, 0x00, 0x00, 0x00, 0x00, 0x00, 0x00, 0xff, \
  0x00, 0x01, 0x00, 0x01, 0x00, 0x02, 0xff, 0xff, 0xff, 0x00, 0xff, 0x01, 0xff, 0x00, 0x01, 0x01, \
  0x00, 0xfe, 0x00, 0x00, 0xff, 0x00, 0x01, 0x01, 0xff, 0x00, 0x01, 0xff, 0x01, 0x02, 0xfe, 0x00, \
  0xff, 0x00, 0x01, 0x00, 0x01, 0x02, 0x00, 0xff, 0xff, 0x01, 0x00, 0xff, 0x01, 0xff, 0x00, 0x00, \
  0x01, 0x01, 0x01, 0xff, 0xff, 0x01, 0x01, 0x00, 0x00, 0x00, 0xff, 0xff, 0x01, 0x00, 0x00, 0xff \
}
#define KERNELS { \
  0x50180000, 0x00000178, 0xfafb01fb, 0x00ff00fe, 0x00ecf5f0, 0xe90702fe, 0x07fd00ef, 0xf214e8ed, \
  0x0eeae205, 0x14fd01f3, 0xf6f40407, 0xfffe02ff, 0xfafc00fd, 0x0300d8f3, 0x00eeef06, 0x0e0c1914, \
  0xf9fbfb0b, 0xfff0f102, 0x08f4fef1, 0xfb05fa04, 0x0c19fd08, 0xe8e20007, 0xf0eee6e9, 0xfbf8f7e5, \
  0xf0eefdfc, 0xfeedfd02, 0xeb0f0ef8, 0xf9fa06fe, 0xf2f500f9, 0xe2f316f9, 0x0a1beee6, 0xfa000000, \
  0xff0000ff, 0x0200f1f8, 0xf5ff120e, 0x04ff150a, 0x1219fc0c, 0xfefbefef, 0x08040e1b, 0x06fcf205, \
  0x05f40aed, 0xf50700ff, 0xfde901f7, 0xf6f1f6fb, 0xf7f90c0e, 0xfb02fe0a, 0xf6f2090a, 0xe40405f2, \
  0xf904f60b, 0x140a08e7, 0x0813f201, 0x03030af3, 0x0c02ee0b, 0x11fa0cff, 0xe902f200, 0x06f6f20d, \
  0x120c0bf3, 0x08fb15fd, 0x041e12f5, 0x2ef7f511, 0xebedf602, 0xe3f4f300, 0xf3f7ff03, 0x030309ec, \
  0x01fc080a, 0xfa02fffa, 0x040c0308, 0xfb03f302, 0xe4f7f406, 0x0fe90a04, 0x01f4ff08, 0xf7f5f1fc, \
  0xfc0813f4, 0xff07ec02, 0x11f2db0f, 0xeae10506, 0xecfff90f, 0xfd04f607, 0x13f90903, 0x01020bea, \
  0xf00002ef, 0xf2eb0b0a, 0x00ed0a0a, 0xf0faeff6, 0xfc04f7fb, 0x03f2f2f4, 0xf1f3f5ed, 0xedf5fef5, \
  0x06fafbfb, 0x040301f9, 0xeef30ffd, 0x14fafd09, 0xfeff0001, 0xfeff0000, 0x00fc0011, 0xfcf61506, \
  0xf70fe7e7, 0xeb11f509, 0x07f4e801, 0x0af7f407, 0xf3f6fcf3, 0x00000000, 0x00000000, 0x00fc0303, \
  0x0705f7f2, 0xf1040607, 0xfbf40504, 0xfaff09ee, 0x0e170cf1, 0xf607fc0b, 0x00000000, 0x00000000, \
  0x00fefe05, 0xfb060202, 0x01faf5f4, 0xf4fd0003, 0xf709f6f9, 0x020f10ec, 0x050febec, 0xf401f706, \
  0x06ea0100, 0xfbfffdef, 0x03e4de0f, 0x110b0102, 0x06120c16, 0x05fafcf9, 0x05fff9fe, 0x0509fbff, \
  0xfcfafc02, 0xfff70706, 0xff0203f9, 0xfdfcfffd, 0x05f90e0f, 0x0e0a0602, 0x020806ed, 0xecf310ee, \
  0xdd0bfced, 0xf1fd21f4, 0x1103fbf9, 0x0a000000, 0x00000000, 0x0000f2f1, 0xf9f3fbf9, 0xfdf9fa00, \
  0x00000100, 0xfffe0303, 0x01f7f3f4, 0xf7ff0ef3, 0xfb0ff108, 0x050c04fd, 0x080c00fd, 0x00fe06f7, \
  0xf9f90600, 0x01030000, 0xff01fffe, 0x00000000, 0x00000000, 0x00000205, 0xff03fc06, 0xf70404f8, \
  0x09011108, 0x0c09f400, 0x00000000, 0x00000000, 0xfd01fc00, 0x06070406, 0xf6040408, 0xf802fffe, \
  0xfcfef904, 0x030cf904, 0x0c0a0004, 0xfe030800, 0xfff810ff, 0xf101ef00, 0xfefef8ed, 0xf0090d07, \
  0xf8fefa0f, 0xfffcedf8, 0x08f7010b, 0xf9fa0df4, 0xfff809fd, 0x0604080b, 0x00000000, 0x00000000, \
  0x00060804, 0xfd0f0ff8, 0xfe000004, 0xfb050501, 0xfdfd0109, 0xf3fc0200, 0x05fe0102, 0xfffefdf9, \
  0x0102fa06, 0x07010301, 0x03020101, 0x07fb0200, 0x050efdfd, 0xfff504fb, 0xfa000301, 0xf8050a02, \
  0x00000000, 0x00000000, 0x00000001, 0x000002ff, 0x0000fe00, 0x00ff0000, 0xff000007, 0xf80a0af8, \
  0xfd030802, 0xfa0a080c, 0xfb08f9fb, 0xfdf7ff0f, 0x01010c08, 0xf9f90700, 0xfe05fcfb, 0xfefffd01, \
  0x090507fd, 0x09f8f4f9, 0x05fffafb, 0x0e050b0d, 0x0cff0aff, 0x0e0b0104, 0xf7050000, 0xff000000, \
  0x000000ff, 0x02f40bfb, 0xf40607fb, 0x0101f801, 0xfefe0ff3, 0x0c000000, 0x00000503, 0x03ff0000, \
  0x00000000, 0x00000000, 0xfeff04fe, 0xfcfb03fd, 0x00ff0200, 0xfa07040b, 0xf5ff04fa, 0x0405fe02, \
  0xfc090305, 0x071107ff, 0x05faf507, 0x02f10007, 0x09fd06fe, 0xfb01fcfb, 0xfdfefdfa, 0xf7ff02fb, \
  0x02000605, 0x07f70306, 0xfbf303f3, 0xfdff0efa, 0xfdfb0b0d, 0x02001308, 0xf60ffc0b, 0x06fafff9, \
  0x02000000, 0x00000000, 0x0000fff9, 0xf8fbf9fd, 0xf805010e, 0x05080704, 0x05f606f7, 0x0a00010b, \
  0xf30c0906, 0xfef601f8, 0x06f603f5, 0xf6fa0000, 0x00000000, 0x00000000, 0x00000000, 0x00000000, \
  0x020304ff, 0xfe0001fe, 0xff09f6fa, 0xf404fcf4, 0xfd0201f9, 0xfb08ffff, 0x0105feff, 0xffffff00, \
  0x00000000, 0x00000000, 0x00000000, 0x00fffeff, 0x0001fc07, 0x080200f7, 0x0b03fdfa, 0xff000b04, \
  0x02fefefd, 0x08fffff5, 0x00000000, 0x00000000, 0x3f000000, 0x00000000, 0x00000000, 0x00000000, \
  0x00000000, 0x00000000, 0x00000000, 0x00000000, 0x00000000, 0x00000000, 0x00000000, 0x00000000, \
  0x00000000, 0x00000000, 0x00000000, 0x00000000, 0x00000000, 0x00fa0000, 0x00000000, 0x00000000, \
  0x00000000, 0x00000000, 0x00000000, 0x00000000, 0x00000000, 0x00000000, 0x00000000, 0x00000000, \
  0x00000000, 0x00000000, 0x00000000, 0x00000000, 0x00000000, 0x00000000, 0x00000000, 0x00000000, \
  0x3e000000, 0x00000000, 0x00000000, 0x00000000, 0x00000000, 0x00000000, 0x00000000, 0x00000000, \
  0x00000000, 0x00000000, 0x00000000, 0x00000000, 0x00000000, 0x00000000, 0x00000000, 0x00000000, \
  0x03eb1bfc, 0xfa18f908, 0x0502e707, 0xf8fc02f3, 0x0ce4fff8, 0x0301fa06, 0x01fdf2f4, 0x0e140cf9, \
  0xf307f2fa, 0xe4f8d607, 0x050e0af5, 0xf806020a, 0xe5f60ff6, 0x0cfdf8fb, 0xfd030205, 0x07f6e803, \
  0x0500fcf6, 0x00fcff1e, 0xfafcf90c, 0x0b070cfe, 0xdffa0203, 0x04fefef8, 0xf909fc03, 0x01eff704, \
  0x0b13080c, 0x05f706f5, 0x0f070a03, 0xf81a11ef, 0x1606ea19, 0xfbf503e5, 0xc9e101d7, 0x09020000, \
  0x00000000, 0x00ff1000, 0x501802a0, 0x00000022, 0xf9fa0d0c, 0xfbf60b00, 0x02f900f9, 0xfcfef7fe, \
  0xf5ff0400, 0x040c0ffa, 0x01fbf3fe, 0xee010cf8, 0x1605fa03, 0x01edf709, 0x071200fd, 0x04fdfe01, \
  0xf2f6ebf0, 0x0203f902, 0x04041002, 0xfcfae804, 0x06011604, 0xf5f7f7f4, 0xef060d01, 0xf90203fc, \
  0xfdfafff9, 0x02ff1b00, 0x10fe1a02, 0x0ef5fbfe, 0xf9060eff, 0x0d04e9fa, 0x0df80407, 0x0b0200f6, \
  0x17f9fdf0, 0xfa01f601, 0xfd0bf306, 0x00040000, 0x00000000, 0x00060d00, 0x501802e0, 0x00000058, \
  0x00000000, 0x00000000, 0x3a000000, 0x00000000, 0x00000000, 0x00000000, 0x00000000, 0x00000000, \
  0x00000000, 0x00000000, 0x00000000, 0x00000000, 0x00000000, 0x00000000, 0x00000000, 0x00000000, \
  0x00000000, 0x00000000, 0x00000000, 0x00010000, 0x00000000, 0x00000000, 0x00000000, 0x00000000, \
  0x00000000, 0x00000000, 0x00000000, 0x00000000, 0x00000000, 0x00000000, 0x00000000, 0x00000000, \
  0x00000000, 0x00000000, 0x00000000, 0x00000000, 0x00000000, 0x00000000, 0x3e000000, 0x00000000, \
  0x00000000, 0x00000000, 0x00000000, 0x00000000, 0x00000000, 0x00000000, 0x00000000, 0x00000000, \
  0x00000000, 0x00000000, 0x00000000, 0x00000000, 0x00000000, 0x00000000, 0x0f04fbfe, 0xf8fc0207, \
  0xf8eb0cfd, 0xf90bfe14, 0xf1ecfa01, 0xfaf60516, 0xfa210bff, 0x1bfdfce8, 0x13fff705, 0x0ef5feff, \
  0x03fdfb0b, 0xf0fdfcfd, 0xf6edf5fb, 0x00000900, 0x0000f602, 0x0af50406, 0xe6fcf6fe, 0xe2fef602, \
  0xfcfef7f4, 0x00170c03, 0xf3eb13f6, 0xfe05f907, 0x0101fd08, 0xfa030e00, 0xfe030300, 0x0605f9fc, \
  0x080eedf4, 0x0efefaf2, 0xf8f600fd, 0x04fcf9fe, 0x0a0302ff, 0x01f90000, 0x00000000, 0x00060700, \
  0x50180380, 0x00000022, 0x214412fc, 0xf4411dfe, 0xfcbfeed0, 0xfcd6f42b, 0x171bfefe, 0xef10f2e3, \
  0x0511fcd5, 0xf1eff336, 0x250811e3, 0x08e5dff9, 0xf420041d, 0x0bffe5f8, 0x050909e8, 0x0b4af0cf, \
  0xeb19f519, 0xdfcdf70f, 0xff1f1307, 0xeae112dc, 0xf5dbfbf8, 0x1018f810, 0x0d0ff7d1, 0x042cfa3a, \
  0x0be3cf15, 0x0219f41b, 0xf1fb0032, 0xe7fb1919, 0x1efbd304, 0xfce2f91e, 0x0dd30c01, 0xe8e0e8f3, \
  0xe4dbf6dd, 0x10110000, 0x00000000, 0x00ee0400, 0x501803c0, 0x00000058, 0x00000000, 0x00000000, \
  0x77000000, 0x00000000, 0x00000000, 0x00000000, 0x00000000, 0x00000000, 0x00000000, 0x00000000, \
  0x00000000, 0x00000000, 0x00000000, 0x00000000, 0x00000000, 0x00000000, 0x00000000, 0x00000000, \
  0x00000000, 0x00f50000, 0x00000000, 0x00000000, 0x00000000, 0x00000000, 0x00000000, 0x00000000, \
  0x00000000, 0x00000000, 0x00000000, 0x00000000, 0x00000000, 0x00000000, 0x00000000, 0x00000000, \
  0x00000000, 0x00000000, 0x00000000, 0x00000000, 0x3d000000, 0x00000000, 0x00000000, 0x00000000, \
  0x00000000, 0x00000000, 0x00000000, 0x00000000, 0x00000000, 0x00000000, 0x00000000, 0x00000000, \
  0x00000000, 0x00000000, 0x00000000, 0x00000000, 0xf80c0e0e, 0xfd09f400, 0x08ea1007, 0xfdfd04f5, \
  0xe7f812fb, 0x230a0302, 0xf8020c02, 0x06ea0409, 0xef03e70d, 0xf1f2f6fc, 0x130308f5, 0x0bfafbfd, \
  0xe3000110, 0x06ffe902, 0xfa071402, 0xf9eb0801, 0x0c18fefe, 0x02040d04, 0xf70b0a00, 0x050de402, \
  0xfa0d13f6, 0x01fffb01, 0xf1fb10ff, 0xf406fa1a, 0xf40603f6, 0x1ffb0503, 0x121cf9fd, 0x02150016, \
  0xf81f1f0e, 0x04010511, 0x150900f9, 0x091d0000, 0x00000000, 0x00180300, 0x50180460, 0x00000022, \
  0xfaff0b11, 0x1f0e1204, 0x020702fa, 0xee00f1fd, 0x09ecfaee, 0xe82721ec, 0xe6112101, 0xfdf5fbfe, \
  0xf4f90af4, 0x01071df3, 0x01eaf104, 0xf50d110b, 0x06fee115, 0x18fe25fe, 0xf10318f7, 0xf8f4f103, \
  0xfb0d0504, 0x0deff416, 0x08e6e827, 0x08061b0e, 0x0202030e, 0x14e7eb12, 0x0914e702, 0x0ce9dcfe, \
  0x03d8c7f5, 0xe6f00205, 0xfe1003eb, 0x03eeebf8, 0xec0e0800, 0xfe0f23fa, 0xf20a07f9, 0xfefe0000, \
  0x00000000, 0x00202200, 0x501804a0, 0x00000017, 0x00000000, 0x00000000, 0x4f000000, 0x00000000, \
  0x00000000, 0x00000000, 0x00000000, 0x00000000, 0x00000000, 0x00000000, 0x00000000, 0x00000000, \
  0x00000000, 0x00000000, 0x00000000, 0x00000000, 0x00000000, 0x00000000, 0x13df1c15, 0xf802f7f0, \
  0x1c000000, 0x00000000, 0x00ef0000, 0x501804d0, 0x00000090, 0x0dd54d0b, 0xdfe120c2, 0x03c3c5c9, \
  0x01cefa54, 0x4a45c004, 0xa915ddc4, 0x112cfc17, 0xe8fd36c7, 0x53acb24a, 0xf50d1af2, 0xf70bb204, \
  0x4f28c7e4, 0x4d46bad6, 0x11fb1138, 0x25b6c5a9, 0x3a2d2e14, 0xef5534d7, 0x0de424ca, 0x2d1a2422, \
  0xe8e124fc, 0xed24480e, 0xc5c643b5, 0xe911b319, 0xe5032010, 0x4db0fb00, 0x29b50cbb, 0xb1d5b155, \
  0x120bcdf1, 0xe8d3b0f8, 0xd632d3ba, 0x38400a57, 0xc3cea5c8, 0x3630b658, 0xf33df6d6, 0xfa25fec4, \
  0x3109d502, 0xe253d3e3, 0x0b49ba14, 0xe045e52e, 0xe20e4c27, 0x12a14be5, 0x10ecebe0, 0xdcd109b6, \
  0xfcc905ce, 0x1fc5afc6, 0x1ecc3ec8, 0x47e24cc6, 0xe3dcd710, 0x2c21cd3d, 0x1ff8d4d8, 0x51dfe130, \
  0x30eac9fa, 0x39fde721, 0x4227d31e, 0xed55d92c, 0xf5ffc1f9, 0xc4f2d0f8, 0xdc18c327, 0x3f304324, \
  0xb14bc61d, 0x4dc92a4e, 0xc602bc2a, 0x36f3f9d6, 0x01c9d818, 0xb34b164e, 0x4535bcf6, 0xe4d74502, \
  0x4c40fb08, 0xaa23cc3a, 0x17f136f5, 0xe4ebc001, 0x01b72e3c, 0x05fbbff9, 0xf2babdb9, 0xf6c30552, \
  0xb02fe942, 0xf5d52315, 0xf7c91a32, 0x22042ef1, 0x1fb5f2b9, 0xce592f4d, 0x30fc20eb, 0xf7e1be04, \
  0xe9c20fc3, 0x28b0ce46, 0x2b54c234, 0x3521f8fb, 0x1a2f26e5, 0x24d8c5d0, 0x0557f9ee, 0xe0c2ff2d, \
  0x1bb8ec09, 0xb3d10104, 0xff1942b4, 0xe3534ee7, 0x2dce4e49, 0xa7fdd607, 0xd01bacd7, 0x2b4f43f3, \
  0x2dc5bcf6, 0x2a2f0f3d, 0x09293236, 0x2be4ec4e, 0x29092533, 0xeeda0fde, 0x2f263a3b, 0x2419fb18, \
  0x51a4c4e4, 0x19fccc2d, 0x2cb221fe, 0x40dee703, 0xe02b041c, 0x3cf620fe, 0xb1dc0f21, 0xda30143f, \
  0xc234260c, 0x2f07e2dd, 0xdc2ef1c7, 0xd8082c04, 0xb822c056, 0x151d01bb, 0xdc3239de, 0xecb8d047, \
  0x47d525b3, 0x4231f0d6, 0x41171bc5, 0x0106e241, 0x0e2fd2bb, 0x452101cf, 0xf146b127, 0xbdbd19cc, \
  0x12fd1bfa, 0x13e40615, 0xc6f7ea26, 0x2cdecebb, 0xbf3ed1ba, 0x444515cb, 0x4aca21f2, 0xf858effe, \
  0x0abf1037, 0x44cccfe5, 0xb6ec3cde, 0xc522fed1, 0x2c292aad, 0x50184000, 0x00000178, 0x0306fefe, \
  0x04010005, 0x000a05f1, 0x01f705e5, 0xe0e6f9e2, 0xf6fee1f5, 0x09d5e6fc, 0xf1060609, 0xeb09e612, \
  0x0000ff00, 0xffffff00, 0x0007040f, 0xebf7eee8, 0xf501fc03, 0x03fff3f8, 0xf2f904ff, 0xfbff03f6, \
  0xf9f9fe06, 0xfd0c09f4, 0xf0f802fe, 0xff0a180e, 0x0ff421ff, 0x1b0fe9f5, 0xefe5dbe0, 0x01e0e8fe, \
  0x02fcff02, 0xfdfe0000, 0xececc5ff, 0xd5e2dad8, 0xfe000000, 0x01ff0100, 0x0000230a, 0xf82111ef, \
  0x1e01f3e8, 0xf3d7f9f1, 0x0e03111d, 0xf21314f8, 0x11fef917, 0xf5f6f9f8, 0x0bea00e9, 0x0deffe05, \
  0xf80400fe, 0x010507fa, 0xfbfc02fc, 0x01f9f8fb, 0x0913e7f6, 0xe2bcd4ca, 0xf420edf1, 0xed14f011, \
  0x0b0af1d6, 0xefeef4e3, 0x1322ffec, 0xf1e9e7e9, 0xd8e7e9ef, 0x1b1a0d04, 0xf1fe0420, 0x08dddad9, \
  0xea06f8f8, 0xfefa1110, 0x0bf6150c, 0x07f4e8e9, 0xeeeef4f2, 0xdff0fef1, 0x00000001, 0x000006fb, \
  0xfd2c19ff, 0x16fc1a06, 0x0ff302f9, 0x06000101, 0xff0302ed, 0xf9e4f7dc, 0xd6ebf0e0, 0xf0e0e5f8, \
  0xebf7f8ee, 0xe90f1004, 0x08e401e1, 0xf603f7f0, 0xfafaedf2, 0xf7f9f70d, 0xfffe0600, 0xeff8fcfb, \
  0xf3f3f4f6, 0xf7f8fdfe, 0xfdf8f5f2, 0xf3f4f4f1, 0xedf40300, 0xfff200ff, 0x0a0af20b, 0x151bf9ff, \
  0xf70bf81d, 0x00000000, 0xfffefefe, 0xffe003ec, 0xe5f0e1da, 0xe9d0ebe4, 0xe517ee04, 0x10180921, \
  0x05ef08fd, 0xfd1f1d26, 0x00000000, 0x00000000, 0x00000102, 0xfcfbfc07, 0x04000000, 0xff000201, \
  0x040700fa, 0xf7e4e9fc, 0xedfdf2dc, 0x04f4f706, 0x0707fb03, 0x040704fe, 0x0504fc04, 0xff020000, \
  0x00ff0000, 0x000000f8, 0x0500f6f8, 0x0ff3f4f3, 0xf21d0dd2, 0x04f6efff, 0xeafa132b, 0xf6f8ffcb, \
  0xd9e8e3fb, 0xe8e4e7f2, 0xd1f2f6fb, 0xf6fc0105, 0x00ff02fe, 0x03ff0100, 0x01ff0000, 0x00faf9f9, \
  0xfaf8f8f6, 0xfa01dcfc, 0x10ff0c0b, 0xe5e5d8c0, 0xd4ebebdc, 0x0cf10c07, 0x06e6deea, 0x0319fc13, \
  0x2afef6f8, 0xfefc0101, 0xfefdfbfa, 0xf7f9f8f5, 0xf6fded00, 0x00000000, 0x00000000, 0x00fb02ee, \
  0xfe08f4f2, 0xed05fc09, 0xfffe100c, 0x080107f2, 0xf4fa01fa, 0xf50bf309, 0x0705f8f7, 0x07f9f7fd, \
  0xfded0003, 0xfbf715f2, 0xf50aedef, 0x0df50708, 0xfaf904ef, 0x1213f3fb, 0x0807fcef, 0x000603f4, \
  0xff02fef2, 0x0801f508, 0xf80cf009, 0x070af606, 0x09f9f9f7, 0xf809ecff, 0xf804fa09, 0xf4f6f7f6, \
  0xfb01fc0e, 0x060f110f, 0xf8030d00, 0x0707f209, 0xfbfa0708, 0xfcfcfc10, 0xf309f207, 0xfbf80809, \
  0x0cf3ebfe, 0x070b0ffb, 0x0ffa040c, 0x02fe0002, 0x0200fdff, 0xfa010204, 0xf7040b0f, 0xf6ef0812, \
  0x020416fd, 0x170806ff, 0xfbf4030f, 0xf6f208f7, 0xf2fbfafd, 0xf5fb020d, 0x09f3eaf9, 0xecf317fa, \
  0x0e15f0f4, 0xed15f5ff, 0x0e0eef0d, 0x0c16ef07, 0xff0a05f5, 0xf4feea04, 0x07050716, 0xf6f90304, \
  0x02fb04f8, 0xf913f7fe, 0x0e07f2fb, 0xf210f7ff, 0x09110102, 0x03ffff03, 0xebf50ff6, 0x10f50d0f, \
  0x10fefd00, 0xfa11f1ec, 0xf306fcfa, 0xf806fb09, 0xfb020004, 0xf3fdf20a, 0x0c09ed0a, 0x0dfbff06, \
  0xf302fdfb, 0x0bf9f9f6, 0x0afae8ef, 0xe7e5f6f1, 0x0df301fd, 0xeaf10a0a, 0xfd0b08ee, 0xfdfef8fd, \
  0xf6edfc10, 0x0901fa10, 0xf905040a, 0xf4fef901, 0xf5080000, 0x00000000, 0x0000000b, 0xeff504ec, \
  0xf007eaf1, 0xfe04f7f5, 0x09e80700, 0xedf7f9f9, 0xf7f5fdfa, 0xf6fc1110, 0x0d090ff1, 0xfb0602fb, \
  0x110ef204, 0x06ef0902, 0xfcf2f708, 0x0b090610, 0x0d010709, 0xf9f7eff6, 0x00f203fa, 0xfdfd0502, \
  0x0005faec, 0x0bf1f800, 0xf4f606f8, 0xec06f1fe, 0xf1eaea08, 0x030000fe, 0x00000000, 0x00fff314, \
  0xf4fbf307, 0xff0f0bf4, 0x0df3f3f1, 0xf4f6ef00, 0xecea0b04, 0x0605f805, 0xfbedf7f0, 0x0af30b03, \
  0xf20e0bf9, 0x0bf6fb00, 0xf8f9fb00, 0x0a050c0b, 0x0c0c0b08, 0xf5f606ef, 0x040af303, 0xee0f060d, \
  0xfcf5fc04, 0xfa0401fa, 0x0aeae8f8, 0xec00ec00, 0x00010002, 0x020001ff, 0xfdeffcf6, 0x10fefcf8, \
  0xf6fffef6, 0x000214fc, 0x0701fc06, 0xf103f9f1, 0x03f1ede8, 0x04f106f6, 0x0e0beefb, 0x00000000, \
  0x00000000, 0x40000000, 0x00000000, 0x00000000, 0x00000000, 0x00000000, 0x00000000, 0x00000000, \
  0x00000000, 0x00000000, 0x00000000, 0x00000000, 0x00000000, 0x00000000, 0x00000000, 0x00000000, \
  0x00000000, 0x00000000, 0x00f60000, 0x00000000, 0x00000000, 0x00000000, 0x00000000, 0x00000000, \
  0x00000000, 0x00000000, 0x00000000, 0x00000000, 0x00000000, 0x00000000, 0x00000000, 0x00000000, \
  0x00000000, 0x00000000, 0x00000000, 0x00000000, 0x00000000, 0x3d000000, 0x00000000, 0x00000000, \
  0x00000000, 0x00000000, 0x00000000, 0x00000000, 0x00000000, 0x00000000, 0x00000000, 0x00000000, \
  0x00000000, 0x00000000, 0x00000000, 0x00000000, 0x00000000, 0x15f4f9fe, 0x160ef9fd, 0xf7fffffe, \
  0xfb0803f9, 0x110a0219, 0xf403fdfa, 0x0908fd0d, 0x0f10f5f9, 0xfb1a0dea, 0xfd0a0900, 0xf1fa0700, \
  0xf9010006, 0xfc05f40e, 0x03100c12, 0xff0209ed, 0xfff6050c, 0x16fcfd07, 0x0a0af603, 0xf9f707f5, \
  0xf604fe0d, 0x14071909, 0x0a1106fe, 0x130708f5, 0xfbf602ff, 0x100cf8ef, 0xf417f605, 0xfdfe0b05, \
  0x0b030d09, 0x020c1005, 0x04f70d03, 0x09ff020f, 0x03f30000, 0x00000000, 0x00050a00, 0x501842a0, \
  0x00000022, 0xffedfd04, 0x0ae90709, 0x051103f8, 0x010b0624, 0x01d3fc12, 0x03fc0013, 0x0e0d13ff, \
  0xf8e8f0fa, 0xfd011005, 0x0ff6000e, 0x05f80920, 0x03010d0c, 0xfff1f028, 0xfedffcfc, 0xeaf10f05, \
  0xfe0efbfa, 0x040a04f8, 0x040cfa13, 0xf5fcfcf9, 0xfdf604f5, 0x0bcd04cf, 0xeafc02f8, 0x1213ff0d, \
  0x0e0ef4e9, 0xf21ae90b, 0xf9fb0c0f, 0x07fde514, 0xfe2ef6f2, 0xf8190120, 0x03f6fbe9, 0xf9220011, \
  0xfdf30000, 0x00000000, 0x00f50100, 0x501842e0, 0x00000058, 0x00000000, 0x00000000, 0x3d000000, \
  0x00000000, 0x00000000, 0x00000000, 0x00000000, 0x00000000, 0x00000000, 0x00000000, 0x00000000, \
  0x00000000, 0x00000000, 0x00000000, 0x00000000, 0x00000000, 0x00000000, 0x00000000, 0x00000000, \
  0x00f20000, 0x00000000, 0x00000000, 0x00000000, 0x00000000, 0x00000000, 0x00000000, 0x00000000, \
  0x00000000, 0x00000000, 0x00000000, 0x00000000, 0x00000000, 0x00000000, 0x00000000, 0x00000000, \
  0x00000000, 0x00000000, 0x00000000, 0x3f000000, 0x00000000, 0x00000000, 0x00000000, 0x00000000, \
  0x00000000, 0x00000000, 0x00000000, 0x00000000, 0x00000000, 0x00000000, 0x00000000, 0x00000000, \
  0x00000000, 0x00000000, 0x00000000, 0xe810f207, 0x000e07f2, 0x00120003, 0xf8140703, 0xf21201f1, \
  0xfe00fa0f, 0x1efc02f2, 0x043a0efd, 0xfd0707f6, 0x07fcfd02, 0x06f615fb, 0xfa05eb0e, 0x0f15f0f6, \
  0x15090a26, 0xf4fb0d10, 0xfe0202ea, 0x2e070903, 0x030f0dfa, 0x070cf418, 0xf10a07f6, 0xf70a15ed, \
  0xf80c0507, 0x0b040208, 0x0b07171d, 0xcef9f804, 0x0e0ff7ef, 0x09071500, 0x05fc02ff, 0x23fffef6, \
  0xfe09f202, 0x0cff08ff, 0x0f090000, 0x00000000, 0x0002fb00, 0x50184380, 0x00000022, 0xe3fac71f, \
  0x0efdf3f6, 0xe80e05e1, 0x04ff2916, 0x00ff1ff3, 0x08f0172a, 0x3611f4e3, 0x000cd50d, 0x131ef7fe, \
  0xf203d1ff, 0xea1a1afc, 0x05fee0da, 0xcf001201, 0xe437e4c2, 0xff1a0507, 0x21cff025, 0x18f0fee4, \
  0xec0616ea, 0xcdea00f0, 0xd601e4e5, 0xfc02cd1c, 0xfb2a26eb, 0x0af2f20d, 0xd8ec0802, 0x24f20204, \
  0xf0e406fd, 0x1cf1d001, 0xf00ee1f1, 0xd212fc0f, 0xe7f2f00f, 0x1904e9f0, 0x2f0c0000, 0x00000000, \
  0x00e02e00, 0x501843c0, 0x00000058, 0x00000000, 0x00000000, 0x7c000000, 0x00000000, 0x00000000, \
  0x00000000, 0x00000000, 0x00000000, 0x00000000, 0x00000000, 0x00000000, 0x00000000, 0x00000000, \
  0x00000000, 0x00000000, 0x00000000, 0x00000000, 0x00000000, 0x00000000, 0x00230000, 0x00000000, \
  0x00000000, 0x00000000, 0x00000000, 0x00000000, 0x00000000, 0x00000000, 0x00000000, 0x00000000, \
  0x00000000, 0x00000000, 0x00000000, 0x00000000, 0x00000000, 0x00000000, 0x00000000, 0x00000000, \
  0x00000000, 0x3e000000, 0x00000000, 0x00000000, 0x00000000, 0x00000000, 0x00000000, 0x00000000, \
  0x00000000, 0x00000000, 0x00000000, 0x00000000, 0x00000000, 0x00000000, 0x00000000, 0x00000000, \
  0x00000000, 0x07f9fe0e, 0x02021dff, 0x2117fef7, 0x1402ed0e, 0x17110407, 0x2cfe0e08, 0xfbf5e2ed, \
  0x0afdf90a, 0x0ff10b12, 0x0318f90f, 0x1111fcf6, 0x0ef2f708, 0x01ee0401, 0x1200271d, 0x080e1321, \
  0x06fc0c04, 0x06f60e0e, 0xff051606, 0x1d010d02, 0x12fb28f2, 0x250bfb0e, 0x0806041a, 0x0800ff0a, \
  0x16050aef, 0x10f1f600, 0xfdf80d06, 0xfffef914, 0x140303e4, 0xff00270b, 0xfc0df809, 0xfefd0cf6, \
  0x03250000, 0x00000000, 0x00f40f00, 0x50184460, 0x00000022, 0xef0cf606, 0x0908f5f4, 0x03060a03, \
  0xfef7040c, 0x0b0012ec, 0xedfa01f5, 0x01fafef3, 0x00fa0afe, 0xee04f9f8, 0xfdf5fdef, 0x0002f303, \
  0xfaf8fdfd, 0xf0f10707, 0xfc1c07f3, 0xf60b000c, 0xfd001bfa, 0x0b07fb09, 0xf2fc12f9, 0x05f5ff07, \
  0xf909f10b, 0x0712fa09, 0xf1fbf30b, 0xfceff805, 0xfcf3e704, 0x200ff208, 0x0c30f0f7, 0xebfb1409, \
  0x04fc0209, 0xfdfb0208, 0x1a0116f6, 0x07fa08f0, 0xf8100000, 0x00000000, 0x00f1ef00, 0x501844a0, \
  0x00000017, 0x00000000, 0x00000000, 0x52000000, 0x00000000, 0x00000000, 0x00000000, 0x00000000, \
  0x00000000, 0x00000000, 0x00000000, 0x00000000, 0x00000000, 0x00000000, 0x00000000, 0x00000000, \
  0x00000000, 0x00000000, 0x00000000, 0x03fdf8d3, 0x2b14e422, 0xff000000, 0x00000000, 0x00e40000, \
  0x50188000, 0x00000178, 0x00000000, 0x00000000, 0x00040a06, 0x040d01fc, 0xfbfff6f1, 0x04ff0407, \
  0x010700dc, 0xdbd2e005, 0xe1e10303, 0x00000000, 0x00000000, 0x00f4ebef, 0xff00ffff, 0x0000ecf7, \
  0x02d8ff13, 0xf6041200, 0x00000000, 0x00000000, 0x00fffef0, 0xf9f90e0b, 0x04f9190b, 0xf30cfde8, \
  0xe5d4fc00, 0xfafffe00, 0x0f0a0200, 0x00000000, 0x00000000, 0xe8d9c9ce, 0xe1dbd9e9, 0x04000000, \
  0x00000000, 0x00001e09, 0xfe20fbe1, 0x1e1713f4, 0xfae1fefb, 0xfe0201f2, 0x090408f7, 0xe0ff20f2, \
  0xf70000ff, 0x01010605, 0x03050000, 0x00000000, 0x00000000, 0x0000ffff, 0x00000000, 0xe4eed5e4, \
  0xecece0f2, 0xf0e5d5e7, 0xdbfbe9f6, 0x0600f5ff, 0x00e5fdf8, 0xfceef710, 0x00e900fc, 0xf9fef6f5, \
  0xddee010e, 0x112cf41d, 0x3ac3e6f1, 0xe3ebf4eb, 0x100822f5, 0xe90bedfe, 0x1a03f1f4, 0xf9f4fffc, \
  0xf6000000, 0x00000000, 0x00000000, 0x0029202c, 0x0df600f5, 0x01170000, 0x00000000, 0x000000fa, \
  0xe0f6cbe7, 0xebf3f901, 0x00fdf9fc, 0xff020a00, 0x060cff04, 0x05f103e5, 0xf1030000, 0x00010001, \
  0xff000001, 0x0000fe00, 0xfe000000, 0xfcfbf9fd, 0xfdfb0002, 0x01f9f8f5, 0xf6fafaf0, 0xf6fc0301, \
  0xfe000000, 0x000000e8, 0xd9ebe8d3, 0xfa070a06, 0x00000000, 0x00000000, 0x00e5f504, 0xede5f0e8, \
  0xe0e7f8f2, 0xf901f517, 0x0f1d0929, 0x12fbff18, 0x0626f904, 0x00000000, 0x00000000, 0x00000000, \
  0x00000000, 0x00000000, 0x00000000, 0x000000f0, 0xdeed02f7, 0xfb0bfcf2, 0x00000000, 0x00000000, \
  0x00000000, 0x00000000, 0x00000000, 0x00000000, 0x00000000, 0x00000000, 0x0000fffb, 0xe6f608d8, \
  0xf41203fb, 0x14020805, 0xfff3f3f8, 0x00f7f1f1, 0xf90be8fe, 0xf3f7dc00, 0x00000000, 0x00000000, \
  0x00000000, 0x00000000, 0x00fffffd, 0x00000000, 0x00000502, 0x15010603, 0xd5d0e6f6, 0xe10cf2ee, \
  0x010303fa, 0x091004fd, 0xfefc020c, 0x0e000000, 0x00000000, 0x0000feff, 0xfeffffff, 0xfbfdfe00, \
  0x00000000, 0x00000000, 0x030cf208, 0x0802fdf6, 0xe4eff60c, 0x0c09f4fa, 0xeef9fd00, 0x07fb0605, \
  0xfafb0bf8, 0xeeefed00, 0x07f3f2f9, 0xf408e813, 0x0deff6ee, 0x09f504e4, 0x0903f4ef, 0xf6f81206, \
  0xe31701ec, 0xf1030000, 0x0ef4f113, 0xf90df51d, 0x07f5fffe, 0x04f01201, 0x00020200, 0xff0109fc, \
  0x08f90dfc, 0xf90512f0, 0x0a170115, 0x071afe16, 0xfff3f007, 0xfb0ef701, 0x00fffaf2, 0x06fa04e8, \
  0xedef0807, 0xecf004f2, 0xef10f1de, 0xfd07e4f7, 0xfbf0fb02, 0xfbf8f905, 0xfffd0000, 0x000000ff, \
  0x08f307f5, 0xf51309fd, 0xf911f70a, 0xf80bfbec, 0x02f2f5e9, 0xfc03f6fb, 0xe8e8f2fc, 0xf2fcfff7, \
  0xfc0104fa, 0xff030914, 0x0efa0bf8, 0x0b06f4e4, 0xdefeee03, 0x0deeff04, 0x08160a0c, 0x0a0208f9, \
  0xfb1303fb, 0xfb130bfa, 0x0c0409ff, 0xfe0c0500, 0xf905f9f0, 0x0df50709, 0x120cfef7, 0x0ff9eff9, \
  0xf00afc16, 0xfb040106, 0x021b1c1c, 0x0ce901e1, 0xea12fb11, 0x17151820, 0x04080904, 0x19030801, \
  0xf507fdff, 0x060603f6, 0xf3140d07, 0xf4effc05, 0xfcd7e2fa, 0x08f3f7f8, 0x0b03ef06, 0xe00cf9f6, \
  0x080be6f6, 0xfcfdfb00, 0x090afa07, 0xf5130ff1, 0xf0f8eff7, 0x1fe9ee0f, 0xeffd0e0b, 0xfffb0001, \
  0xfd00fbff, 0x0005fbd3, 0xfef4fe03, 0x121c14fe, 0xfff6f103, 0xe5fffc0c, 0xedf3f7fc, 0xf5f0f608, \
  0xfaf30bff, 0xfbf70eff, 0xfee6ecfd, 0xf80403e3, 0xfce9caf3, 0xfcfc0211, 0x09f400e7, 0xfefa03ef, \
  0xfff201fd, 0xf0ec11f5, 0x07f8f9ee, 0xfbf1f8f7, 0x13f5020d, 0x1118fb19, 0xeb0ce906, 0x0ef911fd, \
  0xf5fb0bec, 0xee0c01f8, 0xf7f2f916, 0x140dffee, 0xebf10307, 0x09141803, 0xf1fbf5f7, 0x0404f1ea, \
  0xf9d903e7, 0xdc02fefc, 0x0e03dc0b, 0xf2e0f1ef, 0x06160d1a, 0xf50800e2, 0x03f9f40c, 0xf5eef4e4, \
  0x16f2f1eb, 0xe8f7f5fe, 0x09ece6cc, 0xfbe2e405, 0xf104fdf6, 0x00f912fe, 0xfd060001, 0x000002ff, \
  0x000101ff, 0x071302e7, 0x1633fef6, 0x1f09001a, 0xecf60d05, 0x07151410, 0xfa0d00f8, 0x19f015e9, \
  0x0b0d0dfb, 0x13eefbfc, 0x00000000, 0x00000000, 0x3f000000, 0x00000000, 0x00000000, 0x00000000, \
  0x00000000, 0x00000000, 0x00000000, 0x00000000, 0x00000000, 0x00000000, 0x00000000, 0x00000000, \
  0x00000000, 0x00000000, 0x00000000, 0x00000000, 0x00000000, 0x00100000, 0x00000000, 0x00000000, \
  0x00000000, 0x00000000, 0x00000000, 0x00000000, 0x00000000, 0x00000000, 0x00000000, 0x00000000, \
  0x00000000, 0x00000000, 0x00000000, 0x00000000, 0x00000000, 0x00000000, 0x00000000, 0x00000000, \
  0x3f000000, 0x00000000, 0x00000000, 0x00000000, 0x00000000, 0x00000000, 0x00000000, 0x00000000, \
  0x00000000, 0x00000000, 0x00000000, 0x00000000, 0x00000000, 0x00000000, 0x00000000, 0x00000000, \
  0x10030018, 0x0706ed0e, 0x0805e813, 0x04e704f3, 0xe401f3ff, 0x1efbf20b, 0x10fafc05, 0xd9fbfefe, \
  0xfff619ec, 0x2101d8f0, 0xed0df804, 0x0ff4f102, 0x0703fc1c, 0x07e6fe00, 0x0dfe01ee, 0xdc0702fc, \
  0xe7fd21ff, 0x0202f50d, 0x03fdf901, 0xf9f0e10e, 0xe8180b21, 0x08f9fdff, 0xe9f600f7, 0xf2f20b08, \
  0x0ef311f0, 0x0229fd14, 0x12ebd800, 0xfe1901fc, 0xfc09f9fd, 0x06f2ebf0, 0xd206fff3, 0xfbfc0000, \
  0x00000000, 0x0002f800, 0x501882a0, 0x00000022, 0xfdfc0d02, 0x0afa2d11, 0xf4ef0812, 0xeff8f0f4, \
  0xfef7f102, 0xe200f306, 0xf80d04f7, 0x09f9f7f7, 0x0d08fef8, 0x04ec0719, 0x110e0903, 0xd5f7f8fe, \
  0x0cfcd802, 0x16fd16ee, 0xfeeffb04, 0xdfe6fe14, 0x0c050700, 0xf10a13fe, 0x0203fafc, 0x02011f09, \
  0x09fbf903, 0xf807f903, 0x0405fb06, 0x0904ed07, 0x140103fd, 0x04f7fef6, 0x11e6ff1a, 0x04eefe00, \
  0x04fe23f9, 0x10fc1708, 0x0d09f00c, 0xf0100000, 0x00000000, 0x00010100, 0x501882e0, 0x00000058, \
  0x00000000, 0x00000000, 0x39000000, 0x00000000, 0x00000000, 0x00000000, 0x00000000, 0x00000000, \
  0x00000000, 0x00000000, 0x00000000, 0x00000000, 0x00000000, 0x00000000, 0x00000000, 0x00000000, \
  0x00000000, 0x00000000, 0x00000000, 0x001b0000, 0x00000000, 0x00000000, 0x00000000, 0x00000000, \
  0x00000000, 0x00000000, 0x00000000, 0x00000000, 0x00000000, 0x00000000, 0x00000000, 0x00000000, \
  0x00000000, 0x00000000, 0x00000000, 0x00000000, 0x00000000, 0x00000000, 0x3f000000, 0x00000000, \
  0x00000000, 0x00000000, 0x00000000, 0x00000000, 0x00000000, 0x00000000, 0x00000000, 0x00000000, \
  0x00000000, 0x00000000, 0x00000000, 0x00000000, 0x00000000, 0x00000000, 0x0e04fb11, 0xf809f8f7, \
  0xfcf80128, 0x0f0ffef7, 0xeceef6f9, 0x040bfce9, 0xf3f70f0f, 0xfb0af305, 0x1a17fb00, 0x2300fd06, \
  0x0ef2feef, 0x05f410f4, 0x0af607fc, 0xf2fdfcf1, 0xf90d0dfb, 0xf0fd02d8, 0xe3effc1c, 0xf900ebee, \
  0xe708fe0d, 0xf61af105, 0x1b021dfd, 0x0011fdf4, 0xf20202f5, 0xf8f6d4fc, 0x02ea0203, 0x061000f7, \
  0x0e17ed1f, 0xeff407f9, 0x050724f7, 0x1004fbf3, 0xf10cecf1, 0x27030000, 0x00000000, 0x00e8ef00, \
  0x50188380, 0x00000022, 0x1ef3f3d2, 0x0514f40a, 0x032900fb, 0xf834d80c, 0x40e9fce7, 0xfce21227, \
  0x0a07f118, 0xeaebf305, 0xe7081a0a, 0x07c107dd, 0x041704e3, 0x21e2e4e6, 0xf11afd13, 0xf1050124, \
  0xd5e613fb, 0x17eed81d, 0x0fbd16f0, 0xe1eef802, 0xc50aeed6, 0x22ea12f6, 0x05db06cc, 0xf90738fa, \
  0x15231425, 0x2ef9e017, 0x1504e601, 0x12011701, 0xfd3f10f9, 0xf4fd15ee, 0xf200d629, 0x15fadf07, \
  0xfa20ff25, 0x06e70000, 0x00000000, 0x00ce0300, 0x501883c0, 0x00000058, 0x00000000, 0x00000000, \
  0x71000000, 0x00000000, 0x00000000, 0x00000000, 0x00000000, 0x00000000, 0x00000000, 0x00000000, \
  0x00000000, 0x00000000, 0x00000000, 0x00000000, 0x00000000, 0x00000000, 0x00000000, 0x00000000, \
  0x00000000, 0x00f40000, 0x00000000, 0x00000000, 0x00000000, 0x00000000, 0x00000000, 0x00000000, \
  0x00000000, 0x00000000, 0x00000000, 0x00000000, 0x00000000, 0x00000000, 0x00000000, 0x00000000, \
  0x00000000, 0x00000000, 0x00000000, 0x00000000, 0x3f000000, 0x00000000, 0x00000000, 0x00000000, \
  0x00000000, 0x00000000, 0x00000000, 0x00000000, 0x00000000, 0x00000000, 0x00000000, 0x00000000, \
  0x00000000, 0x00000000, 0x00000000, 0x00000000, 0x281cfbfb, 0xe106f7f1, 0xf416f60c, 0xeeeaf0e8, \
  0x0ef31c10, 0x31fc030e, 0xee09e9ea, 0x05f10919, 0x1809110f, 0xfa15fdf8, 0x090ef809, 0x08fcfc10, \
  0x13ecf5f6, 0x1cf1fa12, 0xf511231a, 0x180a1eef, 0xf71af0fc, 0x3217f7ef, 0x0d2e203a, 0x061704f6, \
  0x11f90518, 0xf6ee1cff, 0xf3091907, 0x040c0cfe, 0x00f51b17, 0xf9010702, 0xdf04f518, 0x1b1817fc, \
  0xf9e91f32, 0x181407f9, 0x08f41ae7, 0x02f00000, 0x00000000, 0x00062c00, 0x50188460, 0x00000022, \
  0x021303e7, 0x09080ef1, 0x1318f7e7, 0x06f80ffb, 0x110702f3, 0xfa090404, 0xe1f72a09, 0x04eeff01, \
  0xf8fdffe6, 0xff1a2106, 0x19d8f6df, 0xfe0111fa, 0x0113eceb, 0x03f809fd, 0xf81404e5, 0xf7ff0beb, \
  0xf20ffbff, 0xfdf01a0a, 0xfc10e50f, 0xfb18f50e, 0xfd06f21f, 0x0ae80b1e, 0xf7e7ec00, 0xfefce0f5, \
  0xf6f000fa, 0xe6f50afe, 0x0000fee5, 0x00e0fb23, 0xecec11f9, 0xfa24182c, 0xfaf500f1, 0x08190000, \
  0x00000000, 0x000a1600, 0x501884a0, 0x00000017, 0x00000000, 0x00000000, 0x51000000, 0x00000000, \
  0x00000000, 0x00000000, 0x00000000, 0x00000000, 0x00000000, 0x00000000, 0x00000000, 0x00000000, \
  0x00000000, 0x00000000, 0x00000000, 0x00000000, 0x00000000, 0x00000000, 0x09e0d5ef, 0xf227230e, \
  0x16000000, 0x00000000, 0x00ed0000, 0x5018c000, 0x00000178, 0x02fbffff, 0x01ff0000, 0xfd02eeea, \
  0x09f4ede8, 0xf20b06ff, 0xedf10300, 0x0208030b, 0x1306f6ec, 0x14f9ee1a, 0xff00fd00, 0xfe0200ff, \
  0xfffe11fc, 0x10f30b02, 0x07f3e80d, 0xf4eef604, 0x11f407f1, 0xf1020af9, 0xf009f703, 0x0d07ea02, \
  0x0def05f3, 0xedf8f912, 0xf40bfc11, 0xfbe000f5, 0xfdeaf5fe, 0x0ce516fa, 0xff00f2fd, 0x050af406, \
  0x0efafa03, 0xf8f1f6ff, 0xf1000000, 0x00000101, 0x0000f9f7, 0x05e2e5ed, 0xfdfe03f1, 0xfd04e913, \
  0xfe06f40a, 0x0df801f8, 0x05f500e8, 0xedf0fff9, 0x04f30fec, 0x07f109f5, 0xf5fc0805, 0x00fd0805, \
  0xff05fef3, 0xf405fb0d, 0xe3e6f4d0, 0x040c0714, 0x02e7f705, 0xfff805fb, 0xeefd0503, 0x13f6f505, \
  0x0aee14f5, 0xfd0605fd, 0x13f2fe1c, 0xeafbf8f8, 0xf70d1909, 0x0ce9eff5, 0xc0d9dcec, 0xced9ec10, \
  0x1ff3fb14, 0xf6f71504, 0xeef3eeec, 0xed00f5ef, 0xf702fbf2, 0xf1fd0705, 0xf8f0f1e3, 0xe7ff13fb, \
  0xf1ea0700, 0xfe0bf30b, 0x03fd0214, 0xebfd0bdc, 0xdb00ffda, 0x090e04f9, 0xfde9050c, 0x0ef5e8e2, \
  0xec0f0d08, 0x15fbfe02, 0xfcf6ff07, 0xeaf903f5, 0x020d09ec, 0xf803edfd, 0xfaf4f3f0, 0xfdfafef8, \
  0x00f3eeef, 0xf6f2f1f7, 0xf4f101f7, 0xf7fd0601, 0x0103fd10, 0xf30e05f2, 0x0f0bf7f1, 0x0000ffff, \
  0xfffeff00, 0x0003fcf7, 0xedf3f40d, 0x16f90d12, 0xec060e01, 0xefe601f4, 0xf70304e8, 0x05fae8d4, \
  0x00000000, 0x00000000, 0x00fd0701, 0xfeff0103, 0xfb08ff03, 0x0a0608f4, 0xf7fbf80e, 0xea030c03, \
  0xe4fcede8, 0x00000000, 0x00000000, 0x0002fb04, 0x0001fdff, 0xff0008f2, 0xf7fdfef0, 0xf3050507, \
  0x0ceff3f9, 0x13100a02, 0x0a07141d, 0x13f210fb, 0x0af013ed, 0x010af911, 0x061b0ef0, 0xf004f908, \
  0x12040b06, 0xfa010104, 0x030702fb, 0x01ff0201, 0x00ff03fb, 0xfaf1f8fa, 0xf7f8fffc, 0xf4fcda09, \
  0x0ae9fdf0, 0xf1f3040d, 0x0bd9faf3, 0xef011b10, 0xfe00fa0f, 0x0ae70df3, 0x0100ffff, 0xfdff0000, \
  0x0000fdef, 0xeffafa02, 0xfdfdf700, 0x00fe0000, 0xfe000100, 0x03edf9f2, 0x00fff804, 0x0912eafd, \
  0xf3effcf0, 0x060efebc, 0xdb13cfe3, 0x26f6eb0d, 0x02fff506, 0xef00e508, 0xfe11fe13, 0x140105ef, \
  0xf7050307, 0xf8041df4, 0x1705f7f5, 0xf2f9000d, 0x07f008dc, 0xe01002e9, 0x15f8ebfe, 0xf91cff04, \
  0xef0af4f6, 0xfbf2ece9, 0xf5ebeefb, 0xfc000cff, 0x0a0b11f9, 0x19051108, 0x08030619, 0xfa15f2ef, \
  0xf8fd08dd, 0x00fbf0dd, 0xf902f6f4, 0x0d010a19, 0x1309f200, 0x0101f512, 0x0ff704fb, 0xfbf7fcf8, \
  0xf6f7f9f6, 0xeeeff1e7, 0xeceaebee, 0xfdf6ef12, 0x04f618f6, 0x0cf800ef, 0xefe4f4e8, 0xe3fff7f9, \
  0x04c3e7e5, 0xc7ece2dd, 0xf1eef4e7, 0xf7f6eaf2, 0xf80bed18, 0xeefd0b10, 0x0f13f2da, 0xe7d8ecf9, \
  0xfe0707f3, 0x0cf41513, 0xfaf004f4, 0x09080d0d, 0xff141315, 0x0101e9f8, 0xf5010edb, 0xd9e8f318, \
  0x03051307, 0xf1ec0e0a, 0x09eb0ffc, 0x16040ffa, 0x1410f40f, 0xf01a13fb, 0x17f5fafc, 0xf8fe080f, \
  0x0a081405, 0xfb17f0da, 0xe2ecdafa, 0xf5f8f0f8, 0xedfae510, 0x130507ea, 0x01fcf8dd, 0xdee7e6e8, \
  0x00f3ff0e, 0x0110f40b, 0x0dec0e0b, 0xf6fef2f6, 0xf9f7e4fe, 0xf8f7f2f6, 0xe9f8f5ed, 0xfe0ef217, \
  0x07fbfcff, 0x13f0fcf0, 0x0a01fefa, 0xfdfd00ff, 0xfefd00f4, 0xe4df080f, 0xf618fd1c, 0xf7d4ece2, \
  0xf810f7fa, 0xff151406, 0xedfc0505, 0xecfeff06, 0xf5fff0f7, 0xef14003a, 0x1c061d0c, 0xcde4d7d3, \
  0x04fcf7f3, 0x11fbfdf5, 0xe7f9db01, 0xf6f30fe4, 0x0ff9e7e8, 0xf5eafaf9, 0x13020312, 0x001407f0, \
  0x05011301, 0x1afb1900, 0xfb150312, 0xe5f50c0b, 0xeb03f706, 0xf700fa02, 0xc20fe4d6, 0xdee0e113, \
  0x0817ffff, 0x14f9eaee, 0x07060809, 0xfd0df702, 0xf3eafff1, 0xefd6dff9, 0xf3f3f8fa, 0x17fcf61c, \
  0x130919f0, 0xfbf4f7fe, 0xf9fbf4f3, 0xd9010cf1, 0x1312eaf5, 0xf50ceef7, 0x070be1fe, 0x0801fc11, \
  0x11180b0b, 0xf6f2f5ff, 0x00ff0000, 0x000000ff, 0x12f0f511, 0xfee20007, 0x04f9ee0f, 0xf10b01f8, \
  0xf40f0210, 0x0beffb06, 0xebf810f5, 0x05d50d00, 0x0bed1311, 0x00000000, 0x00000000, 0x40000000, \
  0x00000000, 0x00000000, 0x00000000, 0x00000000, 0x00000000, 0x00000000, 0x00000000, 0x00000000, \
  0x00000000, 0x00000000, 0x00000000, 0x00000000, 0x00000000, 0x00000000, 0x00000000, 0x00000000, \
  0x00f80000, 0x00000000, 0x00000000, 0x00000000, 0x00000000, 0x00000000, 0x00000000, 0x00000000, \
  0x00000000, 0x00000000, 0x00000000, 0x00000000, 0x00000000, 0x00000000, 0x00000000, 0x00000000, \
  0x00000000, 0x00000000, 0x00000000, 0x40000000, 0x00000000, 0x00000000, 0x00000000, 0x00000000, \
  0x00000000, 0x00000000, 0x00000000, 0x00000000, 0x00000000, 0x00000000, 0x00000000, 0x00000000, \
  0x00000000, 0x00000000, 0x00000000, 0x05090408, 0x08111b0a, 0x0811f10e, 0x18020dff, 0x32030107, \
  0x0b09f70e, 0x1dfa0810, 0xf71a000c, 0xfe1513ef, 0xfe05031e, 0x0500f717, 0x0efbf9fd, 0x1b060e04, \
  0x09fe0009, 0x11040f03, 0x0b051300, 0xfa060d3a, 0x08e60514, 0x0b0c1804, 0x070c3520, 0x1106fd0a, \
  0x15fe0b12, 0x0f121b0c, 0x1008f915, 0xfe0d021c, 0x080e1829, 0x0408261e, 0x0b031112, 0xf002151e, \
  0x0d0a150c, 0x0f0b03fe, 0x140c0000, 0x00000000, 0x00fb0a00, 0x5018c2a0, 0x00000022, 0x0a18f80a, \
  0xeb16e50e, 0xf7170cfb, 0x09001d01, 0xf5f813f6, 0xf0fefdcd, 0x1e10ec04, 0x15070104, 0x070bfae9, \
  0x0af0e71d, 0xfffaf5e4, 0x0de91508, 0xfedc3904, 0xf8faf3e6, 0x1d14eed5, 0x000017fd, 0x070ec1f7, \
  0x0b0dfd06, 0x23fdfdfb, 0x1112d200, 0xf2e8f2ff, 0xfadfe2f5, 0xe802fc05, 0xfaed0708, 0x07030e04, \
  0xf0f80116, 0xfb0717f6, 0xfe120407, 0xf724fa02, 0x0826fdf5, 0xf5f316fe, 0x0e070000, 0x00000000, \
  0x000cf200, 0x5018c2e0, 0x00000058, 0x00000000, 0x00000000, 0x3e000000, 0x00000000, 0x00000000, \
  0x00000000, 0x00000000, 0x00000000, 0x00000000, 0x00000000, 0x00000000, 0x00000000, 0x00000000, \
  0x00000000, 0x00000000, 0x00000000, 0x00000000, 0x00000000, 0x00000000, 0x00fc0000, 0x00000000, \
  0x00000000, 0x00000000, 0x00000000, 0x00000000, 0x00000000, 0x00000000, 0x00000000, 0x00000000, \
  0x00000000, 0x00000000, 0x00000000, 0x00000000, 0x00000000, 0x00000000, 0x00000000, 0x00000000, \
  0x00000000, 0x3f000000, 0x00000000, 0x00000000, 0x00000000, 0x00000000, 0x00000000, 0x00000000, \
  0x00000000, 0x00000000, 0x00000000, 0x00000000, 0x00000000, 0x00000000, 0x00000000, 0x00000000, \
  0x00000000, 0x01f90a25, 0x05f4eeff, 0x150b071c, 0x031ff0f7, 0x0c24f812, 0x091a032f, 0x0620f604, \
  0x10472111, 0xf6270605, 0x0c08060e, 0x0fe9310c, 0x03041618, 0x0810f3f0, 0x28faf849, 0x09f4141a, \
  0xfa01000f, 0x5ffb190b, 0x0a010ff1, 0x0308fa0c, 0xff0924fd, 0xfbf8041a, 0x0d14fa11, 0x180bfff9, \
  0x34083613, 0xe813ff01, 0xf9f90105, 0xf1fd2f0f, 0x0d081013, 0x3e0f0408, 0xf5f00c10, 0x08f80102, \
  0x05060000, 0x00000000, 0x000b0600, 0x5018c380, 0x00000022, 0xfaf113fa, 0x0eaee9cb, 0x1dfd0608, \
  0x1325ee0f, 0x07150305, 0xefdd08e3, 0x14fc0246, 0xfee106b0, 0x08ef0907, 0xf9dced0b, 0x020ee554, \
  0xffdf0301, 0x072aed24, 0x02b2f24a, 0xe2371936, 0xff3ff2b2, 0x0fe1e902, 0xfa3e0bd0, 0xe7dd01fa, \
  0xe5e735c8, 0xf20002c5, 0x214a00f3, 0x050d14e1, 0xfc67fc08, 0x1642e910, 0xfe4b09f9, 0x03d104ff, \
  0x0c2323fa, 0xf2f1f1f0, 0x03df09c2, 0x2cdff51e, 0x09f90000, 0x00000000, 0x00efff00, 0x5018c3c0, \
  0x00000058, 0x00000000, 0x00000000, 0x77000000, 0x00000000, 0x00000000, 0x00000000, 0x00000000, \
  0x00000000, 0x00000000, 0x00000000, 0x00000000, 0x00000000, 0x00000000, 0x00000000, 0x00000000, \
  0x00000000, 0x00000000, 0x00000000, 0x00000000, 0x00060000, 0x00000000, 0x00000000, 0x00000000, \
  0x00000000, 0x00000000, 0x00000000, 0x00000000, 0x00000000, 0x00000000, 0x00000000, 0x00000000, \
  0x00000000, 0x00000000, 0x00000000, 0x00000000, 0x00000000, 0x00000000, 0x00000000, 0x3d000000, \
  0x00000000, 0x00000000, 0x00000000, 0x00000000, 0x00000000, 0x00000000, 0x00000000, 0x00000000, \
  0x00000000, 0x00000000, 0x00000000, 0x00000000, 0x00000000, 0x00000000, 0x00000000, 0x13fa1510, \
  0xf40b251c, 0x28190af7, 0x3008e70e, 0x19150808, 0x0bfc0c0d, 0x13faf8df, 0x1f051a16, 0xe0000afd, \
  0xef12ecfa, 0x11fff70a, 0xf0eefb06, 0xf80006ff, 0x04f837fc, 0x070b0512, 0xfa15ecfb, 0xf5f91bf8, \
  0xf7fc23e6, 0x2a0307fd, 0x02f62af7, 0x291a090b, 0x03061cfe, 0x10fc05fb, 0xe60b1b04, 0x1e04f300, \
  0xfd040ef5, 0xe9250314, 0x09f5ebf4, 0x1612f803, 0xfa08ed14, 0x1ff408ef, 0xfd2f0000, 0x00000000, \
  0x00f20200, 0x5018c460, 0x00000022, 0xf30dfb01, 0x0ff20af6, 0x14e9fc02, 0xf9f60b03, 0x01161309, \
  0xf4fefffc, 0xfcf30dfb, 0x0205ff03, 0xfbfb0800, 0xfe0004ef, 0x0a050517, 0xf8fc02f1, 0x03fdf1fb, \
  0x0ef40c00, 0xfa190208, 0xfdf704fb, 0xfe15eb00, 0x10fb09ec, 0x0af8f20d, 0x00f9fb01, 0xf40af901, \
  0x0f170509, 0xf5e6f2fa, 0xfd12f8f6, 0x040ef614, 0xf3060cfa, 0xff050711, 0xf9fffbf5, 0x02e809f6, \
  0x03e104fe, 0xecf604f8, 0x01ff0000, 0x00000000, 0x00080500, 0x5018c4a0, 0x00000017, 0x00000000, \
  0x00000000, 0x51000000, 0x00000000, 0x00000000, 0x00000000, 0x00000000, 0x00000000, 0x00000000, \
  0x00000000, 0x00000000, 0x00000000, 0x00000000, 0x00000000, 0x00000000, 0x00000000, 0x00000000, \
  0x00000000, 0xfae925e0, 0x2bf4e014, 0xfd000000, 0x00000000, 0x00f70000, 0x50190000, 0x00000178, \
  0xfefb0200, 0x000101fa, 0xfbf6fae8, 0xf4ffefee, 0xf10bf2f1, 0xfa11fce8, 0x0a030cfa, 0xf101f0f1, \
  0xf30ee5ff, 0x00fe01ff, 0x01000000, 0xff0904f2, 0xfff0fdf3, 0x07f1e2ef, 0xead0e703, 0xcfef09fe, \
  0x0afa06fa, 0xf7fdfb01, 0x11f706ed, 0xe2ff0afe, 0xe907f002, 0x04021609, 0xf2f50006, 0x0ff9e719, \
  0xf0ef130a, 0x05f609f1, 0xf80804f3, 0xfe0ee80c, 0x14f20efd, 0x0cfeffff, 0xfe01fdfd, 0x010102eb, \
  0x01e7ebf4, 0xddfa0b12, 0xefedeb10, 0x0a030df3, 0xf70bf7f1, 0xfa0c0ae8, 0xeb09fe01, 0x0ffb0f04, \
  0xfbff0405, 0x05fdf406, 0x0208070c, 0x05f2040a, 0x07fafbf6, 0xfaf3e7d5, 0xe1f7c6ef, 0x05f0eff9, \
  0xe0ee17f4, 0xef070cee, 0x01f6fdf8, 0xf2081002, 0xfdf700fa, 0x000cfa05, 0xd703f4df, 0x15090c11, \
  0x14f2e7d9, 0xf0eefffe, 0xf0da08fe, 0x1bff020c, 0x151718ed, 0x0c0411fd, 0xfa0609f7, 0x07fb0afc, \
  0xfa0308f9, 0xf7f2effc, 0xe1f904ec, 0xef07f6fa, 0x01030b01, 0x0202f613, 0xf5d9f2ec, 0xd2ff02e6, \
  0x01130600, 0x1615f1f4, 0x15e8110a, 0xe6f70fe7, 0x0c10ff02, 0xf8f80806, 0x0beceb0b, 0xff05f10c, \
  0x04f709ec, 0xf1f2faf5, 0xf7f1f5ed, 0xf5f3f1ed, 0xf6f0ebf6, 0xf2f2fdfc, 0x07fcfdff, 0x0103fdf6, \
  0xf40bf5e9, 0x02e3f20a, 0x0000ff00, 0xfffe00ff, 0xff00040a, 0x150fefef, 0x11ed0be5, 0xe4f8010d, \
  0x050ded09, 0xfbe5e5f4, 0xf3f90df8, 0x00000000, 0x00000000, 0x0006fcf8, 0xfaff01fe, 0xfa00fffe, \
  0x0206f4f4, 0xfd020517, 0xfdf1fb03, 0xf607fbfc, 0x00000000, 0x00000000, 0x00fdfd03, 0xfffefefd, \
  0xfffcf2f6, 0xf7070405, 0xfd01fcf2, 0xf703ff0f, 0xec0909fe, 0xfd06fdf4, 0x120cf805, 0xfef106f5, \
  0x05fb00e5, 0xfc1c0017, 0xf906f00d, 0xfc02f1fb, 0x000401fd, 0x02f9f6f4, 0x020101fd, 0x05fd00fb, \
  0x04f3f1f1, 0xf7faf4fd, 0xf4feef0b, 0xec02fef5, 0xd0d1ee07, 0xfcf111fb, 0x0ceced18, 0xe712f3ee, \
  0xe411eb0d, 0x17fefa02, 0xfa0001fc, 0x00fffafd, 0xeffcf2f5, 0xf3ecf900, 0xff000000, 0x010001fe, \
  0x0000ff00, 0x0001ff01, 0xff000101, 0x03030205, 0x04030000, 0x01000000, 0x01030300, 0x00000000, \
  0x00010102, 0xfdfbfb00, 0xfefc0000, 0x00000000, 0x00000000, 0x00000000, 0x020101fe, 0x0000fe00, \
  0x00000000, 0x00000000, 0x00000000, 0x01fd0000, 0xfa000000, 0x00000000, 0x0000fd00, 0x02fcfe00, \
  0x0000fffb, 0xfbfcf8f8, 0xf8f7f7f7, 0x00000100, 0x00ff0000, 0xfe0605ff, 0x0304fcfe, 0xfdf80202, \
  0x03010202, 0x01020100, 0x00000000, 0x00000000, 0x00000000, 0x00000000, 0x00fd01ff, 0xfffffcff, \
  0x00000000, 0x000000ff, 0x00000000, 0x00000000, 0x00000105, 0x00000000, 0x00000000, 0x000101ff, \
  0x00fbf9fd, 0xf9f80001, 0x04010205, 0x00000000, 0x00000000, 0xfd0000fd, 0xf9f8f7f7, 0xf7f7f9f9, \
  0xf9000000, 0xff000000, 0x0000f8f8, 0xf6f9f9f7, 0xfafbfa00, 0x00fb00ff, 0xfa00fffd, 0xfdfbfafb, \
  0xfc00fcff, 0xfe020103, 0x07080a0a, 0x0b0b0000, 0x00000000, 0x00000000, 0x00000000, 0x00000000, \
  0x00000000, 0x00000000, 0x00060505, 0x07070800, 0x01020000, 0x00000000, 0x00000200, 0x00000000, \
  0x00000000, 0x02010202, 0x00fefafa, 0xf9000000, 0x0000fdfb, 0xf9f80000, 0x00000000, 0x00000005, \
  0x06070203, 0x02f9fafa, 0x00010400, 0x0103ff00, 0x00000000, 0x00000000, 0x00000000, 0x00000203, \
  0x06080900, 0x00000000, 0x00000002, 0x0000ff01, 0x00000100, 0x00010101, 0x00000000, 0x00000000, \
  0x00000000, 0x000000fa, 0xfafbf9f9, 0xfaf9f9f8, 0x05040201, 0x00000000, 0x00000000, 0x00000000, \
  0x00000000, 0x00000000, 0x00ff03ff, 0xfefcfffe, 0xfdfffefd, 0x00000000, 0x00000001, 0x02000000, \
  0x000000fe, 0xfdfc0000, 0x00000000, 0x00000000, 0x00000000, 0x00000000, 0x07080903, 0x05070000, \
  0x00000000, 0x00000000, 0x0000f8f7, 0xf8fafaf9, 0x00000000, 0x00000000, 0x00000000, 0xfefefa00, \
  0x00fd0000, 0x000000ff, 0x00feff00, 0x00000000, 0x00020503, 0x02050400, 0x01040203, 0x06010103, \
  0x00000000, 0x00000000, 0x3f000000, 0x00000000, 0x00000000, 0x00000000, 0x00000000, 0x00000000, \
  0x00000000, 0x00000000, 0x00000000, 0x00000000, 0x00000000, 0x00000000, 0x00000000, 0x00000000, \
  0x00000000, 0x00000000, 0x00000000, 0x00f70000, 0x00000000, 0x00000000, 0x00000000, 0x00000000, \
  0x00000000, 0x00000000, 0x00000000, 0x00000000, 0x00000000, 0x00000000, 0x00000000, 0x00000000, \
  0x00000000, 0x00000000, 0x00000000, 0x00000000, 0x00000000, 0x00000000, 0x3e000000, 0x00000000, \
  0x00000000, 0x00000000, 0x00000000, 0x00000000, 0x00000000, 0x00000000, 0x00000000, 0x00000000, \
  0x00000000, 0x00000000, 0x00000000, 0x00000000, 0x00000000, 0x00000000, 0x0a110d03, 0xfd0806f1, \
  0x07060e05, 0xf0e4fdfc, 0x0a15ff02, 0x01eee8f5, 0x040e10ed, 0xe0fbfb01, 0x0912fefe, 0x06090808, \
  0xfaf905fe, 0xfc080bfb, 0x0202f30a, 0xfb0aebf4, 0x00fcfde3, 0x15f80e0d, 0x020bfa0f, 0xfc14fb0d, \
  0x080e04ed, 0x031412ff, 0x0cfb01fe, 0xf609faff, 0x0cf905ff, 0x0f150908, 0x130008f4, 0x06f2e804, \
  0xff051202, 0x0d09001f, 0x0ffcff13, 0xf2f7e811, 0xfd030c2d, 0xf5010000, 0x00000000, 0x00090700, \
  0x501902a0, 0x00000022, 0xf8f3fc0c, 0x191302f4, 0x040312f9, 0xf6ea0505, 0x15fd05ec, 0xf7110bf1, \
  0x0d050508, 0xf6f4fbf7, 0xe9fd0507, 0x10fbe9fd, 0x05fe1002, 0x070213fd, 0xf109f403, 0xfb0d0bed, \
  0x05100303, 0xfd080303, 0x141ffb0f, 0x03f2fc00, 0xf9030c22, 0xfc0df600, 0xfb1f0000, 0xfefa1a27, \
  0x1df7f10b, 0x0df1ed06, 0xedf50209, 0x0508faf9, 0x13e7fdec, 0x0aebf615, 0xfd010902, 0x0911effa, \
  0x05dc0efb, 0x1ffc0000, 0x00000000, 0x0003f100, 0x501902e0, 0x00000058, 0x00000000, 0x00000000, \
  0x38000000, 0x00000000, 0x00000000, 0x00000000, 0x00000000, 0x00000000, 0x00000000, 0x00000000, \
  0x00000000, 0x00000000, 0x00000000, 0x00000000, 0x00000000, 0x00000000, 0x00000000, 0x00000000, \
  0x00000000, 0x00e60000, 0x00000000, 0x00000000, 0x00000000, 0x00000000, 0x00000000, 0x00000000, \
  0x00000000, 0x00000000, 0x00000000, 0x00000000, 0x00000000, 0x00000000, 0x00000000, 0x00000000, \
  0x00000000, 0x00000000, 0x00000000, 0x00000000, 0x3e000000, 0x00000000, 0x00000000, 0x00000000, \
  0x00000000, 0x00000000, 0x00000000, 0x00000000, 0x00000000, 0x00000000, 0x00000000, 0x00000000, \
  0x00000000, 0x00000000, 0x00000000, 0x00000000, 0xfa02f417, 0xf3fbf6f2, 0x0d0a1105, 0x03fbfa05, \
  0x30fe1001, 0xfd0bed05, 0x08fc0fff, 0x1f09081d, 0xee02050b, 0xf0f30dfa, 0x01fd08fa, 0xfc1bf60d, \
  0x0016f70f, 0x1bf9fa11, 0x07fafb13, 0xfb17ebf3, 0x0e1223f9, 0x02ed1d0a, 0x1011f704, 0x02050003, \
  0x020c00f7, 0x0dfff9fe, 0x0507fff3, 0x00100400, 0xebfb0ffe, 0xfcf1f201, 0x0c06210d, 0xeaf3000f, \
  0x0100f503, 0x0bfd03f9, 0x030b0903, 0xed030000, 0x00000000, 0x000b0200, 0x50190380, 0x00000022, \
  0xff14032f, 0x090f02f7, 0x1006f012, 0xf4f9070f, 0xf60e08ea, 0xef050fe0, 0x0ccde9e1, 0x020001c4, \
  0xf0f9f4e3, 0xfa18023c, 0x06ea0be0, 0xfdfaf632, 0x1a0bfdf4, 0x08f20bed, 0xee230a25, 0xf403fdc3, \
  0x012f0f04, 0x08100ce1, 0xfee3ff05, 0xf809fc05, 0xf912f0fe, 0x04eb0c1b, 0x0fe7fbfd, 0x07f80628, \
  0x05f401f2, 0x06211be8, 0x15fc04cf, 0xf5c5fd14, 0xf2090014, 0x0629f9f2, 0x0498f4cd, 0x10200000, \
  0x00000000, 0x003cfd00, 0x501903c0, 0x00000058, 0x00000000, 0x00000000, 0x7b000000, 0x00000000, \
  0x00000000, 0x00000000, 0x00000000, 0x00000000, 0x00000000, 0x00000000, 0x00000000, 0x00000000, \
  0x00000000, 0x00000000, 0x00000000, 0x00000000, 0x00000000, 0x00000000, 0x00000000, 0x00090000, \
  0x00000000, 0x00000000, 0x00000000, 0x00000000, 0x00000000, 0x00000000, 0x00000000, 0x00000000, \
  0x00000000, 0x00000000, 0x00000000, 0x00000000, 0x00000000, 0x00000000, 0x00000000, 0x00000000, \
  0x00000000, 0x00000000, 0x3b000000, 0x00000000, 0x00000000, 0x00000000, 0x00000000, 0x00000000, \
  0x00000000, 0x00000000, 0x00000000, 0x00000000, 0x00000000, 0x00000000, 0x00000000, 0x00000000, \
  0x00000000, 0x00000000, 0x02071cff, 0x00fb0502, 0x1b1ff7ee, 0x0503f005, 0xff080301, 0x01f801fc, \
  0x0ce9f002, 0x0b020500, 0xfff5f904, 0xfb07f410, 0xfc0c000c, 0x02ef070c, 0x08f80806, 0x120209f8, \
  0xfd01fa12, 0x0bfaff19, 0xfdf11e1a, 0xf6030a07, 0x080fffff, 0x1af00fea, 0xfe06f309, 0x0c0b06fc, \
  0x18120305, 0x07011203, 0x03f60213, 0xf9200125, 0x06f21c0e, 0x00f907e1, 0xf709fc00, 0x0001e90c, \
  0xffed01fa, 0x03080000, 0x00000000, 0x00f4fe00, 0x50190460, 0x00000022, 0xed12071a, 0xf70d0400, \
  0x100b05e5, 0xf8fc030b, 0x0df72bcc, 0x091719e8, 0xfe2c00fd, 0xe5f1fcf5, 0x1f2807fe, 0xfb052006, \
  0xd4fc12fc, 0x17180202, 0xf4ddee2b, 0xf50516f8, 0xf8051904, 0xfa01de09, 0x32f4fc18, 0xf0f5ed2b, \
  0xebe9fd08, 0x1012ed04, 0x0c0a07f4, 0x15e7fcff, 0x0e2f0517, 0x04fbd30c, 0xfbdee9e5, 0xf11b0804, \
  0x1a101afd, 0xe906fde1, 0xeb060aff, 0x0223daf3, 0xfa0c130a, 0x0c100000, 0x00000000, 0x000c0600, \
  0x501904a0, 0x00000017, 0x00000000, 0x00000000, 0x4c000000, 0x00000000, 0x00000000, 0x00000000, \
  0x00000000, 0x00000000, 0x00000000, 0x00000000, 0x00000000, 0x00000000, 0x00000000, 0x00000000, \
  0x00000000, 0x00000000, 0x00000000, 0x00000000, 0xf60302ec, 0x17eae717, 0x03000000, 0x00000000, \
  0x001c0000, 0x50194000, 0x00000178, 0xfd0001fb, 0x00fffb00, 0x0010eb07, 0xef0ee90f, 0x0ff9fb1a, \
  0x18e3ec30, 0xdddc1801, 0xe9071ef7, 0xfc1a15f7, 0xff00ffff, 0xff00ffff, 0xffe1e1ed, 0xe502e2e8, \
  0xee02f9f9, 0x120b1006, 0x04f3f3fa, 0xfdf3fa00, 0x03f9f806, 0xf0f5f703, 0xf4f3ffee, 0xea03ecfc, \
  0xf200f7e8, 0xe40601f4, 0x0afc0107, 0xfb06f9fc, 0x0600f701, 0xf800f40a, 0xd50003e7, 0x0021e512, \
  0x23000000, 0x00000000, 0x0000f104, 0xf6fbf7ee, 0x24faddf3, 0x04f20604, 0xe2f706ef, 0x0d0915f7, \
  0xec220fec, 0xf10bf8f3, 0x030404f9, 0xfbf1f709, 0xfe00fc06, 0xfd08fb03, 0x020507f2, 0x0bf60bf5, \
  0xcbe7f6cc, 0xe7eb1005, 0xfa11f5ff, 0x13f9d505, 0xf1e401d6, 0xdc02e8dd, 0xeee7f30b, 0x08eeff01, \
  0xe9f8eff6, 0x0c00ee14, 0xeaf011fa, 0xe6211200, 0x11fbe70d, 0xf906e9fa, 0xc2edecb5, 0x12e7d80a, \
  0xf0edfcf0, 0xf8f7f202, 0x06fdf906, 0x07ff03fb, 0xf7f7f902, 0xf6f30c0a, 0xe5f1f903, 0x01fd06fe, \
  0x070400dc, 0xf8faf707, 0x08fcf905, 0x09ee0a09, 0xf810ebf6, 0x160b07f9, 0xfa10ee07, 0x0801f4f7, \
  0xfa09fe02, 0xf3eef207, 0x0ff5ee01, 0x050ffb03, 0xf9f9fbfb, 0xf9f5fcff, 0xfefdfbf7, 0xfefdf8fb, \
  0xfdfa0100, 0x0102fdfe, 0x0201ff10, 0xff09f0f9, 0x09f401dd, 0x01ff0001, 0xff000000, 0x00010d04, \
  0xff0107f4, 0x05f2130d, 0xefffe9ea, 0x07f8f602, 0x07fbfaf0, 0x04fcebdb, 0x00000000, 0x00000000, \
  0x0004fd02, 0x0200fdfc, 0xfb00f9fa, 0x0403fbfc, 0xfdfc040f, 0x12f6fd12, 0xf4e815ee, 0x00000000, \
  0x00000000, 0x00fd00ff, 0x03fffc03, 0xfbfdfc06, 0xfdfcfbfa, 0xf500060f, 0xfbfceced, 0xf3fbf6f6, \
  0xffe6f2fc, 0xe7e70bf2, 0xf110fcf1, 0xeee8fe07, 0xe5df00f2, 0xfd0610f8, 0xf70e08ff, 0x00ff01ff, \
  0xfffdfe00, 0xfd0101fe, 0x0301fb01, 0xfefff9fd, 0xfdfef8fe, 0xfff51400, 0x18000a09, 0x0a0b0c1a, \
  0x251cec12, 0x2f0dfe1b, 0xf6f2d5fc, 0xfbe411fb, 0x0d000000, 0x0000ff00, 0x0001f8fa, 0xf9fbfbfb, \
  0xfbfafc00, 0xfffd0000, 0x00010000, 0x060df006, 0xfaf30a14, 0x17e70901, 0xf00cfaef, 0xeee901ff, \
  0xebf7f4e6, 0xfaf3f212, 0x15fafdf0, 0xfbf9f60d, 0xedeff109, 0x0b051416, 0x1decf30d, 0xeefb0cfe, \
  0xfb20d9f2, 0x11f0060e, 0xf1f7fff9, 0xfdeeebe3, 0xcef5eee5, 0x0eebfef5, 0xeecbe9f2, 0xd2090101, \
  0xff000000, 0x0000f604, 0xfafc0109, 0x1d0c09f3, 0xf5ea0aee, 0xfbe411f6, 0x141c01f5, 0xc6d408c9, \
  0xc01518fe, 0xfb120003, 0xee02dddf, 0xfefefe0f, 0x22180dfe, 0xf9ff01fa, 0xfa0000fd, 0xf6f7f7f8, \
  0xf9f7fe04, 0xff0ff009, 0x0007f00c, 0x041df7fb, 0xf4ece5ef, 0xefef08ed, 0xf6e513f2, 0xf2eae8ea, \
  0xff00feff, 0xffff00ff, 0xffe6f408, 0xe3e4def5, 0xebcef4e9, 0xf5f6021a, 0x0a032408, 0xf5040e04, \
  0xf6f9ee11, 0xebf8f0f6, 0xfefbee00, 0x1004ee26, 0x05000efe, 0xfff404fb, 0xfa080614, 0xf0f91bf5, \
  0xf7e9ee07, 0xf303fb08, 0x0405f0df, 0x06eaf10b, 0xf906e601, 0x0901fef9, 0x11ee09f2, 0xf7f4dfda, \
  0x02eff201, 0xfeff00fd, 0xfaffefef, 0x19010afe, 0xf8efdefb, 0xfee8f402, 0x03100507, 0xec09fb15, \
  0x12f91217, 0xed0106fc, 0xfbf9ffff, 0xfc01fe01, 0x2316feef, 0xfedcfbea, 0xd81c03f7, 0xf3f001e9, \
  0x08fa0000, 0x00000000, 0x0000000c, 0x070beefd, 0xefff0404, 0xfcf2e4c4, 0xfc12010e, 0x18fff70c, \
  0xf3f102f7, 0x01f00513, 0xea02eff6, 0xfcf80616, 0xfae706f8, 0xcbf2cedf, 0x01f50bef, 0x06ea02fb, \
  0xe6151619, 0x10ed15e7, 0xfd14030e, 0xf1fefef5, 0x03fdf901, 0x0708f110, 0xf9f7110d, 0x0106fdf9, \
  0x1014fcf4, 0xf5e2eae9, 0xef05f1fd, 0xe8f1ebf6, 0x05ef01f2, 0xf6fcdf19, 0xfefa0300, 0x1b0c1704, \
  0xf80e1a01, 0xf60ffff2, 0xf2e8fcf8, 0xeef900f9, 0xeae6fdfd, 0xfb08fe0b, 0x19171b15, 0x0f00180e, \
  0x00150702, 0xe3ff20f5, 0x191507fe, 0x0af1fdfb, 0xfc00fcfc, 0xeff0f608, 0x0df2fe05, 0x141917ff, \
  0x00000000, 0x00000000, 0x06eff811, 0x0200140a, 0x07f8f901, 0xe9d5dbdc, 0xe6e7edfc, 0xfa0fedf8, \
  0x0a01f9de, 0xedddded7, 0xfa0bfa19, 0x00000000, 0x00000000, 0x3f000000, 0x00000000, 0x00000000, \
  0x00000000, 0x00000000, 0x00000000, 0x00000000, 0x00000000, 0x00000000, 0x00000000, 0x00000000, \
  0x00000000, 0x00000000, 0x00000000, 0x00000000, 0x00000000, 0x00000000, 0x00010000, 0x00000000, \
  0x00000000, 0x00000000, 0x00000000, 0x00000000, 0x00000000, 0x00000000, 0x00000000, 0x00000000, \
  0x00000000, 0x00000000, 0x00000000, 0x00000000, 0x00000000, 0x00000000, 0x00000000, 0x00000000, \
  0x00000000, 0x3f000000, 0x00000000, 0x00000000, 0x00000000, 0x00000000, 0x00000000, 0x00000000, \
  0x00000000, 0x00000000, 0x00000000, 0x00000000, 0x00000000, 0x00000000, 0x00000000, 0x00000000, \
  0x00000000, 0x0920ff00, 0x05f7fc02, 0x090a3506, 0x060dfa13, 0x190e161f, 0x0a1be609, 0xfb1f040d, \
  0x1f0a0405, 0x0c201213, 0x09fc12fe, 0xff080511, 0x01020810, 0x000e0f0e, 0x0f27f803, 0xff03021f, \
  0x24052bf7, 0x180cfd00, 0x0fe40b0b, 0x060bfe14, 0x181306f1, 0x1e010906, 0x01190e00, 0xfe100f0a, \
  0x1908f9fd, 0x0009fd11, 0x08fafe00, 0x0214fe1d, 0x05041813, 0x0d1e04fd, 0xedf4f41a, 0x28100d14, \
  0xfc080000, 0x00000000, 0x00190300, 0x501942a0, 0x00000022, 0x03fc080b, 0x04ff0d08, 0xfcf804f8, \
  0xfdfdfd00, 0x0300070c, 0xfc0ffe05, 0x0107fe07, 0xfa020000, 0x02fcf705, 0x0bf90703, 0xfe0a0708, \
  0xf6f40c03, 0x03ec0003, 0x01f6fc00, 0xfb050cff, 0x00fb03ff, 0xfd00fefe, 0x0704fa03, 0xfc0afff9, \
  0x05fe09f8, 0xfdeb04f6, 0x030ef0f2, 0x0f02fe03, 0x0000ff00, 0xfb0cf604, 0x01110a06, 0xfffe0304, \
  0xf107f8ea, 0x020903f6, 0xfdf408f6, 0xf905f30c, 0xf3090000, 0x00000000, 0x00050000, 0x501942e0, \
  0x00000058, 0x00000000, 0x00000000, 0x3c000000, 0x00000000, 0x00000000, 0x00000000, 0x00000000, \
  0x00000000, 0x00000000, 0x00000000, 0x00000000, 0x00000000, 0x00000000, 0x00000000, 0x00000000, \
  0x00000000, 0x00000000, 0x00000000, 0x00000000, 0x00f60000, 0x00000000, 0x00000000, 0x00000000, \
  0x00000000, 0x00000000, 0x00000000, 0x00000000, 0x00000000, 0x00000000, 0x00000000, 0x00000000, \
  0x00000000, 0x00000000, 0x00000000, 0x00000000, 0x00000000, 0x00000000, 0x00000000, 0x3f000000, \
  0x00000000, 0x00000000, 0x00000000, 0x00000000, 0x00000000, 0x00000000, 0x00000000, 0x00000000, \
  0x00000000, 0x00000000, 0x00000000, 0x00000000, 0x00000000, 0x00000000, 0x00000000, 0x0f02010c, \
  0x0903fc01, 0x0b0513f8, 0xf5090e0d, 0x02152004, 0x0d111106, 0x080e0d18, 0x0d040218, 0x081a11fa, \
  0x020cfefb, 0x05fb1217, 0x0bf8f814, 0x01281107, 0x0b03f300, 0x0d140e17, 0xf91401e9, 0x17161518, \
  0x0ef40dfa, 0x0d070f16, 0xfef90707, 0x05070403, 0x07f6fb0a, 0x00fbfbec, 0xf911fe11, 0x04f8fef1, \
  0x08f9130a, 0xfe270b19, 0xfe170a06, 0x08180107, 0x162afc0b, 0x0d09141a, 0xff070000, 0x00000000, \
  0x00190f00, 0x50194380, 0x00000022, 0xf3dcfc15, 0xf310131f, 0x14312af0, 0x081e2124, 0x03e00f05, \
  0xea24f11d, 0x1319d40c, 0xd8dd1e0e, 0x0f0b0238, 0x13cbe6db, 0xe6250fcf, 0xdf03f1fd, 0x193701fb, \
  0x0b0affe0, 0xf31a1217, 0xfef80a32, 0xf1fed4f4, 0xe3fed2d4, 0x10f6fef0, 0xd4ea21fa, 0xe5e9f0bf, \
  0x0a11ddf8, 0x03fbf81a, 0x051a2a28, 0xe81f08ea, 0xd9efefd8, 0x290c2f01, 0xfdea051d, 0xde22e64a, \
  0xf00bf8fe, 0xdf133ff7, 0xe9fe0000, 0x00000000, 0x00d71000, 0x501943c0, 0x00000058, 0x00000000, \
  0x00000000, 0x74000000, 0x00000000, 0x00000000, 0x00000000, 0x00000000, 0x00000000, 0x00000000, \
  0x00000000, 0x00000000, 0x00000000, 0x00000000, 0x00000000, 0x00000000, 0x00000000, 0x00000000, \
  0x00000000, 0x00000000, 0x00000000, 0x00000000, 0x00000000, 0x00000000, 0x00000000, 0x00000000, \
  0x00000000, 0x00000000, 0x00000000, 0x00000000, 0x00000000, 0x00000000, 0x00000000, 0x00000000, \
  0x00000000, 0x00000000, 0x00000000, 0x00000000, 0x00000000, 0x3f000000, 0x00000000, 0x00000000, \
  0x00000000, 0x00000000, 0x00000000, 0x00000000, 0x00000000, 0x00000000, 0x00000000, 0x00000000, \
  0x00000000, 0x00000000, 0x00000000, 0x00000000, 0x00000000, 0xed070204, 0xf60efc08, 0x103e00f8, \
  0x080de301, 0x14e90904, 0xf3030530, 0x0300e106, 0xf911010d, 0x1c050c05, 0x1b130d1f, 0x1f10030b, \
  0x07f4fa16, 0x310a0905, 0x17f9040a, 0x03130200, 0x050ffb0d, 0xfb0bec0e, 0x0306fc01, 0x1913f803, \
  0x0c020fe9, 0x0efc0116, 0x130902fa, 0xf60f0c02, 0x0c002bf3, 0x17000612, 0xfd1c0a0f, 0xfc08f404, \
  0x23fa24f7, 0x10f805f9, 0x0c0ff200, 0xfdf70601, 0x09160000, 0x00000000, 0x00010900, 0x50194460, \
  0x00000022, 0x0afd060b, 0x0600fbf5, 0xff0ade1c, 0xfef2021a, 0x04f90df6, 0x0ffe02e8, 0x13fcf2ff, \
  0xf1fa11ed, 0x0dff0a09, 0x03efeb07, 0x010024f7, 0x15ea0916, 0xed201014, 0x0afde7fd, 0x0f010406, \
  0x1a10e0e5, 0x07ee1113, 0xf81e02f7, 0xfcfffe05, 0x0c0af8f9, 0xe7090df4, 0xf6fb12ee, 0x04082711, \
  0x070e0c12, 0xfd17f808, 0x0e1008ef, 0x0d05f4fd, 0xfef504ff, 0x0ef5e217, 0xf510fcff, 0x0ae8f3ff, \
  0xfa140000, 0x00000000, 0x00020800, 0x501944a0, 0x00000017, 0x00000000, 0x00000000, 0x52000000, \
  0x00000000, 0x00000000, 0x00000000, 0x00000000, 0x00000000, 0x00000000, 0x00000000, 0x00000000, \
  0x00000000, 0x00000000, 0x00000000, 0x00000000, 0x00000000, 0x00000000, 0x00000000, 0xdb16ebe0, \
  0x0b0b2024, 0x12000000, 0x00000000, 0x00f30000, 0x50198000, 0x00000178, 0x02fdfd00, 0xff0503f9, \
  0xff03fee6, 0xf2f7f7e5, 0x01f3f5fa, 0x0df5f9fc, 0xf206f016, 0x12eafcf9, 0x03010aff, 0x00ffffff, \
  0x00ffff01, 0xffe404fa, 0xef0602f5, 0xedf31400, 0xf518f006, 0x09ee02fb, 0xf603fe07, 0xfeff02fe, \
  0xf926110e, 0x0a00f0e4, 0xec040bf7, 0x00f502f1, 0x06f20b03, 0xe1e608f7, 0x0104f3f3, 0xf7f3fb06, \
  0x08f8f507, 0x0e04080a, 0xf718fe18, 0xf401fffc, 0xfcfdfaff, 0xff000df2, 0xed0f0ffd, 0x0a0a0e05, \
  0x111ffefc, 0x0ff7fa0b, 0xf00d09eb, 0x0a0d0303, 0x00f2f1e5, 0xecfd07ff, 0xe9eef8f5, 0xfc00fa02, \
  0xfd080000, 0xf3f501f5, 0xfdfff600, 0x0801ee11, 0x09f1ef15, 0x0f03f613, 0xf60804fd, 0x02f7f90b, \
  0xf7e710ef, 0xff12fbe2, 0xe8f8dfde, 0xffdfe8e9, 0xfdff12f5, 0x02f40516, 0x0b04f3ed, 0x11fff81a, \
  0xf81c0105, 0xfb02fc12, 0x1105fbf5, 0xedfe0cea, 0xedf8f4ed, 0xf7f4f4fd, 0x050104ff, 0xff04f713, \
  0xe7efea05, 0xee11f6ff, 0x04090705, 0xf8f7fd0b, 0xfcf2f117, 0xf8fd1206, 0xe5fe08e9, 0x0017efe5, \
  0x0afc0bfb, 0xf3f209e8, 0x07f7ed0d, 0x01eaff09, 0x0aee09f6, 0xf103fbed, 0x0607fb0a, 0xf9f000f4, \
  0xfffaf900, 0xfef7f6f3, 0xf5f5f0f3, 0xf5f40604, 0xf8fef907, 0x09faf1f9, 0xf5f5f7ec, 0xec150408, \
  0xff0000ff, 0xff00ff00, 0x00f6eff8, 0x01eff4e8, 0x09f207f1, 0xf4f410fe, 0x0df3fdf4, 0xf9f60500, \
  0x051b1800, 0x00000000, 0x00000000, 0x00fb0204, 0x0205f7f7, 0x0507ffff, 0x05fcfd03, 0xf903fefd, \
  0x0d0a040c, 0xf40507f8, 0x020107ff, 0x07fafd03, 0xfafa0708, 0x08fc0802, 0x0af00404, 0xff02fe00, \
  0xfa0403e9, 0xea06ef00, 0x0008f703, 0xee0807e3, 0xe9eaf1e4, 0xf4fbfff4, 0xf3fee2ed, 0x00f508e5, \
  0xe40cf0fb, 0x04f9ff09, 0xfafcfafe, 0xf9f5f809, 0x03fdffff, 0xff000001, 0xfff4fbf5, 0xf5f8f8f4, \
  0xf8f81309, 0xea01efec, 0xfbe6f4ff, 0xf81302fd, 0xf3081008, 0xfc1602e3, 0x0212eff6, 0x0f0205fa, \
  0xfe05fefb, 0x0700f8f9, 0xf9f8faf7, 0xf8fee906, 0xfc03f6fe, 0xfb010302, 0xddfd22bc, 0xfb14d7f1, \
  0xdd10fb1e, 0x08fb1b14, 0xfd16e7de, 0xe412f1e0, 0x0aeada05, 0xfaf3f3fd, 0x01e9e7f1, 0xf210010d, \
  0x0e0003f6, 0x0a0d02e3, 0xf0feedf3, 0xf9eedf14, 0x140105f6, 0x2410f2e0, 0xe9f2fbef, 0xff06f5fc, \
  0xe8eecbe9, 0x04d9e8f6, 0xd1eef1f9, 0x02fe0102, 0xf6f02101, 0xed1e0fea, 0x28110c2b, 0x0def1beb, \
  0x0800d2ec, 0xc6bfb8f0, 0xe6bf0200, 0xe409e6e2, 0x0a08e91b, 0x05f7e0e8, 0xcff7eb08, 0x1105ff00, \
  0x00000000, 0x00000000, 0x04fcf802, 0xfcf8f9f8, 0xf4f0fedf, 0x07f7fd1b, 0xe2eb0cfb, 0xe30ef6f5, \
  0x0ce3f813, 0x0ff61ff7, 0xebf9f1cf, 0xf41604f6, 0x00f5e6f8, 0xf70b0b22, 0x250d2011, 0xf2011c13, \
  0x0d07fce5, 0xf2fff3f4, 0xf702fa0a, 0xeb1809ef, 0x080404f5, 0xfb02f2fe, 0xffd3f90a, 0xfe07010f, \
  0x0ef4edf9, 0xf2f707f7, 0x071701e3, 0xf307f30d, 0xf100070c, 0x0005f20a, 0x1802f91d, 0x15accbdf, \
  0xef12282f, 0x1b0fddf2, 0x30fcec19, 0xf00c0607, 0xf4fd02ec, 0xfef4ebfa, 0x09e1dbf1, 0xf6f7d1fb, \
  0x00a7c7d2, 0xbff8f3f6, 0x08e00ff2, 0xee1bfcfb, 0x17fefff9, 0xf8fefff5, 0xf801fcf5, 0xd7f0f7e3, \
  0xea1ddbfc, 0x15cde3f8, 0xe8e6fcfc, 0xea170000, 0xff0000ff, 0x0000ffe8, 0xdce5f4fb, 0x04f40f09, \
  0x3cffc2ff, 0xf0e8d3f6, 0xfcf905ef, 0xee010dd4, 0xe60bbfdb, 0x0edd10fe, 0xec0cdf25, 0x260c07f8, \
  0x04ece2ec, 0xffeadc04, 0x04f11007, 0xf80d0be5, 0x17e5f413, 0x0afd0708, 0xfb04fced, 0x1c0af5f8, \
  0xfcdc1cfc, 0xde09fae9, 0xf0f5fbfa, 0xf0f00003, 0xfcf4fffe, 0xff0406f0, 0x0901fcea, 0x000afe0f, \
  0x0ff50cd6, 0x0e19e2fd, 0xffd6e4d4, 0xe0f1f0e4, 0xf50ad0f2, 0xe3f1e901, 0x02e30301, 0xf6030f10, \
  0x0b0003fd, 0xf816f2f7, 0xf1f6f908, 0x0d08120c, 0xdde9eef7, 0xfeebf3ff, 0xff03f1ed, 0xe20a04e8, \
  0xfe070a00, 0xfe022102, 0x090ce800, 0xff000000, 0x00000000, 0xc9f10c00, 0xf5eb0ee8, 0xcfc7010c, \
  0xeefc02e7, 0xfbfe030c, 0xfc14f8f7, 0x160cf4e0, 0xeff2f8ef, 0xe70c10d8, 0x00000000, 0x00000000, \
  0x3e000000, 0x00000000, 0x00000000, 0x00000000, 0x00000000, 0x00000000, 0x00000000, 0x00000000, \
  0x00000000, 0x00000000, 0x00000000, 0x00000000, 0x00000000, 0x00000000, 0x00000000, 0x00000000, \
  0x00000000, 0x00f80000, 0x00000000, 0x00000000, 0x00000000, 0x00000000, 0x00000000, 0x00000000, \
  0x00000000, 0x00000000, 0x00000000, 0x00000000, 0x00000000, 0x00000000, 0x00000000, 0x00000000, \
  0x00000000, 0x00000000, 0x00000000, 0x00000000, 0x3d000000, 0x00000000, 0x00000000, 0x00000000, \
  0x00000000, 0x00000000, 0x00000000, 0x00000000, 0x00000000, 0x00000000, 0x00000000, 0x00000000, \
  0x00000000, 0x00000000, 0x00000000, 0x00000000, 0xf5fdecf5, 0x03ecfdf9, 0xeae0fc09, 0xec08e8f2, \
  0xe907e5e5, 0x0101f4eb, 0xfbf1020e, 0xe5fef705, 0x10dfeff7, 0xe5fe01d7, 0xf705eb02, 0xecfff7ef, \
  0x02fffcf1, 0x0ce305f8, 0xfcf7f7f2, 0xe6ecd907, 0xebe9fdea, 0xebf5f100, 0xe8eaeefd, 0xe4f0e5f2, \
  0xf506f4f3, 0x04000cff, 0xf5eef8ec, 0xdcfe15f9, 0xf7ed18eb, 0xf206ebea, 0xfaf4e2d1, 0x00f3f103, \
  0xf407f8da, 0xfdeef7f5, 0xf3f6fa07, 0xe5ec0000, 0x00000000, 0x00f6fb00, 0x501982a0, 0x00000022, \
  0xfb091a1a, 0x000a03ff, 0x17ee04fa, 0x0ce9fc0a, 0xf7fdf2ff, 0x0316efff, 0xfc06fdf0, 0xe9041704, \
  0x1211fafb, 0x10eff6ee, 0x03160e10, 0x02f9e5ec, 0x06f40305, 0x0008f4f6, 0xec0cfb08, 0xf8ee0d0a, \
  0x0007f1f7, 0x06f90efc, 0xfff40600, 0xe910f800, 0xf71500ee, 0xf31d070f, 0xe4e70909, 0x0ffa1202, \
  0xfbf400f6, 0x0f1107fb, 0x03f4170e, 0xf4f20b01, 0xf3f60df6, 0x03e0effd, 0xf5ed10fb, 0xfafc0000, \
  0x00000000, 0x0002ec00, 0x501982e0, 0x00000058, 0x00000000, 0x00000000, 0x39000000, 0x00000000, \
  0x00000000, 0x00000000, 0x00000000, 0x00000000, 0x00000000, 0x00000000, 0x00000000, 0x00000000, \
  0x00000000, 0x00000000, 0x00000000, 0x00000000, 0x00000000, 0x00000000, 0x00000000, 0x00000000, \
  0x00000000, 0x00000000, 0x00000000, 0x00000000, 0x00000000, 0x00000000, 0x00000000, 0x00000000, \
  0x00000000, 0x00000000, 0x00000000, 0x00000000, 0x00000000, 0x00000000, 0x00000000, 0x00000000, \
  0x00000000, 0x00000000, 0x3d000000, 0x00000000, 0x00000000, 0x00000000, 0x00000000, 0x00000000, \
  0x00000000, 0x00000000, 0x00000000, 0x00000000, 0x00000000, 0x00000000, 0x00000000, 0x00000000, \
  0x00000000, 0x00000000, 0xe3f100f2, 0xfbf4f9eb, 0xf2fc0bdd, 0xf2e10c08, 0xeeed03fb, 0xf3f4e6ea, \
  0xf1f5ebee, 0xe4e5fc0a, 0xef02f80a, 0xe3e1f60b, 0xed06e7e0, 0xfff0fbe5, 0xe0faeafa, 0xebf605fc, \
  0xf6f202ea, 0x08eef4eb, 0xf1eefaf6, 0xf804da08, 0xfdeeefe5, 0x04f4fcf2, 0xf7efe8f3, 0xfb0ffefb, \
  0xfcf105fe, 0xdbe8ecce, 0x0afceefa, 0xeef40be5, 0xfceaf2f9, 0xebfdebf5, 0xe8f0fd02, 0xeff70806, \
  0xe7fbe9f2, 0xeeee0000, 0x00000000, 0x00e80100, 0x50198380, 0x00000022, 0x163a15f1, 0x20460cfb, \
  0x0155040d, 0xeafae6eb, 0x070cf9a6, 0x02dcffae, 0xfa0003fa, 0xcef8fff7, 0x1eedffaf, 0x2816fa57, \
  0x0ff607c0, 0xe0f2ec4f, 0x00deeb0e, 0xeb08f7d8, 0xd40a16b0, 0xed0ceba5, 0xfa222c05, 0xe713eb20, \
  0xdbe50de0, 0xe42f2111, 0x09f30f2b, 0x0bc20a14, 0x14ff1c16, 0x0ae2021d, 0xeedaffd4, 0x2bebf33d, \
  0x0110ffdb, 0x0effff26, 0x0821022b, 0x0d66f904, 0x01fc1228, 0xdcf50000, 0x00000000, 0x0029fc00, \
  0x501983c0, 0x00000058, 0x00000000, 0x00000000, 0x76000000, 0x00000000, 0x00000000, 0x00000000, \
  0x00000000, 0x00000000, 0x00000000, 0x00000000, 0x00000000, 0x00000000, 0x00000000, 0x00000000, \
  0x00000000, 0x00000000, 0x00000000, 0x00000000, 0x00000000, 0x00e30000, 0x00000000, 0x00000000, \
  0x00000000, 0x00000000, 0x00000000, 0x00000000, 0x00000000, 0x00000000, 0x00000000, 0x00000000, \
  0x00000000, 0x00000000, 0x00000000, 0x00000000, 0x00000000, 0x00000000, 0x00000000, 0x00000000, \
  0x3b000000, 0x00000000, 0x00000000, 0x00000000, 0x00000000, 0x00000000, 0x00000000, 0x00000000, \
  0x00000000, 0x00000000, 0x00000000, 0x00000000, 0x00000000, 0x00000000, 0x00000000, 0x00000000, \
  0xf5dafbf0, 0x05f7ffe9, 0xffe9f6f0, 0xd90903f7, 0xebe001f5, 0xfff3fedf, 0xe6041505, 0xeefaebec, \
  0xed11f1fc, 0xfcd00aed, 0x10faf6db, 0xf30afd03, 0x060af2f3, 0xf5f3cd12, 0xfdf5f3e7, 0xe5fbf610, \
  0x0302feee, 0xe80f04fd, 0xdbfaf7f7, 0xf5f406ff, 0xe8f8fff7, 0xeef4faf9, 0x03f6e700, 0xeaf7eef3, \
  0x06e0e7e6, 0xf3ebe7ef, 0x00fe01e6, 0xe5edeffc, 0xeefad5f6, 0xf8d6fbf3, 0xfcffe3f1, 0xf8e40000, \
  0x00000000, 0x00ea0700, 0x50198460, 0x00000022, 0x12061414, 0xf6150c06, 0x03060e04, 0x1608f804, \
  0x0efaf1f9, 0x01eb0eff, 0xec21d0f0, 0xf3071326, 0x1a01edfd, 0x1202310b, 0xd20dcffc, 0xe805fa05, \
  0x1ede1d0e, 0x0e12f3e1, 0x0306fdf2, 0x0b0105fa, 0xfcfceff4, 0x2210e01b, 0x15e9f1eb, 0x20021c08, \
  0x05ef24f1, 0x2c16d6e6, 0x0ff0fd15, 0xf1f909f9, 0xeb0ae3fa, 0xfb04de3a, 0xeafd2312, 0xef1307f3, \
  0x0118f104, 0x01eff2f7, 0xf11f2c07, 0xe3dd0000, 0x00000000, 0x000fd000, 0x501984a0, 0x00000017, \
  0x00000000, 0x00000000, 0x4f000000, 0x00000000, 0x00000000, 0x00000000, 0x00000000, 0x00000000, \
  0x00000000, 0x00000000, 0x00000000, 0x00000000, 0x00000000, 0x00000000, 0x00000000, 0x00000000, \
  0x00000000, 0x00000000, 0x2316f5f0, 0xfbf70edc, 0x09000000, 0x00000000, 0x00110000, 0x5019c000, \
  0x00000178, 0x00000000, 0x00ff0000, 0x00eaf8ff, 0x0200fdfc, 0xf601fb09, 0xf6f606da, 0xf7fae205, \
  0xe8f0ed16, 0x10011707, 0x00000000, 0x00000000, 0x00fdfdf4, 0x0a001707, 0x0b150e0e, 0xfcf9f1d1, \
  0x14f5f8ff, 0xff000000, 0x00000000, 0x16171d04, 0xe8e8f4ee, 0x0bee10fc, 0xfd071107, 0xf1eaf5f2, \
  0xf8eae70d, 0xf3eb0900, 0x00000000, 0x00000101, 0xf9f60d03, 0x07e90ff4, 0x040300ff, 0x0102ff00, \
  0x0000dcfb, 0x08e2e7ed, 0x0efe080a, 0x011bf602, 0xe9fceef2, 0xeef6ec18, 0xf302f114, 0xe3ecf604, \
  0x02eeebf6, 0xf6edfcfc, 0xfe0201fc, 0x0202fdfe, 0x02feff00, 0xfe0202fd, 0xf6f51afe, 0x0410fff8, \
  0xfa1515e6, 0x0efa1416, 0x11fa0f1b, 0x0b05fc07, 0xfce7ecf0, 0xebe3f1e0, 0xfae6f9ea, 0x0900f7fa, \
  0x04081207, 0x001801eb, 0x0c140502, 0xf7fa00f6, 0x0fe5f40e, 0xe5e605f7, 0xecfbfa0f, 0x0df305fe, \
  0x05f901fe, 0xfeff0000, 0x00ccc1da, 0xefe0c906, 0x01fd03fe, 0xfd03fbff, 0x020304f6, 0xf30ff20f, \
  0x050b130b, 0x0bf61006, 0xecdbfe0e, 0xee00f1ef, 0xf50ef10a, 0xfefc0b0b, 0xf2f000f4, 0xf0fbf607, \
  0xfcfe0b02, 0x01fcfdfd, 0xf6fcf9f8, 0xf8f6f8f6, 0xf6fcf6f1, 0xfbf7f8f7, 0xf5f30000, 0xfffdfffc, \
  0xf9ff0011, 0x0400f9f5, 0xf9f2f6eb, 0x00000000, 0x00000000, 0x00f1ece7, 0xff00f4fe, 0x02fd200b, \
  0x0c100d09, 0xc7cbcfda, 0xf50cfde4, 0x0bf904f1, 0x00000000, 0x00000000, 0x000000ff, 0x00ff0001, \
  0x01ff0000, 0x00000000, 0x00000011, 0xfd1416f9, 0xfe01f8ec, 0x000000ff, 0x01fefe02, 0xfbfa04f9, \
  0x05f706f8, 0xf9fe0000, 0x00000000, 0x000000f6, 0xeffb00ff, 0x0400fcfc, 0x0fd5ebd6, 0xf2fdf3eb, \
  0x07dfd9ef, 0xebe6fb02, 0xf61deeed, 0xdaeafee5, 0x0c15e902, 0x030003fc, 0xf9010503, 0x00000000, \
  0x00000000, 0x00fffdfa, 0xfbf9f9fa, 0xf9f708fe, 0xf21603e4, 0x210af3ed, 0xdbed04e5, 0xe7eaf9f8, \
  0xfb1d270d, 0x0303ff12, 0xf7000000, 0xfe0102fb, 0xfefffafa, 0xfafbf9fb, 0xfbfaf9f7, 0xfd02fa00, \
  0xff0101ff, 0x0f0ff2f5, 0x0806f3f4, 0x07030310, 0x110df1fd, 0x0a04f5fd, 0x03f50503, 0xfffdf601, \
  0xfffc0504, 0xff0506fc, 0x00000000, 0x00000000, 0x00fb0b0b, 0xeefffa02, 0x0cf0f5fe, 0x07fa0600, \
  0xfb0c0501, 0xff00ff02, 0xfe010202, 0x07f704f9, 0xfbf90203, 0xf702fafe, 0x01fe0505, 0x07050302, \
  0x0102fe01, 0xfffd0300, 0xfefaf703, 0x03090806, 0x0909f009, 0x0407ee0b, 0x0204f9f2, 0x0d03f007, \
  0xf105fbfd, 0xf30ff9f1, 0x0b03faf0, 0x0b0b0906, 0xf803f6f0, 0x00000000, 0x01000001, 0xfe0a0e00, \
  0x02fef80d, 0xfb0bfcf3, 0xfc01fef5, 0x0507f6fe, 0xf603ff0e, 0xf906f6fd, 0x05fdf5f2, 0xfafe0002, \
  0x08f600f0, 0x0c0403f1, 0xfe030502, 0x0114fb08, 0x0f100a03, 0x0c13ff01, 0xfb0804f7, 0x00000000, \
  0x00000000, 0x00ffff00, 0xfc00f8fa, 0x00fe02f5, 0xf002ff0a, 0xf80cf80a, 0xf8f20809, 0xf1fe0cff, \
  0x05fcfc01, 0x04010103, 0x04fa13f6, 0x05010706, 0xfd090000, 0x0100ffff, 0xff0101f3, 0x03f10cf0, \
  0xf40001fd, 0x08020d03, 0xfdf702fa, 0xfc0af80c, 0xfcf7fcfc, 0x0bf90000, 0x00000000, 0x000000f3, \
  0xfb090002, 0xfbff0909, 0xf7fc08f1, 0x0300fb0e, 0x05ff02fc, 0xfd00fefd, 0xfcfb0000, 0x00000000, \
  0x000000ff, 0xf6fbeff9, 0x00f70d0a, 0x0b00fff9, 0x0af30102, 0xfcf5f9fd, 0x0707fc04, 0xff01f501, \
  0x06fdf3ff, 0x0805f50a, 0xfbef01ed, 0x02f106fe, 0x0403fdfd, 0x020406fc, 0x01fd09fc, 0x06f8f401, \
  0xfdfaf70d, 0xf90cfbfe, 0x01fbfc07, 0x0dfef8f7, 0x0a03060f, 0xfffdf808, 0x05fa01fa, 0xfb000000, \
  0x00000000, 0x000008fd, 0x05040508, 0xfc0afc11, 0xf8f60df3, 0x0cfdfffc, 0xfef60a04, 0x09fdfdff, \
  0x0d0afd02, 0x04fd0906, 0xfb06f705, 0x05f9ff00, 0xff030100, 0x00000000, 0x00000000, 0x00000000, \
  0x00000000, 0x000509ff, 0x07fdf902, 0xfefd0000, 0x00000000, 0xfdfe0000, 0x01000000, 0x02000001, \
  0x01fc0101, 0x01000103, 0x03fd01ff, 0xfd02fffe, 0x0100ff09, 0xf6f6f9f5, 0x040aff06, 0xf508fef7, \
  0xfaf3ff0c, 0x00000000, 0x00000000, 0x41000000, 0x00000000, 0x00000000, 0x00000000, 0x00000000, \
  0x00000000, 0x00000000, 0x00000000, 0x00000000, 0x00000000, 0x00000000, 0x00000000, 0x00000000, \
  0x00000000, 0x00000000, 0x00000000, 0x00000000, 0x00e70000, 0x00000000, 0x00000000, 0x00000000, \
  0x00000000, 0x00000000, 0x00000000, 0x00000000, 0x00000000, 0x00000000, 0x00000000, 0x00000000, \
  0x00000000, 0x00000000, 0x00000000, 0x00000000, 0x00000000, 0x00000000, 0x00000000, 0x40000000, \
  0x00000000, 0x00000000, 0x00000000, 0x00000000, 0x00000000, 0x00000000, 0x00000000, 0x00000000, \
  0x00000000, 0x00000000, 0x00000000, 0x00000000, 0x00000000, 0x00000000, 0x00000000, 0x00e60af7, \
  0x010612f6, 0x0e1cda03, 0xe6f006ff, 0x06eefa10, 0xefdafdf1, 0xfdf713fd, 0x06fc05ee, 0xf400e500, \
  0xe3fce705, 0x15f600f6, 0xfe0cfb04, 0xe80317d5, 0xf006e8ff, 0xf7fa02f3, 0xf5f9f8fa, 0x04f4ec05, \
  0xffff04e6, 0xfcec01f7, 0x07081611, 0xe6fd04e2, 0xfb010bf5, 0xf2fd07fe, 0xf9f60ceb, 0x0802e5fa, \
  0x02fafeeb, 0xefff0dfe, 0xf7f0def9, 0xe5f605ff, 0x03080ae8, 0xd2dd02e2, 0x050c0000, 0x00000000, \
  0x00030600, 0x5019c2a0, 0x00000022, 0xec00f90a, 0xef00f3fe, 0x06f80ff7, 0x0a020ef2, 0xfdfd04fa, \
  0x05fce804, 0x20fe06fc, 0x0607ed04, 0x1cf007fe, 0x030af507, 0xcd0eef05, 0xea06faf9, 0x04f71404, \
  0x06fcfffa, 0x1df7ea05, 0x020112fc, 0x0909c407, 0x1004fa01, 0x250214f5, 0x0305f8ee, 0x00f9f502, \
  0xf40cbe06, 0xfdfae4fc, 0x09030afb, 0x01fbe6fa, 0x0303fc09, 0xfaf70500, 0xe9000cec, 0xeefd04fb, \
  0x11f912fc, 0x03022dfb, 0x10000000, 0x00000000, 0x00f8e300, 0x5019c2e0, 0x00000058, 0x00000000, \
  0x00000000, 0x3f000000, 0x00000000, 0x00000000, 0x00000000, 0x00000000, 0x00000000, 0x00000000, \
  0x00000000, 0x00000000, 0x00000000, 0x00000000, 0x00000000, 0x00000000, 0x00000000, 0x00000000, \
  0x00000000, 0x00000000, 0x00fb0000, 0x00000000, 0x00000000, 0x00000000, 0x00000000, 0x00000000, \
  0x00000000, 0x00000000, 0x00000000, 0x00000000, 0x00000000, 0x00000000, 0x00000000, 0x00000000, \
  0x00000000, 0x00000000, 0x00000000, 0x00000000, 0x00000000, 0x40000000, 0x00000000, 0x00000000, \
  0x00000000, 0x00000000, 0x00000000, 0x00000000, 0x00000000, 0x00000000, 0x00000000, 0x00000000, \
  0x00000000, 0x00000000, 0x00000000, 0x00000000, 0x00000000, 0xf2f30217, 0x03fdf5eb, 0x01ff0bf4, \
  0xd90fe412, 0x210cefff, 0xfaf3f70d, 0xe807f7f7, 0x03181209, 0xdf07fdeb, 0xe9fb00f5, 0xebf9e60e, \
  0x031304fe, 0xf0f1f2fb, 0x16ebed15, 0xf300f00d, 0x01fcf712, 0x0fee24fa, 0xf1fae503, 0x0401ff00, \
  0xf3f70500, 0xe409fbfd, 0xf20502f6, 0x07fefa0e, 0x18011f06, 0xf61210f9, 0xfae3fee1, 0xf5f809f3, \
  0x06f7e413, 0x05e5f605, 0xf602060d, 0x03fdf800, 0xecf40000, 0x00000000, 0x00f40100, 0x5019c380, \
  0x00000022, 0x1510edf5, 0x0e151125, 0x16e9f80d, 0xed29d5e4, 0x1bf71c37, 0xf5181e2e, 0xf4271203, \
  0xf10ef929, 0xff280b2f, 0x05c707eb, 0xed0d02ef, 0x1edd0802, 0xc9f2f3e2, 0x09050af4, 0xe0f7f8e2, \
  0x02e0df3d, 0x1c1e02cd, 0xda2000fc, 0x0b19f7e7, 0xe20327d8, 0x10e90f06, 0x200d0503, 0x1300f4ff, \
  0x18f6eb02, 0x211af2e7, 0xfdf50267, 0x2ceaf924, 0xe4131ad6, 0xd7271304, 0x0c080512, 0x15200b22, \
  0xf9de0000, 0x00000000, 0x000dfb00, 0x5019c3c0, 0x00000058, 0x00000000, 0x00000000, 0x7a000000, \
  0x00000000, 0x00000000, 0x00000000, 0x00000000, 0x00000000, 0x00000000, 0x00000000, 0x00000000, \
  0x00000000, 0x00000000, 0x00000000, 0x00000000, 0x00000000, 0x00000000, 0x00000000, 0x00000000, \
  0x00060000, 0x00000000, 0x00000000, 0x00000000, 0x00000000, 0x00000000, 0x00000000, 0x00000000, \
  0x00000000, 0x00000000, 0x00000000, 0x00000000, 0x00000000, 0x00000000, 0x00000000, 0x00000000, \
  0x00000000, 0x00000000, 0x00000000, 0x40000000, 0x00000000, 0x00000000, 0x00000000, 0x00000000, \
  0x00000000, 0x00000000, 0x00000000, 0x00000000, 0x00000000, 0x00000000, 0x00000000, 0x00000000, \
  0x00000000, 0x00000000, 0x00000000, 0xf4e00df9, 0xf4fe14f9, 0x0df805fb, 0x16fced0e, 0x04fefb06, \
  0xe901060e, 0x08f5fef4, 0x06e9f7fa, 0xfcfabffe, 0xe6e7f9fe, 0x0b0afdfd, 0x10ef06f6, 0xce020400, \
  0xffeafdf3, 0x06fe05db, 0xdff0ec0e, 0xffdf1afe, 0xf1f107fd, 0x000ad804, 0xece8030f, 0xfc0116f5, \
  0xfd0108ec, 0x0200f607, 0xed05fdfe, 0x1afffdf8, 0xf11ef50d, 0x15e301ea, 0xf9ede1f9, 0xf50ce7ea, \
  0xeee6dd00, 0xfaf7dc03, 0xfdfd0000, 0x00000000, 0x00e2e700, 0x5019c460, 0x00000022, 0x0ff51015, \
  0x050f0aff, 0xfa06dfea, 0xf9f1d515, 0xfcfce5e1, 0x0a151afb, 0x0011faf9, 0xedf7fffb, 0x2af61c0c, \
  0x0f00e7e4, 0xee122bea, 0x0b1dfbf5, 0xe1e807fe, 0xe8f9d900, 0xf806f804, 0x11e4fc19, 0x0c041b0c, \
  0xebe8f00b, 0xf2f60116, 0x010b0508, 0xfe13130c, 0x05f42600, 0x0b023b16, 0x10d5120e, 0xf1ce14ea, \
  0x26010301, 0xf919e6d7, 0x08f202f9, 0x010add0b, 0xff07d10b, 0x07feeffb, 0xf4ff0000, 0x00000000, \
  0x00080c00, 0x5019c4a0, 0x00000017, 0x00000000, 0x00000000, 0x51000000, 0x00000000, 0x00000000, \
  0x00000000, 0x00000000, 0x00000000, 0x00000000, 0x00000000, 0x00000000, 0x00000000, 0x00000000, \
  0x00000000, 0x00000000, 0x00000000, 0x00000000, 0x00000000, 0x0fe028e5, 0x1bd8dce1, 0x17000000, \
  0x00000000, 0x00190000, 0x501a0000, 0x00000178, 0xfb01ff01, 0xfbf701fb, 0x07f902ed, 0xef09e802, \
  0x03f1fbf2, 0x1307090f, 0xfa10f00a, 0x12f7fb0f, 0xfefd1403, 0xfeff00ff, 0xff00ffff, 0xff06eef1, \
  0x0bf3170b, 0x13ff020b, 0x0618fbfb, 0x1516fef6, 0x0803fbfc, 0xfefe05fd, 0x0f1b08f5, 0xebedf5f1, \
  0xe7f608e8, 0xf0fbeff2, 0x0ae8eaef, 0x04eae60a, 0x01f300f9, 0x0703fcf8, 0x0700fd06, 0xfef90a0b, \
  0x13f60502, 0xeff500ff, 0x01f4f5ff, 0xff0301df, 0xfcf302ea, 0x0508ee15, 0x0120ed09, 0xe5ee02ef, \
  0xf2040b13, 0xff01f2e6, 0xe7f6f0f8, 0xeeec0d07, 0xfd0ff8fc, 0xf904f5f4, 0x070400fc, 0x0101fafd, \
  0x0bf2f205, 0xd2f30ef2, 0x03fc07f9, 0xf602f6fd, 0x09070d13, 0xfb030d09, 0xf0f3ed04, 0xff080921, \
  0xf2fa1ee1, 0xf1f6e0ff, 0x2100091f, 0x110b15fa, 0x121a010b, 0x010ef516, 0x080ae20a, 0xf7fbf901, \
  0xe70df5fd, 0x0bf30a0d, 0x130312f4, 0x05fc05fe, 0x0702f9ff, 0xf9ecd8f4, 0x0cf308fa, 0xfbf3fff7, \
  0xfa08fafe, 0xf4f7fdf6, 0x1302f212, 0x0c141504, 0xece806f7, 0xe2e9f607, 0xf00ce2e6, 0xf6f6e614, \
  0x0ae4fdeb, 0x01ec0e06, 0xee0cf20e, 0x0df20af0, 0xf90c07ff, 0xeeed01f7, 0xfbfef9fa, 0xf8fefffb, \
  0xf9f5fffd, 0xf6f8f804, 0x03fcffff, 0x0000f811, 0x0610110c, 0xeff116f1, 0x020000fd, 0x00000100, \
  0x00ecf9f5, 0x1100f40e, 0x0af2050e, 0xfbf5fc11, 0x18f9f9fa, 0xf8e013f6, 0x02080e07, 0x00fffe00, \
  0xfffeffff, 0xfff6f705, 0xf7fcf702, 0x01fd0000, 0x00000000, 0x0000fe19, 0x010dfd14, 0x04eefe01, \
  0xfcfd01fe, 0x0905f6f6, 0x03fc02f9, 0xfcf00cf7, 0xff0b0000, 0x00000000, 0x000000f2, 0xeffe09f4, \
  0xf602f9f1, 0xfcf4ded9, 0xe701c7e2, 0x0910f6fe, 0xf1f1fd04, 0x0012fcfa, 0xdb1d0fee, 0xf70fecfb, \
  0xf109f50b, 0x09000708, 0x000000fe, 0xfdff01fd, 0x00f8f6f7, 0xf7f7f6f8, 0xf7f41af8, 0x05fe11ed, \
  0x15fc1410, 0x120502f9, 0xfde7fd0d, 0x0c1517fa, 0x0f0ceeef, 0xf7f80000, 0x06fa07f0, 0x02f0fcf8, \
  0xfbf9faf9, 0xf8faf301, 0x04f9f40b, 0xf600fef9, 0x12ec01fb, 0x18f419fb, 0x0b0bf609, 0x040700eb, \
  0xf0ecd201, 0xff071809, 0x03060301, 0x242bebf7, 0xfefd0303, 0x03f60d0a, 0x0a0aef01, 0x08fff4fb, \
  0xf4f1e9e7, 0xec022af3, 0xca0cfff4, 0xebebd9d9, 0xf5e1f5f5, 0xf0f814f7, 0x18fccf12, 0xf3d505fe, \
  0xde01fffe, 0xfffdfef7, 0xf8f8211e, 0x03ff0b05, 0x06f9fcf1, 0xfc0201ff, 0x11f9f71a, 0x0b21fc06, \
  0xefe40efb, 0xde13fd04, 0xf3fc09ea, 0x00de1c04, 0xef280bf9, 0xe1f20300, 0x00000000, 0x00f8fbfd, \
  0x00000000, 0x00000c04, 0xfc1b2504, 0xfc180c08, 0xfcfbdf00, 0xf7f3e808, 0xe3f80116, 0x1afdefe0, \
  0xdbdcf6e7, 0xfd050b05, 0xfffd0f0a, 0x05e50bf4, 0xebedf407, 0x0a080413, 0xf704e7f2, 0xf2faedf1, \
  0xe0eef0e7, 0xf0f0f706, 0xfcfef8fd, 0xfbfe06e9, 0xf71e0cfe, 0x0a02f9f7, 0xfa0e03f5, 0x1504fb14, \
  0x0d1a1efe, 0x0e0f0b04, 0xf70e0c01, 0xf002030d, 0x02020cf2, 0xeef40012, 0xe3e7e8ff, 0xe5db0dfc, \
  0xf406fffb, 0x071c110b, 0xf9fd0300, 0x00f50000, 0xece701fb, 0xf804fb25, 0x1d01fd00, 0x03f1e804, \
  0x05f51118, 0x2feef4f5, 0xe0f4feff, 0x0000faff, 0x00000000, 0xfee5e5eb, 0x04f905f2, 0x0be8f408, \
  0x060906f3, 0x01ee0000, 0x00000000, 0x00000002, 0xe4fc00e9, 0x06f2eeef, 0xecd8e6ff, 0xfa01fb00, \
  0x00f801f7, 0x1b06f506, 0x0f2702dd, 0xfbe90b04, 0x02f8e609, 0xf8f9f802, 0x02ed0701, 0xe9e7fbf2, \
  0x15f90715, 0xf7ccf8fd, 0xecf8e903, 0xfe0409ef, 0x01faf2fd, 0xeef407f7, 0x1907fff2, 0xf8f6ee02, \
  0x0a0106e4, 0x0605faf4, 0x0b0c030b, 0xf5f4fbf2, 0xff01c0ee, 0xefdae9fc, 0xedfa0513, 0x1e091120, \
  0x0de8f9eb, 0x1e0d1bea, 0xfc130d09, 0x1ef4f3f8, 0xfbf4f5f9, 0xfdffe2f5, 0x06fafe09, 0xeee9f504, \
  0x1a1d070c, 0x100506fe, 0x290f0706, 0x0e00f81e, 0x21f5efff, 0xf1fffa03, 0x081409f9, 0x0a02f50f, \
  0xf6ec0300, 0x00000000, 0x00000000, 0xef0106ff, 0x02f4f2e6, 0xe6eaf1e9, 0xf505e108, 0xecdff808, \
  0x0bfa0b09, 0xeb0b0316, 0xfffc07f7, 0xfcfef7fa, 0x00000000, 0x00000000, 0x41000000, 0x00000000, \
  0x00000000, 0x00000000, 0x00000000, 0x00000000, 0x00000000, 0x00000000, 0x00000000, 0x00000000, \
  0x00000000, 0x00000000, 0x00000000, 0x00000000, 0x00000000, 0x00000000, 0x00000000, 0x00e50000, \
  0x00000000, 0x00000000, 0x00000000, 0x00000000, 0x00000000, 0x00000000, 0x00000000, 0x00000000, \
  0x00000000, 0x00000000, 0x00000000, 0x00000000, 0x00000000, 0x00000000, 0x00000000, 0x00000000, \
  0x00000000, 0x00000000, 0x40000000, 0x00000000, 0x00000000, 0x00000000, 0x00000000, 0x00000000, \
  0x00000000, 0x00000000, 0x00000000, 0x00000000, 0x00000000, 0x00000000, 0x00000000, 0x00000000, \
  0x00000000, 0x00000000, 0xfc03eaee, 0x02060dee, 0xefe804eb, 0xfffdf008, 0xee03f8f5, 0xf40ffee8, \
  0x16fded05, 0xf900f7fd, 0xf6f8e8f0, 0xf1f602f4, 0xe2f9f2f8, 0xe5eeeeee, 0xfbf7eee4, 0x0af6e0eb, \
  0xe9f2fe10, 0xfcfcfd02, 0xf1f1eb1a, 0xf8f4f7ef, 0xf5e8fd13, 0x04f7de05, 0x000003ef, 0xe6f5faf5, \
  0xf4e706f1, 0xf6fb0a00, 0x03ff0a00, 0xf6f30adb, 0xf1f1ebf8, 0x02ff020e, 0xfafefaff, 0xfde5e8fd, \
  0x0cf102f1, 0x0ffe0000, 0x00000000, 0x00eae900, 0x501a02a0, 0x00000022, 0xeaf5eaf2, 0xfaf8f609, \
  0x060f01f6, 0xfb1017f7, 0xfdf614f7, 0x05edef12, 0x07f8fdf6, 0xfb0915f0, 0xfb1605ff, 0x14f5f4e9, \
  0x0b04fb09, 0x080f0ef3, 0x05fffff4, 0xfcfbf60d, 0x060503e2, 0xf4fff508, 0xf6fbecfb, 0xfef50715, \
  0xf21003f6, 0xdff8e81d, 0xedf5eaf4, 0xf60214fd, 0x0d0414fa, 0x0df904e8, 0xe6120ff4, 0xffe50506, \
  0x170e0309, 0xe9f50e0a, 0x0c09ff06, 0xf5fdfb11, 0xf814071d, 0x0a010000, 0x00000000, 0x00e60600, \
  0x501a02e0, 0x00000058, 0x00000000, 0x00000000, 0x3d000000, 0x00000000, 0x00000000, 0x00000000, \
  0x00000000, 0x00000000, 0x00000000, 0x00000000, 0x00000000, 0x00000000, 0x00000000, 0x00000000, \
  0x00000000, 0x00000000, 0x00000000, 0x00000000, 0x00000000, 0x00fe0000, 0x00000000, 0x00000000, \
  0x00000000, 0x00000000, 0x00000000, 0x00000000, 0x00000000, 0x00000000, 0x00000000, 0x00000000, \
  0x00000000, 0x00000000, 0x00000000, 0x00000000, 0x00000000, 0x00000000, 0x00000000, 0x00000000, \
  0x41000000, 0x00000000, 0x00000000, 0x00000000, 0x00000000, 0x00000000, 0x00000000, 0x00000000, \
  0x00000000, 0x00000000, 0x00000000, 0x00000000, 0x00000000, 0x00000000, 0x00000000, 0x00000000, \
  0xf6effffc, 0xf1fcedf6, 0xf6f2efdc, 0xdae00cf0, 0x04f8101c, 0xefff0eec, 0xf2df0811, 0xec0a05ed, \
  0xf90afc07, 0xd400fa05, 0xf30af2ee, 0x1510f0e9, 0xea25ebf1, 0xfe0d0110, 0xe500eaf3, 0x0aeafcd4, \
  0x30fbfb0d, 0x0b0bfcfb, 0x09eff6f5, 0x03e403ed, 0x0fffedf1, 0xf7e00f07, 0xf80df507, 0xeeedf2e6, \
  0xfa21ecf9, 0xfeef00fc, 0x050b011e, 0xdeed0204, 0x15f3e506, 0xf9f2fe01, 0xf0f9f202, 0xd1f20000, \
  0x00000000, 0x00f1f200, 0x501a0380, 0x00000022, 0xf8fc1108, 0x0d130cd9, 0xe823cadf, 0x0b0f012d, \
  0x0c0fdedb, 0x0cfa1ff7, 0x0ff6e8f2, 0xc8e0f6f4, 0x301c3220, 0x13c6f1ff, 0xfdfc1c02, 0xf5e3dcfd, \
  0x0401fa15, 0xeeffd9bb, 0xdfdcda50, 0x1421d0ee, 0x0acf0033, 0x00fdcf1a, 0x0d24f012, 0xf80a3a04, \
  0xff3426da, 0xef1739e3, 0x2cf81615, 0x0008fd23, 0xdf030a12, 0x220f2bc0, 0x033ad004, 0xfb00ee24, \
  0x0608f740, 0x0702d3e5, 0x032302e4, 0xfdfb0000, 0x00000000, 0x00dd0400, 0x501a03c0, 0x00000058, \
  0x00000000, 0x00000000, 0x78000000, 0x00000000, 0x00000000, 0x00000000, 0x00000000, 0x00000000, \
  0x00000000, 0x00000000, 0x00000000, 0x00000000, 0x00000000, 0x00000000, 0x00000000, 0x00000000, \
  0x00000000, 0x00000000, 0x00000000, 0x00fd0000, 0x00000000, 0x00000000, 0x00000000, 0x00000000, \
  0x00000000, 0x00000000, 0x00000000, 0x00000000, 0x00000000, 0x00000000, 0x00000000, 0x00000000, \
  0x00000000, 0x00000000, 0x00000000, 0x00000000, 0x00000000, 0x00000000, 0x40000000, 0x00000000, \
  0x00000000, 0x00000000, 0x00000000, 0x00000000, 0x00000000, 0x00000000, 0x00000000, 0x00000000, \
  0x00000000, 0x00000000, 0x00000000, 0x00000000, 0x00000000, 0x00000000, 0x00f1fde2, 0x01061a01, \
  0x2d03f6ee, 0x191cfe06, 0x13f32707, 0xf4f2f9f5, 0xf20bf30b, 0x0511fe01, 0xf9f90100, 0x140025f9, \
  0x1f06f1fc, 0xf9fb080d, 0x2014fefc, 0x00f214f8, 0x1cebf300, 0xfb19f120, 0xf3051803, 0xdc0513ff, \
  0x1409e118, 0x02fc36e9, 0x0dfcec1a, 0xf1f00107, 0xfe13eb02, 0xffedf902, 0xfbeaeafb, 0xfaf7f3e0, \
  0xf3eff6e9, 0x09f3f3f4, 0x1c0bf3de, 0x15f01cfe, 0xef05f019, 0xeae90000, 0x00000000, 0x00f80500, \
  0x501a0460, 0x00000022, 0x0b0a2b03, 0xee0b10fb, 0x0613fb13, 0x3b01fc04, 0xfbf907e0, 0x0e02ecd6, \
  0x010ccff6, 0xecf738fc, 0x2812e9f4, 0x1a0dfd1a, 0xcce308fb, 0xe5f6ee06, 0x0ce12a20, 0xecfcd9f6, \
  0x0615f3e1, 0x0009eefb, 0x16fee0ea, 0x130ff422, 0x01050df6, 0x120b0319, 0xf81421fe, 0x30ecdf04, \
  0xe6fd0705, 0xdbe1f009, 0x0f02e803, 0xfefa0bff, 0x010314f1, 0xfaf1e5f9, 0x022cfc12, 0xf11afbf0, \
  0x0302eff8, 0xf10b0000, 0x00000000, 0x000f0900, 0x501a04a0, 0x00000017, 0x00000000, 0x00000000, \
  0x56000000, 0x00000000, 0x00000000, 0x00000000, 0x00000000, 0x00000000, 0x00000000, 0x00000000, \
  0x00000000, 0x00000000, 0x00000000, 0x00000000, 0x00000000, 0x00000000, 0x00000000, 0x00000000, \
  0xe22de3d0, 0x2def0ce9, 0x09000000, 0x00000000, 0x00fa0000, 0x501a4000, 0x00000178, 0x01000200, \
  0xfffd00ff, 0xfffef8f7, 0xf904eef6, 0xfeeb1ef5, 0xe60d0bda, 0xfa0cf8f3, 0x18f304eb, 0x050505f6, \
  0x00000000, 0x00000000, 0x0011ebe6, 0x0c11f9f7, 0xff17d9f4, 0x08d307ef, 0xe4d5dc00, 0x01fd0100, \
  0x00ff0000, 0xfe1b0afa, 0x03e9edf5, 0xf401eefa, 0xfc14fafb, 0x0de5f0e7, 0x0aebdffe, 0xfdef0403, \
  0xff00ffff, 0x000100ff, 0x02edec0d, 0xf7d50d02, 0xd9fa05f9, 0xf7fafeff, 0x01ffe0f0, 0xecf2e7ee, \
  0xd7eee515, 0x181803fc, 0x00f8ddee, 0xf2d9ec00, 0xffeef118, 0x05ec040e, 0x0409eff9, 0x11f901fa, \
  0xfbff04fd, 0xfd04fcfa, 0xfffbfc00, 0x000605fc, 0xfbc6efc6, 0xf0fccd06, 0x16f6121d, 0x08fc02f4, \
  0xe4111315, 0x04fd08fd, 0x090013f6, 0x01f908e9, 0x09f9ef17, 0xe3f4c1f3, 0x01ee10fa, 0x19e20305, \
  0xcbdfe3d2, 0xccc6f112, 0xf910f3fe, 0x0117070d, 0x05f0edf9, 0xfaefe9de, 0xfe05f5fe, 0xfa0aff00, \
  0xfad0d0f2, 0xd3e6e00a, 0xf1ebfa00, 0x00f606fc, 0xfc04fc10, 0xe60ce7e2, 0xf0fcf4e8, 0xfa1b100a, \
  0xfd0af304, 0x05e8e6e8, 0xf4ebe3d0, 0xf7f10b03, 0x09ee09fc, 0xf10cebed, 0xf1eef8fe, 0x040708f8, \
  0xf3f3f4f9, 0xfbfbf9f8, 0xf3f0efea, 0xeeebf4f5, 0xf5f5fffe, 0x00ff00ff, 0x0200ff12, 0x00f5070e, \
  0xf900f704, 0x00000000, 0x00000000, 0x00e7ecf3, 0x031e1007, 0x0e0b1a1e, 0x1f0b030c, 0xf0f2eaed, \
  0xe2e2f4f5, 0xfde2eec0, 0x00000000, 0x00000000, 0x0001ff02, 0x0001fdff, 0xfffe0000, 0xff0001fd, \
  0x00010003, 0x0f1805f5, 0xe50ffef3, 0x000000fe, 0x010000fb, 0xff05fefb, 0x07fef707, 0x05040000, \
  0x000000ff, 0x0000fff3, 0xff03f6f9, 0xf804f903, 0xfcec0c0c, 0x0eee0406, 0xf6faf0ee, 0x0005121b, \
  0x1d17e2e0, 0xe6e9f3f0, 0xf8090306, 0x01070306, 0x080205f9, 0x00000000, 0x00000000, 0x00f7f8fe, \
  0xf7f801f7, 0xf800e4ea, 0xdfecf1d5, 0xd4e6e613, 0x05cf0c1c, 0x0d051714, 0xf6f207f3, 0x080b15fd, \
  0xf3fe0200, 0xfdf900fe, 0x05fcf7f7, 0xfaf9faf7, 0xf9feedfb, 0x0001fdfe, 0x0200ff01, 0x110f02e5, \
  0xfaedf8e8, 0xf9f8fbe8, 0xf3fde511, 0xf601ebff, 0x02070df9, 0xf906d10b, 0xf81cfa04, 0x07f70505, \
  0x180a0bf9, 0x150e0005, 0xfce9f4f9, 0xeaeefff1, 0xf5f5fe09, 0xfce9eee4, 0xe5e5f5ef, 0xeb18030c, \
  0x0ceff0ed, 0xe4fcec07, 0xd8c8f8f7, 0xe70807f2, 0x04dee8f8, 0xf0f904ee, 0x120dedf8, 0x0d02f202, \
  0xf506e702, 0x05f8f40b, 0xeff1f7e4, 0x1111f8fa, 0xdf171714, 0xfaf902f8, 0xfeed1105, 0xf7e508eb, \
  0xd3dae101, 0xf6070500, 0xf6f603ff, 0xf600faf8, 0xf304faf2, 0xfbfef000, 0x000e0b0b, 0xe9f4ecf3, \
  0x02f7ee0e, 0xe5f00afc, 0x01f6f1f1, 0xf6d4e901, 0xf302f6fa, 0xf806fcf2, 0xf5f6eafe, 0x07fbe815, \
  0xf8f5fc09, 0x00ece5f8, 0xf8e00af9, 0xed06f1ef, 0x0feadfea, 0x14f2f6f4, 0xf8edf21a, 0x04ecf0d9, \
  0xe5e6fcf2, 0xfc001001, 0x05fc09ee, 0x08ee05f8, 0xeaf608f2, 0xe40efded, 0x15f4ee0a, 0xfbea06f8, \
  0xfa09f1e7, 0x0cfafdfa, 0xe6f8de07, 0xf8f906ef, 0x00000507, 0x04f7fce6, 0xf7f102eb, 0xeb0e030e, \
  0xfd0af2ef, 0xf1140d0a, 0x0df01a11, 0xf4fe03f8, 0x1cee07e5, 0xe7e6f1fa, 0xf3f9f2fe, 0xf6f006e8, \
  0x0cf0f418, 0x0f020708, 0xda07f813, 0x0008f808, 0xf9fa0001, 0x00fffeff, 0xfbfeff17, 0x16fe0418, \
  0xfc0cf1f1, 0x14021ff5, 0xfa1305f6, 0x16040208, 0x0e0eefed, 0x04ec14fb, 0xeaf80714, 0xfdf415fb, \
  0xe0f9fafe, 0x0507f510, 0x010ff5f8, 0xf0faf907, 0xf116ed1a, 0x05f904e4, 0x0e120f03, 0xf8ff08fe, \
  0xf0050ff6, 0x0913f405, 0x0f110809, 0x000beafd, 0xfc0b0312, 0xfceff800, 0xf602f5fb, 0x00f7f4f7, \
  0xf90be61e, 0xea04170d, 0x1404ec05, 0xf6f5e9f6, 0xf8f7e5f0, 0xee01e7e2, 0xefe7fa03, 0xf604fcfe, \
  0xe7130700, 0xd5deefe0, 0xc2d5dbf7, 0xf6f5f8f5, 0xf4fefcf9, 0x0e09fffe, 0xe4fde6fd, 0xf5f9ebfe, \
  0xf7ebed04, 0xf302f612, 0x09fa0cff, 0xfef4f5fd, 0x010001ff, 0x00000000, 0xf8f907fb, 0x15050e01, \
  0xf6f9010f, 0x04090502, 0x04fbf10e, 0xf40f0af7, 0xeb0af504, 0xea0705f3, 0x0eeee5e9, 0x00000000, \
  0x00000000, 0x3d000000, 0x00000000, 0x00000000, 0x00000000, 0x00000000, 0x00000000, 0x00000000, \
  0x00000000, 0x00000000, 0x00000000, 0x00000000, 0x00000000, 0x00000000, 0x00000000, 0x00000000, \
  0x00000000, 0x00000000, 0x00f40000, 0x00000000, 0x00000000, 0x00000000, 0x00000000, 0x00000000, \
  0x00000000, 0x00000000, 0x00000000, 0x00000000, 0x00000000, 0x00000000, 0x00000000, 0x00000000, \
  0x00000000, 0x00000000, 0x00000000, 0x00000000, 0x00000000, 0x40000000, 0x00000000, 0x00000000, \
  0x00000000, 0x00000000, 0x00000000, 0x00000000, 0x00000000, 0x00000000, 0x00000000, 0x00000000, \
  0x00000000, 0x00000000, 0x00000000, 0x00000000, 0x00000000, 0xf2def304, 0xfdfff2fe, 0x0ee7e8e3, \
  0xe8e9fdef, 0xf2f1e9f8, 0x040c04de, 0xfbf6dcfc, 0xf510eefc, 0xe60afff8, 0x0502f1f6, 0xf7fef8fb, \
  0xf3f400f3, 0xfb0304fb, 0x040303fb, 0xf9f30400, 0xf9f90809, 0xf6ff08f8, 0x15f6f7f3, 0xf3f3041d, \
  0xfe05ed0d, 0xf700f608, 0xff0af919, 0xf5fefcfc, 0xf9fef808, 0xf9fbfdef, 0xfdecf8ff, 0xf6ffda0a, \
  0xf0f50207, 0x1a0cf3e4, 0xf2fcf807, 0x03edfff9, 0xf00f0000, 0x00000000, 0x00f50300, 0x501a42a0, \
  0x00000022, 0x0211fff8, 0x02ddf404, 0x14f1f215, 0x15060eee, 0xf6fe210c, 0x1ef10d1a, 0x13f9e801, \
  0x071c06fb, 0x040109fe, 0x00e00800, 0xf3f2ee25, 0x09f8010c, 0x17ff0b0d, 0x03fc030b, 0x08fbf21a, \
  0x15080a08, 0x01cde91a, 0x0cff07f1, 0x0dfe02eb, 0xfbf8efdc, 0x00f6f6ed, 0xf606fde6, 0xeb26e2fb, \
  0xf51df702, 0xf51907ee, 0xf20304f8, 0x06f4030b, 0xfd01f1f9, 0xedf60004, 0xfcfbf0f9, 0xf10a0b11, \
  0x0beb0000, 0x00000000, 0x00f2ee00, 0x501a42e0, 0x00000058, 0x00000000, 0x00000000, 0x3d000000, \
  0x00000000, 0x00000000, 0x00000000, 0x00000000, 0x00000000, 0x00000000, 0x00000000, 0x00000000, \
  0x00000000, 0x00000000, 0x00000000, 0x00000000, 0x00000000, 0x00000000, 0x00000000, 0x00000000, \
  0x000f0000, 0x00000000, 0x00000000, 0x00000000, 0x00000000, 0x00000000, 0x00000000, 0x00000000, \
  0x00000000, 0x00000000, 0x00000000, 0x00000000, 0x00000000, 0x00000000, 0x00000000, 0x00000000, \
  0x00000000, 0x00000000, 0x00000000, 0x40000000, 0x00000000, 0x00000000, 0x00000000, 0x00000000, \
  0x00000000, 0x00000000, 0x00000000, 0x00000000, 0x00000000, 0x00000000, 0x00000000, 0x00000000, \
  0x00000000, 0x00000000, 0x00000000, 0x0311f6dd, 0x020c0e02, 0xfcf2001b, 0x02f418fa, 0xce07f0f7, \
  0xfae306ef, 0xfc050f02, 0xfefef1e2, 0x0a0600ee, 0x0ff70501, 0x09dffafe, 0x0ef30cfb, 0x09dafbf2, \
  0xfa0f07d7, 0x08fdfdf5, 0xe9fb1a0c, 0xe7f0e8fe, 0xe502edf7, 0xf312f8f9, 0x0406f003, 0xf3000000, \
  0x0204f503, 0xf50609fd, 0x0607f2e7, 0xfeeff200, 0xfdfbfc1e, 0xfdf6ffe5, 0xfc050fd6, 0x05fa0eea, \
  0x08fcfc0a, 0xfef2f4fe, 0x1a0b0000, 0x00000000, 0x0008f000, 0x501a4380, 0x00000022, 0xe3f70ff3, \
  0x15022804, 0x21f448e8, 0x0afb0bf9, 0xe701dbff, 0xd11af823, 0x1b0818f3, 0xfbe5080d, 0x0810eefe, \
  0xf4ebf80d, 0x14010d07, 0xc504e605, 0x15ecc6fa, 0xf7033afb, 0xefef150d, 0xd5ee2400, 0xf4f225ef, \
  0x08f222f3, 0xe3fddcf3, 0xdc01f0fb, 0x0800dfe1, 0x050cf520, 0xfe0cf5fd, 0x1114f4f9, 0x0f2ee312, \
  0xc904050a, 0x2ce62212, 0x0b0fd3e6, 0xfbf123fb, 0x0cec3d18, 0xf81a070a, 0x07050000, 0x00000000, \
  0x00fbfa00, 0x501a43c0, 0x00000058, 0x00000000, 0x00000000, 0x79000000, 0x00000000, 0x00000000, \
  0x00000000, 0x00000000, 0x00000000, 0x00000000, 0x00000000, 0x00000000, 0x00000000, 0x00000000, \
  0x00000000, 0x00000000, 0x00000000, 0x00000000, 0x00000000, 0x00000000, 0x00f10000, 0x00000000, \
  0x00000000, 0x00000000, 0x00000000, 0x00000000, 0x00000000, 0x00000000, 0x00000000, 0x00000000, \
  0x00000000, 0x00000000, 0x00000000, 0x00000000, 0x00000000, 0x00000000, 0x00000000, 0x00000000, \
  0x00000000, 0x3f000000, 0x00000000, 0x00000000, 0x00000000, 0x00000000, 0x00000000, 0x00000000, \
  0x00000000, 0x00000000, 0x00000000, 0x00000000, 0x00000000, 0x00000000, 0x00000000, 0x00000000, \
  0x00000000, 0x061bddf1, 0x1300ee00, 0xefeb0e18, 0xf5f81bf3, 0xfff704f4, 0x0c0207ef, 0xee070921, \
  0xfe06ecf5, 0x13111bf3, 0x0711fcec, 0x02eff5f8, 0xfc0d05ee, 0xf8f1f6ec, 0xe716eded, 0xfbf61120, \
  0x0b0214e8, 0xf90aebf9, 0x1c0fe504, 0x02ef180a, 0x0927f3fb, 0xfbfe03f4, 0xecfdf9fa, 0xedf0fdfa, \
  0x1af5f317, 0xf711000a, 0x13dafdf4, 0x18140311, 0xf6210e1f, 0xfa0c1e0e, 0x0e1129f3, 0xfc190a09, \
  0x07f50000, 0x00000000, 0x00180b00, 0x501a4460, 0x00000022, 0xfb0aeff3, 0x0d01f9f1, 0x01e80004, \
  0x0aee0002, 0x14121c16, 0xfc050bff, 0xdbf9fcdf, 0xe8fe1513, 0xf9feec11, 0xf8001e03, 0xfd16ed09, \
  0x03fdfcf7, 0xf5f3f708, 0x150a2006, 0xff0412ff, 0x0fe4fa0f, 0xee0d05f5, 0x0df213fc, 0xfc06f1f0, \
  0x0405fa00, 0x02f4f503, 0xfa0c1813, 0x0ceaf212, 0xfb05ede5, 0xf5fe1615, 0x09f11b08, 0x06f20c11, \
  0x09f307fe, 0xed0116f3, 0x08eee908, 0xe208f2f2, 0x0b090000, 0x00000000, 0x000c0b00, 0x501a44a0, \
  0x00000017, 0x00000000, 0x00000000, 0x4f000000, 0x00000000, 0x00000000, 0x00000000, 0x00000000, \
  0x00000000, 0x00000000, 0x00000000, 0x00000000, 0x00000000, 0x00000000, 0x00000000, 0x00000000, \
  0x00000000, 0x00000000, 0x00000000, 0x0af7f324, 0xf21b1b01, 0xf5000000, 0x00000000, 0x00dd0000, \
  0x501a8000, 0x00000178, 0x00000000, 0x00000000, 0x00ed11f6, 0x0c02eef3, 0xeef2e9d6, 0xf8fae6f4, \
  0xf70f1d18, 0x0204ff1d, 0x1c12f920, 0x00000000, 0x00000000, 0x000e05f8, 0xe0ebe8fd, 0xd8e61cf7, \
  0xff140c0e, 0x1208f400, 0x010000ff, 0x00fd0001, 0x1405f805, 0xfdfe0a07, 0xff08f7f3, 0x040efe0b, \
  0x151cf2f1, 0xeff5fae3, 0x03f4f301, 0x0000fdfe, 0xfe030000, 0x0a1d161e, 0xfe1b2005, 0x0a000000, \
  0x00000000, 0x00003216, 0xe72e16fb, 0x05f80001, 0xfbfffbf1, 0xfc0415ed, 0x2218f412, 0x0aee070d, \
  0xfdf8f706, 0x0bf802f7, 0xfcf10000, 0x00000000, 0x00000001, 0xffff00ff, 0x01fe01fe, 0x27262c3a, \
  0x3a073be4, 0xcf232407, 0x341c0beb, 0x08170de8, 0xe6ecede8, 0x0af9090e, 0xf90aeff4, 0x0bf8f4ff, \
  0x13ef12fd, 0x0309bf15, 0x29fbe9fb, 0xebf804f8, 0x10f5f802, 0x0e0202fe, 0xf6f5e6f5, 0xf0fde903, \
  0xf506effb, 0x00ff0001, 0x000001ff, 0xff262318, 0x29270aef, 0xf6fdff00, 0x0000ff00, 0xff0000ec, \
  0xe8f3ef08, 0xe9fcf0e2, 0x070603f7, 0xf003f0f0, 0x030b08f4, 0xfefffd03, 0xebf3f606, 0xf4fefff9, \
  0x0503fffa, 0x040101fe, 0x0000fcff, 0xfbfaf8f9, 0xf7f7f7fa, 0xfdfbfafa, 0xf0f4f9ef, 0xf0f3ff01, \
  0xfd010000, 0x0101ff23, 0x0d263817, 0xf4080e0e, 0x00000000, 0x00000000, 0x00e400f5, 0xe603fc01, \
  0xf80703ff, 0xfd15f1fe, 0xfd031025, 0x0bef2010, 0xfefb04fc, 0x00000000, 0x00000000, 0x00000000, \
  0x00000000, 0x00000000, 0x00000000, 0x000000d9, 0xe1f9dad5, 0xf4dff2e9, 0x00000000, 0x00000000, \
  0x00000000, 0x00000000, 0x00000000, 0x00000000, 0x00000002, 0x0005f800, 0x01f9fdfb, 0xe3fb2cfc, \
  0x0101dcdd, 0xd7fa0319, 0x190fef0e, 0xf1e0f7fd, 0xeafbe6f3, 0xf6eaf800, 0x00000000, 0x00000000, \
  0x00000000, 0x00000000, 0x00fb00fd, 0xfbfcfbfe, 0xfdfb04fe, 0xf1f9f20f, 0xfdf5e2ff, 0xf2faf1f8, \
  0xe4f9150d, 0xfe0becfb, 0xeaeb00d8, 0xda000000, 0x00000000, 0x0000fbfb, 0xfcfbfdfc, 0xfdfdfa00, \
  0x00000000, 0x00000000, 0xfef2f711, 0x0e0110e8, 0xeff60ff0, 0x000d08fa, 0x05f908fa, 0xf801ecfc, \
  0x15fa00fe, 0x00dcf7f3, 0xf20cee0c, 0xf6ddf513, 0xdaf30d0d, 0xed02dcf1, 0x15f2ee0d, 0xf9f2ec01, \
  0x0d0d050f, 0x06092103, 0x17fdfbee, 0x0d14061c, 0xe6f310ee, 0x052e021e, 0x1b01f207, 0xf1f504fb, \
  0xfb04070a, 0xeaf8ffe7, 0xf3100305, 0xf9e4f301, 0x0600f1ea, 0xeef719e8, 0xee05ee17, 0x2afe0fee, \
  0xfef2f3fc, 0x0006fae4, 0x14f30ffa, 0x14f4140b, 0xf5f306f7, 0xfb0202f7, 0xfb0000fd, 0xfe01ff01, \
  0x01f6eef9, 0x070df804, 0xebfdf5fc, 0xfc0c130b, 0x0f0e1515, 0xefee080b, 0xf209ebe4, 0x01f10704, \
  0xf30dfd06, 0x0b060aea, 0xfd1506f4, 0x1b03f8e6, 0xf0170a07, 0x05fa0bf1, 0xf5f2f102, 0x1203f20a, \
  0xf3eaedf0, 0x07f6efe6, 0x00f2f20d, 0xfaf211f5, 0xfef416f5, 0xfafce2ee, 0xe9fbf004, 0xfffcf8fc, \
  0x01f90c0a, 0x0904fc15, 0x06f800f9, 0x07f700e5, 0xfa0608fb, 0xf6f22300, 0xff290200, 0x0800f1f6, \
  0xfdf9f1fb, 0x03f9f405, 0xed0108f3, 0xf2e5ed05, 0xe6f1e704, 0x0feaeafd, 0x06ddf7f2, 0xeb110007, \
  0xfae20df9, 0x06f8f3fb, 0x06f802fb, 0xf40621fe, 0x0207f1f8, 0x13f20aff, 0xf80ff8fd, 0xfe150000, \
  0x00000000, 0x000000e2, 0xfbfceced, 0xedecf502, 0xe0daedf5, 0xe6f4f9f7, 0xf0e305fd, 0xf9f00cf7, \
  0x07e4180c, 0x17f1f602, 0xf704f30f, 0xeb060005, 0xeedc0df1, 0xf7f61910, 0x0319fa03, 0x15fe0afe, \
  0xf4fbf2f6, 0x0f00ec07, 0xf0e900f5, 0x0aeb090f, 0xeff30ff8, 0xeaeaebe8, 0x09f200f1, 0xf30af8ff, \
  0xecf2f8fa, 0xfbfcf301, 0x0bf1090b, 0xe90c03fa, 0x0bf7f104, 0xefea1e0a, 0xf7050bee, 0x12020901, \
  0x0a1405fd, 0x16f7f4f4, 0xfafb00ea, 0x04f3fc19, 0x32f4faff, 0xedfb0afe, 0x01fef5ff, 0xfdf400f7, \
  0xeef30cfa, 0x171bf309, 0xf8effffd, 0xf8fc0000, 0xfaf405ff, 0x14eb041b, 0x01ecec00, 0x00000000, \
  0x00000000, 0x04effeea, 0xf9f1ebf8, 0x08fd15eb, 0xf607fdfa, 0xfd0ef9ff, 0x0ee9f8f3, 0xf3f0ec04, \
  0xfe010601, 0xf20ce601, 0x00000000, 0x00000000, 0x3f000000, 0x00000000, 0x00000000, 0x00000000, \
  0x00000000, 0x00000000, 0x00000000, 0x00000000, 0x00000000, 0x00000000, 0x00000000, 0x00000000, \
  0x00000000, 0x00000000, 0x00000000, 0x00000000, 0x00000000, 0x00fc0000, 0x00000000, 0x00000000, \
  0x00000000, 0x00000000, 0x00000000, 0x00000000, 0x00000000, 0x00000000, 0x00000000, 0x00000000, \
  0x00000000, 0x00000000, 0x00000000, 0x00000000, 0x00000000, 0x00000000, 0x00000000, 0x00000000, \
  0x41000000, 0x00000000, 0x00000000, 0x00000000, 0x00000000, 0x00000000, 0x00000000, 0x00000000, \
  0x00000000, 0x00000000, 0x00000000, 0x00000000, 0x00000000, 0x00000000, 0x00000000, 0x00000000, \
  0xfd01fdf9, 0x0df6da0b, 0xfde52a0a, 0xfcf8f8fc, 0xec09f0fa, 0xfeffff02, 0xf0f209f4, 0xeefce400, \
  0xf50b0003, 0x030a02f4, 0x0c010611, 0xf9ff02fd, 0x0d05f9ff, 0xf7ed06fa, 0x06ec0802, 0x02fefcf0, \
  0x0108e1c7, 0x0d210008, 0x17f809f6, 0xfa0df1e9, 0x0109e8f7, 0x04f1f0ff, 0x1005f2f1, 0xf70410f2, \
  0xdc010a03, 0xfe13f602, 0xf6fee701, 0x0207fcf6, 0x0efef7ee, 0xf4f70c15, 0x1309ff0c, 0xf0f80000, \
  0x00000000, 0x00e71a00, 0x501a82a0, 0x00000022, 0xfe200fdb, 0xe9fced0b, 0xffefdd17, 0x17f2fdec, \
  0xdcfffb16, 0x1ae3fe00, 0x30f202f1, 0x1110111b, 0x0815fde9, 0xfdf5f51a, 0x1aebf7f8, 0x0cf30921, \
  0x1929320d, 0x1814d50a, 0x18d7d733, 0x1c1201fa, 0xfdd1d30e, 0x0df4fcca, 0x2aedfb01, 0x150cf2ea, \
  0xca1305f4, 0x0acdd7d6, 0xd62f0f00, 0xfe28431a, 0x0dfee614, 0xe20612ed, 0xeaf701ff, 0xf71714fe, \
  0xfee3d513, 0xfc011904, 0xfe1500f8, 0xf7fa0000, 0x00000000, 0x00eaf900, 0x501a82e0, 0x00000058, \
  0x00000000, 0x00000000, 0x42000000, 0x00000000, 0x00000000, 0x00000000, 0x00000000, 0x00000000, \
  0x00000000, 0x00000000, 0x00000000, 0x00000000, 0x00000000, 0x00000000, 0x00000000, 0x00000000, \
  0x00000000, 0x00000000, 0x00000000, 0x00010000, 0x00000000, 0x00000000, 0x00000000, 0x00000000, \
  0x00000000, 0x00000000, 0x00000000, 0x00000000, 0x00000000, 0x00000000, 0x00000000, 0x00000000, \
  0x00000000, 0x00000000, 0x00000000, 0x00000000, 0x00000000, 0x00000000, 0x40000000, 0x00000000, \
  0x00000000, 0x00000000, 0x00000000, 0x00000000, 0x00000000, 0x00000000, 0x00000000, 0x00000000, \
  0x00000000, 0x00000000, 0x00000000, 0x00000000, 0x00000000, 0x00000000, 0xdffa08fc, 0xf502f4f8, \
  0x0107f7f3, 0xf6fbf41b, 0xf6eaf0fe, 0xf7f1eef6, 0xfef1f9e9, 0xedc3fc04, 0x1de6fbf9, 0xece602f8, \
  0xfb22fff8, 0xedfcffee, 0xf40af5ff, 0xe7f311d4, 0xfa0925f2, 0x04f9def5, 0xb7ffe4f0, 0x05f7ff02, \
  0xfefcf5e8, 0x0604e5f0, 0x01f2f9e8, 0xfc12f7eb, 0x02f602fa, 0xf2ffe9f8, 0xf00104fe, 0xfc11f5f6, \
  0x15fbe4ec, 0xef1400f6, 0xccf9f0fa, 0xe70402ff, 0xfaf104f3, 0xf4f60000, 0x00000000, 0x00f90300, \
  0x501a8380, 0x00000022, 0x201c0df1, 0x0a0cfc13, 0xf9faff21, 0x2314f122, 0x20e90aef, 0x09cfee1f, \
  0xced1e1db, 0xea121c20, 0xe727e1e5, 0xeedc1e1a, 0x1134d7fc, 0xe3fbe416, 0x32161807, 0x0e34effb, \
  0x13ee0ef9, 0x2bfc24f5, 0xc4bf1016, 0x39e755e3, 0xf808eefd, 0x26200be3, 0xfa0025f3, 0x1edb05de, \
  0x0d17b70a, 0xd336df27, 0x3d12d820, 0x0207291f, 0xce0af528, 0x271acdfe, 0x0013f226, 0xfdf00e10, \
  0xd216b8e9, 0xf6f80000, 0x00000000, 0x00f12200, 0x501a83c0, 0x00000058, 0x00000000, 0x00000000, \
  0x7d000000, 0x00000000, 0x00000000, 0x00000000, 0x00000000, 0x00000000, 0x00000000, 0x00000000, \
  0x00000000, 0x00000000, 0x00000000, 0x00000000, 0x00000000, 0x00000000, 0x00000000, 0x00000000, \
  0x00000000, 0x000e0000, 0x00000000, 0x00000000, 0x00000000, 0x00000000, 0x00000000, 0x00000000, \
  0x00000000, 0x00000000, 0x00000000, 0x00000000, 0x00000000, 0x00000000, 0x00000000, 0x00000000, \
  0x00000000, 0x00000000, 0x00000000, 0x00000000, 0x3f000000, 0x00000000, 0x00000000, 0x00000000, \
  0x00000000, 0x00000000, 0x00000000, 0x00000000, 0x00000000, 0x00000000, 0x00000000, 0x00000000, \
  0x00000000, 0x00000000, 0x00000000, 0x00000000, 0x04ebfc04, 0x13f4e9ed, 0xd5f10104, 0xe0fe1c09, \
  0xdd06f6fc, 0xf0eff8df, 0x0e01190d, 0xf4f5f5e8, 0xf51401fb, 0xfeedfefb, 0xe10114fd, 0xfa110905, \
  0xfb0afc06, 0xf802df10, 0x04f701e6, 0x02f808e7, 0x1af911fc, 0xdff9e21d, 0xd2e207e1, 0xfdf9dd25, \
  0xcd0807ec, 0x0c0ffefe, 0xf906ee21, 0xe8faeefb, 0xfaf6ffea, 0x03f50206, 0x181524f7, 0xf3f5f005, \
  0x00ef1b05, 0xfbfd050a, 0xf3fef70a, 0x01f00000, 0x00000000, 0x0008fd00, 0x501a8460, 0x00000022, \
  0x060417e5, 0x09140e08, 0x06280a02, 0x0a0cfaf4, 0xfee80ee2, 0xf5f008f3, 0xdf180513, 0x00e1f4fe, \
  0x0207fcd7, 0xfefe161c, 0x060402df, 0xfa08fff9, 0x0be6e4fb, 0x0e0b0f04, 0xf9e214ca, 0xe70c0009, \
  0xf6f005d0, 0xf1f30c1c, 0xfb16eecb, 0xfb0b0e0c, 0x13e4fc02, 0x24cef9f0, 0x100af11c, 0xf4cce3fd, \
  0xf500e1f9, 0x0abcfd1b, 0x0d09020b, 0x010af61e, 0xfd151b23, 0xff320714, 0xf40b0903, 0xf8080000, \
  0x00000000, 0x00ec1a00, 0x501a84a0, 0x00000017, 0x00000000, 0x00000000, 0x54000000, 0x00000000, \
  0x00000000, 0x00000000, 0x00000000, 0x00000000, 0x00000000, 0x00000000, 0x00000000, 0x00000000, \
  0x00000000, 0x00000000, 0x00000000, 0x00000000, 0x00000000, 0x00000000, 0x2e1bfa27, 0xc50beaeb, \
  0xe3000000, 0x00000000, 0x00060000, 0x501ac000, 0x00000178, 0x02f7f901, 0xf7fd0402, 0xfc070b11, \
  0xea060b11, 0x000cf1fc, 0xfb0317f0, 0xfdfdeaf4, 0x0af4e9e1, 0xeeeef5dd, 0xff010501, 0xf9f9fefa, \
  0xfd080ceb, 0xf1f5e3fa, 0xf4feedf0, 0x01fb0509, 0xfa1309f2, 0xf8070700, 0x00ecf105, 0x03f0fcf8, \
  0x05f5ed01, 0x0bfdf712, 0x100cea1d, 0xe3f3eb0f, 0xf107f2ee, 0xf406f2f8, 0x0b02fff0, 0x0bfffcf7, \
  0x09f6f900, 0x000506f8, 0xf5000000, 0x000000fe, 0xfd0104eb, 0xf5ea0601, 0xfcf609ea, 0xe80014f0, \
  0x16f600fa, 0x040311fe, 0xf7faf7df, 0x09f510e5, 0x02f4f90b, 0xf3eaf5f0, 0xf4f1fe06, 0xfcf5fd0c, \
  0xfd08fafd, 0xfa08fe01, 0xe5e8f1f4, 0x10f70408, 0xedfdfef3, 0xf802f9e7, 0xf0e7e1f2, 0xd500edff, \
  0x0d0cecef, 0xf1eded07, 0x01f60c06, 0xe4fe00ea, 0xefeeebe6, 0xd5f0f2f8, 0xe21011be, 0x000816fa, \
  0xf214fee6, 0x0c11e5fc, 0xee0001f8, 0xefec09f7, 0xf7fef400, 0x0a03ed0c, 0x06ffe506, 0xfffc050c, \
  0x06f0fdfe, 0x00f7f2ff, 0xf9fafcfe, 0xeaf60410, 0x14fe08f7, 0xeae9ddfb, 0xe9e900da, 0xeff3f0f1, \
  0xecfdfaef, 0x1310ff0b, 0x07efeff0, 0x08f4040a, 0x080501f4, 0xf4f60f03, 0xfdf4f3fb, 0xfef9feeb, \
  0xeeeceef1, 0xebebf0e7, 0xeaf1f805, 0xfc00f3ff, 0x0508fff2, 0x00ecf2f1, 0xfef5ed07, 0xfeff00fd, \
  0xfd02fefe, 0xff140cfc, 0xfaee0607, 0x0b00f1f5, 0xf2e809f6, 0xf509f9eb, 0x02fe0df8, 0x1c08f20b, \
  0x00000000, 0x00000000, 0x00f5fbf4, 0x030207f3, 0x0bf3f702, 0xf809fd0b, 0xfb09f70c, 0xf0f10707, \
  0x0405fa16, 0x00ffff00, 0x00000000, 0x0009f7f7, 0xf9fefaf5, 0x07ff08fb, 0x02f8f4f4, 0x0604ffea, \
  0x0efbeef1, 0xf9f9f903, 0x041dfbfa, 0x0ef103f7, 0x0110111b, 0xfff3deef, 0xd6d51010, 0xfef51509, \
  0x11100f01, 0x00ff05fd, 0x04fdfc02, 0x04fdfffa, 0xf4080406, 0xf9f3fffb, 0xf5080105, 0xf8fdea05, \
  0x130d0fee, 0x0bfdfde4, 0xdee5eed3, 0xdafbd2cf, 0xf4f8ba02, 0x02f6f20b, 0xfdffff00, 0x00000000, \
  0x0000fe04, 0x07f800f5, 0xedfdf500, 0x0000ff02, 0x01fffbff, 0xfffe02fb, 0xfdfeff05, 0x00fafd0b, \
  0x04f8fb09, 0xfaf50000, 0x000000ff, 0x00000100, 0x00000000, 0x00000000, 0x00000000, 0x00000000, \
  0x0004f9f4, 0xfd08f6f4, 0xf6fc00fd, 0xfe02fc02, 0xfd00fe00, 0x00000000, 0x00000000, 0x00000000, \
  0x00010201, 0x00fe0000, 0x00000000, 0x00000000, 0x00000000, 0x00000001, 0x01010300, 0x00010000, \
  0xfb0703f5, 0xfb09ff08, 0x0a02fbff, 0xfd04ff00, 0x00fe0708, 0xfafc0005, 0xfd06f9ff, 0xfafc0305, \
  0xf4f6fef9, 0x00000000, 0x00000000, 0x0000ff06, 0x02fcff05, 0xfffc000b, 0x09020af6, 0xf9f90300, \
  0x00000000, 0x00000000, 0x00000100, 0x01fe01ff, 0x0104fd06, 0xf705fc03, 0xf6fd01fe, 0xff040304, \
  0xfc030407, 0xfc0102ff, 0x0c00060e, 0x00000000, 0x00000000, 0x00000000, 0x00000000, 0x0000f7f5, \
  0xfefdf906, 0xfcfe03ff, 0x0303fefe, 0x04fc0405, 0x00000000, 0x00000000, 0x00fefefd, 0x0105ff04, \
  0x01fd0000, 0x00000000, 0x00000000, 0xfffd00fe, 0xfffffefc, 0x00000000, 0x00000000, 0x00010103, \
  0x02000202, 0x01000000, 0x00000000, 0x00000002, 0x03ff0200, 0x03fefefd, 0xfffcfcf9, 0x0afbf7fa, \
  0x0f000000, 0x00000000, 0x00000000, 0x00000000, 0x0000000a, 0x00f8fe02, 0xf2fdf409, 0x0000ff01, \
  0x00000102, 0x020301fd, 0xfd01fe02, 0x0300f704, 0xfbfefe0c, 0x03fcf30a, 0xfdf6fb01, 0xfff9060a, \
  0x00feff02, 0xfefe0102, 0xfe000103, 0x000000ff, 0xfefb01fd, 0xfe00fbfd, 0xfc010200, 0x00000000, \
  0x01000000, 0x00000000, 0x00000000, 0x00000000, 0x00000000, 0x0000f90f, 0xfbf90910, 0x0102f6f8, \
  0x000bfe02, 0x02fffd06, 0xfcf8f601, 0xfb070101, 0x08fefefc, 0x03fe03ff, 0xfe010000, 0x00000000, \
  0x00000000, 0x00000000, 0x00000000, 0x00000000, 0x00000000, 0x00000000, 0x00000000, 0x00000000, \
  0x00000000, 0x00000000, 0x00000000, 0x00000000, 0x00000000, 0x00000000, 0x00000000, 0x00000000, \
  0x00000000, 0x00010101, 0x000000ff, 0xfcfb03fd, 0x04fc0602, 0x00000000, 0x00000000, 0x40000000, \
  0x00000000, 0x00000000, 0x00000000, 0x00000000, 0x00000000, 0x00000000, 0x00000000, 0x00000000, \
  0x00000000, 0x00000000, 0x00000000, 0x00000000, 0x00000000, 0x00000000, 0x00000000, 0x00000000, \
  0x00070000, 0x00000000, 0x00000000, 0x00000000, 0x00000000, 0x00000000, 0x00000000, 0x00000000, \
  0x00000000, 0x00000000, 0x00000000, 0x00000000, 0x00000000, 0x00000000, 0x00000000, 0x00000000, \
  0x00000000, 0x00000000, 0x00000000, 0x40000000, 0x00000000, 0x00000000, 0x00000000, 0x00000000, \
  0x00000000, 0x00000000, 0x00000000, 0x00000000, 0x00000000, 0x00000000, 0x00000000, 0x00000000, \
  0x00000000, 0x00000000, 0x00000000, 0x0f1df106, 0x11e5f10c, 0x0dfa0e15, 0x020ff007, 0xdc0eff20, \
  0x04f1140b, 0xfe16ff0f, 0x15e21802, 0x0c13f702, 0x14ff15ef, 0xfef4020c, 0x0efe0403, 0xf114000d, \
  0x010d1403, 0xff060407, 0x14fe1a0b, 0x040e0ee6, 0x1319041f, 0x080c0a08, 0x04ffdcdc, 0xfd01ee14, \
  0x120c040b, 0xf1edfb09, 0x0f01f402, 0xfd11e9fd, 0x0df4ff19, 0xf206e80f, 0xfe190bff, 0x2bf6efe6, \
  0x160ce307, 0x14f7f714, 0xfafd0000, 0x00000000, 0x00140500, 0x501ac2a0, 0x00000022, 0xf10c0c02, \
  0x00ff090a, 0x04f80be4, 0xfdfd00fc, 0xfd02f9f8, 0xf8f10809, 0x000709f8, 0xfb09f1f4, 0xfafe15fe, \
  0x01f9f204, 0x07040208, 0x00010ff1, 0x1aee0efb, 0x000002e7, 0xff050efd, 0x07ee1603, 0x0507fbf0, \
  0x04f70906, 0x11f30c02, 0xf8f805f5, 0x0007f8f6, 0xf210040c, 0xfefe0710, 0x140404f9, 0xf6e50efa, \
  0x02fbfa0a, 0xfeebfe02, 0xfc010bfb, 0x050801fa, 0x11f5fdfc, 0x0f011004, 0x08090000, 0x00000000, \
  0x00fbfe00, 0x501ac2e0, 0x00000058, 0x00000000, 0x00000000, 0x3c000000, 0x00000000, 0x00000000, \
  0x00000000, 0x00000000, 0x00000000, 0x00000000, 0x00000000, 0x00000000, 0x00000000, 0x00000000, \
  0x00000000, 0x00000000, 0x00000000, 0x00000000, 0x00000000, 0x00000000, 0x00ff0000, 0x00000000, \
  0x00000000, 0x00000000, 0x00000000, 0x00000000, 0x00000000, 0x00000000, 0x00000000, 0x00000000, \
  0x00000000, 0x00000000, 0x00000000, 0x00000000, 0x00000000, 0x00000000, 0x00000000, 0x00000000, \
  0x00000000, 0x40000000, 0x00000000, 0x00000000, 0x00000000, 0x00000000, 0x00000000, 0x00000000, \
  0x00000000, 0x00000000, 0x00000000, 0x00000000, 0x00000000, 0x00000000, 0x00000000, 0x00000000, \
  0x00000000, 0x2806fb06, 0x01051020, 0x10fc0120, 0x19ef0308, 0xffea14f6, 0x0c000af0, 0x16e12503, \
  0x1702eb1b, 0x1bddf6fa, 0x100905fa, 0x021a050a, 0x09e80107, 0x141800fe, 0x07fd0de9, 0x200cf816, \
  0xf50c0cfc, 0xee0008df, 0x0a0a0405, 0x0f180903, 0xfd20020d, 0x0b050309, 0x07edfb06, 0xfaf61308, \
  0xfd0de202, 0x06f21101, 0x000afe1a, 0x01f9e4fc, 0xfb0c07ec, 0xf5160eea, 0x04120002, 0x1215151b, \
  0x19060000, 0x00000000, 0x000e0900, 0x501ac380, 0x00000022, 0xd9fa2426, 0xf30dcb02, 0xf1120707, \
  0x09dfff00, 0xed210dfb, 0xfc1304fe, 0xf32a18ea, 0xd905134c, 0x121ce514, 0xdf4de9c8, 0xf5eb000b, \
  0xf234e3fa, 0x02c3f018, 0xe228ebe6, 0xf91bee01, 0xdfcbe826, 0x261715f6, 0xdbfefa01, 0xc3de061f, \
  0xf2400b12, 0x03f9e81a, 0x09e5fc37, 0x17fefa1d, 0x37d32dc4, 0xdfc80bfa, 0x2bf9f5e8, 0x0b09efdd, \
  0x10ef1cf1, 0x0216e7e8, 0x05f6dc0d, 0xfb0624f1, 0xeccf0000, 0x00000000, 0x0017f800, 0x501ac3c0, \
  0x00000058, 0x00000000, 0x00000000, 0x77000000, 0x00000000, 0x00000000, 0x00000000, 0x00000000, \
  0x00000000, 0x00000000, 0x00000000, 0x00000000, 0x00000000, 0x00000000, 0x00000000, 0x00000000, \
  0x00000000, 0x00000000, 0x00000000, 0x00000000, 0x00fc0000, 0x00000000, 0x00000000, 0x00000000, \
  0x00000000, 0x00000000, 0x00000000, 0x00000000, 0x00000000, 0x00000000, 0x00000000, 0x00000000, \
  0x00000000, 0x00000000, 0x00000000, 0x00000000, 0x00000000, 0x00000000, 0x00000000, 0x3f000000, \
  0x00000000, 0x00000000, 0x00000000, 0x00000000, 0x00000000, 0x00000000, 0x00000000, 0x00000000, \
  0x00000000, 0x00000000, 0x00000000, 0x00000000, 0x00000000, 0x00000000, 0x00000000, 0x111ade06, \
  0x1107ee01, 0xeb01f302, 0xf4fd1606, 0xe6060500, 0x17ea1003, 0x190af620, 0xf41007ff, 0x1fff0209, \
  0x10190515, 0xdf03070d, 0xfdfe00fb, 0x08e80811, 0xff1ef1fe, 0xfbf80b19, 0x2aff28f1, 0xfe0ce809, \
  0x230bfd09, 0xf8f506f3, 0x1114f9f6, 0xf7fae7f6, 0x0909fdf6, 0xfb000502, 0x19ff04f4, 0xd202130f, \
  0x011b08ff, 0x11f60813, 0xfc212cfe, 0x0dfa2616, 0x00fc1a0c, 0x10011123, 0x0eec0000, 0x00000000, \
  0x000c0600, 0x501ac460, 0x00000022, 0x09fe0418, 0x0a050c01, 0xf8ed07e3, 0xf5d80d11, 0x11fa08f1, \
  0xf617fef5, 0x021600f8, 0xe0ebf3fd, 0x111b0703, 0x160aeff4, 0xf30d140a, 0xff0a0aef, 0xf5ee0203, \
  0x0305f0e4, 0xf213ff06, 0xfff10a14, 0x0a09e40c, 0x0bf8f10f, 0x0af11003, 0xfb0b03f8, 0x140b05ff, \
  0xd50cf610, 0xf2f8191a, 0x16e70200, 0x04f60c00, 0x161cf3fb, 0xfdf616fe, 0xf5010dfc, 0x05f70efe, \
  0x1704f7fa, 0x02f713fa, 0xf6ff0000, 0x00000000, 0x0013e500, 0x501ac4a0, 0x00000017, 0x00000000, \
  0x00000000, 0x4e000000, 0x00000000, 0x00000000, 0x00000000, 0x00000000, 0x00000000, 0x00000000, \
  0x00000000, 0x00000000, 0x00000000, 0x00000000, 0x00000000, 0x00000000, 0x00000000, 0x00000000, \
  0x00000000, 0xec1cde29, 0xf01ffa1b, 0xf2000000, 0x00000000, 0x00080000, 0x501b0000, 0x00000178, \
  0xf9fe0000, 0x01fb03ff, 0x010eeef3, 0xfc0704fc, 0xed12ff04, 0x0708f1ec, 0x0806ef09, 0xf7fff3ff, \
  0xfef004e3, 0x0200fafd, 0x0503ff03, 0x01f4f4f4, 0xf7e3eefb, 0xe508da09, 0x00f912f8, 0xfceefcf2, \
  0xfefa0e04, 0xfdf7ee0b, 0xeeeeebf1, 0xee0213eb, 0x11eb0aec, 0x0be5ffdc, 0xfbf700fc, 0xea101305, \
  0x07ef0503, 0x07ef0eee, 0x02030000, 0xf2def9f4, 0xe9ef01ef, 0xd8000000, 0x000000fc, 0xfefef1f5, \
  0x15e6020b, 0xebecfaf6, 0xe808f2fa, 0xf40000f4, 0xfffceffb, 0x07f4fbf8, 0xf1e9e906, 0x0bf9fee4, \
  0x0ef9f008, 0x0403f109, 0xf00609ed, 0xfcfef2ee, 0x0cf704fe, 0xf0f4ecdc, 0xe50afefa, 0x0af6e8e4, \
  0xe6fae2f2, 0x00f5f0f9, 0xed02e8ec, 0x14f0f3e7, 0x0cdffdf1, 0xf900ee00, 0xf81208ef, 0xf4ebeae9, \
  0xe1e519f5, 0xe304f3bb, 0xd80513f7, 0xf00316d9, 0xfce8eaf7, 0x0aeef509, 0x0bf5f60c, 0xeffd050c, \
  0xf1070c01, 0x0b06e406, 0xfeecfc13, 0x300206fd, 0xf3fc0102, 0xf004eee7, 0x0f0cef06, 0xfde5f508, \
  0xfce3fb06, 0x01fef5e5, 0xf6e2eb12, 0xe7edf6f5, 0x0b13effe, 0xf308f50d, 0xeff80afe, 0x0deff2f5, \
  0x07ecedf0, 0xf6fff8ef, 0xfe02edec, 0xeceaeff3, 0xe9eef3ed, 0xf2f505fa, 0xf8fcfff3, 0xfdf9fa08, \
  0xf1ece808, 0x0fe2e6f4, 0xff02fc00, 0x010101ff, 0xfe090409, 0x0e0c1608, 0x0ff3e6e5, 0x0b0aebf9, \
  0xfaffdaf1, 0x0517f707, 0xf2f2faff, 0x00000000, 0x00000000, 0x00f9f8f0, 0xf006faf6, 0xf7fcf907, \
  0x02fafb03, 0xf7fb03f5, 0x05fd0809, 0x0ff61103, 0x00000000, 0x00000000, 0x00f9f5fe, 0xfa0203ff, \
  0xfcf60cf0, 0x07faf6f5, 0xf5070eed, 0xfffc0b0a, 0x11f6fa0f, 0xfb05e913, 0xf4f00e07, 0xe9f4fcf5, \
  0xf6f7d5f6, 0xf9f20716, 0x0d080500, 0xf3f31300, 0xfe0006f7, 0xfafafafd, 0x01f5fa05, 0xf5f7fa02, \
  0x02ff02fc, 0xfbf702f5, 0xf7f9fb05, 0x01e9f9ee, 0xf2f213e5, 0xf800dcef, 0xdbe0dbcf, 0x12f4d0fa, \
  0x07e7f4f4, 0x12000000, 0x00000000, 0x00000300, 0xfff6faf6, 0xf0f9f600, 0x000000fe, 0x000001fb, \
  0xf0fcf402, 0xf5f9d2d6, 0xe9f4f702, 0x03f2080c, 0x0811f413, 0x02e8ede5, 0x02ead1ef, 0xf5eedc03, \
  0xfae7ec0b, 0xf60ef5fa, 0x0402ff09, 0x06f501e7, 0xdcf0f1eb, 0xe6de1509, 0xf00502f4, 0xede7f7ed, \
  0xff17fafd, 0x13edf1fe, 0xd8f2f3e2, 0xe9f9e9e0, 0xf6f3fdf6, 0xfe05f1fd, 0x13f41a04, 0xf8fa0ef0, \
  0x0b140d23, 0x1af91de9, 0xed04ffef, 0xde060ded, 0x131904f5, 0x1f13eef2, 0x11150f12, 0xfbfdd0d9, \
  0xeae9e9f6, 0xd5dbe6fa, 0xf6fffdf8, 0x02030309, 0xf8f8f7f5, 0xf503f8fb, 0x070b14fa, 0x0dffefea, \
  0xe60cfee0, 0xf7ef0300, 0xf9fbf925, 0x14f001f2, 0xf2f0f3d6, 0xf4effffd, 0xf9f2efff, 0x00211513, \
  0x0e01fe1a, 0xfb0ff6e6, 0xd200ebef, 0xe6e5ed22, 0x10010308, 0x14fdf6fd, 0x17140308, 0x00120714, \
  0xf2f4fedc, 0xfbeff7fd, 0xecdc1ff4, 0x21fefff2, 0x021201f2, 0x0e15ed12, 0x1814fbfb, 0xe3fe0605, \
  0x1104f624, 0x04dde9e3, 0xfef4fa06, 0x09f40425, 0x0a0303fe, 0x04f5e0fc, 0x04f5fdf1, 0xfbfafdfd, \
  0xffff0207, 0xf706f4e5, 0xf3cdd1ba, 0x0100d626, 0xfff60503, 0x0c0107e4, 0x0414dc07, 0x0501fb01, \
  0xf6f8f005, 0xe3ff2103, 0xee110f1a, 0x21eafd07, 0xf604ff09, 0x0501ff01, 0xfe00f300, 0x02fffcd4, \
  0xdfe1e0f8, 0xf111021d, 0xcfd7d3e9, 0xd0e3df04, 0x1111010c, 0x071ae1f9, 0xffeffc14, 0x12f2f2ee, \
  0xf9efed2d, 0x1a1e1816, 0xf5d4dce8, 0xf9e9eb03, 0xedec0eeb, 0x13d7caac, 0xe1ddec10, 0x06e11f10, \
  0xeef604f0, 0xe4f3fef8, 0x03fe120d, 0x050007f7, 0xfcf3f5f1, 0xfa08fe0b, 0x0ffd01e8, 0x05f706ee, \
  0x03030cf2, 0xe909faec, 0x17130006, 0x270d1cfd, 0x0513e7e2, 0x11161615, 0x210ee7ff, 0xd5091e04, \
  0x281c0825, 0x15061018, 0x14081013, 0x09e9f303, 0x0800120b, 0xfa1402f1, 0xccc703ee, 0xfe0afcf7, \
  0xf60de8e6, 0x0af7060c, 0xd9e115fb, 0xff000ef2, 0x0f05e6ff, 0x000000ff, 0xff00fffe, 0x11fd1b0b, \
  0xf8fff5fb, 0x07f7f409, 0x070410f5, 0xf20802f5, 0xed180007, 0x1405f5e4, 0xe6de0ae6, 0xf300eaf8, \
  0x00000000, 0x00000000, 0x3f000000, 0x00000000, 0x00000000, 0x00000000, 0x00000000, 0x00000000, \
  0x00000000, 0x00000000, 0x00000000, 0x00000000, 0x00000000, 0x00000000, 0x00000000, 0x00000000, \
  0x00000000, 0x00000000, 0x00000000, 0x00100000, 0x00000000, 0x00000000, 0x00000000, 0x00000000, \
  0x00000000, 0x00000000, 0x00000000, 0x00000000, 0x00000000, 0x00000000, 0x00000000, 0x00000000, \
  0x00000000, 0x00000000, 0x00000000, 0x00000000, 0x00000000, 0x00000000, 0x40000000, 0x00000000, \
  0x00000000, 0x00000000, 0x00000000, 0x00000000, 0x00000000, 0x00000000, 0x00000000, 0x00000000, \
  0x00000000, 0x00000000, 0x00000000, 0x00000000, 0x00000000, 0x00000000, 0xf9e32004, 0x0c05e90d, \
  0xf915de01, 0x08e203f8, 0x0df20315, 0x0bf6f40c, 0xf107f9fd, 0x0604ee05, 0xf81a0906, 0xf2f4e21d, \
  0xfbf8fc02, 0xfeff12ff, 0x0402050c, 0xef0ff502, 0x020afdea, 0xf801f9fd, 0x0df2f5f1, 0xeee902f2, \
  0xfe0307fe, 0x13e71022, 0xeffd0cfe, 0xec00f6f0, 0xea01f6ff, 0xf90501fa, 0x11fbf0f2, 0x0305f710, \
  0xfe040906, 0xf3fff300, 0x07f71824, 0xeefe17e8, 0xf2f9f6df, 0x04eb0000, 0x00000000, 0x00ee0b00, \
  0x501b02a0, 0x00000022, 0xf80c0709, 0x0afefc02, 0x10fcf9f0, 0xfae60111, 0xfd010706, 0xf5f9f703, \
  0x03fc07ef, 0xfefdf315, 0x0c070b00, 0x00ec0604, 0xf913080c, 0x0bf3fffa, 0x05edfaf5, 0x041e05e6, \
  0x000e14f4, 0x0ae901ff, 0x0217f9f9, 0x05f902f5, 0xfa0afc00, 0xe40d06fe, 0xfb1701fc, 0xf71ef30a, \
  0x02f80d19, 0xfd05fafc, 0xfdf30607, 0xfc0311f9, 0xfd01f808, 0x0503ff04, 0x05fefafc, 0xf1dd00f8, \
  0xf2f70404, 0x04fb0000, 0x00000000, 0x000b1500, 0x501b02e0, 0x00000058, 0x00000000, 0x00000000, \
  0x3c000000, 0x00000000, 0x00000000, 0x00000000, 0x00000000, 0x00000000, 0x00000000, 0x00000000, \
  0x00000000, 0x00000000, 0x00000000, 0x00000000, 0x00000000, 0x00000000, 0x00000000, 0x00000000, \
  0x00000000, 0x00fa0000, 0x00000000, 0x00000000, 0x00000000, 0x00000000, 0x00000000, 0x00000000, \
  0x00000000, 0x00000000, 0x00000000, 0x00000000, 0x00000000, 0x00000000, 0x00000000, 0x00000000, \
  0x00000000, 0x00000000, 0x00000000, 0x00000000, 0x40000000, 0x00000000, 0x00000000, 0x00000000, \
  0x00000000, 0x00000000, 0x00000000, 0x00000000, 0x00000000, 0x00000000, 0x00000000, 0x00000000, \
  0x00000000, 0x00000000, 0x00000000, 0x00000000, 0xfcf80904, 0xfcfbeeef, 0x0bfb0b00, 0xed01fc03, \
  0x05eaf512, 0xf2fdf608, 0x100ceafb, 0x0aecfce9, 0xfc09fce9, 0xe4f60bf7, 0xfcff080c, 0x0213f80a, \
  0xf5e6f9f5, 0x1ef9fced, 0xfafb1502, 0x0201fb01, 0xdff802f9, 0xed01060c, 0xf003f311, 0x01ed1602, \
  0xe708fd04, 0x00f609ff, 0xf505fe03, 0x1a0e090e, 0xf302f906, 0xfaeb02f6, 0x12f5f308, 0xf9fe090e, \
  0xebfdf0fa, 0x0afe0605, 0x11f30bfc, 0x0fed0000, 0x00000000, 0x0005fa00, 0x501b0380, 0x00000022, \
  0x00241d12, 0xf50837f9, 0x0f0b15f9, 0xf0ea270e, 0x1412f30a, 0xf40ee6dd, 0xe50402fa, 0xed002110, \
  0xec052aef, 0x2c0df60a, 0xe80504ec, 0xebfa00fe, 0x2fe926f7, 0x1702e2d9, 0xe315cbf3, 0x2bf233fa, \
  0xf72fb5ee, 0xe6fcfcf0, 0x040df3fb, 0xd6190e06, 0x05140d0f, 0x0c0cdc16, 0xd3d7f20f, 0x08f6eb00, \
  0x06f2fa0c, 0x26010204, 0xd1fc4710, 0xf0f81716, 0xe3061d08, 0x31080507, 0xecf145d1, 0xe1150000, \
  0x00000000, 0x00ffc700, 0x501b03c0, 0x00000058, 0x00000000, 0x00000000, 0x73000000, 0x00000000, \
  0x00000000, 0x00000000, 0x00000000, 0x00000000, 0x00000000, 0x00000000, 0x00000000, 0x00000000, \
  0x00000000, 0x00000000, 0x00000000, 0x00000000, 0x00000000, 0x00000000, 0x00000000, 0x00f80000, \
  0x00000000, 0x00000000, 0x00000000, 0x00000000, 0x00000000, 0x00000000, 0x00000000, 0x00000000, \
  0x00000000, 0x00000000, 0x00000000, 0x00000000, 0x00000000, 0x00000000, 0x00000000, 0x00000000, \
  0x00000000, 0x00000000, 0x40000000, 0x00000000, 0x00000000, 0x00000000, 0x00000000, 0x00000000, \
  0x00000000, 0x00000000, 0x00000000, 0x00000000, 0x00000000, 0x00000000, 0x00000000, 0x00000000, \
  0x00000000, 0x00000000, 0xdc0d1210, 0xf0050eea, 0x070609fb, 0xf5e6ea07, 0x04f90f06, 0xf9f8050e, \
  0xfe071af7, 0x12d60008, 0xfffecf0e, 0xd9020000, 0x11070f04, 0x0f050a0a, 0xed0a0806, 0x09050808, \
  0x000afbf4, 0xfc02f803, 0x1cf9f401, 0xff070c13, 0xe80cf806, 0x07f6c907, 0xea0e0a17, 0x0f081211, \
  0xf4160921, 0x0d040d0f, 0x150cfbfe, 0x1002fd11, 0xfdfd22f5, 0x0a0500ea, 0x0903e4ea, 0xfff7f8ec, \
  0x0801e1f9, 0x0c120000, 0x00000000, 0x00f6ff00, 0x501b0460, 0x00000022, 0xfffcfc03, 0x0cd90b04, \
  0x02ee1018, 0xdfecf8e9, 0x1b031318, 0xf2fb0303, 0x04ec0e00, 0xef0bf508, 0x0703160e, 0x0af50703, \
  0xe8060518, 0x0a0b18e9, 0xf224f3fc, 0x00fd1c1d, 0xef000b17, 0xff10f5fb, 0x1c09030c, 0xfafee1eb, \
  0xf1070214, 0x0aee04fd, 0x0304f5f4, 0xe9210409, 0x02f6fbe0, 0x2218e804, 0xdf00040d, 0xec1104ef, \
  0x13f20316, 0xe2041108, 0x04f509ee, 0x00f6f60b, 0xf1fc1805, 0x13f60000, 0x00000000, 0x0002f100, \
  0x501b04a0, 0x00000017, 0x00000000, 0x00000000, 0x52000000, 0x00000000, 0x00000000, 0x00000000, \
  0x00000000, 0x00000000, 0x00000000, 0x00000000, 0x00000000, 0x00000000, 0x00000000, 0x00000000, \
  0x00000000, 0x00000000, 0x00000000, 0x00000000, 0x1bd82602, 0xdfd8eef8, 0x1a000000, 0x00000000, \
  0x00030000, 0x501b4000, 0x00000178, 0xfbfdfe05, 0x020405fc, 0xfd1108f8, 0x0b030cfa, 0x0c02050b, \
  0x10f9f117, 0xe7fe1112, 0xfa01fc0a, 0xf6ff1a0e, 0xfefdffff, 0x00fffeff, 0xfffafcec, 0xedeff0f2, \
  0xf501230f, 0xf31efdf4, 0x0d0ef507, 0xf50105fa, 0xf6fc01ff, 0xfefedff9, 0xeb06fffb, 0xf4eff2f5, \
  0xffe5eef4, 0x04ed0309, 0xf80b0701, 0xf107e302, 0x0405fcfc, 0xff00f90a, 0xf10409e0, 0xff1e0609, \
  0x1f0001fe, 0x00000000, 0x00000b02, 0xfdf907f0, 0x1414faf1, 0xff00ea00, 0xf50af2f8, 0x0203ed02, \
  0xf9f00904, 0x0712fff9, 0xfb00f2f8, 0xeef9f7f8, 0x00faf505, 0x04030607, 0xfdf40dfd, 0x080906f5, \
  0xccf1fcf5, 0x0edf0a01, 0xd714f8eb, 0xf7fced10, 0x060b0604, 0x01e6e5da, 0xf2f6ec11, 0xf9e90c06, \
  0xe90ae5e8, 0x1df9eb20, 0x00eeec02, 0x090eff16, 0x12040623, 0xfffcdfc7, 0xc3e5d1ef, 0xd5d8e0e1, \
  0x03fcfd02, 0x08ff0908, 0xfcfafafd, 0xfef90900, 0xfbf5ef05, 0x031ceff2, 0x04fffc06, 0x08fe08fc, \
  0x00f6ffff, 0xf8ef12fe, 0x06120a0b, 0xead8fe02, 0xede6f8ee, 0xfc0c04f5, 0x25f5f320, 0xf3e701f4, \
  0xf30d0305, 0xed06f714, 0xecec10f0, 0x0708fb05, 0xfaf4faf8, 0xf3f8f5fd, 0xfcfef8fb, 0xfbfffaf8, \
  0xf9f9fb00, 0xfdfbfcfe, 0xf6fc0607, 0xfc03fb0c, 0xe7fefff7, 0xfe010001, 0xfe00fefe, 0xfffdfbed, \
  0x0119f407, 0xfc1bf316, 0xf1f1f6d9, 0xfb04ed04, 0x03fe0a14, 0xe413f101, 0x00000000, 0x00000000, \
  0x0002fdfd, 0xff0303fe, 0xf9fb01fe, 0xfcfcfefe, 0xfdfc03fb, 0x10f20aff, 0xf2e1f0e7, 0x0001ff02, \
  0xfcfbfff9, 0xf9fefef5, 0x00ff02f9, 0x000107fc, 0x05f90704, 0xf500ffef, 0xfb020304, 0x00fa05fd, \
  0xf0f80be8, 0xd9fdf3ea, 0xd114f8f1, 0x0b06ee0f, 0x04edfeef, 0xf71a12f4, 0x07f80c02, 0x03fe03fb, \
  0x020502fb, 0x01ff0002, 0xfdfefc01, 0xfef4faf9, 0xfafdf6fa, 0xfaf41a0c, 0x1e1a0d1f, 0x170afb14, \
  0xfc03fcf6, 0x07ff06ff, 0x0d0ae2ee, 0x0a0005dd, 0xfeff0000, 0x020006fe, 0x02fdfaf9, 0xf8f3fbfa, \
  0xf9faf9f7, 0x01fafdfd, 0x01ff02ff, 0x02fd0403, 0xfc0600ff, 0xfd000000, 0x00000002, 0x01000000, \
  0x00000000, 0x00000000, 0x00000000, 0x00000000, 0x00000000, 0x00000000, 0x00000000, 0x00000000, \
  0x0000fe01, 0x01fffdfc, 0x00ff0100, 0x00000000, 0x00000000, 0x00000000, 0x00000000, 0x000100ff, \
  0x00000100, 0x00000002, 0x0100ff00, 0x00000002, 0xff0405fb, 0x01fc02ff, 0xf904f904, 0xfc030500, \
  0xfe000102, 0x00ff00fe, 0x0100fe02, 0x07ff0803, 0xfefff501, 0x02030202, 0xff000102, 0x00000000, \
  0x00000000, 0x000000ff, 0x00000000, 0x00000000, 0x00000000, 0x00000001, 0x03fdff01, 0x00ff0000, \
  0x00000000, 0x00000000, 0x00000000, 0x00000000, 0x00000000, 0x00000000, 0x00000000, 0x00000000, \
  0x00000000, 0x00000000, 0x00000000, 0x00000000, 0x00000000, 0x00000000, 0x00000000, 0x00000000, \
  0x01000001, 0x01010102, 0x00000000, 0x00ff0000, 0x01000000, 0x00000000, 0x00000000, 0x00000000, \
  0x000000ff, 0xfaf80004, 0x06000304, 0x000101ff, 0x02000001, 0xfe000000, 0x00000003, 0x02040000, \
  0x00000000, 0x00000000, 0x00000000, 0x00000000, 0x020202fe, 0xff020505, 0x04000000, 0x00000000, \
  0x00000000, 0x00000000, 0x00000000, 0x00000000, 0x00000000, 0x00000000, 0x00000000, 0x00ff0000, \
  0x00000000, 0x00010002, 0xfffe00ff, 0x01ff0000, 0xffffff00, 0x00fffe00, 0x00ffff00, 0x00000000, \
  0x00000000, 0x0000ff00, 0x00000000, 0x0000ff00, 0x00000005, 0x02fffe01, 0xfd0002fd, 0x00000100, \
  0x00000000, 0x00000000, 0x00000000, 0x00000000, 0x00000000, 0x000000fc, 0xfb080704, 0x00030002, \
  0x00fffe00, 0xfefe01ff, 0x04ff0000, 0x010100fc, 0x00ff0000, 0x00000000, 0x00000000, 0x00000000, \
  0x00000000, 0x00000000, 0x00000000, 0x00000000, 0xff00ff01, 0xfefe0000, 0x00000000, 0x00000000, \
  0x00000000, 0x00000000, 0x00000000, 0x00000000, 0x00000000, 0x00000000, 0x00000100, 0x000100ff, \
  0xfe020000, 0x00ff0000, 0x00000000, 0x00000000, 0x00000000, 0x3f000000, 0x00000000, 0x00000000, \
  0x00000000, 0x00000000, 0x00000000, 0x00000000, 0x00000000, 0x00000000, 0x00000000, 0x00000000, \
  0x00000000, 0x00000000, 0x00000000, 0x00000000, 0x00000000, 0x00000000, 0x00110000, 0x00000000, \
  0x00000000, 0x00000000, 0x00000000, 0x00000000, 0x00000000, 0x00000000, 0x00000000, 0x00000000, \
  0x00000000, 0x00000000, 0x00000000, 0x00000000, 0x00000000, 0x00000000, 0x00000000, 0x00000000, \
  0x00000000, 0x40000000, 0x00000000, 0x00000000, 0x00000000, 0x00000000, 0x00000000, 0x00000000, \
  0x00000000, 0x00000000, 0x00000000, 0x00000000, 0x00000000, 0x00000000, 0x00000000, 0x00000000, \
  0x00000000, 0x0b0aeffd, 0x00ddd9f9, 0x08e60818, 0x0ef90002, 0xbef70014, 0x120dfffe, 0xfdf52101, \
  0xecf20101, 0x01fffcfb, 0x0a0408da, 0x031e01e5, 0xe70c0a1b, 0x1707ed25, 0x03f3e6ef, 0x02f60cdb, \
  0xff06eaf1, 0x0502f3b7, 0xff0108ff, 0x0dfc00ed, 0x0202e2ed, 0xf3070505, 0x07ffeefc, 0xfe05f601, \
  0xfd02fd03, 0xe9f220f4, 0x0015eb05, 0xf5f8f2ec, 0x05f1ec07, 0xe01e0de9, 0xf3f4ddfe, 0x0708f60a, \
  0xe6f70000, 0x00000000, 0x00fd1900, 0x501b42a0, 0x00000022, 0xf518e609, 0xecfc04fc, 0xf3c30600, \
  0xf9ff14db, 0xf505021b, 0xf2f5080a, 0x130afc01, 0xf20cf9f8, 0xfd020dfc, 0x08daec1b, 0xf7140e08, \
  0xef05040e, 0x09fd10f5, 0xfff2f901, 0x190a0116, 0xf6f90400, 0x031bf710, 0x1719f6de, 0x180b1bf7, \
  0xf5e6fce0, 0x1b01f4f1, 0xe02a07fa, 0x0403f7ec, 0xfd06032d, 0x03fd0cf6, 0x0715f202, 0xf3d510f0, \
  0x03ee07f9, 0x0dfd0ef5, 0x0a0d030f, 0x08c9080b, 0x0b1f0000, 0x00000000, 0x0026de00, 0x501b42e0, \
  0x00000058, 0x00000000, 0x00000000, 0x3b000000, 0x00000000, 0x00000000, 0x00000000, 0x00000000, \
  0x00000000, 0x00000000, 0x00000000, 0x00000000, 0x00000000, 0x00000000, 0x00000000, 0x00000000, \
  0x00000000, 0x00000000, 0x00000000, 0x00000000, 0x00040000, 0x00000000, 0x00000000, 0x00000000, \
  0x00000000, 0x00000000, 0x00000000, 0x00000000, 0x00000000, 0x00000000, 0x00000000, 0x00000000, \
  0x00000000, 0x00000000, 0x00000000, 0x00000000, 0x00000000, 0x00000000, 0x00000000, 0x40000000, \
  0x00000000, 0x00000000, 0x00000000, 0x00000000, 0x00000000, 0x00000000, 0x00000000, 0x00000000, \
  0x00000000, 0x00000000, 0x00000000, 0x00000000, 0x00000000, 0x00000000, 0x00000000, 0xf3f40f00, \
  0x0b01ee01, 0xfc100bfc, 0x0b02ff14, 0x06dc09ef, 0x06f604e8, 0x0cedf607, 0x06c4f225, 0x04fc0101, \
  0xeced0ef3, 0x0304fafe, 0x05f9f9fa, 0xef03f9f7, 0xd3040ccc, 0xfb101f0c, 0x0a06f9fb, 0xcff4fa00, \
  0x04fb0e0b, 0xf108fbfc, 0x0beef6fa, 0x0ef8f304, 0x0800f1f7, 0xfe030406, 0xe618cb02, 0x16031b0a, \
  0x0702f3fb, 0x200cdd04, 0x06f4f6f8, 0xd6fafa07, 0xf4140501, 0x06f908f4, 0xfdf90000, 0x00000000, \
  0x0008ff00, 0x501b4380, 0x00000022, 0xf61e2dfd, 0xd523ee08, 0xeaeb1ee9, 0xf3e72d0a, 0x06052c01, \
  0xf1f7d1fd, 0x3407efe2, 0x0ef20429, 0x0e2c1abe, 0x02d3e912, 0xe9f6d10b, 0x16f3fb14, 0x051248e0, \
  0x2104e5df, 0x42170f19, 0x17d72ee3, 0x031a90dd, 0x14f9f6f1, 0x3dce1001, 0x0910ec02, 0xf83ef1dd, \
  0xec22ee25, 0xd4092400, 0x19292910, 0xe8fdf913, 0xe4e0ff17, 0xe5e80302, 0xfb00151c, 0xfff7fbfb, \
  0x10f7fafa, 0xf4eb3209, 0x12030000, 0x00000000, 0x00eeb800, 0x501b43c0, 0x00000058, 0x00000000, \
  0x00000000, 0x73000000, 0x00000000, 0x00000000, 0x00000000, 0x00000000, 0x00000000, 0x00000000, \
  0x00000000, 0x00000000, 0x00000000, 0x00000000, 0x00000000, 0x00000000, 0x00000000, 0x00000000, \
  0x00000000, 0x00000000, 0x000a0000, 0x00000000, 0x00000000, 0x00000000, 0x00000000, 0x00000000, \
  0x00000000, 0x00000000, 0x00000000, 0x00000000, 0x00000000, 0x00000000, 0x00000000, 0x00000000, \
  0x00000000, 0x00000000, 0x00000000, 0x00000000, 0x00000000, 0x40000000, 0x00000000, 0x00000000, \
  0x00000000, 0x00000000, 0x00000000, 0x00000000, 0x00000000, 0x00000000, 0x00000000, 0x00000000, \
  0x00000000, 0x00000000, 0x00000000, 0x00000000, 0x00000000, 0x0df81001, 0xebf8f3eb, 0xeb10f4fc, \
  0xe504eaf8, 0xf5fb160b, 0x0d07080a, 0x090014ff, 0xfcdb010b, 0x03fc0411, 0x0fe9060c, 0xfe190cec, \
  0x090d090b, 0xff02020a, 0x16e2dc18, 0xf614fef8, 0x13fe0819, 0x391c050a, 0x02150a10, 0xd916ff1a, \
  0xfaefdf0d, 0xf2ff0d10, 0x080d0705, 0x061b0409, 0xfc0b12f8, 0xfff8ffe2, 0xd91408fb, 0xf5fdf607, \
  0x0b0705e8, 0xebf90206, 0x050300ff, 0x07e4fff9, 0x05f20000, 0x00000000, 0x00f92900, 0x501b4460, \
  0x00000022, 0xf3eae60e, 0xfeed08f0, 0x021717f7, 0x0b100f1c, 0xfdf614eb, 0xf80ffded, 0x1aff0b25, \
  0x06f3f6db, 0xf1fe0202, 0x081bdbf1, 0xfce80009, 0x01f315fb, 0xf905fafc, 0xf0dc0b14, 0xf817e8f6, \
  0xfa1f0ced, 0x1c10db0b, 0xde0eee15, 0x0b0426f8, 0xd5f3ed05, 0x11eee708, 0xeb0be205, 0xf2f30001, \
  0x18f9f8fc, 0x221104fb, 0xfc17f200, 0xf50309d5, 0x01fa0509, 0xf6030601, 0x15061cf1, 0xf9e71911, \
  0x16140000, 0x00000000, 0x000ed800, 0x501b44a0, 0x00000017, 0x00000000, 0x00000000, 0x56000000, \
  0x00000000, 0x00000000, 0x00000000, 0x00000000, 0x00000000, 0x00000000, 0x00000000, 0x00000000, \
  0x00000000, 0x00000000, 0x00000000, 0x00000000, 0x00000000, 0x00000000, 0x00000000, 0x1c08cdef, \
  0xcb1815e4, 0x22000000, 0x00000000, 0x00190000, 0x501b8000, 0x00000178, 0xffff02fe, 0xfdfc0000, \
  0x01fdeee7, 0x0bf3ff09, 0xf2fdf7f2, 0xdff0e7ef, 0xfd12d4fb, 0xf30bf516, 0xeceef3fb, 0x00000000, \
  0x00000000, 0xff1207fd, 0x000ffefd, 0xebe6eadf, 0xe3e3f20a, 0xfafcf303, 0xfcfefdfd, 0xff04fef6, \
  0x0408ffe6, 0xecf4f3eb, 0xdff7f2f5, 0xf0edf402, 0x000af6ed, 0x010dfa1c, 0x04f20806, 0xfb06f801, \
  0xf607fa05, 0x1119ef06, 0x05d51904, 0xeb000000, 0x000000ff, 0xff0106f0, 0xf119eee1, 0x12f50410, \
  0xfbfffbf5, 0xe60ffc14, 0x01f3f40b, 0xe9fcfd06, 0xf2e8f606, 0xfcf310eb, 0xef0cfcfb, 0x05fc02fb, \
  0x0302fdfa, 0xf8f90108, 0x060601fe, 0x0e1a0829, 0x0c00ffe7, 0xf30308eb, 0xe5f3f7f8, 0xfc06e1ea, \
  0xdfe6f7f9, 0xed152ae2, 0x0a1002f0, 0xf6070019, 0xe9fefbf5, 0xdd09e5f2, 0xe9eae6e9, 0xe3ecdcd9, \
  0x09f4fdf3, 0x01051211, 0xeff9f702, 0xfee40911, 0xeb10efe7, 0x0505fa05, 0x06fdf905, 0xff12fcef, \
  0x0aed0f07, 0xe7f103fa, 0xfe00f906, 0x030408fd, 0x17ed080c, 0xef15fcd5, 0x0706e6f4, 0x0000ee0b, \
  0x05f9f0e7, 0x050b03f9, 0x0b05f2fa, 0xf1f1f3f1, 0x04000403, 0x09fcfefe, 0xfaf7fcf7, 0xf4edf8f7, \
  0xf4fff8f4, 0xf1faf6f0, 0xf6f3f0f2, 0xeeee00fe, 0xff0302fb, 0xfd03fc08, 0x040a0ee8, 0xf8f5ecf0, \
  0x00000000, 0x00ff00ff, 0xfe06f203, 0xea0af9fb, 0x08e713e7, 0xe8f002e2, 0x06120705, 0xede808ef, \
  0xfa000df0, 0xff000000, 0x00000000, 0x000102fc, 0xfdfcfc01, 0x01fc0002, 0x0401fdfa, 0xff04030d, \
  0x04f9f0ec, 0xe2fdfbd2, 0x0000fe02, 0xff000001, 0xfef9fc04, 0xf9ff0102, 0x01fd01fe, 0x03fd03ff, \
  0xfefcfafa, 0x0b0d0af4, 0xf50cfbf0, 0xeef4fa0b, 0x02220108, 0xf3fb0f09, 0xe9f100f1, 0xfde7fd10, \
  0xf30a00eb, 0x00090401, 0xfcf603f9, 0x06fa07fe, 0x00000000, 0x00000000, 0x00f7f7f8, 0xf7f5f7f7, \
  0xf2fafcf2, 0xd8f3e6ea, 0xf9e1eeee, 0xdad8ebf1, 0xde10f7ec, 0xf5051df5, 0x09f7f0e2, 0xeafe0405, \
  0x04ff02fb, 0xfffefafb, 0xfff9f7f9, 0xf8f3ed00, 0x00000000, 0x00000000, 0xf9ffe500, 0xf9f802f4, \
  0x03dffef4, 0xefe313e3, 0x00f91a08, 0xfa2e09f7, 0x3dfde9ff, 0x05eaf7e5, 0xf40100e7, 0xec07fefd, \
  0x05f90ee5, 0xeefeedf3, 0xefff060e, 0x06fe2113, 0xe222fceb, 0x15fbe709, 0x1f1a23fb, 0xf43212f5, \
  0x200ceb13, 0x00ccf0da, 0xb5f700fc, 0xe8f1f8fb, 0xf5fae7dc, 0xdc1d0608, 0x28f7feee, 0x040100f7, \
  0xfb1cfe0e, 0x20ebc538, 0x03df14e9, 0xcfeef300, 0x04efdee9, 0xdfebe9fe, 0x01f7fbf9, 0xe70d03f5, \
  0x06fb0400, 0xf505fef7, 0x00000000, 0x00f800fe, 0xffe1f00a, 0xe9f1eef6, 0x02f804e4, 0xf914efe4, \
  0xe8de14ef, 0xdaf1e3e9, 0xd9fce7e6, 0xfdf7f4fc, 0xfcfbfdff, 0x08e1f4ed, 0xe2e20709, 0xebe6f1f5, \
  0xeb030feb, 0x12f9eb20, 0xfad51f12, 0xe50009f2, 0xd2dfe5ee, 0xeeede2e2, 0x101f1cf4, 0x2008f3e7, \
  0xfef9fbe0, 0xe9ecf4ec, 0xe2fbfb0d, 0xf3d8f1e7, 0xebe1fb14, 0x1518f602, 0x0706f716, 0xfe181704, \
  0x0908ea28, 0x0c16edec, 0xeeeae8e9, 0x0411100d, 0xf6fa04f7, 0xf2f8fdf4, 0x00fcec01, 0xeb05e3f1, \
  0xef140300, 0x130808e9, 0xe1ecd0ee, 0xd4cbe4ce, 0xf6cfb4fb, 0xfbf4f1fa, 0xf6fcf3ec, 0xf40a10f5, \
  0xf11501ff, 0xf70a040e, 0x260d1731, 0x0f160000, 0x00000000, 0x00000039, 0x1812120c, 0x090f03fd, \
  0xf8ef08f5, 0x0b0e080d, 0x0efa1512, 0x04e4f9f3, 0x040eeef2, 0x0f0ef1e5, 0x13fe0d2d, 0x1d0d1b09, \
  0x11fac5e7, 0xe20419f3, 0x001b1602, 0x161aedfc, 0x1a02fbe7, 0x00facdee, 0x05f4ecfc, 0x16f8fff2, \
  0xfaee06fc, 0xf700f1f2, 0x05efe913, 0x050cf109, 0x08fd00fd, 0xf4fd01f6, 0xf90205ed, 0x0703de04, \
  0xf0f40fed, 0xf1f607f3, 0xdbe8fb00, 0x06e7e5ff, 0x01f2030c, 0x1103ec01, 0xf7f2f6f2, 0x00f023f0, \
  0xf11afdf8, 0x150200f5, 0x00000006, 0x0afdff02, 0xff07f004, 0xfd0800ff, 0x10f4eae8, 0xeef602da, \
  0xfaf5edf7, 0xe802fefd, 0x1b211400, 0x00ff0000, 0x00000000, 0xe1e3f5d6, 0xfb03f008, 0x03dde2f4, \
  0x03dcd8ef, 0xf8dde4f9, 0xf4f8010b, 0x05060ce2, 0xf4ece0ef, 0x04f1fef8, 0x00000000, 0x00000000, \
  0x41000000, 0x00000000, 0x00000000, 0x00000000, 0x00000000, 0x00000000, 0x00000000, 0x00000000, \
  0x00000000, 0x00000000, 0x00000000, 0x00000000, 0x00000000, 0x00000000, 0x00000000, 0x00000000, \
  0x00000000, 0x00f60000, 0x00000000, 0x00000000, 0x00000000, 0x00000000, 0x00000000, 0x00000000, \
  0x00000000, 0x00000000, 0x00000000, 0x00000000, 0x00000000, 0x00000000, 0x00000000, 0x00000000, \
  0x00000000, 0x00000000, 0x00000000, 0x00000000, 0x3f000000, 0x00000000, 0x00000000, 0x00000000, \
  0x00000000, 0x00000000, 0x00000000, 0x00000000, 0x00000000, 0x00000000, 0x00000000, 0x00000000, \
  0x00000000, 0x00000000, 0x00000000, 0x00000000, 0xfcf301fd, 0x001af308, 0x0009f2ec, 0xfffc09f7, \
  0x0e12051c, 0x1d180b05, 0x080800fc, 0x170e141b, 0xfa2c0717, 0x0605ff1b, 0xf114fe16, 0x1410030e, \
  0xf6f622fe, 0x0c14fa08, 0xfc0f0719, 0x10021b08, 0x0f1ffbf6, 0x0cef05f2, 0xf1fd0341, 0x19011eff, \
  0xf81ef802, 0x0c220401, 0xfdf60c05, 0x1a040025, 0x0a04fc16, 0x080a17ec, 0x01111935, 0xed1505fa, \
  0x1f1c080b, 0x08091efb, 0xe8f300ec, 0xf80c0000, 0x00000000, 0x000aef00, 0x501b82a0, 0x00000022, \
  0xf9fef802, 0xf8fc0010, 0xf3fd05fc, 0x04fdf906, 0xfafb0ffb, 0x16fb0601, 0x0e02f803, 0x010cfff7, \
  0x01fe03fc, 0xfcfdecff, 0x0501fa13, 0x0608ff0e, 0x0b0b0103, 0xf3f30aec, 0xf903fd0f, 0xf503f7ff, \
  0x07fafcfb, 0x0111f709, 0xfb07feff, 0x050000f6, 0xfa01f010, 0xf8f50cf4, 0xff060300, 0x01ffff00, \
  0xf40900fb, 0xf9030c02, 0x0608f3f4, 0x07fd07fa, 0x0a08f4ee, 0xf2f6fdf1, 0x0502fa02, 0xf2f40000, \
  0x00000000, 0x000c0500, 0x501b82e0, 0x00000058, 0x00000000, 0x00000000, 0x39000000, 0x00000000, \
  0x00000000, 0x00000000, 0x00000000, 0x00000000, 0x00000000, 0x00000000, 0x00000000, 0x00000000, \
  0x00000000, 0x00000000, 0x00000000, 0x00000000, 0x00000000, 0x00000000, 0x00000000, 0x00040000, \
  0x00000000, 0x00000000, 0x00000000, 0x00000000, 0x00000000, 0x00000000, 0x00000000, 0x00000000, \
  0x00000000, 0x00000000, 0x00000000, 0x00000000, 0x00000000, 0x00000000, 0x00000000, 0x00000000, \
  0x00000000, 0x00000000, 0x40000000, 0x00000000, 0x00000000, 0x00000000, 0x00000000, 0x00000000, \
  0x00000000, 0x00000000, 0x00000000, 0x00000000, 0x00000000, 0x00000000, 0x00000000, 0x00000000, \
  0x00000000, 0x00000000, 0x1f180209, 0xff01082c, 0xff061326, 0x111eff11, 0xedfaf418, 0x1415030c, \
  0x06112928, 0x14fe18eb, 0x1918fa0c, 0x211913fb, 0x07001c1c, 0x05f4ff0c, 0x0c001af9, 0x00fffc02, \
  0x161c091d, 0xf10c0d25, 0xeafbe219, 0x01080ff2, 0xf9291722, 0xf41aff1c, 0xfd130c09, 0x08f51010, \
  0x020e0bf2, 0x1df90a1c, 0xf8fceffd, 0x12100a0d, 0xf8fe020d, 0x12201cee, 0x0d2906fb, 0x2702f90a, \
  0x1e152321, 0x1b180000, 0x00000000, 0x00260100, 0x501b8380, 0x00000022, 0xe2fe1411, 0x07055500, \
  0x22060af4, 0x26041c11, 0xe6fb3908, 0xe707fbf4, 0x0303c8e6, 0xecf62112, 0x270dfcfc, 0x18ec16e9, \
  0xb1f0e1f8, 0xdfdb1205, 0x58f6f1f2, 0x2223f4f7, 0xe505d714, 0xfbedd611, 0x27fb930b, 0x17fbf3fa, \
  0x690cdb0a, 0xfe222609, 0xec0006e5, 0x43169544, 0xec03d9fc, 0xf5fcb202, 0x04068e0c, 0xaa171001, \
  0xeae334fa, 0xf2edc8f7, 0xdcebfd05, 0x03fc2403, 0xeef42c19, 0xd3070000, 0x00000000, 0x00142f00, \
  0x501b83c0, 0x00000058, 0x00000000, 0x00000000, 0x7a000000, 0x00000000, 0x00000000, 0x00000000, \
  0x00000000, 0x00000000, 0x00000000, 0x00000000, 0x00000000, 0x00000000, 0x00000000, 0x00000000, \
  0x00000000, 0x00000000, 0x00000000, 0x00000000, 0x00000000, 0x00f50000, 0x00000000, 0x00000000, \
  0x00000000, 0x00000000, 0x00000000, 0x00000000, 0x00000000, 0x00000000, 0x00000000, 0x00000000, \
  0x00000000, 0x00000000, 0x00000000, 0x00000000, 0x00000000, 0x00000000, 0x00000000, 0x00000000, \
  0x3f000000, 0x00000000, 0x00000000, 0x00000000, 0x00000000, 0x00000000, 0x00000000, 0x00000000, \
  0x00000000, 0x00000000, 0x00000000, 0x00000000, 0x00000000, 0x00000000, 0x00000000, 0x00000000, \
  0x0e20e51e, 0xfeff04f3, 0xecfd020e, 0x18f413ff, 0xf60bfaf3, 0xfbfef6fb, 0x020d0ffe, 0xf40e0dfb, \
  0x360d20fd, 0xe827f4fc, 0x03f5011c, 0x00faee00, 0x05dd080a, 0xf81806f8, 0xe9001c13, 0x25f700de, \
  0x04f6ef0d, 0x2201e5fc, 0x01d516e3, 0x100adcf3, 0x08f103ff, 0x0808fc06, 0xe8ef1702, 0x2e07fa04, \
  0xe5271a1f, 0x27e20bf5, 0x021c0210, 0xfd1125f4, 0xf6ed140c, 0xff07f007, 0x11090ffe, 0x11090000, \
  0x00000000, 0x000f1400, 0x501b8460, 0x00000022, 0x031c1102, 0xfb09130e, 0xf808030a, 0xfbf0ea02, \
  0x0206e7f9, 0xf225f7ef, 0xf9ee1a03, 0xf107f103, 0x02fc0ced, 0x033c03e4, 0x16def7f1, 0xe112fd07, \
  0x1004f8fa, 0x0f0b0bf6, 0xf7120df5, 0xfef904f5, 0xf401f306, 0x09f70d0e, 0x0de5ee20, 0xf8292200, \
  0xec15fe1b, 0x23e1e620, 0xf301f0f9, 0x05d7e711, 0x04d7dcf1, 0xf4ff07fb, 0xf801fee8, 0x06f3f6f7, \
  0xeff20fff, 0x071414ff, 0xfc0701f2, 0x02f40000, 0x00000000, 0x00142800, 0x501b84a0, 0x00000017, \
  0x00000000, 0x00000000, 0x53000000, 0x00000000, 0x00000000, 0x00000000, 0x00000000, 0x00000000, \
  0x00000000, 0x00000000, 0x00000000, 0x00000000, 0x00000000, 0x00000000, 0x00000000, 0x00000000, \
  0x00000000, 0x00000000, 0xf902101e, 0xe61c182e, 0xda000000, 0x00000000, 0x00d60000, 0x501bc000, \
  0x00000178, 0x02fefdff, 0xfdfefffd, 0xfff5f6f8, 0x0a0d02f0, 0x08ed10f0, 0xf0080df3, 0xfb0ef9fc, \
  0x0ef50a07, 0x1aec0221, 0xfffeffff, 0xfffe00ff, 0xfeee03ff, 0xf401ea16, 0x0af6e3ee, 0xefdef20c, \
  0xcfeffafb, 0xf6f408f7, 0x02effaf7, 0xe9fbfde9, 0xeaf9ecfc, 0xf3fbea12, 0xf702f4fa, 0xefebfc03, \
  0x13fee91d, 0xff0b0b0c, 0xfa09fbf8, 0x00fdf9f7, 0xfc0809fc, 0x18fef70e, 0xee000000, 0x00000001, \
  0x000015ff, 0x03f5120d, 0xf50b09f5, 0xeef70712, 0xf505f60c, 0x11f0ebfd, 0x0e05f6f5, 0x04f3f1f3, \
  0x03000ef6, 0x020c00fb, 0xfbf30504, 0xf6f6070a, 0x08f904f2, 0xef07ffff, 0xec02e2ea, 0xf3f1cfe5, \
  0xf8f206f6, 0xddf9fdfc, 0x010ef606, 0xf000f1ff, 0xfb0efaec, 0xf607f60e, 0x1bfd0dfd, 0xd8f50ae8, \
  0xff030507, 0xe6d5e7f0, 0xdb09fc00, 0x0dedf50b, 0x14f500f9, 0xfdf50ef0, 0xfcfaeef4, 0xf802f2ef, \
  0xfa08f5ff, 0xfdff06fc, 0xf4f2fcee, 0xf707edf1, 0x0109f406, 0x03f40006, 0x050200fe, 0xf7fb16e8, \
  0xe810ebf3, 0x01f5f102, 0x10eb0817, 0x090d15fe, 0x05fa0de5, 0xfbf80cee, 0x0308eaf7, 0xfdedf0fc, \
  0x0303f80a, 0xf7f607f7, 0xff0204f6, 0x03f1f1f5, 0x02f1f1f1, 0xf0edf0f3, 0xebf1fa08, 0xf6f801f9, \
  0x0300f9f0, 0xf706e809, 0x08f906f9, 0x00000000, 0x00ff0000, 0x00f404ed, 0xf6090e12, 0x18f2f4ff, \
  0x030bf3ef, 0xf2e1f711, 0x1007100a, 0xe9f7ebf0, 0x00000000, 0x00000000, 0x00fa0807, 0xf605fd04, \
  0x0a02f701, 0xfb0802fd, 0x04ff0505, 0x030709e4, 0xecf808ea, 0x00000000, 0x00000000, 0x00fefd01, \
  0xfb05f901, 0xfbfafff0, 0x040bfe0b, 0xfff4fd04, 0x0601f6f6, 0x0c050d0a, 0xf5f7e514, 0xec021a0c, \
  0x0605f0ed, 0x090af6fb, 0x0afa0bf6, 0xf703f306, 0x0611fffb, 0x040200f9, 0x0506ffff, 0xfd03fbfe, \
  0x010100fa, 0xfd01fc01, 0xfff9fbfa, 0x01fbfd01, 0xf5feecf8, 0xd6f4f9f1, 0xdbf5ff13, 0xf1f01b00, \
  0xfdf000f3, 0x081b0706, 0xeffe0000, 0xfe000000, 0x0000f7fa, 0xf7f5fafa, 0xfcf0fd00, 0x00000000, \
  0x00000000, 0x03feeb12, 0xfff01809, 0x1af2e7fb, 0x00f9eaed, 0xf3e9eefc, 0xf4f805ef, 0x000bfd08, \
  0x273cfe07, 0x1d23fe12, 0xfa0e0400, 0xfcf603f8, 0x09f700fc, 0xf8daf5e1, 0xd0ebedf9, 0xdeeaf5eb, \
  0xd7e9dbf8, 0xeff7faec, 0xe803d8e6, 0x0c05b61c, 0xf7de070d, 0xfaf4e4db, 0x030403fb, 0xfe01f5fe, \
  0x0afc0af5, 0xf7ff0002, 0xf2edfff6, 0xf32c0b21, 0xdae8e701, 0x12f111fc, 0xe7071107, 0xf4eefe0b, \
  0x10f7f411, 0xf6d3dbd9, 0xf3e2f900, 0xff00f5f7, 0xf7fcf7f6, 0xf9fe06fb, 0xf0f3f1f8, 0x050b1922, \
  0x06000617, 0xfb08f1e8, 0xf103e8f3, 0xfb05f60b, 0x1100dcf3, 0x12f0efff, 0xf6f5fa01, 0xf9f902e9, \
  0xf7ef08e9, 0xf1ee0bf7, 0x09f70903, 0xf8efefe9, 0xe6fdf9ec, 0x0304ff02, 0xf7e6e2eb, 0xf8f9f70a, \
  0x030ce9ed, 0x0a1ae1da, 0xe1e4e1f3, 0xe8edf5f6, 0xfd0c0bf9, 0x0a09e8fd, 0xfeddf200, 0x00d3e7f2, \
  0xe6e3dcef, 0xeff0f8ed, 0xed140a00, 0xf4f809f4, 0xf8ffddda, 0xe3f8eef9, 0x061516fe, 0xf1fefb05, \
  0x00f000fa, 0x17fd0d02, 0x11092702, 0xf3ff101b, 0xf0191215, 0x0af80615, 0x21e90603, 0xefe701f9, \
  0xfffbfe01, 0x00fcfafc, 0x19f00014, 0x04d4fadd, 0xd0f104f7, 0x0bf90ee9, 0xf0fbffff, 0xff00ffff, \
  0x00fe0000, 0xfaeef6f4, 0xe613e70b, 0xf6fcfcfe, 0xf1f9fdea, 0xe604e8f1, 0x030ffa0b, 0xfbf10bed, \
  0x10150915, 0xfd0b29fb, 0xe1fde7f9, 0xfe0f181b, 0xe8f0e3e6, 0xdcddf8ed, 0xedfa05f6, 0x080d0ef8, \
  0xe7fa00ef, 0xd5f7f9ec, 0xedfae611, 0x0709f405, 0x10021b0a, 0xe7f8f6ed, 0x01f80f04, 0x04040201, \
  0xf3f7ebf6, 0xe5e7f8f8, 0xe7effeff, 0x03f6ec03, 0x0320e30a, 0x1afb100d, 0x090d1b09, 0xfe03070e, \
  0xf5e6170b, 0x0ef6eeea, 0x060be0f2, 0xffd9e400, 0xeff8f602, 0xfefcfdfe, 0xfdf8f4f1, 0xf807f2df, \
  0xf9eefbfc, 0x0ff4100d, 0x03f000fd, 0xfe04fff7, 0x02fffc0f, 0xfe14fa00, 0x00000000, 0x00ff0000, \
  0xdbeafae6, 0xecf1e803, 0x08e6da01, 0xf4ebfb01, 0xf0d7eb11, 0x00f3080f, 0xe6f6f70d, 0xf713fcf8, \
  0xefee03ee, 0x00000000, 0x00000000, 0x3f000000, 0x00000000, 0x00000000, 0x00000000, 0x00000000, \
  0x00000000, 0x00000000, 0x00000000, 0x00000000, 0x00000000, 0x00000000, 0x00000000, 0x00000000, \
  0x00000000, 0x00000000, 0x00000000, 0x00000000, 0x00f90000, 0x00000000, 0x00000000, 0x00000000, \
  0x00000000, 0x00000000, 0x00000000, 0x00000000, 0x00000000, 0x00000000, 0x00000000, 0x00000000, \
  0x00000000, 0x00000000, 0x00000000, 0x00000000, 0x00000000, 0x00000000, 0x00000000, 0x40000000, \
  0x00000000, 0x00000000, 0x00000000, 0x00000000, 0x00000000, 0x00000000, 0x00000000, 0x00000000, \
  0x00000000, 0x00000000, 0x00000000, 0x00000000, 0x00000000, 0x00000000, 0x00000000, 0x1bf4010a, \
  0x0f19fe04, 0x08fdec2d, 0x0b0306ed, 0x1e05f31e, 0x11fafc0a, 0x081a02f5, 0x0a1c020b, 0x011e0014, \
  0x0805f80a, 0xf50f1602, 0x160a03fc, 0xfe13ff00, 0x0c140def, 0x0efb0b02, 0x050e0011, 0x15060a0a, \
  0x090c040a, 0x0c10fe00, 0x0c071d12, 0xfa0311fe, 0x0ffb0701, 0x040d0306, 0x0e0f0efd, 0x22fa1bfc, \
  0x001f0b05, 0x060c0ef7, 0xff0f150c, 0xfa150700, 0xf9000a08, 0x03fb06ed, 0x09f90000, 0x00000000, \
  0x00103700, 0x501bc2a0, 0x00000022, 0xf118fa01, 0xf604fffa, 0x0e080500, 0xf4060314, 0x02f20a07, \
  0x13f5fefe, 0x220f0b04, 0xec0f03fa, 0x1214fcfb, 0x01f70205, 0x0014fdf8, 0x04021501, 0x0503f710, \
  0x01f201f6, 0x05110cfa, 0xdb13e8fa, 0x0cf1e3ff, 0xf4f10502, 0x020e0ff5, 0xf2020bf8, 0xecf2e7fb, \
  0x01fa0ef5, 0x001602fa, 0x0afb0b05, 0xd4040114, 0xfa06ed16, 0x290304f9, 0xea071000, 0x0710000b, \
  0xfa0003f7, 0xfa0f1a06, 0x18070000, 0x00000000, 0x00ece800, 0x501bc2e0, 0x00000058, 0x00000000, \
  0x00000000, 0x3e000000, 0x00000000, 0x00000000, 0x00000000, 0x00000000, 0x00000000, 0x00000000, \
  0x00000000, 0x00000000, 0x00000000, 0x00000000, 0x00000000, 0x00000000, 0x00000000, 0x00000000, \
  0x00000000, 0x00000000, 0x00ef0000, 0x00000000, 0x00000000, 0x00000000, 0x00000000, 0x00000000, \
  0x00000000, 0x00000000, 0x00000000, 0x00000000, 0x00000000, 0x00000000, 0x00000000, 0x00000000, \
  0x00000000, 0x00000000, 0x00000000, 0x00000000, 0x00000000, 0x40000000, 0x00000000, 0x00000000, \
  0x00000000, 0x00000000, 0x00000000, 0x00000000, 0x00000000, 0x00000000, 0x00000000, 0x00000000, \
  0x00000000, 0x00000000, 0x00000000, 0x00000000, 0x00000000, 0xf6050710, 0x07f4f701, 0xf60b210c, \
  0x251e0902, 0x040e0702, 0xfffef018, 0x0f0f020e, 0x031a1ee4, 0x12fa00f4, 0x05f10cfa, 0x01f62010, \
  0xf620020d, 0x08fb08f9, 0x14fcfa13, 0x08003123, 0x00220003, 0x23fc0213, 0x06fd1308, 0xff02fc14, \
  0xf3eef509, 0xf80bfe03, 0x0a110713, 0xfd070504, 0x240f2220, 0xf9fa0614, 0x0b060c13, 0x0c1b140b, \
  0x05fe03fb, 0x01f80803, 0x1b0701fe, 0x080c1800, 0x03020000, 0x00000000, 0x000a0500, 0x501bc380, \
  0x00000022, 0x09f41f14, 0x130b2404, 0x16fbd5d3, 0xf701e5f4, 0xfaea2b2d, 0xff140af5, 0x0f1908d4, \
  0xca020013, 0x31021ef6, 0x28fd28f0, 0xc4151211, 0xdbdb30f8, 0x3cd0ef04, 0x2713fadf, 0xe82c0c22, \
  0x15e6ff03, 0xeffbebee, 0x4af9f111, 0x4be5d300, 0x20063b04, 0xbdf232d7, 0x1f14d015, 0x0a16cfe8, \
  0x2aecc905, 0x2c15ba0e, 0xc10a45f4, 0xd6ce1b25, 0xf2f4d6d7, 0xc907f0fe, 0xf2d54219, 0x050a0d04, \
  0xc4020000, 0x00000000, 0x00073800, 0x501bc3c0, 0x00000058, 0x00000000, 0x00000000, 0x74000000, \
  0x00000000, 0x00000000, 0x00000000, 0x00000000, 0x00000000, 0x00000000, 0x00000000, 0x00000000, \
  0x00000000, 0x00000000, 0x00000000, 0x00000000, 0x00000000, 0x00000000, 0x00000000, 0x00000000, \
  0x00070000, 0x00000000, 0x00000000, 0x00000000, 0x00000000, 0x00000000, 0x00000000, 0x00000000, \
  0x00000000, 0x00000000, 0x00000000, 0x00000000, 0x00000000, 0x00000000, 0x00000000, 0x00000000, \
  0x00000000, 0x00000000, 0x00000000, 0x3f000000, 0x00000000, 0x00000000, 0x00000000, 0x00000000, \
  0x00000000, 0x00000000, 0x00000000, 0x00000000, 0x00000000, 0x00000000, 0x00000000, 0x00000000, \
  0x00000000, 0x00000000, 0x00000000, 0x05063825, 0xdc131504, 0x212509f0, 0x1905eb0e, 0x1d0211ec, \
  0x07001623, 0x00f40ce4, 0x21e8192b, 0xf9f0f416, 0xfa10051d, 0x0a202905, 0x1cf7f51b, 0xe9fb170e, \
  0x32e60f25, 0x0c291f01, 0xf809fb0c, 0x21082527, 0xfdfe2d14, 0xf71df71d, 0x1ff4ecf8, 0x191e0a1a, \
  0x2a1e140b, 0xff101919, 0x061127ee, 0x23fefd18, 0x0efc141b, 0xfe171205, 0x29ec01f9, 0x04100508, \
  0xfdfaf304, 0x10f6010a, 0x1e190000, 0x00000000, 0x00f6fe00, 0x501bc460, 0x00000022, 0x0b04131f, \
  0xf515030d, 0x012bf105, 0xfaf9fb1a, 0xf70df5f3, 0x051d00e3, 0x0deafcf7, 0xf71b0319, 0x0be30122, \
  0x0838f7d6, 0x0eed08f0, 0xff000a00, 0xf6ed06f5, 0xf5fff902, 0xfe240204, 0xf0e6f40c, 0x091c1af1, \
  0xf702f81b, 0xecfa0812, 0xfe110b15, 0xfa0afd27, 0x100cfe1a, 0x02d312f1, 0x04c1fddd, 0x04eaf8f5, \
  0xfefafb2e, 0x012ff6d7, 0x08f8fcf8, 0x0716f7f7, 0xede5fae3, 0x1612fcf6, 0xf8ec0000, 0x00000000, \
  0x00f00f00, 0x501bc4a0, 0x00000017, 0x00000000, 0x00000000, 0x53000000, 0x00000000, 0x00000000, \
  0x00000000, 0x00000000, 0x00000000, 0x00000000, 0x00000000, 0x00000000, 0x00000000, 0x00000000, \
  0x00000000, 0x00000000, 0x00000000, 0x00000000, 0x00000000, 0x19dc24ed, 0x02f4df27, 0x23000000, \
  0x00000000, 0x00de0000, 0x50580000, 0x00000178, 0x00000000, 0x00fd01fd, 0xfbedfee9, 0xe5f8feee, \
  0xf705fc02, 0xf1051502, 0xfd1701f4, 0x0f10ecf9, 0x1417e502, 0x00000000, 0x00ff00ff, 0xfff7f40e, \
  0x0101fd12, 0xeff702fb, 0xe6e3defe, 0xe3f60803, 0x06f700f5, 0xfafff507, 0xf5f8fffe, 0x0408090e, \
  0xec010402, 0x0a0003ec, 0xf605f8f3, 0xfd09ff08, 0x00000105, 0x09f90809, 0x04f2fcfe, 0x02140ef9, \
  0xf9fafb05, 0xf504fcfd, 0xfdfbfcfe, 0xfefff204, 0x05d5e101, 0xebf8fa06, 0x03fd04ef, 0xeee8ee00, \
  0xf9fb00ed, 0x12f9f0f1, 0x1cf6f306, 0x04ebf1ed, 0x09f9fef8, 0x000602fb, 0xf800f806, 0xf607fdf6, \
  0xf80b07f3, 0xf4f20bdb, 0xf6f8bdf7, 0x03eb02f2, 0xf6e6100a, 0xf6fe1311, 0x05fe0ffc, 0xecf0f7e7, \
  0x000b0afd, 0x0cecf501, 0xf8f5f6e4, 0xfd01fd14, 0x0d01eaed, 0xe9fdece7, 0xf3e6fcf2, 0xfaf0f903, \
  0xfe1bf5fb, 0x0a00fe08, 0xec0af7ff, 0x06f9f8f9, 0x05f405f6, 0x04eee9dd, 0x02f2e4f8, 0xf6fa040a, \
  0xf40008f9, 0x04000af7, 0xf5edf609, 0xfcef00ef, 0xee150ce6, 0xfffaeb0b, 0x06e017f7, 0xdbf80fd7, \
  0xfe050afc, 0x0800f301, 0x06e90404, 0xf2eef0f8, 0xfcfe01ed, 0xf1fdfdf6, 0xfceef6f3, 0xf0f0eaf3, \
  0xf5f1f3f8, 0xf4eeff01, 0xfbfffdfe, 0x00fe0111, 0x10050205, 0x0a09fded, 0x00000000, 0x00000000, \
  0x00f4fe01, 0x15160a17, 0xfcfc0212, 0x01fef905, 0xdff4efea, 0xfd1102f3, 0xe202ffdf, 0x00000000, \
  0x00000000, 0x0002fdfd, 0xff0001fb, 0x00030400, 0xfc020500, 0xfcfcfbf8, 0x0a02fb11, 0xe60703e7, \
  0xffff00ff, 0x01ff03fc, 0x02fe01fa, 0xfe0304fb, 0xfef9f902, 0x00f90001, 0xfcfffdf7, 0xf1f60df0, \
  0x0bfd1105, 0x05f2f8f1, 0xf5010e24, 0x03e8e0e4, 0x0b1207ef, 0x041d0612, 0xfe0212f6, 0xfe0bf7fa, \
  0xfd00fef4, 0x0505f4f5, 0x010001fd, 0x00010100, 0x02fbfcf7, 0xf6faf8f6, 0xf9faf5e8, 0x02f1faf3, \
  0xebf60bf2, 0x0de00d0f, 0x0cf1f410, 0x040501f3, 0xf2f8060b, 0xe0fe00ff, 0xfaf900fb, 0xfb01f9f8, \
  0xf6fbfbfd, 0xf9fcfb00, 0x02fd0001, 0xffff0001, 0x0bf0f7f1, 0x04f31414, 0xf1eb0506, 0x0c040e11, \
  0x06fcf1fc, 0xe11310e2, 0xfd03f814, 0x02fae8e9, 0xe80e01f8, 0xfe1904fe, 0xf6fd0bf6, 0xf7e6f4f7, \
  0xe2faf4e9, 0xe7e8fcec, 0xf1e7e2f1, 0xe4e8f5f5, 0x11f5e9f7, 0x02100ef9, 0x05ede0fa, 0xe4de18f3, \
  0xf6fbfcfd, 0xfaf402dd, 0xeaf20cfb, 0x10030306, 0xf7101306, 0xf1f4f7f5, 0x0323ff16, 0x01fbf3fc, \
  0x100f09f4, 0xf806f200, 0xf8100ff5, 0x020f14f7, 0x14ebf5ff, 0x090cfa00, 0x01ff0101, 0xfe0103f8, \
  0xfcf901fb, 0x09fdfeff, 0x05f51105, 0x11faeef9, 0x07fef5f6, 0x11e41406, 0xe302efe5, 0xe8fadc03, \
  0xfcd7effc, 0xfd060001, 0xfefdfafd, 0xfaf102ef, 0x020cea0e, 0x0602eeee, 0xf2ef0317, 0xfef508ea, \
  0xf613ef01, 0xece8ebf8, 0xf605f8fb, 0x07040d0c, 0x1618f4e3, 0xf4e2edf5, 0x08040e03, 0xededeffe, \
  0xf1fef6f2, 0x0aed0fff, 0x0d01f50f, 0x15fb0ef4, 0x14090f07, 0x04fcfeef, 0x12f4f60e, 0x0505eaf1, \
  0xefedfefa, 0x07f603f7, 0xfdf8eaec, 0x1d0be805, 0xee0606f6, 0xebeafdff, 0xe0001125, 0xf118faf3, \
  0x0417e901, 0x21f3070d, 0xeceeec01, 0x05fdeceb, 0xefece600, 0x02eaf3fc, 0x17fa1408, 0xecf71500, \
  0xf704fef5, 0x090d0000, 0xff00fefe, 0xfd010000, 0x01f80f12, 0x01f4e80e, 0xf60d1ceb, 0xfb1308f5, \
  0xfd0cf406, 0x0810e608, 0x0cf1f7f4, 0x0000fbee, 0x0d0c0c32, 0xf6d8f8f9, 0xf3e4feee, 0x02e20a09, \
  0x04f8e0f1, 0xe6fffcf6, 0xe50a01f9, 0xfcf3fa11, 0xf400eaf4, 0xed030317, 0xfd0cf208, 0x090c0e17, \
  0xfffe0df1, 0x04eff2f1, 0xe5000dee, 0x01f5f4f2, 0xf4ed0af8, 0x0bf3120c, 0xfbff160d, 0xff06ee04, \
  0x0d0308ff, 0xe8ee00fd, 0xffdae7dc, 0xe2e7f103, 0xeae9ecf2, 0xe3efd3d3, 0xefdde5f1, 0x03ecfdf9, \
  0xfcfd05fe, 0xfaf3f3ee, 0x0908f5e7, 0xf8e7ebeb, 0xeef7f1f6, 0xfcf90006, 0xfffc0e07, 0x1106fd09, \
  0x14eefc00, 0x00000000, 0x00000000, 0xf8f5fffb, 0xfb04eeee, 0x0b110f0d, 0x03fb0a02, 0xfb0703ef, \
  0x03f3fd05, 0x16fcf71e, 0xfdef1015, 0xfcf3fc03, 0x00000000, 0x00000000, 0x40000000, 0x00000000, \
  0x00000000, 0x00000000, 0x00000000, 0x00000000, 0x00000000, 0x00000000, 0x00000000, 0x00000000, \
  0x00000000, 0x00000000, 0x00000000, 0x00000000, 0x00000000, 0x00000000, 0x00000000, 0x001a0000, \
  0x00000000, 0x00000000, 0x00000000, 0x00000000, 0x00000000, 0x00000000, 0x00000000, 0x00000000, \
  0x00000000, 0x00000000, 0x00000000, 0x00000000, 0x00000000, 0x00000000, 0x00000000, 0x00000000, \
  0x00000000, 0x00000000, 0x3f000000, 0x00000000, 0x00000000, 0x00000000, 0x00000000, 0x00000000, \
  0x00000000, 0x00000000, 0x00000000, 0x00000000, 0x00000000, 0x00000000, 0x00000000, 0x00000000, \
  0x00000000, 0x00000000, 0x03f40906, 0xea08e408, 0xf21cfc02, 0x0c030406, 0xf900150a, 0x0ff6020b, \
  0x040428f7, 0x1a09f312, 0x13fefaf7, 0x14f3f01a, 0x1a0ff7f4, 0xf4100415, 0x030703db, 0x0a020304, \
  0x06090be6, 0x200aeff6, 0x060310da, 0x0114070e, 0x0e03f9d4, 0x04fe0a16, 0xf7131a05, 0x00fcfcfb, \
  0x0a0e0305, 0xfb04f7fb, 0x040f071d, 0x0617edf5, 0x0a051000, 0x070ef50d, 0xdff91b02, 0xedef0c0d, \
  0xf0f812f3, 0xf6050000, 0x00000000, 0x00f31b00, 0x505802a0, 0x00000022, 0xf4f8dc00, 0xedfafdf7, \
  0x03fe0cf6, 0xf7110ffc, 0xe7f8ff09, 0xfc08fa14, 0x24f90f12, 0xfcf2ff05, 0xeffa0d14, 0xf502ed0f, \
  0xed0ae6fa, 0x00fe1cfd, 0xe60213f0, 0x02000902, 0x0f0ceeed, 0xf9010cfe, 0x00ffc714, 0xf5f2f4f8, \
  0x2d171504, 0xf201f002, 0x0ce3ea09, 0xe7e8e1f9, 0xf100fbf3, 0x19f5f4f7, 0xf8060afe, 0xf412ed04, \
  0xfcf41307, 0x11fe0a04, 0x08fe06f0, 0x14fbf900, 0x0bff4901, 0x10fb0000, 0x00000000, 0x001de000, \
  0x505802e0, 0x00000058, 0x00000000, 0x00000000, 0x39000000, 0x00000000, 0x00000000, 0x00000000, \
  0x00000000, 0x00000000, 0x00000000, 0x00000000, 0x00000000, 0x00000000, 0x00000000, 0x00000000, \
  0x00000000, 0x00000000, 0x00000000, 0x00000000, 0x00000000, 0x00ff0000, 0x00000000, 0x00000000, \
  0x00000000, 0x00000000, 0x00000000, 0x00000000, 0x00000000, 0x00000000, 0x00000000, 0x00000000, \
  0x00000000, 0x00000000, 0x00000000, 0x00000000, 0x00000000, 0x00000000, 0x00000000, 0x00000000, \
  0x40000000, 0x00000000, 0x00000000, 0x00000000, 0x00000000, 0x00000000, 0x00000000, 0x00000000, \
  0x00000000, 0x00000000, 0x00000000, 0x00000000, 0x00000000, 0x00000000, 0x00000000, 0x00000000, \
  0xe9f006f0, 0xfe0cfbfe, 0x0b0706fb, 0x0a00eff3, 0x15e00c07, 0x0003100c, 0x1208f0f0, 0xfbd10d22, \
  0x0d1405fe, 0xf0fd08f9, 0x03200303, 0xf3040a0e, 0xfffbef09, 0x100106ed, 0xf0f90909, 0x0001e4f1, \
  0xda03eb06, 0xf7e5f90d, 0x0af8f9f0, 0x0aeefff1, 0x04fa1101, 0x09fb040c, 0xff0ffafd, 0x1b0a04fa, \
  0x02ee0f02, 0xf8090104, 0x1204effe, 0x09fef60f, 0xdde00905, 0xeaf4f30a, 0x05ff0215, 0x21f80000, \
  0x00000000, 0x000c0d00, 0x50580380, 0x00000022, 0x180b1eff, 0xea11efe3, 0xe655d7e2, 0x0f3be721, \
  0x0becd1d9, 0x12d90819, 0x08e3fd11, 0xeae61305, 0x22fc0e0e, 0x18b80503, 0x1b19eef4, 0xf703e51e, \
  0xf1151cec, 0xdf17e7eb, 0xfad51bf8, 0x16fd093b, 0x0de62cf9, 0xde07f21c, 0xef24efe0, 0xffff0cfa, \
  0x1ad42ab0, 0x07ef37c6, 0x2dfa281a, 0xdc4a1d49, 0x103cfb08, 0x1a01f2ee, 0xf933b6f2, 0x0c08fa2e, \
  0x0408a43f, 0x1715d601, 0x31fdeeff, 0xfb100000, 0x00000000, 0x00d61900, 0x505803c0, 0x00000058, \
  0x00000000, 0x00000000, 0x77000000, 0x00000000, 0x00000000, 0x00000000, 0x00000000, 0x00000000, \
  0x00000000, 0x00000000, 0x00000000, 0x00000000, 0x00000000, 0x00000000, 0x00000000, 0x00000000, \
  0x00000000, 0x00000000, 0x00000000, 0x000b0000, 0x00000000, 0x00000000, 0x00000000, 0x00000000, \
  0x00000000, 0x00000000, 0x00000000, 0x00000000, 0x00000000, 0x00000000, 0x00000000, 0x00000000, \
  0x00000000, 0x00000000, 0x00000000, 0x00000000, 0x00000000, 0x00000000, 0x40000000, 0x00000000, \
  0x00000000, 0x00000000, 0x00000000, 0x00000000, 0x00000000, 0x00000000, 0x00000000, 0x00000000, \
  0x00000000, 0x00000000, 0x00000000, 0x00000000, 0x00000000, 0x00000000, 0x01e7260d, 0xe30304f0, \
  0xfc1102fc, 0xf201e519, 0xf3fa1714, 0x06060c04, 0x1af315fb, 0x0ed3f90e, 0xf509d80f, 0x03f6ef05, \
  0x1e1004fd, 0x12090105, 0xe50008fb, 0x15ddf814, 0xff1307ef, 0xfa08fe0d, 0x1c040607, 0xee010909, \
  0xd417f41d, 0x09e5f015, 0xf0101110, 0x090c0d0a, 0x100cf90c, 0xfcfb041b, 0x17f7f3f6, 0xdf27030b, \
  0x010cfbe6, 0x0bfbf2fc, 0xf6061003, 0xfb0bf8fe, 0x0aede207, 0x05130000, 0x00000000, 0x00f30000, \
  0x50580460, 0x00000022, 0x0c050308, 0xfb0ffd08, 0xfc15fa10, 0xf8fe0411, 0x0508f7fc, 0x00f406dd, \
  0x0804fafd, 0xf6fdfb09, 0xfdf203f2, 0x0d11f525, 0xfefa09f4, 0x08eb0ffe, 0xe7e10bf2, 0xf5fdf2fb, \
  0x0317fae4, 0xf408f0f3, 0x110d05df, 0xf21cf11a, 0xf00a0ede, 0xff06ff13, 0x04f40307, 0xf208fd10, \
  0xfae20ff2, 0x0ecf0deb, 0xfa1b1214, 0x09f3ee2f, 0x04120100, 0x0b0502fa, 0x0e39f70b, 0x07f8f7f7, \
  0x0f0007fe, 0xf9f90000, 0x00000000, 0x00eced00, 0x505804a0, 0x00000017, 0x00000000, 0x00000000, \
  0x53000000, 0x00000000, 0x00000000, 0x00000000, 0x00000000, 0x00000000, 0x00000000, 0x00000000, \
  0x00000000, 0x00000000, 0x00000000, 0x00000000, 0x00000000, 0x00000000, 0x00000000, 0x00000000, \
  0x20e310e8, 0xeef0e5e6, 0x2b000000, 0x00000000, 0x00210000, 0x50584000, 0x00000178, 0xf6060303, \
  0x02f6f7f9, 0x00f0faf4, 0xf6fdeafe, 0xfdfef2f2, 0x10f108f0, 0x10ef0cf6, 0x130900fa, 0xf40b0213, \
  0xfe00ffff, 0xfffffefe, 0xff0cf905, 0x0ef60f00, 0xf8fa19f0, 0xfe09eff5, 0x10fb0dfd, 0x0402fdff, \
  0xfffefe03, 0xfaf10bee, 0xf2ebf101, 0xf3030905, 0xfcebf2f6, 0xeef4f9e5, 0x05edf5f9, 0xe5f7fef7, \
  0x02f9f706, 0x09fd04fb, 0xfffd10f7, 0x04ee0a11, 0xfa09f6f5, 0x0703fbfe, 0x01fefce7, 0xe7fdf2f5, \
  0x09f6ff0e, 0xff03f0f2, 0xecf808ef, 0xedebdcfe, 0x04ebeefd, 0x0ff1edee, 0xfee4f9fa, 0xf50309ff, \
  0xf1f5f805, 0x06fa0505, 0xf5fcf206, 0xfaf0fef2, 0xf1161315, 0xee0a13fc, 0x131807fa, 0x0110fa18, \
  0x051a1011, 0x1b03fb11, 0xf1f512f5, 0xfbea0408, 0xfaefece6, 0xf8000310, 0x0bfaf207, 0xfd120100, \
  0x130cec19, 0x0107fcfc, 0x0fe104f6, 0xf708f9f7, 0xef02e8ff, 0xfbf00fef, 0x0af2f5f8, 0xfcf905fa, \
  0x06f8eedd, 0xfdf9fa0f, 0xec0c05f5, 0xf1030401, 0xfa02f30e, 0xfc100af4, 0x0a03080f, 0xf1fbf9f2, \
  0xece5e6ff, 0x0503ffd8, 0x09edfd02, 0x05dff8f5, 0xff0d0cfa, 0xfaf3fe00, 0x0701f5ec, 0xfa0dfcf1, \
  0xfceafdfa, 0xeeeff8f4, 0xfa06f6fe, 0xeff4fdfa, 0xf8f60103, 0xf8fefeff, 0x05fa05fe, 0x09f80602, \
  0xf1011601, 0x000000ff, 0x0000ff00, 0xffe8ece3, 0x00fbf4f7, 0x0a0b1804, 0xf4030900, 0xe804eaf8, \
  0xe0e9fc07, 0x01f6fd0d, 0x00fffeff, 0xfefeffff, 0xfff7f5fd, 0x02080607, 0x04040000, 0xff0000fe, \
  0x0002fe1f, 0x080d0d02, 0xea0201d9, 0x02fcfa04, 0xf8fbf601, 0x09f9ed0b, 0xed0b0bfe, 0xf7f9ff00, \
  0xff000000, 0x000000e6, 0xf5ebf703, 0xecf7eeea, 0xded5e6e9, 0xfc01de0a, 0x12f3fbff, 0x06041206, \
  0x1402e5dd, 0xf40df8f6, 0x0f03e3f8, 0x0bfdfffc, 0xf0fff30c, 0x000000fd, 0x01000002, 0xfef8f7f6, \
  0xf7f6f6f7, 0xf5f714fc, 0x010b07f4, 0x2006ff12, 0xe2eff805, 0xfa02050c, 0x06001012, 0xf1f6f2f7, \
  0x080206f1, 0xf4eff9ff, 0xf6f6f6f9, 0xf9faf9f9, 0xfafbfe01, 0xf5f4f4f3, 0x00ff06fc, 0xfd130b0e, \
  0x0910fcf4, 0xebf40e03, 0x03030aec, 0x020bfe03, 0x0303f607, 0xedf9020a, 0x0b0df307, 0x0ff90406, \
  0xf502f509, 0xfcf90602, 0xf70708fb, 0xf6070a00, 0xee080ef6, 0xf5081403, 0x0e021313, 0xf3131206, \
  0x0df7eff4, 0xf2060601, 0xf5fff8fc, 0x17fdfbfb, 0xfbf4f9f6, 0x09f102ed, 0xeef4e9fc, 0x05fc0600, \
  0xfe010be9, 0xf5ee0401, 0x0208faf0, 0x13051111, 0x0d05fffc, 0x0cf5f304, 0x010efd0a, 0x1510020f, \
  0x07f70b0b, 0x080af5fc, 0xfef3f6ff, 0x00000000, 0x010000fd, 0xfef2eaeb, 0xf90ef7fa, 0x1107f60e, \
  0xf9fa0b0d, 0xf6fa12f9, 0x120ced14, 0xfdf60bf2, 0xfd07fd00, 0x0907f5f8, 0xf7eff10a, 0xff120dfc, \
  0xfbf9ecfa, 0x071604f5, 0xf40e0506, 0xef0c0f05, 0xfcffecf6, 0xec06f6ec, 0xef020ef3, 0xeffff6ff, \
  0xf9f2fb00, 0xff080cfc, 0xf20cf1fa, 0xe905f101, 0x1700130d, 0xfaff0ef0, 0xedf9f7ff, 0xea0e0501, \
  0x03f902fb, 0xf1f5100d, 0xf10d0000, 0x00ff00fe, 0xff00f904, 0xf4fcfc00, 0xf501fe04, 0x04f1fafd, \
  0xf8f70cf6, 0x01f4fd02, 0xf1fbeaf4, 0xece40ceb, 0xf205fbf8, 0xfd08fd01, 0x0df3ff0a, 0xfaf10cf2, \
  0x0816fa06, 0xfc15f307, 0xf10a0a02, 0xf6f8f8ff, 0xf9f50000, 0x00ff0000, 0xff000009, 0x0b05fc08, \
  0x05f8e800, 0x00e8e311, 0x0fff0a12, 0x08faffe8, 0x11f50506, 0xfceaf4f4, 0x06ea0ef6, 0xf2ec00f1, \
  0xf3f10c07, 0x04fbff07, 0xfc0a1402, 0x08f8fc0f, 0x0909eef1, 0xed05faf7, 0xfe09f202, 0xf1efeff9, \
  0xfcea0412, 0xefeaf7fe, 0xf2f7f2f6, 0x10f3f8ee, 0x10040df1, 0xfbf00900, 0x0a000008, 0x0000f911, \
  0x0b020d0e, 0x0cff1106, 0x17edfe12, 0x08fc0ff0, 0xf1f5fff9, 0x0bf106ff, 0x02fcfb02, 0xfc06fd0b, \
  0xfafb111b, 0x23050f06, 0xf9f30900, 0x000000ff, 0x0000ff00, 0xf0100d0f, 0x0c0a0507, 0x0dedfffc, \
  0xfffffe00, 0xfa01ecfe, 0xec01f802, 0x07fdf800, 0x00000000, 0xfe0000fe, 0xfcfe01fe, 0x03fbf903, \
  0x030e0509, 0x1105f2ef, 0xfcfcf8f9, 0x0208ea01, 0xf8ef09ec, 0x0cf0fffc, 0xf404ef05, 0x00000000, \
  0x00000000, 0x40000000, 0x00000000, 0x00000000, 0x00000000, 0x00000000, 0x00000000, 0x00000000, \
  0x00000000, 0x00000000, 0x00000000, 0x00000000, 0x00000000, 0x00000000, 0x00000000, 0x00000000, \
  0x00000000, 0x00000000, 0x00040000, 0x00000000, 0x00000000, 0x00000000, 0x00000000, 0x00000000, \
  0x00000000, 0x00000000, 0x00000000, 0x00000000, 0x00000000, 0x00000000, 0x00000000, 0x00000000, \
  0x00000000, 0x00000000, 0x00000000, 0x00000000, 0x00000000, 0x3f000000, 0x00000000, 0x00000000, \
  0x00000000, 0x00000000, 0x00000000, 0x00000000, 0x00000000, 0x00000000, 0x00000000, 0x00000000, \
  0x00000000, 0x00000000, 0x00000000, 0x00000000, 0x00000000, 0x00eef2f4, 0x09eef10e, 0xe3ed0c03, \
  0xfcf1fef9, 0xddf9ece5, 0xeceaf0fa, 0x08d9f8f7, 0xe5f3fff1, 0xffd6fa05, 0xf4f503dd, 0xfaebedf5, \
  0xf6ddf7f0, 0xf702f2eb, 0xfbcefeed, 0xf8e4edfb, 0xdbefd8ec, 0xe4f2fe00, 0x0108f1eb, 0xf7f3ed06, \
  0xcef1d7e6, 0xf5e7f8f3, 0xeae6f3f1, 0xf6ece7f3, 0xf00efaec, 0xebd7f2f3, 0xf5fcf8fa, 0xf9ece20a, \
  0x0001ede5, 0xf3efddf2, 0xf6f1ebf8, 0xe6f7f1ff, 0x07db0000, 0x00000000, 0x00e4ff00, 0x505842a0, \
  0x00000022, 0x03021304, 0x050303fb, 0x11f8eefc, 0x12f8fe00, 0xf3f7f90d, 0x12feeaf1, 0xf70502fc, \
  0x010209ff, 0x0b00fbf1, 0xfcfc02fd, 0x02000101, 0xe9f0ef06, 0x0a06fb0f, 0x07f4f103, 0xf4eff80f, \
  0x1006f8f6, 0xfaf5f514, 0xff0609f6, 0x1500ef04, 0x06080a05, 0xe70308f8, 0xfefcf0fe, 0xec0109f6, \
  0xff0207fa, 0x0ffeea00, 0x00f9fbf7, 0xeffa0906, 0xfe040907, 0xfef0fb11, 0x14f50505, 0x0806f3fb, \
  0xf9090000, 0x00000000, 0x00fefa00, 0x505842e0, 0x00000058, 0x00000000, 0x00000000, 0x3a000000, \
  0x00000000, 0x00000000, 0x00000000, 0x00000000, 0x00000000, 0x00000000, 0x00000000, 0x00000000, \
  0x00000000, 0x00000000, 0x00000000, 0x00000000, 0x00000000, 0x00000000, 0x00000000, 0x00000000, \
  0x000a0000, 0x00000000, 0x00000000, 0x00000000, 0x00000000, 0x00000000, 0x00000000, 0x00000000, \
  0x00000000, 0x00000000, 0x00000000, 0x00000000, 0x00000000, 0x00000000, 0x00000000, 0x00000000, \
  0x00000000, 0x00000000, 0x00000000, 0x3e000000, 0x00000000, 0x00000000, 0x00000000, 0x00000000, \
  0x00000000, 0x00000000, 0x00000000, 0x00000000, 0x00000000, 0x00000000, 0x00000000, 0x00000000, \
  0x00000000, 0x00000000, 0x00000000, 0xe600f614, 0xf5fd08f8, 0xeef3ddee, 0xefe00afb, 0xf7fffdf1, \
  0xf4dde1ec, 0xe7e8e7e9, 0xe809f7ee, 0xebeefdef, 0xf8e8f0ff, 0xef04d1d0, 0x0e0800cc, 0xf2edeff8, \
  0xf0fbfe03, 0xeae3f4db, 0x03d5fdfb, 0x011008ce, 0xfdf3cffc, 0x01dff4e0, 0x0100f0f4, 0xeaf9dde5, \
  0xea06e0e4, 0x01ec0cef, 0xccedd8d1, 0x02f6f7f7, 0xecffeffe, 0xf3f0efe5, 0xfee9f7f9, 0x09fb0101, \
  0xcce602f8, 0xd103d6ec, 0x01e60000, 0x00000000, 0x00c3fc00, 0x50584380, 0x00000022, 0x15c909d0, \
  0xd2090bfe, 0x1bd9f6fa, 0xea05f023, 0xea03de04, 0x0ac8f707, 0xe703e930, 0xfb2311f2, 0x36f9ef2b, \
  0x16d20307, 0xf2f4eb24, 0xf7d9e212, 0x2727050d, 0xe0d9e41e, 0xe321ff20, 0x050602f7, 0x10fb0e0f, \
  0xe34102f7, 0xf01d0e07, 0x1bf222f3, 0xf91f12de, 0x0f373015, 0x0d0efcf4, 0xef0c0c10, 0x0c1f21d2, \
  0xf512ff13, 0x07e2d6f8, 0x18050c10, 0x0401fbdb, 0x15d8e806, 0x27d7ec10, 0xdf050000, 0x00000000, \
  0x001e1500, 0x505843c0, 0x00000058, 0x00000000, 0x00000000, 0x7a000000, 0x00000000, 0x00000000, \
  0x00000000, 0x00000000, 0x00000000, 0x00000000, 0x00000000, 0x00000000, 0x00000000, 0x00000000, \
  0x00000000, 0x00000000, 0x00000000, 0x00000000, 0x00000000, 0x00000000, 0x00f00000, 0x00000000, \
  0x00000000, 0x00000000, 0x00000000, 0x00000000, 0x00000000, 0x00000000, 0x00000000, 0x00000000, \
  0x00000000, 0x00000000, 0x00000000, 0x00000000, 0x00000000, 0x00000000, 0x00000000, 0x00000000, \
  0x00000000, 0x3a000000, 0x00000000, 0x00000000, 0x00000000, 0x00000000, 0x00000000, 0x00000000, \
  0x00000000, 0x00000000, 0x00000000, 0x00000000, 0x00000000, 0x00000000, 0x00000000, 0x00000000, \
  0x00000000, 0xf8d8ddd5, 0x04effefd, 0x00b2fdfa, 0xf7ed07fe, 0x05fef4ef, 0xfbebfedb, 0xf7080f09, \
  0xe803e8e7, 0xe400f900, 0xfdd3faeb, 0xdbeeedf2, 0xe60c09fa, 0x0e04ecee, 0xe00debfd, 0x08d9edf0, \
  0xebfa08fd, 0x08f100ec, 0x04f5ebfc, 0xfbf4f8ee, 0xe8040a0b, 0xfb0301f1, 0xcfdae500, 0xf50cd5f4, \
  0xd2f1ce00, 0xd9dbfad8, 0x00eae4da, 0x09e30af2, 0xcffdf1f8, 0xf90e0aec, 0xf9e308d8, 0xe101f107, \
  0xe4c20000, 0x00000000, 0x0006f800, 0x50584460, 0x00000022, 0x0af4f614, 0x25f6f708, 0x0809ffe7, \
  0x0e20f40b, 0x17ec2503, 0x0ff716f2, 0xf813fc00, 0xf3fd1e05, 0x1a0df217, 0x04fe30fe, 0xbc0a0519, \
  0x0a0eeeec, 0xe4d8f513, 0xfdfe1df2, 0x04fe1f0a, 0x0900d512, 0x12eb0ef9, 0xe808ed11, 0xdbf0f7e4, \
  0x17f3f2fa, 0x15f0ffe2, 0x04163002, 0x3107061a, 0xf219d4fa, 0xc81f1b0c, 0x05f8f912, 0x1b0d31ff, \
  0xdf1c09fb, 0xf12a1803, 0x04e2cefb, 0xda24172e, 0xede50000, 0x00000000, 0x00eeeb00, 0x505844a0, \
  0x00000017, 0x00000000, 0x00000000, 0x4d000000, 0x00000000, 0x00000000, 0x00000000, 0x00000000, \
  0x00000000, 0x00000000, 0x00000000, 0x00000000, 0x00000000, 0x00000000, 0x00000000, 0x00000000, \
  0x00000000, 0x00000000, 0x00000000, 0x060ef11a, 0x06ff02d8, 0xf5000000, 0x00000000, 0x00190000, \
  0x50588000, 0x00000178, 0x00ff00ff, 0x00000000, 0x00faeb06, 0x0afff3f3, 0xececfcff, 0xf401fdfd, \
  0x0303eb12, 0xfefbf207, 0xeff9ecfb, 0x00000100, 0x00000000, 0x0002f301, 0xf9faece6, 0xebf6f813, \
  0x12f00802, 0xefecedf9, 0x08050905, 0x03f7f6f3, 0x12140ef8, 0x0eec13ef, 0x0cf7fc06, 0x0cf0e90a, \
  0xeff8ef00, 0x0dfe0109, 0x040e0ef2, 0x0a08f8fe, 0xf308f8f4, 0xeff017e3, 0xe7eee0ea, 0xdf000000, \
  0x00000000, 0x0000dedf, 0xda01f5ef, 0x020d0712, 0x0b08160d, 0xf307f3e4, 0x0a0107f2, 0x00f1ff02, \
  0xf10cf30b, 0xfa07040d, 0x0b00fb09, 0xfffffc05, 0x05ff03f7, 0xfffffdf7, 0xfaf207ff, 0xf100faf8, \
  0x0d08f811, 0x0f0c0ff9, 0x0d03eaee, 0xf1f51e1c, 0xfc19f400, 0xf1eefaf9, 0x17f11007, 0x041a0203, \
  0x111b00f7, 0xecfaf2fc, 0xfc181b24, 0xf80de5a0, 0xc9da051d, 0x11f502ed, 0xf8f8f1ff, 0x08ff04f8, \
  0x0904f504, 0x02fafdf5, 0xfc03f907, 0xfce004e2, 0xf6191b1e, 0x22010302, 0xfc04f8f6, 0xfe06020d, \
  0x2317fb09, 0x00ddecef, 0x0ef9f1f1, 0xefddfdf1, 0xefd7ddde, 0xea0206f0, 0xf4f2f303, 0xf3f4edfa, \
  0x04fff2f7, 0xf4f70702, 0xfc05060a, 0xfaf7f8f8, 0xf3f6faf9, 0xf8f7faf8, 0xf6f9f8f6, 0xf6f40003, \
  0xf901ff02, 0x0000ffff, 0x0215f60d, 0xf304f6f0, 0x00000000, 0x00000000, 0x00e7ea0e, 0x0bf606f6, \
  0x0f020bf7, 0xee0718fe, 0xf3dad001, 0xe3060cf4, 0xf50e03e7, 0x00000000, 0x00000000, 0x00fafdff, \
  0xf901fdff, 0x01fbfafb, 0x0106f8fa, 0x01fcff27, 0x1b100bf9, 0x100afff6, 0x00000000, 0x00000000, \
  0x00fefd00, 0x00ffffff, 0x00fcff06, 0xff020505, 0x0108f5fd, 0xf2feeff3, 0xf20ef8f3, 0x050df515, \
  0x08faf2ea, 0xf911f7f4, 0x0adeedfe, 0x05dcef07, 0xfcf90109, 0x1e06f9ff, 0x0000fcfd, 0x01fe0202, \
  0xfdfdfefd, 0xfe02fefe, 0x00fefd02, 0x00fe02ff, 0x0100dd01, 0x07ec0ae9, 0x17111900, 0xdae2f6d1, \
  0xd016e5d3, 0xf51ff114, 0x03061e0c, 0x01000000, 0x00000000, 0x0000f9fe, 0xfbf5fcfb, 0xfefbfd00, \
  0x00000000, 0xff000000, 0x0bfcf506, 0x0205fcfc, 0x02f5f902, 0x040bf6fe, 0x0a07fa01, 0xfe000505, \
  0x02f90302, 0xfe06f9fe, 0xf80400fa, 0x00000000, 0x00000000, 0x00fffcf6, 0xfd0903f8, 0xfef1100c, \
  0xf5ff07ff, 0xfffaf700, 0x00000000, 0x00000000, 0x0104fe08, 0xf809fb00, 0xf503fef9, 0xfbff04fd, \
  0xf5fcfefe, 0xf40df7fc, 0x0b0501ff, 0xf9080800, 0x0cf50e02, 0xf9fa0eec, 0x0307f80d, 0xf609100f, \
  0xf8f5fffa, 0xef10faf4, 0xf804f3fd, 0x0c01fb02, 0x0b060b03, 0x02fbf904, 0x00010000, 0x00000000, \
  0x000f0105, 0xff09100c, 0x0004000a, 0xf7130608, 0x10fffff7, 0x0dfcf60a, 0x01f60d06, 0x08f9fc00, \
  0x00fd0a09, 0xf3fb0300, 0xfefeff00, 0x010006f8, 0xf90c0aff, 0xf6030108, 0xfff5f3fe, 0x04f303f2, \
  0x00000000, 0x00000000, 0x00fa080a, 0xf9f905ff, 0x040001fc, 0x0201fcfc, 0x02fffdf4, 0x000d0c02, \
  0x03f407fd, 0x080b00f6, 0xfbfbfdfc, 0xfbf408ff, 0x060a06fb, 0x0ff805f8, 0xfa05f8fb, 0xfd05fb03, \
  0x04f9ff00, 0x0cf507ef, 0xf3f5040c, 0x0dfbf5f3, 0x08fff6f3, 0x0b08faef, 0xf600fdff, 0x02ff0100, \
  0x0000fff5, 0xf3f8f7f5, 0xf60b0708, 0xf4fa1011, 0x0bf001ef, 0x000002fe, 0x0101fefc, 0x03000000, \
  0x00000000, 0x00000008, 0xfbfff604, 0xf9fcfb02, 0xfaf905f4, 0x07fc0408, 0x0607fdfe, 0xfa00fc03, \
  0xff0a07f8, 0x0beef2ed, 0xfcf0f6f8, 0x0600f3f4, 0xfc08fdef, 0x1201faf3, 0xf70308f8, 0xff0c00ff, \
  0xf70afe03, 0x020807fb, 0xf20c0305, 0x02f60405, 0x0df905ff, 0x11f1faf4, 0x0f0e0e0b, 0x000a03fb, \
  0xf4000000, 0x00000000, 0x0000f3fb, 0x130e0cf9, 0x09040b08, 0xefef0dee, 0xf4f70e10, 0xfa04fc04, \
  0xfd0af702, 0x0dffeff9, 0x0400f20d, 0x040106fa, 0x00010501, 0x00fcfb00, 0x00000000, 0x00000000, \
  0x00000000, 0x00000000, 0x00f9f8f8, 0x0805fff1, 0xfc04ff04, 0x06fb0102, 0x0606fb00, 0x00ff0000, \
  0xff000000, 0xfc000100, 0xfe010001, 0x000400f9, 0x030000fc, 0xfafeef0d, 0x040c0410, 0x0f07eff8, \
  0xf4f507fd, 0x0103f907, 0x00000000, 0x00000000, 0x40000000, 0x00000000, 0x00000000, 0x00000000, \
  0x00000000, 0x00000000, 0x00000000, 0x00000000, 0x00000000, 0x00000000, 0x00000000, 0x00000000, \
  0x00000000, 0x00000000, 0x00000000, 0x00000000, 0x00000000, 0x000e0000, 0x00000000, 0x00000000, \
  0x00000000, 0x00000000, 0x00000000, 0x00000000, 0x00000000, 0x00000000, 0x00000000, 0x00000000, \
  0x00000000, 0x00000000, 0x00000000, 0x00000000, 0x00000000, 0x00000000, 0x00000000, 0x00000000, \
  0x3d000000, 0x00000000, 0x00000000, 0x00000000, 0x00000000, 0x00000000, 0x00000000, 0x00000000, \
  0x00000000, 0x00000000, 0x00000000, 0x00000000, 0x00000000, 0x00000000, 0x00000000, 0x00000000, \
  0x0c110102, 0x1400ef0b, 0x0204ee02, 0x02f3faec, 0xedf71b02, 0x0b05fa08, 0xf8f6fa13, 0x02e50904, \
  0xf1f70204, 0xfefafee7, 0xfc06f8fa, 0x02f1f407, 0x0c19f7f6, 0xfeeb0922, 0x0113fd0a, 0xfdfcf7f9, \
  0x01f00adc, 0xf802fbfb, 0xfa0e0afc, 0xf400f5fd, 0x05020a0b, 0x0bf60e06, 0xf7f806f7, 0x02fff702, \
  0xfeebfafb, 0x0003e40e, 0x0bfaf1f8, 0xf7fb0bf8, 0x1209fdea, 0x0609f0ff, 0xfc14ffe3, 0xf1010000, \
  0x00000000, 0x00f10c00, 0x505882a0, 0x00000022, 0x0ff0faf6, 0x09f9f611, 0x06020406, 0x0406faf2, \
  0xfce40ef7, 0x0c0c0523, 0x0efbeb00, 0xfd0411f7, 0xe60ffb0d, 0xec0208f9, 0xf4fe0801, 0x10f9f80b, \
  0x11050b09, 0x1503eb08, 0x05f0f4fb, 0x1e021003, 0x08e4fe0e, 0x12010603, 0x120cea02, 0x2af8f10d, \
  0xedf70a02, 0x01f10308, 0xf8160d05, 0xe90411fe, 0xfaf104f2, 0x100208f5, 0xe9f4e2f1, 0x03f80303, \
  0xf104f705, 0x04fdf302, 0xf7160009, 0xf9080000, 0x00000000, 0x00faff00, 0x505882e0, 0x00000058, \
  0x00000000, 0x00000000, 0x3c000000, 0x00000000, 0x00000000, 0x00000000, 0x00000000, 0x00000000, \
  0x00000000, 0x00000000, 0x00000000, 0x00000000, 0x00000000, 0x00000000, 0x00000000, 0x00000000, \
  0x00000000, 0x00000000, 0x00000000, 0x00070000, 0x00000000, 0x00000000, 0x00000000, 0x00000000, \
  0x00000000, 0x00000000, 0x00000000, 0x00000000, 0x00000000, 0x00000000, 0x00000000, 0x00000000, \
  0x00000000, 0x00000000, 0x00000000, 0x00000000, 0x00000000, 0x00000000, 0x3e000000, 0x00000000, \
  0x00000000, 0x00000000, 0x00000000, 0x00000000, 0x00000000, 0x00000000, 0x00000000, 0x00000000, \
  0x00000000, 0x00000000, 0x00000000, 0x00000000, 0x00000000, 0x00000000, 0x090d0bfa, 0xfff80df8, \
  0x16f4f6fb, 0xfd05f909, 0xe9e5fbf6, 0x05010cf0, 0xff03090b, 0xf5eaffff, 0x0903ff02, 0xef10f9f9, \
  0x10fbfc08, 0xf9ecfaf5, 0x00e8feff, 0xe103f6e3, 0x07fdfae0, 0xfa010b0e, 0xd7ffd7f8, 0x0801020e, \
  0xf20108f3, 0x0801f704, 0x0f050608, 0x04fb06fe, 0xf6fefe0a, 0xf4ebe803, 0xf90d04ff, 0x0609fa0b, \
  0x0308f711, 0x0c1017f2, 0xe4fc03f2, 0x1300f701, 0xfa09fdfa, 0x06080000, 0x00000000, 0x0003f700, \
  0x50588380, 0x00000022, 0x0ff6eaed, 0x1c14f2fb, 0xfcfbfd26, 0xe7290503, 0x0f02f40e, 0x1aec23f7, \
  0x230512fb, 0xe0fbff0a, 0xf90329f8, 0x0a04eef4, 0x040400f0, 0x0cdbe91c, 0xf6fefd1b, 0xecfdd2f4, \
  0xd1fdf7f6, 0x14e3e408, 0x00f7e8f0, 0xf612e305, 0xece4e5ee, 0x0d01e30e, 0xfdf00ef2, 0x11f42902, \
  0x33f0fdfc, 0xddfee70e, 0x1ff72910, 0x4a18160b, 0x1b0bd2fe, 0x01fffaf4, 0xce01fa12, 0xff0ee3fd, \
  0xfeef0009, 0x1b010000, 0x00000000, 0x00044100, 0x505883c0, 0x00000058, 0x00000000, 0x00000000, \
  0x76000000, 0x00000000, 0x00000000, 0x00000000, 0x00000000, 0x00000000, 0x00000000, 0x00000000, \
  0x00000000, 0x00000000, 0x00000000, 0x00000000, 0x00000000, 0x00000000, 0x00000000, 0x00000000, \
  0x00000000, 0x00f30000, 0x00000000, 0x00000000, 0x00000000, 0x00000000, 0x00000000, 0x00000000, \
  0x00000000, 0x00000000, 0x00000000, 0x00000000, 0x00000000, 0x00000000, 0x00000000, 0x00000000, \
  0x00000000, 0x00000000, 0x00000000, 0x00000000, 0x3e000000, 0x00000000, 0x00000000, 0x00000000, \
  0x00000000, 0x00000000, 0x00000000, 0x00000000, 0x00000000, 0x00000000, 0x00000000, 0x00000000, \
  0x00000000, 0x00000000, 0x00000000, 0x00000000, 0xfc18fb05, 0x07fd0600, 0xe10a000b, 0xe9f90de4, \
  0xe50607f0, 0x020202fe, 0x09fbfd0b, 0x09f500f8, 0x0a0604f7, 0xf4fd0afa, 0xfaf703ff, 0x050bfd0c, \
  0x06f8fd03, 0x10fddb11, 0xef040918, 0xfb090905, 0xfa0ae4f7, 0x1306e008, 0xe9fbfef7, 0xf704cef5, \
  0xdcf90700, 0x090202fe, 0xf10e0a0d, 0x05f607fa, 0xfa0afc10, 0xf616fa04, 0xfa020df8, 0xfe030cf2, \
  0x02de0403, 0x05f111fe, 0x070501fc, 0x0df30000, 0x00000000, 0x00fbfd00, 0x50588460, 0x00000022, \
  0x1a001bf1, 0x12fc0417, 0x09fbf21a, 0xf11ce6f8, 0x0ce0ff1e, 0xf5fef620, 0x09e80802, 0xe31a0310, \
  0x1307f324, 0x281111e1, 0x0de40e04, 0x0005f9ff, 0xfdfefb01, 0xedff0325, 0xf0f5070c, 0xf3090104, \
  0x01d91110, 0xedfbfafa, 0xeff2fa0f, 0xf3eb2d05, 0x0dee0a11, 0xf7f204f0, 0x001e16ee, 0x17fbf0ef, \
  0x02f906f7, 0x0af6f806, 0x1416f7ff, 0xfd0a0e01, 0x00fa0303, 0xfff7f0fa, 0x0b0cfe04, 0xe6fa0000, \
  0x00000000, 0x00e60200, 0x505884a0, 0x00000017, 0x00000000, 0x00000000, 0x4e000000, 0x00000000, \
  0x00000000, 0x00000000, 0x00000000, 0x00000000, 0x00000000, 0x00000000, 0x00000000, 0x00000000, \
  0x00000000, 0x00000000, 0x00000000, 0x00000000, 0x00000000, 0x00000000, 0x0aee0422, 0xd0032106, \
  0x02000000, 0x00000000, 0x00f90000, 0x5058c000, 0x00000178, 0x01fefe01, 0xfeff0000, 0x00ecf009, \
  0xf105f9ea, 0x050504fe, 0xf003f500, 0x05f3f8e1, 0xedfaf6e8, 0xf201ecff, 0x0000ff00, 0xffff0000, \
  0x000fe3fc, 0x14fa03f1, 0xfc0becfc, 0xf7f4f7f5, 0xdb060ff7, 0xf30409f7, 0x07fefd09, 0xece5e4fc, \
  0x1218ffef, 0x07f9ede0, 0x02e7f1d5, 0xe306eb16, 0xfaff17f1, 0x010bf505, 0xf805f203, 0x00ff0b00, \
  0xf2defc0a, 0xf00601f4, 0xfc000000, 0x00000000, 0x0000f40b, 0xf9f5f001, 0xf2f20cf9, 0xf2f0fb0e, \
  0x09f0eff3, 0xf709feef, 0x0902edf5, 0x0ff80dfe, 0x0bf800f0, 0x03f006f4, 0x09f50006, 0x000bf5f5, \
  0x0107f3f6, 0x0901fd01, 0xfee8e7df, 0xe5e2dbe8, 0x09f2defc, 0xf401e8ef, 0xfdfbd3dd, 0xe805f6ff, \
  0x06f9fc01, 0x0aebeeff, 0xe1eeeffb, 0xf2ff15f2, 0xefe9fdf3, 0xf6d6e909, 0xfe1009f4, 0xfd070805, \
  0xe10618ed, 0x0b07e6ff, 0xfb06f1f9, 0x020af70a, 0xf5ff0500, 0xfcfcf704, 0xfae3f0ed, 0x01ed0cf0, \
  0xe20afef5, 0x02f8fcf7, 0xf70303ee, 0xe7f5fb00, 0x15f5fb13, 0xfbf4fe10, 0x0201f301, 0xf9ef0f17, \
  0xe91004ee, 0xfc140208, 0xf2f8eefa, 0xee0af405, 0xfff30df0, 0x0901fffb, 0xfcfdfcf9, 0xfc00faf5, \
  0xfdeceff4, 0xeceff6ea, 0xf2f7fd04, 0x04030303, 0x01010107, 0x03f1ed0c, 0x00e5f7f3, 0x00000000, \
  0x00010000, 0x0014130c, 0xf0ec1404, 0x1713e907, 0xeaea0e07, 0xf7e5fd07, 0xf7f70e12, 0x04f4e4f8, \
  0x00000000, 0x00000000, 0x00f803f6, 0x020305f7, 0xf7f406ff, 0xfa050207, 0xf8f901e3, 0xe5ef0a0e, \
  0x04fd08f4, 0x00000000, 0x00000000, 0x00020702, 0xf9010105, 0x00010af4, 0xf2ff01f3, 0xf60505fc, \
  0x07fe0602, 0xeff512ff, 0x0d01f111, 0x140b0b0f, 0x0f0807ff, 0x0c15300d, 0x1f1b0718, 0x18fc1703, \
  0x0811f802, 0x0000fe00, 0x0004fe00, 0x010202fb, 0x0404ff04, 0x01000100, 0x0101fd00, 0xfe00ed03, \
  0x1ae2f211, 0xf0fd00f2, 0xe6ebe5f9, 0xf5d9e1f2, 0x0ef7f102, 0x0afa0a09, 0x17000000, 0x00000000, \
  0x00000104, 0x01020104, 0xfe000100, 0x00000000, 0x00000000, 0x0209f5f8, 0x0c020af5, 0x05efefff, \
  0x0d050604, 0xfdf90001, 0x03fc01fd, 0xfffefe03, 0xfff805fa, 0xfef80400, 0x00010000, 0xff020000, \
  0xff02fcfe, 0xfafcfbfc, 0x05ff0bf7, 0xfc070bf9, 0xf807000b, 0xfd080bfd, 0xfe0a0501, 0x00000000, \
  0x00000000, 0x00fe02fe, 0x0101ff01, 0xfdfff2f4, 0x02f9fe07, 0xf701f7f8, 0xfef5fdfe, 0x010406f9, \
  0xfdfc0005, 0xf90403fd, 0xfdfdf103, 0x06f10708, 0xf104fd08, 0x0003fafe, 0x07ff0800, 0xfe00fe00, \
  0xffff0100, 0x00000000, 0x00000000, 0x00fafffb, 0xfe06eff1, 0xf1fb0508, 0x15fe0a17, 0xf5f715fc, \
  0x09fc01fa, 0xfb0ffbff, 0x00000000, 0x00000000, 0x00000606, 0xfafbfffa, 0xfa03f5f4, 0x12f80111, \
  0x060f1107, 0xf2f70200, 0x0808f6fd, 0x00000000, 0x00010000, 0x00090002, 0xfefbfc0b, 0x05f500fd, \
  0xfffafd01, 0xfbf8fd09, 0xf7f208ed, 0x04020ffa, 0xfdfbffff, 0x040ef40a, 0xfb03f709, 0x0405090c, \
  0x010d0000, 0xff00ffff, 0x00010100, 0xff000001, 0x0000fe00, 0xf60b0cf2, 0x0007f30b, 0x0000f701, \
  0x01f5f503, 0xeffe0000, 0x00000000, 0x000000ff, 0x03fb00fd, 0xff010000, 0x0b00f30c, 0x03f2fff4, \
  0xf700ff02, 0x00000100, 0x00020000, 0x00000000, 0x000000f7, 0xf9fdfffb, 0x03fcfefa, 0xfe0a000c, \
  0x02f30306, 0x04f9f8f1, 0xff070f05, 0x0707eff9, 0xf007f1fd, 0xf9fff3fa, 0x03fefb02, 0x00fc0000, \
  0x14f60f0f, 0xfdf906f8, 0xfc0dfef9, 0x0e09ff0b, 0xf8f8f60a, 0x01ffeffc, 0xfb03fb04, 0x050befef, \
  0xee0a0a01, 0x03f303fb, 0x060bfe0b, 0xfb000000, 0x00000000, 0x000005f6, 0x02faf80c, 0xf515fa0b, \
  0xf805effa, 0xfbf8f0f4, 0xfc0e0d00, 0xfe0c0bf7, 0xf9000000, 0x00000000, 0x000007fc, 0xfff9fa01, \
  0xfdfb0200, 0x00000000, 0x00000000, 0x0102fe01, 0x01030000, 0x00000000, 0x00000000, 0x0000fa04, \
  0x04f8f7f8, 0x03f7f500, 0x00000000, 0x00000000, 0x00000200, 0x00000000, 0x0002fa00, 0xf900f6fc, \
  0x08080309, 0xf503fbfc, 0x0d06fa00, 0x0000ff00, 0x0000ffff, 0x00000000, 0x00000000, 0x3f000000, \
  0x00000000, 0x00000000, 0x00000000, 0x00000000, 0x00000000, 0x00000000, 0x00000000, 0x00000000, \
  0x00000000, 0x00000000, 0x00000000, 0x00000000, 0x00000000, 0x00000000, 0x00000000, 0x00000000, \
  0x000d0000, 0x00000000, 0x00000000, 0x00000000, 0x00000000, 0x00000000, 0x00000000, 0x00000000, \
  0x00000000, 0x00000000, 0x00000000, 0x00000000, 0x00000000, 0x00000000, 0x00000000, 0x00000000, \
  0x00000000, 0x00000000, 0x00000000, 0x3d000000, 0x00000000, 0x00000000, 0x00000000, 0x00000000, \
  0x00000000, 0x00000000, 0x00000000, 0x00000000, 0x00000000, 0x00000000, 0x00000000, 0x00000000, \
  0x00000000, 0x00000000, 0x00000000, 0x1a12edff, 0xf924fef8, 0x0bfdfa24, 0x04de06fc, 0x10fb13f8, \
  0x2f0e0315, 0x0017fcfb, 0x0120070b, 0x1f1517fd, 0x12fdf0ef, 0xfa2b0602, 0x01f5ff1f, 0x13f8ed19, \
  0x0d1c0afc, 0x06110101, 0x0b07f608, 0x11f402f2, 0xfefcfff8, 0xf5fe0fe9, 0x06f9f90c, 0xea132701, \
  0xff0f0004, 0x04fd03fe, 0x100304ff, 0x1c0919fd, 0x053eda05, 0x0505f1f0, 0x05fbf319, 0x031519f9, \
  0xe3020225, 0x04300605, 0xfbfa0000, 0x00000000, 0x00ff0100, 0x5058c2a0, 0x00000022, 0xf50a1510, \
  0xfd110607, 0xf8edf40a, 0xeff5eff3, 0x0b0709e3, 0xff130af5, 0x0d0203f9, 0xe700fced, 0x0701080d, \
  0xea04f502, 0xfc010c04, 0x26f30009, 0xf7f20d02, 0xfe0102f1, 0xe003f504, 0x1803fef4, 0xfd150614, \
  0xfdf4f308, 0xf2000205, 0xfa1213f0, 0xfa0e0eed, 0xf7051701, 0x0c1512f7, 0x03f501f7, 0x01f304fa, \
  0x0c120bfd, 0xfff201fc, 0xf8fafaf7, 0x1207060c, 0x0602ecfa, 0xeff2eefc, 0xeffd0000, 0x00000000, \
  0x00f90b00, 0x5058c2e0, 0x00000058, 0x00000000, 0x00000000, 0x3c000000, 0x00000000, 0x00000000, \
  0x00000000, 0x00000000, 0x00000000, 0x00000000, 0x00000000, 0x00000000, 0x00000000, 0x00000000, \
  0x00000000, 0x00000000, 0x00000000, 0x00000000, 0x00000000, 0x00000000, 0x00fd0000, 0x00000000, \
  0x00000000, 0x00000000, 0x00000000, 0x00000000, 0x00000000, 0x00000000, 0x00000000, 0x00000000, \
  0x00000000, 0x00000000, 0x00000000, 0x00000000, 0x00000000, 0x00000000, 0x00000000, 0x00000000, \
  0x00000000, 0x3d000000, 0x00000000, 0x00000000, 0x00000000, 0x00000000, 0x00000000, 0x00000000, \
  0x00000000, 0x00000000, 0x00000000, 0x00000000, 0x00000000, 0x00000000, 0x00000000, 0x00000000, \
  0x00000000, 0x11f602f5, 0xff00ffee, 0x01080c0e, 0x06160eea, 0x00effc0f, 0x03f7fbfc, 0x0c060b08, \
  0xfbf7fb12, 0x3911050d, 0x0afcffee, 0x07f4080d, 0xf3090707, 0x1224f3f4, 0xf013e9f9, 0x0efe2414, \
  0xf90cf507, 0xfdf2021e, 0xfef01ef5, 0xf102fe13, 0xfaf6f301, 0x130715f9, 0x09121404, 0x041506f8, \
  0x0305f806, 0xf9f3f904, 0x010afd18, 0x061bf311, 0xeb0bfd01, 0xf4f002fe, 0x05fdfdfe, 0x0b061400, \
  0x10fc0000, 0x00000000, 0x00190d00, 0x5058c380, 0x00000022, 0x0b2d190d, 0xd4eb0008, 0x0df7e9df, \
  0x10f91d15, 0xd6fe0406, 0x1908fc07, 0x211bd8ee, 0x1afd21ed, 0x251fd9f2, 0x0fd8f60e, 0xe82beb15, \
  0x11e30203, 0x22ec4b03, 0x0a01eb14, 0x32f2a206, 0xf5081fc9, 0x29fcac05, 0x0506c2c8, 0x4f10fff9, \
  0x1501ead2, 0xd81103fe, 0x0426a8fa, 0xc0181425, 0xd4392111, 0xef01d6fb, 0xda1eff01, 0xe8d6191e, \
  0xea151312, 0xfdfae6ff, 0xecf5f403, 0x01f03ff2, 0x00080000, 0x00000000, 0x00e0df00, 0x5058c3c0, \
  0x00000058, 0x00000000, 0x00000000, 0x74000000, 0x00000000, 0x00000000, 0x00000000, 0x00000000, \
  0x00000000, 0x00000000, 0x00000000, 0x00000000, 0x00000000, 0x00000000, 0x00000000, 0x00000000, \
  0x00000000, 0x00000000, 0x00000000, 0x00000000, 0x00120000, 0x00000000, 0x00000000, 0x00000000, \
  0x00000000, 0x00000000, 0x00000000, 0x00000000, 0x00000000, 0x00000000, 0x00000000, 0x00000000, \
  0x00000000, 0x00000000, 0x00000000, 0x00000000, 0x00000000, 0x00000000, 0x00000000, 0x3d000000, \
  0x00000000, 0x00000000, 0x00000000, 0x00000000, 0x00000000, 0x00000000, 0x00000000, 0x00000000, \
  0x00000000, 0x00000000, 0x00000000, 0x00000000, 0x00000000, 0x00000000, 0x00000000, 0x210004fd, \
  0xf2fe0af6, 0x030cf9f2, 0xebf4efe3, 0xf9011c00, 0x0ff1ff00, 0x06f2fff7, 0xf9e50902, 0x04f40401, \
  0xeffaf5f6, 0x13081809, 0x07fdef01, 0x03fb02f9, 0xfef60320, 0xf604100f, 0xf71b00f2, 0x1f19f2fd, \
  0x0a110314, 0x01f2fb1d, 0x13e502fa, 0xfbfefd0c, 0x19120401, 0xfdef0210, 0x03060908, 0x06ffed02, \
  0x11f4071f, 0xf719fa15, 0x020106e1, 0xe4f60125, 0x0ffae80d, 0x14e624fa, 0x0e0c0000, 0x00000000, \
  0x00020200, 0x5058c460, 0x00000022, 0xfe0a0d04, 0x0909fdf7, 0x0408f5f5, 0xf7fcec16, 0x08faf6f0, \
  0x05f00102, 0xfcfb0402, 0xf00103f9, 0x11ee0e00, 0x1707fc0d, 0x03030ef7, 0x01eefffe, 0xf6f4ed0e, \
  0x0608fdfc, 0xed0b07f6, 0xfa06f702, 0x0b0d08fa, 0xf8fbfd00, 0xe8ff03e8, 0xf7000e04, 0xfefa01fc, \
  0xf61307f3, 0x07040cfc, 0x14ef01fc, 0x110809ff, 0x0102ff07, 0x05fffffb, 0x041006ff, 0x060b0004, \
  0x06f1f5fe, 0x0cfb0bfb, 0xf0f50000, 0x00000000, 0x00fafd00, 0x5058c4a0, 0x00000017, 0x00000000, \
  0x00000000, 0x51000000, 0x00000000, 0x00000000, 0x00000000, 0x00000000, 0x00000000, 0x00000000, \
  0x00000000, 0x00000000, 0x00000000, 0x00000000, 0x00000000, 0x00000000, 0x00000000, 0x00000000, \
  0x00000000, 0x31eef2fb, 0xe5081621, 0xf7000000, 0x00000000, 0x00e70000, 0x50590000, 0x00000178, \
  0xff0000fc, 0xfeff0100, 0xfdf90cf6, 0xfff0f6f8, 0x05f1fce9, 0xf80d06fc, 0x0e00f316, 0x0ef511ff, \
  0x18170819, 0xffff0000, 0x0000ff00, 0x00e2f7fe, 0x01f61503, 0xf5051105, 0xeb1bfbe8, 0x1c16f207, \
  0xf7fc01fd, 0xf806f6ff, 0x12150f01, 0x06e703fd, 0xeff7f503, 0x08f7f00b, 0x00fc0af9, 0xf401e9ea, \
  0x0de50bf9, 0x01fb08fa, 0xff06f601, 0xfa0412fd, 0x1309f00e, 0x03fe0101, 0x00020200, 0xff01fdfb, \
  0xff031ef4, 0x141c0bf2, 0x18faf4f5, 0x0808ebe0, 0x0cf8e60e, 0xf405f616, 0xfef60803, 0xff060406, \
  0xe8fff700, 0xfdfa0003, 0xff040405, 0x02fbf6f4, 0xfff40705, 0x0c1a082b, 0xff0411f2, 0xfb1cf5ec, \
  0xfe080e03, 0x0b101407, 0xf1ed050c, 0x04ef0ffb, 0xd4dbf2f7, 0x01fbe3f2, 0x03ecea02, 0x01f10afb, \
  0xf4150ae5, 0x180d0812, 0xed0de7df, 0xf5f7e9e7, 0xe6e8fff9, 0xf00efded, 0x01f9f30e, 0xfefd09f9, \
  0xff06fa01, 0x01f00fe4, 0x0af6f1fb, 0xf60201fb, 0xfa07f5fb, 0x0000f9fc, 0x05f9f20b, 0xfeee03fc, \
  0x05e6ecf9, 0xfed9fde7, 0xd61502e6, 0x1b0ceb02, 0xf4f2eb03, 0xebf3f0f2, 0x00efedff, 0xf4050bfe, \
  0xfceaed0a, 0xf7fbf0f8, 0xf100f6fd, 0xfafaf7f8, 0xeff6f7f3, 0xf4f10602, 0xfefc01fb, 0x01fe0107, \
  0xff0c0803, 0xf4ef1afe, 0x00000000, 0x00000000, 0x00f00602, 0xff0005f7, 0x01f2f9f6, 0xf416fae9, \
  0xe3eefb10, 0x000f0806, 0xf1dfe7f8, 0x00000000, 0x00000000, 0x00fc0201, 0xfcfd02ff, 0xfffd0000, \
  0xfc01fffd, 0xfffdfd09, 0xfd2307f1, 0x0109eee9, 0xff000000, 0x0000ff01, 0x01f9fcf9, 0x0405f8fc, \
  0x0004fcf9, 0x04f9fbf9, 0x06f8fe05, 0x070804fa, 0xeef2f704, 0x04ebfbe0, 0xd7f3ebfa, 0xeaf4dd06, \
  0xf70ff200, 0x090beaf8, 0xf10113f8, 0x0cfa13fb, 0xf9fd0701, 0x02fffd03, 0x010100ff, 0x0001ff00, \
  0xfffcfcf8, 0xfbf9f8f9, 0xf7f8f10e, 0x09091705, 0x210df300, 0xe9ed08ea, 0xe40211f2, 0x051227fe, \
  0x0112ef06, 0xf30000fd, 0x02ff00fe, 0x02fdf5f9, 0xfbfafbf9, 0xfcfaf802, 0x0201fd00, 0x010300ff, \
  0xf62108f6, 0x0708de11, 0xfb17fcf5, 0x2508fe2b, 0x2108d3e9, 0xe9e2f4fa, 0x0b00f1f3, 0x090cdf0d, \
  0xe5e3fd30, 0x2a1a151c, 0x0c280718, 0xf6f2e7f6, 0xf105f1ea, 0xe5ee1a10, 0x021101ed, 0x2b0ff9f9, \
  0x01ddd6df, 0xf5e3c8dc, 0xfd07f3de, 0xeae3eded, 0xf9fa090e, 0xfef8fffe, 0xfdf01215, 0x1bfd0bf7, \
  0xe0e2f225, 0x1015f11e, 0x03133518, 0x0bf7e5d2, 0xdae9dbd4, 0xf4191efa, 0x111b000f, 0x1d13deed, \
  0xeedbe3f2, 0xd5dbe001, 0xfefaee03, 0xf9f7fef9, 0xf4f2f5f9, 0xf6f7f5f2, 0xf51ae6e0, 0xececc9dc, \
  0xf0fa10f2, 0xe90debf6, 0x02f60124, 0x04131919, 0xff0d0608, 0xebf801ef, 0xfe010100, 0xfbf913f5, \
  0x16ebea06, 0xfe0308ec, 0xfc09ff04, 0xf2fbfdfb, 0xfc090b17, 0xe6fffc0e, 0x0a000e07, 0x071a2e15, \
  0x1dfee105, 0x1b17ff2c, 0x23154e10, 0xd632f4f5, 0x202d0a13, 0xfaf81ffe, 0x1019f9ff, 0x13f4f321, \
  0xffef2325, 0x2dced5e4, 0xf0dad10d, 0xfee01009, 0x03130f10, 0x1911f6f7, 0xf5fc00f5, 0xfcfdf3ff, \
  0xfe0d14e8, 0x0904e9fc, 0xf3ee18e9, 0x2a190c1f, 0x1e18fc0a, 0x0bfe1613, 0xf31104f6, 0xfcf8f1f4, \
  0xf2f0f1f5, 0x05e8f0e5, 0xfa061701, 0x11f6f116, 0xca0f22ed, 0xff120000, 0x00000000, 0x0000fe01, \
  0xefd401eb, 0xf3f30503, 0xe9f202fc, 0xf9fcf9fd, 0xe40b0bfc, 0xe8ece2df, 0xdcf20413, 0xfbfa00f4, \
  0x061a02fc, 0x06f92119, 0xec1d01eb, 0xb6caf0cf, 0xf8f2fcfb, 0xe9f0fa16, 0xf1041edc, 0x12001600, \
  0x07e8f9eb, 0xebf5f015, 0xfaed240f, 0x0c1606f0, 0xfe15f902, 0xf71efc01, 0x0bfbff03, 0xf2f8e805, \
  0x08f8ebe9, 0xd903fefc, 0x18120cfa, 0x1323f1f4, 0x0fecf2ec, 0x022003f7, 0x040fe4fb, 0xfc0e05df, \
  0x0bf5f5e5, 0xe9f90105, 0xfbf108ec, 0xdfd1c9e1, 0xfbf9f1fb, 0xf806fef8, 0xdd001be3, 0x0710dee4, \
  0xf4eaf4fc, 0xf2f9f116, 0x0afaeffa, 0x25040708, 0xdbfa10ff, 0x00ff0000, 0x00000000, 0x471ee730, \
  0xf1d50109, 0xf0030901, 0x12121938, 0x301f11fe, 0xfff807f7, 0xe5efe904, 0x0ae80404, 0xf906f6f4, \
  0x00000000, 0x00000000, 0x40000000, 0x00000000, 0x00000000, 0x00000000, 0x00000000, 0x00000000, \
  0x00000000, 0x00000000, 0x00000000, 0x00000000, 0x00000000, 0x00000000, 0x00000000, 0x00000000, \
  0x00000000, 0x00000000, 0x00000000, 0x00f30000, 0x00000000, 0x00000000, 0x00000000, 0x00000000, \
  0x00000000, 0x00000000, 0x00000000, 0x00000000, 0x00000000, 0x00000000, 0x00000000, 0x00000000, \
  0x00000000, 0x00000000, 0x00000000, 0x00000000, 0x00000000, 0x00000000, 0x40000000, 0x00000000, \
  0x00000000, 0x00000000, 0x00000000, 0x00000000, 0x00000000, 0x00000000, 0x00000000, 0x00000000, \
  0x00000000, 0x00000000, 0x00000000, 0x00000000, 0x00000000, 0x00000000, 0xe0c2eef4, 0x062411f7, \
  0xf907c3f5, 0x07e6f9f1, 0x20f20102, 0x00ff0cf3, 0xe4f9d810, 0x1a1c0313, 0xe8e809fc, 0xdff1b918, \
  0x1403f51a, 0xe00700f7, 0xfbe80dd1, 0xfdfffc01, 0x05100414, 0x08f7f6fd, 0x00fbee19, 0x11e807f7, \
  0xea0ce516, 0x05f8091d, 0xf507f0e5, 0xf4fd08f5, 0xe50ef803, 0xffecf30f, 0x0015f107, 0xf50affde, \
  0xf00cfc0d, 0xe6edf2fa, 0xf1ee13ff, 0x080414cf, 0xc3e8fdc9, 0xfb030000, 0x00000000, 0x00fcf500, \
  0x505902a0, 0x00000022, 0x0bf70a0a, 0xf9060d01, 0xf702fdee, 0x0418fb1a, 0x01f9fdea, 0xff03e9f9, \
  0xee04f9ff, 0x0df41106, 0x0902f70d, 0x01010405, 0x0ef0f904, 0xf80be5fe, 0x13f113f9, 0xfc1002eb, \
  0xf9f80e05, 0xf60004fa, 0xf3effcfc, 0x07090e07, 0x0b0805ed, 0xfb07090d, 0xfef805ff, 0x03050b10, \
  0xf10af70b, 0xf61305f0, 0x0b09fd02, 0xfcfd16eb, 0xfdeff502, 0x0a09ef08, 0x010a0c20, 0xf5eb0606, \
  0xf307fafc, 0xfefb0000, 0x00000000, 0x00e81500, 0x505902e0, 0x00000058, 0x00000000, 0x00000000, \
  0x38000000, 0x00000000, 0x00000000, 0x00000000, 0x00000000, 0x00000000, 0x00000000, 0x00000000, \
  0x00000000, 0x00000000, 0x00000000, 0x00000000, 0x00000000, 0x00000000, 0x00000000, 0x00000000, \
  0x00000000, 0x00dc0000, 0x00000000, 0x00000000, 0x00000000, 0x00000000, 0x00000000, 0x00000000, \
  0x00000000, 0x00000000, 0x00000000, 0x00000000, 0x00000000, 0x00000000, 0x00000000, 0x00000000, \
  0x00000000, 0x00000000, 0x00000000, 0x00000000, 0x40000000, 0x00000000, 0x00000000, 0x00000000, \
  0x00000000, 0x00000000, 0x00000000, 0x00000000, 0x00000000, 0x00000000, 0x00000000, 0x00000000, \
  0x00000000, 0x00000000, 0x00000000, 0x00000000, 0xf00ef9ea, 0xfef4000d, 0xfa0e02d8, 0xe00706dd, \
  0x0203ed10, 0xf0f7fc05, 0xfc04ebe7, 0xfd0907d4, 0xf715fd05, 0xd702f708, 0xf414f001, 0x01f9f502, \
  0xdddd0bf8, 0x01fb0210, 0xe9e8e6f1, 0xf6f3e10e, 0x07e9e907, 0xe0faf001, 0xcf11f3de, 0xf602ee06, \
  0xf102eefb, 0xe60dfc0a, 0xff07edf6, 0x0cfe23fa, 0xf500f905, 0xe9f70500, 0xe6c3f8c0, 0x2008efe8, \
  0x1ff7f3f4, 0xf6fbf8f8, 0x01ed06f8, 0x00e10000, 0x00000000, 0x00faf400, 0x50590380, 0x00000022, \
  0xecf22422, 0x11082408, 0xe3eddfd3, 0xdc13eb0e, 0x09e8ec00, 0x03fbe7e1, 0xfaf103ff, 0xed10fd18, \
  0x54141bde, 0x1ff113eb, 0xe9351630, 0x17ef070b, 0xf50011d9, 0xf5e0f6f4, 0xf711f601, 0x11eed4d3, \
  0x12022131, 0x0401ecf0, 0x0402cf0b, 0x090903f1, 0xe9070dfb, 0xeafe121e, 0x110002ec, 0x140f1b07, \
  0xed1bf3fa, 0xeafe1830, 0x12f70b1b, 0x0009ea06, 0xf4fdfbe6, 0xfbf2e302, 0x2debf4f2, 0xf7dc0000, \
  0x00000000, 0x00fdf900, 0x505903c0, 0x00000058, 0x00000000, 0x00000000, 0x75000000, 0x00000000, \
  0x00000000, 0x00000000, 0x00000000, 0x00000000, 0x00000000, 0x00000000, 0x00000000, 0x00000000, \
  0x00000000, 0x00000000, 0x00000000, 0x00000000, 0x00000000, 0x00000000, 0x00000000, 0x00f10000, \
  0x00000000, 0x00000000, 0x00000000, 0x00000000, 0x00000000, 0x00000000, 0x00000000, 0x00000000, \
  0x00000000, 0x00000000, 0x00000000, 0x00000000, 0x00000000, 0x00000000, 0x00000000, 0x00000000, \
  0x00000000, 0x00000000, 0x40000000, 0x00000000, 0x00000000, 0x00000000, 0x00000000, 0x00000000, \
  0x00000000, 0x00000000, 0x00000000, 0x00000000, 0x00000000, 0x00000000, 0x00000000, 0x00000000, \
  0x00000000, 0x00000000, 0xd9eef1f4, 0x16ddf0f3, 0x05af0709, 0x09d902e7, 0xf106eaf9, 0xe1f3e0bd, \
  0xf0f8030f, 0xf40ee4d2, 0xfbf6ccd8, 0xe1e0f2db, 0x04bbe8ec, 0xe3fffcda, 0xc9fcf8f6, 0xce1810e5, \
  0xf2cb08ea, 0xe104f3e9, 0xfddeefe6, 0xf8eef6f5, 0x0bbbe6e4, 0xf5fa050e, 0x06f315e5, 0xf3f9e5e5, \
  0xf4cfecfe, 0xebf5bafa, 0xf101f5f6, 0x1beadaf1, 0x0df9f7ef, 0xbdf1e419, 0xfafafed6, 0xe7eb00f2, \
  0xe806e3df, 0xfcf40000, 0x00000000, 0x00fccd00, 0x50590460, 0x00000022, 0x04eae709, 0xf612e4f8, \
  0xfc07f1f5, 0x0308f806, 0x02fa1efa, 0x0a15040e, 0x0cfde601, 0x0104f9f7, 0xf6070215, 0xf6ff43fb, \
  0xed0dea0b, 0x120702f0, 0xfffd140e, 0x020bf1fc, 0x1d01f3f9, 0x1ff60303, 0x0e0af7f9, 0x2ffa0b07, \
  0x0d02f0f5, 0x0805f016, 0x070a0a06, 0x0b0513f9, 0x05f70d18, 0xf4ee09e4, 0x020002fa, 0xfef40816, \
  0xe50a07f2, 0xfc022b0e, 0xf512e703, 0x05ffd202, 0xf0fbfb04, 0x0ef70000, 0x00000000, 0x0006f200, \
  0x505904a0, 0x00000017, 0x00000000, 0x00000000, 0x57000000, 0x00000000, 0x00000000, 0x00000000, \
  0x00000000, 0x00000000, 0x00000000, 0x00000000, 0x00000000, 0x00000000, 0x00000000, 0x00000000, \
  0x00000000, 0x00000000, 0x00000000, 0x00000000, 0x21dd2419, 0x24c806e8, 0xc5000000, 0x00000000, \
  0x00020000, 0x50594000, 0x00000178, 0xfd0100fc, 0x0002fd00, 0xfef103ef, 0xfc00fdee, 0xece7eb09, \
  0x1a08051e, 0x110b1113, 0xebe90318, 0x05110e08, 0x00000000, 0x00000000, 0x00030110, 0xefede7d7, \
  0xedd011f8, 0x02f9f304, 0x19020702, 0x00000002, 0x00000100, 0x00f809f6, 0xfe06f306, 0xf2fef7f0, \
  0xf00c03e2, 0xfcf5f001, 0xfdfc02fe, 0xec0b0900, 0xfffe0101, 0xfe02ff00, 0xeef5e914, 0xf5081910, \
  0x16000000, 0x00000000, 0x000014fa, 0xe70308ea, 0x1df706f9, 0xf8e1fff4, 0xffffff10, 0xfffe19fe, \
  0xfdf1f1f5, 0xf002fdfc, 0xf7040aea, 0x06eefefe, 0xfefe0201, 0x0104ffff, 0x01fcfef9, 0x020403fe, \
  0x13f3f225, 0x11cf1fd3, 0xecfc0ef0, 0x22e90306, 0x0119fffa, 0xf4f6f9e5, 0xfb05ee04, 0xe9e5f0ec, \
  0xefe7fcf0, 0x0406170f, 0x03f30614, 0x10eff2fd, 0x0007fc0b, 0x091309f6, 0xff070bed, 0xeff101ec, \
  0xfef704f8, 0x0dfbf10c, 0x00000000, 0x000001ff, 0x00110714, 0x0c1ef90b, 0x0dfe0000, 0x02fd0102, \
  0xff00fe0b, 0xfe060efe, 0xec110e07, 0xf3fb09f6, 0xf50e0901, 0xfd1ffff6, 0x14ecf1eb, 0xe00304fd, \
  0xfff30203, 0x01fd0605, 0xfe020a00, 0x00060000, 0xfaf9f7f8, 0xf8f7f9fc, 0xfcfdfbf7, 0xfafaf8f4, \
  0xf7f901fe, 0xfcfc0000, 0xf9f6f7fa, 0xeefef7fa, 0x08071100, 0x00000000, 0x00000000, 0x00e3f700, \
  0xf30000f6, 0x00000bdd, 0xd817f3f2, 0x0103131f, 0xf1ed18fb, 0xfe05080d, 0x00000000, 0x00000000, \
  0x00ff01fe, 0x00ff0000, 0x00fe0000, 0x00000000, 0x000000f9, 0x0201d0e9, 0xe5e3ded1, 0xfefc0103, \
  0xfe01fe01, 0x0105fcf8, 0x0500fd02, 0xfb010000, 0x00000000, 0x000000fc, 0x0000ff00, 0x00f000fd, \
  0xcae621e1, 0xeb11cfbc, 0xf309f71b, 0xef080d04, 0xfed70afa, 0x0218f902, 0xecdace02, 0xfcff0200, \
  0xfd000000, 0x000000ff, 0xff000000, 0x00fffff9, 0xfffcf8fc, 0xf9f8f7fe, 0xfd0efe13, 0x09fddcfe, \
  0xee0ff8f2, 0x0b1206f0, 0xfbeaeaf2, 0xf6e9e6d8, 0x0000fafd, 0xfcfa0101, 0x0101fafb, 0xfafafcf9, \
  0xf9f9f700, 0x00000000, 0x00000000, 0xf9edfbfe, 0x0ae901f4, 0xe9f70906, 0x05fef9ef, 0x02fff8f1, \
  0xf306f508, 0x29f9dcfc, 0x0f0ef2fb, 0x09f7f71b, 0xf402fcfc, 0x01fe0313, 0x021f0b07, 0x04f602fd, \
  0x04ecf9fb, 0x0800f4ed, 0xf6e9f9e9, 0xf1ff0005, 0xfe0df8eb, 0x02f91ffd, 0xfd20f309, 0x23fe05e7, \
  0xe4f8eee8, 0xf4021412, 0xecff02f7, 0x110cf916, 0xf8e90404, 0x0e0c15ea, 0xf5001903, 0xfb060af9, \
  0x0b0301f3, 0xfa12f71b, 0xfffbd5ee, 0xf8e5e702, 0xeae715f4, 0xfdfffcff, 0xfff90602, 0xf1f3f6f2, \
  0xf6f7fff1, 0xf3070a1d, 0x06eff80c, 0xf706fadc, 0xd3e4eae7, 0xe5e5ece9, 0xeddddbfe, 0x09dff1ee, \
  0xfafbeced, 0xedf3fcf3, 0xf00af207, 0xfd18f611, 0xf0fbe5df, 0xffefdd0b, 0xf1e1ed16, 0xf6f801f0, \
  0x08f6e601, 0x000801fb, 0x04f60803, 0x13f6fceb, 0x06ebfade, 0xd0ec0914, 0x07180efb, 0x0405e80d, \
  0x11f5090f, 0x00f50712, 0x1106f405, 0x05f00ef6, 0xf1fef3fa, 0x06001118, 0x19fcf0e5, 0xf8ea06e8, \
  0xf4effbf2, 0xf4fbf1f6, 0xf30104ec, 0xf405f8e7, 0xfcf2efec, 0xf2fdedf9, 0x0ff11bf7, 0x1022f5f4, \
  0x17edff15, 0xeee6fff2, 0xfcf2fa06, 0xf3fc02fe, 0x10010d00, 0x0403150a, 0x030902ff, 0x01f5f9ff, \
  0xfff1fdf7, 0x00fdfe00, 0xfbf8f8ea, 0xe91014fe, 0xfb0d0df8, 0xdb02e8f4, 0xebf4eef8, 0x0e090b13, \
  0xfcf804f4, 0xf60a0410, 0xfd0709e9, 0x151c0704, 0x13eb08fa, 0xdfdc0a14, 0xeef810f4, 0xe8fdf30c, \
  0xeff1e5e7, 0xd0dbf0f1, 0xfa0bf202, 0xf4f6f9f4, 0x15f2f1f2, 0x060deffd, 0x0906ef06, 0x0d1af1f9, \
  0xf7f40810, 0x07e802e7, 0x0e01fff1, 0xf2f407fe, 0xd7ebe50c, 0xe6120edb, 0xfa15f1fe, 0xfae6effc, \
  0x09020511, 0xff170af3, 0xe8040e01, 0xf31015f7, 0x1709e6ea, 0x03f3f808, 0x09f508f3, 0xfcfcf6fb, \
  0xfbf9f8f2, 0xf7f0fb08, 0x0f0afb02, 0xf905e3f7, 0x04ec02fe, 0xe7f7f80e, 0x07fb141a, 0x0f13fdff, \
  0xffff0100, 0x0000ff01, 0x1806ee1b, 0x090b1e01, 0x0404f10a, 0xf002ff0c, 0xf608f306, 0x0200070d, \
  0x0d1304dc, 0x10fffdfb, 0xe7e0f00d, 0x00000000, 0x00000000, 0x40000000, 0x00000000, 0x00000000, \
  0x00000000, 0x00000000, 0x00000000, 0x00000000, 0x00000000, 0x00000000, 0x00000000, 0x00000000, \
  0x00000000, 0x00000000, 0x00000000, 0x00000000, 0x00000000, 0x00000000, 0x00060000, 0x00000000, \
  0x00000000, 0x00000000, 0x00000000, 0x00000000, 0x00000000, 0x00000000, 0x00000000, 0x00000000, \
  0x00000000, 0x00000000, 0x00000000, 0x00000000, 0x00000000, 0x00000000, 0x00000000, 0x00000000, \
  0x00000000, 0x40000000, 0x00000000, 0x00000000, 0x00000000, 0x00000000, 0x00000000, 0x00000000, \
  0x00000000, 0x00000000, 0x00000000, 0x00000000, 0x00000000, 0x00000000, 0x00000000, 0x00000000, \
  0x00000000, 0xefde01fe, 0x0fd90007, 0xf3091ff1, 0x02180306, 0xef09faf5, 0xb5d1f5e3, 0xfff016f1, \
  0xfce3ebd5, 0x0ffaf905, 0xd2fdfefa, 0xf5baeafa, 0xe9f1f2dd, 0xbafef2e0, 0xe9ea0106, 0xeff2ffde, \
  0xf7e6feee, 0xfbf5fafe, 0x11fbfaf0, 0xf8f70ef5, 0xf7fa02e4, 0x1403def2, 0x07f0f2e1, 0xfeeefe02, \
  0xeef4f4fd, 0xf8e2d3f6, 0x00d2fbf8, 0xf8efdff8, 0x01f5f4fe, 0xe3d2cdf9, 0x130a0506, 0x14e30013, \
  0x03fd0000, 0x00000000, 0x00f9f700, 0x505942a0, 0x00000022, 0xf3041af8, 0x0ffa17fe, 0xfae619fd, \
  0x03f904fa, 0x10f31507, 0xf304dc15, 0xfdff0ae5, 0xf102020a, 0x0d0c08f5, 0x0ae6faf9, 0xfd090316, \
  0xf0f8fafa, 0x0ffefbf1, 0x0f0e050f, 0xed1ff502, 0x0bf81f03, 0x0604e00c, 0x0502fcf7, 0x090deefe, \
  0xf9061201, 0xe90100f1, 0xf41be019, 0xf2f6edff, 0x081cfcf4, 0x0310f610, 0xfb070102, 0x00f71803, \
  0xf606eefe, 0xf0010202, 0x1de8fe13, 0xeaf1f408, 0xf3fd0000, 0x00000000, 0x00000700, 0x505942e0, \
  0x00000058, 0x00000000, 0x00000000, 0x40000000, 0x00000000, 0x00000000, 0x00000000, 0x00000000, \
  0x00000000, 0x00000000, 0x00000000, 0x00000000, 0x00000000, 0x00000000, 0x00000000, 0x00000000, \
  0x00000000, 0x00000000, 0x00000000, 0x00000000, 0x001d0000, 0x00000000, 0x00000000, 0x00000000, \
  0x00000000, 0x00000000, 0x00000000, 0x00000000, 0x00000000, 0x00000000, 0x00000000, 0x00000000, \
  0x00000000, 0x00000000, 0x00000000, 0x00000000, 0x00000000, 0x00000000, 0x00000000, 0x40000000, \
  0x00000000, 0x00000000, 0x00000000, 0x00000000, 0x00000000, 0x00000000, 0x00000000, 0x00000000, \
  0x00000000, 0x00000000, 0x00000000, 0x00000000, 0x00000000, 0x00000000, 0x00000000, 0xfd10060f, \
  0x03001402, 0xfe05fbec, 0xe1efee0f, 0x11fe08eb, 0x01fa01f3, 0xe7fcfafb, 0x0dfe0df5, 0xc7e5fbda, \
  0xf60e0515, 0xf204fbee, 0x1bf9f7f6, 0xef10050f, 0xfff506fe, 0xe706f0eb, 0x02e9f405, 0x132014d6, \
  0x250ee808, 0x0ff30207, 0x0c05050b, 0xce0c04ff, 0xfafafded, 0x0ce60d0d, 0xf4ee0007, 0x150f0101, \
  0xffdf16da, 0x0cf70cfc, 0x15ffe10b, 0x0afe00ff, 0x1104f904, 0xdde7eafa, 0xecf80000, 0x00000000, \
  0x00f21000, 0x50594380, 0x00000022, 0x21063be6, 0xef290ff7, 0xf81aefef, 0x0d25eeea, 0xe011c6f4, \
  0xf8f4f208, 0x0800fa08, 0xea1c0b09, 0x1b0c1ff2, 0x24f1ded2, 0x231d03e7, 0xf718f70e, 0x321318db, \
  0xf71ecef8, 0xe1b7caf9, 0x050d21ea, 0xecced8ee, 0x26efec34, 0x263af2d0, 0x11f12d0a, 0xcdd520bf, \
  0x01d0a6d4, 0xe81f1d3b, 0x180c320d, 0x1f03e002, 0x0aecf905, 0xc741f318, 0x23ecfd13, 0x1b25cc12, \
  0xfa220fff, 0x0745f612, 0xec060000, 0x00000000, 0x00d91500, 0x505943c0, 0x00000058, 0x00000000, \
  0x00000000, 0x7c000000, 0x00000000, 0x00000000, 0x00000000, 0x00000000, 0x00000000, 0x00000000, \
  0x00000000, 0x00000000, 0x00000000, 0x00000000, 0x00000000, 0x00000000, 0x00000000, 0x00000000, \
  0x00000000, 0x00000000, 0x00f00000, 0x00000000, 0x00000000, 0x00000000, 0x00000000, 0x00000000, \
  0x00000000, 0x00000000, 0x00000000, 0x00000000, 0x00000000, 0x00000000, 0x00000000, 0x00000000, \
  0x00000000, 0x00000000, 0x00000000, 0x00000000, 0x00000000, 0x42000000, 0x00000000, 0x00000000, \
  0x00000000, 0x00000000, 0x00000000, 0x00000000, 0x00000000, 0x00000000, 0x00000000, 0x00000000, \
  0x00000000, 0x00000000, 0x00000000, 0x00000000, 0x00000000, 0xf1003c00, 0x1310f11b, 0xfcfb1602, \
  0x072b1322, 0x0d09f504, 0x01210a02, 0x13040616, 0x1307ee12, 0x0022e906, 0xfeed1704, 0xee18eefa, \
  0x11121516, 0x0211f5f0, 0xfaf40edd, 0x1e21f00a, 0x00e70b20, 0xfaec0a03, 0x0b0101f7, 0x0e3f08f0, \
  0xfa130c0d, 0x051a140c, 0xe8e80810, 0xf812f8ff, 0x02fc0a1e, 0x200d0cfb, 0x0022ff09, 0x21e503f8, \
  0x0424101c, 0x150b05f7, 0x0af817fc, 0xfe12ed0c, 0xf4130000, 0x00000000, 0x0020ee00, 0x50594460, \
  0x00000022, 0x010c0d04, 0x1503fdf8, 0x0ae60bfe, 0x02f6f6fa, 0x1d121603, 0xfd0a12f9, 0x00f7fcfa, \
  0xf8fb040d, 0x110df4f6, 0x13f00aff, 0xdb1a1408, 0xfd02f6ef, 0xf30df9fe, 0x120a0bff, 0x03041904, \
  0x16ede402, 0xfc1611f8, 0xfbf5fae5, 0xe708df08, 0x09fa01f5, 0x14100705, 0xfa072702, 0x09fb06fc, \
  0xeb06ea0d, 0xcbfbff0f, 0x0f0a04f5, 0x07fc1e1b, 0xdef708f1, 0xeeebfcef, 0xfff6d50f, 0xf5e20eeb, \
  0xf50d0000, 0x00000000, 0x0014ec00, 0x505944a0, 0x00000017, 0x00000000, 0x00000000, 0x5a000000, \
  0x00000000, 0x00000000, 0x00000000, 0x00000000, 0x00000000, 0x00000000, 0x00000000, 0x00000000, \
  0x00000000, 0x00000000, 0x00000000, 0x00000000, 0x00000000, 0x00000000, 0x00000000, 0xcdf4001e, \
  0x1dfbd8d2, 0x33000000, 0x00000000, 0x001f0000, 0x50598000, 0x00000178, 0xfc000200, 0x03fbfe02, \
  0xfbf8ecf9, 0xe7041006, 0xf309020a, 0x03fff8ee, 0x1307e5fa, 0xfaf40c10, 0x050bff0a, 0x00fa0102, \
  0x0304fefc, 0x03e1f9fa, 0xf411fb16, 0xfd0cedeb, 0xf9ffea02, 0xeceaf40d, 0xf00709fa, 0x07f905f7, \
  0xfff4e0fc, 0x04f804e9, 0x0ce8e6ec, 0xfaffe9ec, 0xf1f6f0e2, 0x10080016, 0xf8e70f07, 0xfbf6f207, \
  0xfbf70807, 0x1d1701f3, 0x0d010ff0, 0xf9000000, 0x00ff0001, 0x01fdfe16, 0xfe1803f4, 0xf0fc0dee, \
  0x010902f0, 0xf907e901, 0xf702ff00, 0x00ea17fb, 0x19050116, 0xfa07f0f9, 0xfef4090c, 0x060204f1, \
  0x0c08f1f7, 0xfffbfb0e, 0xfef9ef00, 0x1712f51d, 0xeeec05ce, 0x00f61000, 0xf70ffbef, 0x0619fc0b, \
  0xfc0a0918, 0xf5fcfde8, 0xe417f3f5, 0x010306f0, 0xebebfceb, 0x0dfce3f2, 0x0bdef702, 0xd4fae9ed, \
  0xfaf4f70f, 0xef0fe802, 0xeff40910, 0xeded0302, 0xe9edeafd, 0x06f9f3ef, 0x020c00f5, 0xef08effe, \
  0xfced02f7, 0xf708fafb, 0xf9f60704, 0x0409f9f5, 0xfdfcf70a, 0x08e9edee, 0x0d1705ed, 0xf3df06f1, \
  0xfcf31ef1, 0x060df2f8, 0xedf3f206, 0x09f60b05, 0x0c060700, 0xf806fa0b, 0x0f00ec02, 0x0103fdf6, \
  0xec06f6eb, 0x03f1f0f3, 0xf1f3f1ef, 0xf0f1fd0a, 0x0af6faf2, 0x0602fc13, 0x04f102f3, 0x011626f6, \
  0x0001fe00, 0xffff0000, 0x0106f70d, 0xfe0ff717, 0x04120701, 0xea0ee7ee, 0x0ef5e811, 0x040912f4, \
  0x02f3f2fe, 0x00000000, 0x00000000, 0x00040bf4, 0x02f4fcf8, 0x03010909, 0xfdfafd05, 0xfcf50901, \
  0xed110ef5, 0x0501f7fd, 0x000000ff, 0x00000100, 0x00f8fcfb, 0x05000301, 0x03f9f2f4, 0x08fb050a, \
  0xf9fdfa09, 0xf0fef605, 0x12eef5f4, 0x03f4ecf5, 0xfaed0eff, 0xfae1f303, 0xf9ebfb19, 0x19f7020d, \
  0xed07000e, 0x0dfef102, 0x05faf5f5, 0x03f2f302, 0x0301fbfc, 0x0405f8f9, 0xfaf40102, 0xf8fcf8fb, \
  0x01f8faf4, 0x07070df0, 0xf4e5fb09, 0xe5e8f1f8, 0xf20611fe, 0x0f0821e4, 0x0c09f1e8, 0xff00ff00, \
  0xfffd0002, 0xfd00f5f9, 0xf6f5faf8, 0xf6f8f800, 0x00000000, 0x0000fefe, 0x01f7df0f, 0xf2090107, \
  0x0e191001, 0xfcf0ddf8, 0xe0dee1ee, 0xff0deeee, 0x00e0e6ef, 0x150a0c17, 0x0a080d12, 0x0dbfdaf9, \
  0xf3e11707, 0xe20bfa0c, 0xfce5070e, 0x11081e26, 0x01fcfd0e, 0xef0109e4, 0xfc0602e0, 0x0909fc01, \
  0x130d20ff, 0x1c0ce3f8, 0x02f804f0, 0xe5e9f9e4, 0xe0f7060f, 0x0c0aeeec, 0xfb0afafe, 0xf9ef04f0, \
  0xf8e9e203, 0x08162518, 0x0b37202a, 0x0ef80819, 0xfef5010f, 0xfb1d130a, 0xe7cadaf0, 0xf0e50103, \
  0x04080708, 0x02ff0d08, 0x000000f6, 0xfafffcf5, 0xf5fe1b1b, 0xf8111502, 0x0709efee, 0xf9eaeff7, \
  0xedfffbff, 0xfaecf4f7, 0x02fe13fc, 0xf3f7fafa, 0xfdf9e8f6, 0xf9e0e5ee, 0xf4f2e6f8, 0xdde91b0e, \
  0xff110dde, 0xe7dfe4ef, 0xebfcf3e8, 0xf803f604, 0x0006fffd, 0xeee9f702, 0xef0a05dc, 0x00f2e8f7, \
  0xea0deaf0, 0x02071109, 0x091412e1, 0xf9f2f7ef, 0xfcf8f3e2, 0x05f3dbfc, 0x040211fb, 0x070ffc11, \
  0xf7f829f3, 0xfb09ecff, 0xf7f6e8eb, 0xf4ef02f6, 0xf4000302, 0xfbfdfe01, 0x071813f8, 0xfb05070c, \
  0x0cf50515, 0x02f3f8f4, 0xde040821, 0x2ddaf61a, 0xdfd5fef9, 0xf9fffbf8, 0xfc00fef8, 0x2511e919, \
  0x1f022603, 0x05f4f7f6, 0x00f8e908, 0x02fd0000, 0x00000000, 0x000000f9, 0x140b141a, 0xf3fdf9ed, \
  0x0cd7c012, 0xf4fdf7f0, 0xfdf5fd03, 0x13ea010a, 0x0a04ed03, 0xf307fd01, 0xe3fff90f, 0xf6d7eed6, \
  0xd1faece4, 0xdfe50901, 0xf2e7edf6, 0x08f5eed6, 0xdff6d9dd, 0x02060012, 0xfbee12fa, 0x04fa0604, \
  0x140b0005, 0x11f01315, 0xfcf71c02, 0x0306160c, 0x0f1d08f0, 0x12f7faec, 0xf0f6f6f5, 0xf00ae6e8, \
  0x0003ecfb, 0xf2f7f9f8, 0x00f60aff, 0x111003f4, 0x0708f207, 0xf7fe03fc, 0x0f0c0b00, 0xf108d9f2, \
  0xfcf0030d, 0xfe191bf0, 0xeef0f6f2, 0xf5f9f7f7, 0x0cf6fbe9, 0xf0d9d2ea, 0xf00204e9, 0x0c0500e9, \
  0xfffdeff4, 0xf40aff18, 0xf5071c00, 0x00000000, 0x00000000, 0xe0f0f5f2, 0x11041eff, 0x04f3090e, \
  0xe10bfe04, 0x05f7001c, 0x0809eb0c, 0xf801f806, 0x1fe3fe09, 0xf5e8e5e2, 0x00000000, 0x00000000, \
  0x40000000, 0x00000000, 0x00000000, 0x00000000, 0x00000000, 0x00000000, 0x00000000, 0x00000000, \
  0x00000000, 0x00000000, 0x00000000, 0x00000000, 0x00000000, 0x00000000, 0x00000000, 0x00000000, \
  0x00000000, 0x00eb0000, 0x00000000, 0x00000000, 0x00000000, 0x00000000, 0x00000000, 0x00000000, \
  0x00000000, 0x00000000, 0x00000000, 0x00000000, 0x00000000, 0x00000000, 0x00000000, 0x00000000, \
  0x00000000, 0x00000000, 0x00000000, 0x00000000, 0x3e000000, 0x00000000, 0x00000000, 0x00000000, \
  0x00000000, 0x00000000, 0x00000000, 0x00000000, 0x00000000, 0x00000000, 0x00000000, 0x00000000, \
  0x00000000, 0x00000000, 0x00000000, 0x00000000, 0xf816fd04, 0x02fc07f6, 0x1e031819, 0xf8120207, \
  0x07030b1a, 0x0af90e18, 0x0e1716fb, 0x19090008, 0x091b0c0e, 0xfa0b0327, 0x0d090efe, 0x0afe0d12, \
  0xf3000f11, 0x0e2113f6, 0x0207e406, 0x141224fc, 0x130d0112, 0xf811010c, 0x0311ee03, 0x1b0a280a, \
  0xfe090e0a, 0x09000f0e, 0x0a1b0114, 0x13f9fa04, 0x1d080c00, 0x0a080416, 0x05111a05, 0xfa0ffe0d, \
  0x14f4fd19, 0xfb0b0217, 0x02f8010c, 0x09140000, 0x00000000, 0x00191200, 0x505982a0, 0x00000022, \
  0xfc02f60a, 0x05f7fe00, 0xfffe05fd, 0x0205fe05, 0xfbfb04fd, 0x01fd060b, 0x03f20305, 0xfe0501f2, \
  0xf602f607, 0xf7fa0e18, 0x0c14ff01, 0xfffc01ff, 0x00fc03e9, 0xf5000ced, 0x030507f9, 0x09f6f908, \
  0x06fa04fc, 0xf6fdfffb, 0xfff10a07, 0x000a0ffb, 0x0dfcfa0f, 0x00040e00, 0x2307ff06, 0xff0104fc, \
  0xfd0bfb01, 0x0d0e0208, 0x19f4eefd, 0xf90cf402, 0x09f50202, 0x0301fafc, 0x0107ff05, 0x02160000, \
  0x00000000, 0x00fe0300, 0x505982e0, 0x00000058, 0x00000000, 0x00000000, 0x3c000000, 0x00000000, \
  0x00000000, 0x00000000, 0x00000000, 0x00000000, 0x00000000, 0x00000000, 0x00000000, 0x00000000, \
  0x00000000, 0x00000000, 0x00000000, 0x00000000, 0x00000000, 0x00000000, 0x00000000, 0x00ee0000, \
  0x00000000, 0x00000000, 0x00000000, 0x00000000, 0x00000000, 0x00000000, 0x00000000, 0x00000000, \
  0x00000000, 0x00000000, 0x00000000, 0x00000000, 0x00000000, 0x00000000, 0x00000000, 0x00000000, \
  0x00000000, 0x00000000, 0x3e000000, 0x00000000, 0x00000000, 0x00000000, 0x00000000, 0x00000000, \
  0x00000000, 0x00000000, 0x00000000, 0x00000000, 0x00000000, 0x00000000, 0x00000000, 0x00000000, \
  0x00000000, 0x00000000, 0x0813070f, 0x090af50a, 0x0e09fb08, 0x26170b03, 0x05060901, 0x0411151d, \
  0x13101312, 0x17050efc, 0x08f80a0b, 0x221716f7, 0x01fe2e24, 0xe6050b25, 0x1b19040e, 0x17070d0c, \
  0xf90d0b28, 0xfe2b0405, 0x1dfffb04, 0x0506210e, 0x18010f1b, 0xff041203, 0x11081317, 0x08061107, \
  0xfe0f0200, 0x21101f2f, 0xf3fc0c0b, 0x100e021d, 0x02090705, 0x1101fe08, 0x1407f603, 0x04130500, \
  0x210e121e, 0x14100000, 0x00000000, 0x0026fe00, 0x50598380, 0x00000022, 0xf11005fd, 0x0a23030e, \
  0x0cdbeb20, 0xe8072207, 0x130306fc, 0x13f30a17, 0xffee1ee6, 0xf224ed2c, 0x16fb1617, 0x06ece7e5, \
  0x03f505e1, 0x12feef19, 0x0b10c606, 0xf61e0705, 0x0ff3fd0c, 0x02f3dbfc, 0xfbdf0efb, 0xe9f4dee9, \
  0x0c0208fe, 0xea1817ee, 0xfc10ff06, 0xe9dffbfe, 0xfa171dfb, 0xfcfcfe1f, 0xf3e9f90b, 0x050d0df6, \
  0x2407f2f8, 0xf1e408f2, 0xe3f61501, 0xf801f91b, 0x0a031500, 0x11e90000, 0x00000000, 0x00000d00, \
  0x505983c0, 0x00000058, 0x00000000, 0x00000000, 0x78000000, 0x00000000, 0x00000000, 0x00000000, \
  0x00000000, 0x00000000, 0x00000000, 0x00000000, 0x00000000, 0x00000000, 0x00000000, 0x00000000, \
  0x00000000, 0x00000000, 0x00000000, 0x00000000, 0x00000000, 0x00070000, 0x00000000, 0x00000000, \
  0x00000000, 0x00000000, 0x00000000, 0x00000000, 0x00000000, 0x00000000, 0x00000000, 0x00000000, \
  0x00000000, 0x00000000, 0x00000000, 0x00000000, 0x00000000, 0x00000000, 0x00000000, 0x00000000, \
  0x3b000000, 0x00000000, 0x00000000, 0x00000000, 0x00000000, 0x00000000, 0x00000000, 0x00000000, \
  0x00000000, 0x00000000, 0x00000000, 0x00000000, 0x00000000, 0x00000000, 0x00000000, 0x00000000, \
  0x14040d0b, 0xf3140b03, 0x142a0007, 0x1f0ffdff, 0x04100101, 0x0a0f1312, 0x0efe07e1, 0x16ff1c14, \
  0x02e50210, 0x142beb13, 0x18141017, 0x0af9f613, 0xfe010f02, 0x15f51d13, 0x0316111a, 0xfae602f3, \
  0x13081e04, 0x12031609, 0x0a0e061b, 0x02fa0809, 0x2508fc03, 0x2424f511, 0x0d051200, 0x13012114, \
  0x0e151a08, 0x02f6231e, 0x0212fc25, 0x1cfa00f1, 0x1201211e, 0x0109ee16, 0x24f61e09, 0x0b440000, \
  0x00000000, 0x00f91b00, 0x50598460, 0x00000022, 0xf20af706, 0x05f80df6, 0x09e5fdf9, 0xfef60f03, \
  0x0816110a, 0xfc0cf0fe, 0xf7ee0cf7, 0xf8011a0d, 0x020d0003, 0xfeee05e9, 0xf219110f, 0x020405e3, \
  0x1014f401, 0x20010209, 0xf5170c0e, 0x0cdff70d, 0x041cf2f2, 0x04f605e2, 0x0309e90f, 0xedf602fe, \
  0xf611fffa, 0xfb17f80a, 0xfdf7fbfb, 0x0004fdfe, 0xfbfcfb18, 0xfb090cfd, 0xfa000923, 0xfffe06f2, \
  0xf9e801f3, 0xfee4fc0c, 0xebe908f0, 0xf8fc0000, 0x00000000, 0x000c0400, 0x505984a0, 0x00000017, \
  0x00000000, 0x00000000, 0x4d000000, 0x00000000, 0x00000000, 0x00000000, 0x00000000, 0x00000000, \
  0x00000000, 0x00000000, 0x00000000, 0x00000000, 0x00000000, 0x00000000, 0x00000000, 0x00000000, \
  0x00000000, 0x00000000, 0xfb0015ee, 0x0110ec25, 0x02000000, 0x00000000, 0x00e30000, 0x5059c000, \
  0x00000178, 0xfb070700, 0xf8000a0a, 0xf80df407, 0x1009e803, 0xf4f70508, 0xe2fcf1ea, 0xf70d06ed, \
  0xfa13080d, 0x14f6ff04, 0xffff0000, 0x00ff0000, 0x0013eff9, 0x00f5fbf8, 0xf0f4fff6, 0xfe0deaf1, \
  0x0d1404ff, 0x01000300, 0x00060200, 0xf6f2eeed, 0xe9e6ff10, 0xf307f9f2, 0xfe0dea08, 0xfefefff0, \
  0x0bfde801, 0x0bfd0bfa, 0xfffb0709, 0xf506f4fe, 0xff13f203, 0xf10c0518, 0x0203f4fc, 0x05000400, \
  0x02fedcf8, 0x02edfcf3, 0x0e08e508, 0x0ff70c02, 0xf71113ff, 0xf4fce8fe, 0x05fce30a, 0x01f6f80e, \
  0xfd08ea04, 0xf50afcff, 0x0bfb03f3, 0x01f601ff, 0xf9070501, 0x0bf00a02, 0xebfc1607, 0xfff2fae8, \
  0x07080cf5, 0xf8031a0c, 0xf4f80412, 0x00f9fd04, 0xe0e2f7fe, 0xe209e8fb, 0x11fcf2fc, 0x0910f004, \
  0x001405fc, 0xf11017f3, 0x0f0a0415, 0xf50df510, 0xfceb0b04, 0x0e1cfde9, 0x070d0cf2, 0x00ee1406, \
  0x09040cf8, 0x08fefffe, 0xffdff1da, 0x0809f20d, 0xf70c050b, 0x0a0afdfa, 0x0afaf70e, 0xeffcfe0d, \
  0xe9fd1101, 0x0af10105, 0x0ef9e9fc, 0x11f1f706, 0xfbfee107, 0x02fefff1, 0xf1fa03ed, 0x0a0eef0b, \
  0x05040605, 0xf4f3ff02, 0xf200faf6, 0xf7faf9f7, 0xfa04f2e6, 0xfcf4fdfe, 0xf4eefeff, 0xfffeffff, \
  0x0505fafa, 0xfbe60f03, 0x031312ed, 0x00000000, 0x00000000, 0xfff802e1, 0xf702f1fe, 0xff060208, \
  0x02f20af4, 0xe604e9dd, 0xe705e0f2, 0xec1003f5, 0xfffefefe, 0xfefeffff, 0xff010103, 0xf5fe09fe, \
  0xf6f60000, 0xfe0000fb, 0x00fd040c, 0x0df8fe02, 0x09fbeef0, 0xf5fbfb06, 0xfdf207f1, 0x030bef02, \
  0xef04f509, 0xf0f00000, 0x00000000, 0x00000000, 0xf50b0000, 0x04fd0015, 0xede006fa, 0x02170bf9, \
  0x0b04eaf2, 0x0f0dfa02, 0x07060601, 0xd6f708e8, 0x0f02defc, 0xf80d080e, 0xfa05fcef, 0x000000ff, \
  0xff0000fd, 0xfff5f5f5, 0xf6f6f5f6, 0xf4f41313, 0xf113f104, 0x1912fb0a, 0xf6021201, 0x08fb0310, \
  0x060017ed, 0xe9fef4e2, 0xed09f8fa, 0xef0b09ff, 0x07fdf9f9, 0xf9f9f9ed, 0xfaf1e9f2, 0x05f7f2f6, \
  0xfcfd0403, 0x09040705, 0xf103fdf7, 0xf6f7ed10, 0xe8f1f509, 0x0304e4df, 0x1fe6e9f1, 0x0b07fcf7, \
  0xe7f5f9ee, 0x06081008, 0xe6e2e5ef, 0xf1efecfe, 0x0218eaf1, 0x11110224, 0xfcf7fbf0, 0x1704fd1e, \
  0x1dfd1906, 0xe81a1005, 0xf907f90c, 0xdc0102f8, 0xe913fc17, 0x19fcfd08, 0x08f6ff08, 0x09f9def0, \
  0x0afe020b, 0xf6f3f0ef, 0xeafee5e9, 0xf1f1ecec, 0x0afdfe09, 0x0e03f612, 0x1c11f5f0, 0x050d03e2, \
  0xf2edf6f8, 0x18f11006, 0xf7ec0bef, 0xf1f00000, 0xef06060a, 0x0100feff, 0x00fe01fe, 0xfef10eea, \
  0x04f603f4, 0x0608f0e6, 0xf8060dfb, 0x12fa110e, 0xe6f006e8, 0x08ec0703, 0xed1005f3, 0x09fef7ee, \
  0xee0010fc, 0xe70ef317, 0xfaf50c09, 0x08051108, 0x16ffeefb, 0xe9f5e702, 0x0eed0c08, 0xfae9f503, \
  0x0302f4eb, 0xfdf80010, 0x020f131b, 0xec0b0fe7, 0xddf5e2cd, 0xea05d90c, 0x1100eceb, 0xfafffcfb, \
  0xfaf8f7f1, 0x05f2060c, 0xfce1eceb, 0x03eef10f, 0xe7f50bef, 0xf5f4f9e4, 0x05ebe40d, 0xf5f70a07, \
  0x0afbf403, 0xeae6e5ed, 0xf9faf0ff, 0x10f1fdfe, 0x1401f7f5, 0x0df315ec, 0xf704fcf5, 0x10ea0109, \
  0xf402fefc, 0x02f40202, 0xf60414ef, 0xe4010c0c, 0xf502fa0a, 0x01f3fd00, 0xee19fefc, 0xfef80100, \
  0x00fe00fe, 0xe90efd0c, 0xfff7f1de, 0xe700edf4, 0xe71111f1, 0x12edfce8, 0xfa0e04f2, 0x00f908eb, \
  0xe407fddc, 0xe4fde018, 0x0df81805, 0xf7f5faf9, 0x00f116fc, 0xf91b17fe, 0x0d0ff30c, 0xf2f2faf7, \
  0xe803f0fa, 0x0af6ec05, 0x0b04ef00, 0xe5eafdef, 0xf0f9f6e1, 0xe9f2ee04, 0xf9e9e811, 0x05ee01fc, \
  0xfb0d0205, 0x050f15e2, 0xf8f8ee0b, 0xfff7ee21, 0xfbeb1907, 0x100807f9, 0x091f13f7, 0x02f7f804, \
  0xf702fdeb, 0x16fff705, 0xf8f6192b, 0x22ec0d04, 0xf3f202f8, 0x00e2f5f4, 0xf0fbddea, 0xf8f223ef, \
  0x0607eafe, 0x04d80700, 0xfef9f3f6, 0x00e80318, 0x0e02e8fa, 0xddeb0600, 0x00000000, 0x00000000, \
  0xdde0ddc8, 0xd4d1da00, 0xe10b04f9, 0xfc07f301, 0x07f9fcfc, 0xe2f7e401, 0xebfbdbf5, 0x0df2ecf7, \
  0xfefeece9, 0x00000000, 0x00000000, 0x40000000, 0x00000000, 0x00000000, 0x00000000, 0x00000000, \
  0x00000000, 0x00000000, 0x00000000, 0x00000000, 0x00000000, 0x00000000, 0x00000000, 0x00000000, \
  0x00000000, 0x00000000, 0x00000000, 0x00000000, 0x00ed0000, 0x00000000, 0x00000000, 0x00000000, \
  0x00000000, 0x00000000, 0x00000000, 0x00000000, 0x00000000, 0x00000000, 0x00000000, 0x00000000, \
  0x00000000, 0x00000000, 0x00000000, 0x00000000, 0x00000000, 0x00000000, 0x00000000, 0x40000000, \
  0x00000000, 0x00000000, 0x00000000, 0x00000000, 0x00000000, 0x00000000, 0x00000000, 0x00000000, \
  0x00000000, 0x00000000, 0x00000000, 0x00000000, 0x00000000, 0x00000000, 0x00000000, 0xf818f20c, \
  0x0d0cef07, 0xf8f40b04, 0xf4fbf001, 0x03ebf9ee, 0x16140711, 0xf4de0014, 0xf30b1901, 0x03e7211e, \
  0x1cffe21b, 0x0e03f6fb, 0x1404f701, 0x1806181b, 0xf9f8fffe, 0x02fdf509, 0x0216f607, 0xe5fb22f7, \
  0x08f2fc07, 0xf6040103, 0xe5f60a0e, 0x1d00fe16, 0xf4fb1215, 0x030f0107, 0xfef4f8fa, 0x13fc16ff, \
  0xfc080d0b, 0xfef51822, 0x08f218e5, 0x10010efc, 0x170a140a, 0xe702f7ea, 0x09000000, 0x00000000, \
  0x00f40000, 0x5059c2a0, 0x00000022, 0xfc14eb11, 0x1207dc09, 0xf0fe0a0d, 0xeff900f4, 0x140210f8, \
  0xf3f0f4f4, 0xe8fa01f4, 0xfd08edfb, 0xe20705fe, 0xeffcf8fc, 0x16f60900, 0x2104f615, 0xf4f50c14, \
  0x0a1602f7, 0x1807fa0e, 0x19041df9, 0x0afef011, 0x08fc0cf2, 0x12f5fb05, 0xf60fe6f4, 0x1518f000, \
  0xcaf523fd, 0xfc1bf2f9, 0xeffb150e, 0x02ea2b05, 0x09130102, 0xf4f8f4e2, 0xfcf91cfa, 0x0bf711fd, \
  0x1009f3f6, 0xf3eff0f5, 0x18f80000, 0x00000000, 0x0013fe00, 0x5059c2e0, 0x00000058, 0x00000000, \
  0x00000000, 0x3c000000, 0x00000000, 0x00000000, 0x00000000, 0x00000000, 0x00000000, 0x00000000, \
  0x00000000, 0x00000000, 0x00000000, 0x00000000, 0x00000000, 0x00000000, 0x00000000, 0x00000000, \
  0x00000000, 0x00000000, 0x000b0000, 0x00000000, 0x00000000, 0x00000000, 0x00000000, 0x00000000, \
  0x00000000, 0x00000000, 0x00000000, 0x00000000, 0x00000000, 0x00000000, 0x00000000, 0x00000000, \
  0x00000000, 0x00000000, 0x00000000, 0x00000000, 0x00000000, 0x3f000000, 0x00000000, 0x00000000, \
  0x00000000, 0x00000000, 0x00000000, 0x00000000, 0x00000000, 0x00000000, 0x00000000, 0x00000000, \
  0x00000000, 0x00000000, 0x00000000, 0x00000000, 0x00000000, 0x14060f06, 0xfdff05ee, 0xf3e2d016, \
  0x0a1f28fa, 0xf503090b, 0x09ee180c, 0xe117edfd, 0xe5ed0bfc, 0x16130615, 0x0f12f81b, 0x0eeef3f9, \
  0x18f50d16, 0x0fff00f8, 0x040817ff, 0xf9ffe8e7, 0x01f9200d, 0x00ece418, 0xfd13da01, 0x01f103f0, \
  0x090c10f8, 0x160017fb, 0x04ee0b01, 0xfc08050d, 0x13ec08e6, 0x1516ea05, 0xfc170920, 0x0506f400, \
  0x0ff20afb, 0x07080601, 0xefe40110, 0xe80c01f6, 0x1e180000, 0x00000000, 0x0004f800, 0x5059c380, \
  0x00000022, 0x00e42816, 0x0a16110f, 0x12e8d4ec, 0xce00d60e, 0x23feeffb, 0xf12f1704, 0xf40b0bf3, \
  0xe9f72619, 0x1708f60f, 0x1cf3d3fd, 0x1b160601, 0xfb0ee0f9, 0xf2e71303, 0xf6fbf0f5, 0xfaeef809, \
  0x05e70309, 0xee291ff3, 0xce05fffa, 0xdaedddf5, 0xf3fb0305, 0xe8e5080a, 0xec1b1512, 0x240c0a10, \
  0x1610fcfc, 0xf8f5f225, 0xf4341229, 0x1af8f411, 0x06e6e6ed, 0x22fae4ff, 0xf7efed0e, 0x2512bffe, \
  0x0bff0000, 0x00000000, 0x0016f500, 0x5059c3c0, 0x00000058, 0x00000000, 0x00000000, 0x75000000, \
  0x00000000, 0x00000000, 0x00000000, 0x00000000, 0x00000000, 0x00000000, 0x00000000, 0x00000000, \
  0x00000000, 0x00000000, 0x00000000, 0x00000000, 0x00000000, 0x00000000, 0x00000000, 0x00000000, \
  0x00ef0000, 0x00000000, 0x00000000, 0x00000000, 0x00000000, 0x00000000, 0x00000000, 0x00000000, \
  0x00000000, 0x00000000, 0x00000000, 0x00000000, 0x00000000, 0x00000000, 0x00000000, 0x00000000, \
  0x00000000, 0x00000000, 0x00000000, 0x3f000000, 0x00000000, 0x00000000, 0x00000000, 0x00000000, \
  0x00000000, 0x00000000, 0x00000000, 0x00000000, 0x00000000, 0x00000000, 0x00000000, 0x00000000, \
  0x00000000, 0x00000000, 0x00000000, 0x0a03fff4, 0x0009f8f9, 0xeefb0112, 0x130afd01, 0xf8fc1106, \
  0x0d0406f8, 0xfa0c2811, 0x13141705, 0xec141601, 0xfce418ec, 0x0e04f7f5, 0xf312ff0c, 0xf007f7f0, \
  0xfa18fef7, 0xfb050a06, 0xfd1df9f5, 0xf118e4ec, 0x151eedf1, 0x0af91019, 0xe518f60a, 0xe80213f8, \
  0xecf7e009, 0x18f4fef6, 0xed13f808, 0x030a11fc, 0x1df00fec, 0x01f7fe13, 0xfe0efcfe, 0x10fa1f07, \
  0x1909fc1e, 0x0410fdea, 0xed1d0000, 0x00000000, 0x00111800, 0x5059c460, 0x00000022, 0xedf31008, \
  0xf5fc1105, 0x0dfe01f3, 0x0af4fc07, 0x08fff100, 0x0005fce4, 0x07060f04, 0xff13faff, 0x0f070807, \
  0x0924f1cc, 0x0e00090f, 0xecfdf906, 0xfaee0313, 0xebff06fe, 0x01160d00, 0xfbf00013, 0x00fcfc03, \
  0x02fefc0a, 0xf1f2050c, 0xf5fe1300, 0x0c09eb07, 0x190efd07, 0xf3f6f607, 0x10ebf5ec, 0xf50efff7, \
  0xfa0e010d, 0x07fdfbef, 0x1204fd02, 0x0212fa06, 0x0af8ffff, 0x090a1004, 0x0ae70000, 0x00000000, \
  0x0003f700, 0x5059c4a0, 0x00000017, 0x00000000, 0x00000000, 0x50000000, 0x00000000, 0x00000000, \
  0x00000000, 0x00000000, 0x00000000, 0x00000000, 0x00000000, 0x00000000, 0x00000000, 0x00000000, \
  0x00000000, 0x00000000, 0x00000000, 0x00000000, 0x00000000, 0xeef1120f, 0xee262ce8, 0x0c000000, \
  0x00000000, 0x00e90000, 0x505a0000, 0x00000178, 0x00000000, 0x00000000, 0x0006fe0c, 0xf1f0f409, \
  0xeceb021f, 0x0713fef9, 0xf5e5fef7, 0x0503dfe6, 0xfbf3f3e5, 0x00000000, 0x00000000, 0xfff6dfd9, \
  0xfff5eb0e, 0x1214030a, 0x12060a01, 0xe7ee0707, 0xfb03f7f7, 0xfbf705ff, 0xf90ffd0e, 0xeb0204fa, \
  0x05ebfbfd, 0xfa0af006, 0x050018f7, 0x090cf5f7, 0xf8eef8fc, 0xfd060108, 0xf70003f9, 0xe40708ec, \
  0xdbdacdf5, 0xf5000000, 0x00000000, 0x0000dedf, 0xf6e2f6f3, 0xff0c0713, 0x1200f0e7, 0xe2f1f101, \
  0xf60fe908, 0x01ebfb01, 0xfcf4f2ee, 0xf3fa0705, 0xeeeffbfd, 0x04060606, 0x0206ff07, 0x07060804, \
  0x00fff802, 0x01f41cf4, 0x10020908, 0xdcfff607, 0x09f2f0fc, 0xe6d913ef, 0xe00bf9dd, 0x02e8fb26, \
  0x0ee918fa, 0xe208ffde, 0xf8f7edeb, 0x05e5faf4, 0xe81112fd, 0xccefe9c9, 0xedf609fe, 0xdd1005cf, \
  0xfff5dd03, 0xfc02f7f5, 0xf6faf60a, 0xfdfbfc04, 0xfdfb0500, 0xfcfffbef, 0x010aea0e, 0x05e201fe, \
  0x00fefc05, 0xfefff90d, 0x2e16e1f6, 0xfbd7f810, 0xf4dd07eb, 0xe10bfce4, 0x07cddae7, 0xdee212fa, \
  0xf10203f6, 0x030100fc, 0xfdf1fdf6, 0xfcf9f700, 0x0c070403, 0xfafaf9fa, 0xf9f8f5f9, 0xf4f8f4f2, \
  0xf6f5f5f4, 0xf3f00101, 0xfe0000ff, 0x00feff11, 0xfb08dfe9, 0xe1f4d8ef, 0x00000000, 0x00000000, \
  0x00ea1303, 0x10fbfeff, 0xfe15ff15, 0xfbea0ae5, 0xceeaf5f9, 0x04f0fa06, 0xff08feed, 0x00000000, \
  0x00000000, 0x00fe0204, 0x00fafeff, 0x0300fd00, 0xfd04ff00, 0xfdfe0204, 0xf90afd0e, 0xf4181307, \
  0x00000000, 0x00000000, 0x0001ff01, 0x01ff00ff, 0xff010500, 0x02fcfbfa, 0xf9fff7fd, 0xffeb0d01, \
  0x0a080605, 0x1ff8f4f2, 0x05eee60e, 0xf002f9e0, 0xf3d7d3f5, 0x04e201fb, 0xeffded18, 0x0cfbfb00, \
  0x00000100, 0x00000100, 0x000001ff, 0xfeff01fe, 0x01fe01ff, 0x02000101, 0x01ffee08, 0x07ebeefa, \
  0x07f71802, 0xe0d0f1ef, 0xc0efe2e7, 0x0806e308, 0xf70304ec, 0x0e000000, 0x00000000, 0x0000fbfa, \
  0xfbfbfbfb, 0xfdfdfd00, 0x00000000, 0x00000000, 0xf1ec02d1, 0xdaeef8f8, 0xe902000b, 0xf1f00cfd, \
  0x01f7f6f6, 0xf412f3e1, 0x1109fded, 0x1519d6e6, 0x07cecedb, 0xef00f3ef, 0xf80dfa01, 0xfd09e7e3, \
  0xe5e0f7e6, 0xefe4ece7, 0xd100f7e9, 0xdcef00f5, 0xf5fde8f6, 0xeddcf702, 0x1c05030e, 0x0af61414, \
  0x0105e8f0, 0xeeedeef2, 0xfbfb0e10, 0x18f408ea, 0x0e0c02ea, 0xe6dd0af5, 0xf80f0b03, 0x131b19fd, \
  0x1bf8ed0e, 0x14fb0e00, 0xff040f07, 0x0afbe6fe, 0x03d0e4ee, 0xd9da06f9, 0xf205f8f7, 0x0401f5fc, \
  0xf3f1f3f6, 0xf9fafffb, 0xf9160201, 0x02f0f6eb, 0x0c05f3e9, 0xf0fb00fe, 0xf6fee9f0, 0xfe0d0610, \
  0xf6defe0a, 0xf40703f3, 0x0207f1ff, 0xf3f60916, 0x0d020017, 0x04f8f9e0, 0xe4e0ccde, 0xf0fa0806, \
  0xf404f302, 0xec06ebe5, 0xf6080206, 0xee03fdec, 0x0ce6e2d6, 0xf6dbd6e2, 0xd0e51512, 0xfe1e02fa, \
  0x0be2eb01, 0x07050007, 0x130a0ced, 0x061cfc03, 0xf1160cfd, 0xe5d8f1ef, 0x0d071018, 0x031be1d9, \
  0xedf6e2f7, 0xe8d7dafc, 0x09f2f5fd, 0xf9f1f3fe, 0xf907ffdb, 0xffedf600, 0xdfd6caf3, 0xe70b0bf9, \
  0x1c10dcf8, 0xe4f5eafa, 0xed040704, 0x0601f8ef, 0xf506f0f7, 0x01041dea, 0x0817ecfe, 0x04f3f8f6, \
  0xf0f1f7fe, 0xe3f40000, 0x00000000, 0x0000ff15, 0x07181517, 0xf3110a02, 0x1601f6ef, 0xd3d8dcd4, \
  0xef17ec0f, 0x0df7fa0c, 0x1204f5ef, 0xf3edf2f5, 0x08eb0ae1, 0xecfcfde6, 0xe106f5e3, 0x17f5f300, \
  0xf9f10811, 0x19ff0700, 0xf0d0f6d3, 0xf6f3e206, 0xfc050bf4, 0x0c04f2f8, 0xfd07f2f8, 0x0f07110a, \
  0xfb06f006, 0xf70d1407, 0xfce7fb03, 0xf6f6e5f2, 0xfefafc05, 0xfafcecfd, 0xf2d8f1c7, 0xf70ccef6, \
  0xfcc9001d, 0xe90b0ffc, 0x071a0310, 0x16071afe, 0x11021c09, 0x141bd3dd, 0x03e2060b, 0xf2f822f2, \
  0xf8fceff8, 0xf9f4fefc, 0xe4e5e804, 0x090e0dfa, 0x0ce8ea05, 0xeddfda01, 0x04ee1911, 0x000416ef, \
  0x07090f03, 0xfcfd0000, 0xff000101, 0xf5f4fcf2, 0x0705f4e9, 0x01efedfa, 0xfdfafe02, 0x0a010a0e, \
  0xfa00fcfa, 0xfd0613da, 0xfd19dcf5, 0x05c2f115, 0x00000000, 0x00000000, 0x3f000000, 0x00000000, \
  0x00000000, 0x00000000, 0x00000000, 0x00000000, 0x00000000, 0x00000000, 0x00000000, 0x00000000, \
  0x00000000, 0x00000000, 0x00000000, 0x00000000, 0x00000000, 0x00000000, 0x00000000, 0x00140000, \
  0x00000000, 0x00000000, 0x00000000, 0x00000000, 0x00000000, 0x00000000, 0x00000000, 0x00000000, \
  0x00000000, 0x00000000, 0x00000000, 0x00000000, 0x00000000, 0x00000000, 0x00000000, 0x00000000, \
  0x00000000, 0x00000000, 0x3f000000, 0x00000000, 0x00000000, 0x00000000, 0x00000000, 0x00000000, \
  0x00000000, 0x00000000, 0x00000000, 0x00000000, 0x00000000, 0x00000000, 0x00000000, 0x00000000, \
  0x00000000, 0x00000000, 0xfd27fe09, 0xf8d1f9ff, 0xfaf81d09, 0xf927040f, 0xec021103, 0xe708040a, \
  0xfc011afb, 0x07f1f9ec, 0x040307f6, 0x00092af6, 0xf5e508f0, 0xfff7020b, 0x0f060710, 0xe603f920, \
  0x020805ea, 0xfcf5ff05, 0x0609e9f4, 0xff09010d, 0x0309face, 0xec1beddb, 0x1b0701f6, 0x04f30504, \
  0x0bfc05fd, 0xf0040b05, 0xe7fee204, 0xfa0feb11, 0x01fe00ea, 0x08f8f416, 0xd7e2f6f6, 0xff00e014, \
  0x0e20fd27, 0x02f50000, 0x00000000, 0x00051500, 0x505a02a0, 0x00000022, 0xffeef5fb, 0x0aeaf700, \
  0xf51608f8, 0x03150708, 0x12021012, 0xfafbf1ff, 0xdf00f709, 0x0b0cf706, 0xe1f3fb11, 0xe9f21004, \
  0x1100ec14, 0x0e06f0fd, 0x0a01f808, 0x1c01fa22, 0xfe090f04, 0x18e92915, 0xe6f9f2f6, 0x161b1c21, \
  0xf7f0f50a, 0x04eaf6fe, 0xfdf707f5, 0xe810230b, 0x0cfbefed, 0xec0c0ad4, 0x0d0415fe, 0x0907181b, \
  0xf60ff306, 0x050f04fe, 0x02030af9, 0x06ee05fa, 0xf4ffd610, 0xfaeb0000, 0x00000000, 0x0000fd00, \
  0x505a02e0, 0x00000058, 0x00000000, 0x00000000, 0x3e000000, 0x00000000, 0x00000000, 0x00000000, \
  0x00000000, 0x00000000, 0x00000000, 0x00000000, 0x00000000, 0x00000000, 0x00000000, 0x00000000, \
  0x00000000, 0x00000000, 0x00000000, 0x00000000, 0x00000000, 0x00f50000, 0x00000000, 0x00000000, \
  0x00000000, 0x00000000, 0x00000000, 0x00000000, 0x00000000, 0x00000000, 0x00000000, 0x00000000, \
  0x00000000, 0x00000000, 0x00000000, 0x00000000, 0x00000000, 0x00000000, 0x00000000, 0x00000000, \
  0x41000000, 0x00000000, 0x00000000, 0x00000000, 0x00000000, 0x00000000, 0x00000000, 0x00000000, \
  0x00000000, 0x00000000, 0x00000000, 0x00000000, 0x00000000, 0x00000000, 0x00000000, 0x00000000, \
  0xe6f70904, 0x00e8e4f5, 0xfb0dfef1, 0x03e80407, 0x130603ff, 0xf10bfd05, 0x09deede2, 0x02f1e01c, \
  0xf0fa070f, 0xe6ededf0, 0x0125090e, 0x06080606, 0xf8220104, 0x0909fe0b, 0xfeef130a, 0x0510e9f5, \
  0xea100ad8, 0x07f6090f, 0x14f7ed00, 0x00f4ffee, 0xf4e6f5f7, 0x04faebed, 0x00ea0403, 0xea060101, \
  0xfc01190f, 0xf7fdf8e6, 0x18f102eb, 0x05faf813, 0xfffecd05, 0xed000000, 0x0cf907f2, 0xcaf90000, \
  0x00000000, 0x00180400, 0x505a0380, 0x00000022, 0x191ee41b, 0xf324e62e, 0xf900f11d, 0xf3040f03, \
  0x00010004, 0x0b09fc1b, 0xeae3f9e7, 0x21210425, 0x0bfd140f, 0x0021d5ec, 0x0e0329db, 0x03f6dd32, \
  0x071bfc0a, 0xe527c5dd, 0xffe200ff, 0x07f5f302, 0xe1c501f5, 0xfff11ce3, 0x04e208fa, 0xfe2d12e7, \
  0xe1231c27, 0x08c52ff6, 0x211d07ff, 0xe6cbff1c, 0x14de24f6, 0x0c1323de, 0x0410d5cf, 0xf0d7f508, \
  0xf4fbf808, 0xea14f206, 0xfafde7cd, 0x11f00000, 0x00000000, 0x00050700, 0x505a03c0, 0x00000058, \
  0x00000000, 0x00000000, 0x77000000, 0x00000000, 0x00000000, 0x00000000, 0x00000000, 0x00000000, \
  0x00000000, 0x00000000, 0x00000000, 0x00000000, 0x00000000, 0x00000000, 0x00000000, 0x00000000, \
  0x00000000, 0x00000000, 0x00000000, 0x002f0000, 0x00000000, 0x00000000, 0x00000000, 0x00000000, \
  0x00000000, 0x00000000, 0x00000000, 0x00000000, 0x00000000, 0x00000000, 0x00000000, 0x00000000, \
  0x00000000, 0x00000000, 0x00000000, 0x00000000, 0x00000000, 0x00000000, 0x41000000, 0x00000000, \
  0x00000000, 0x00000000, 0x00000000, 0x00000000, 0x00000000, 0x00000000, 0x00000000, 0x00000000, \
  0x00000000, 0x00000000, 0x00000000, 0x00000000, 0x00000000, 0x00000000, 0xfadf08ee, 0x0301040b, \
  0xf902f3ed, 0xf50dfb17, 0xf40ed900, 0xe3050a01, 0x1f0809f0, 0xf60cf6f9, 0xf5f91006, 0xffe7f313, \
  0xed090cee, 0x110f1204, 0xfdfcfcfe, 0x090a0911, 0xf7f9d7ec, 0xf109e914, 0x14e60d0a, 0xd5000601, \
  0xf1eae3ed, 0xfbdf0900, 0xed090007, 0x0c13f908, 0x1a0ff808, 0xfdfe08ea, 0xfde0e900, 0xfe140501, \
  0xed1e14ff, 0x05d3eee1, 0xf60ae8e3, 0xe80bef11, 0x05ec0309, 0xf1fc0000, 0x00000000, 0x00f4ea00, \
  0x505a0460, 0x00000022, 0x02160600, 0x011e12f5, 0x06fc0201, 0x1ff3f006, 0xfdfef110, 0xf6fdf6ef, \
  0xededfce7, 0xf60e0723, 0xfa08fdfb, 0xf7161ae1, 0x00fadbf2, 0xf504f701, 0x210800fc, 0x192af0f8, \
  0xff1010ff, 0x00fa1208, 0xdefff9fc, 0x34ec0ff4, 0x210befff, 0x1dfe14ff, 0xf010180a, 0x16e8fe01, \
  0xfe0be8f2, 0xf3f6f2e9, 0x06e8e9f8, 0xeffe12f9, 0xe00dfc06, 0x0afef800, 0xfdfbee06, 0xf2181002, \
  0xf91ceefc, 0xf2110000, 0x00000000, 0x00f92000, 0x505a04a0, 0x00000017, 0x00000000, 0x00000000, \
  0x4f000000, 0x00000000, 0x00000000, 0x00000000, 0x00000000, 0x00000000, 0x00000000, 0x00000000, \
  0x00000000, 0x00000000, 0x00000000, 0x00000000, 0x00000000, 0x00000000, 0x00000000, 0x00000000, \
  0xfb29fddd, 0xfaf3de02, 0xe4000000, 0x00000000, 0x002e0000, 0x505a4000, 0x00000178, 0xfb01fcfb, \
  0x0400fdfa, 0x00ee0cf3, 0xf008f8e7, 0xe4f2e208, 0x0504eb0d, 0x06fe00f4, 0xf90211f3, 0x0bedfffa, \
  0x00000000, 0xffff0000, 0x0005f607, 0x05f006e6, 0xdeecef04, 0xef03f809, 0xfa02fa03, 0xff01fb05, \
  0xfaf9fdff, 0xee08e8ed, 0xf70d10f0, 0xecfe0a09, 0x0212fc16, 0x1106f806, 0xe5f0f8ee, 0xf7f6e702, \
  0x02fc0302, 0xfeff0000, 0x0fe4eaf3, 0xedfbeefc, 0x110000ff, 0x00ff0000, 0x0000110d, 0xf61802fa, \
  0xf70efc02, 0xe9fe0611, 0x15fe0e18, 0xecf50ce7, 0x031214eb, 0x0c0501fa, 0xe50a0704, 0x0df1f900, \
  0x0005f9fe, 0xf9f6f5fa, 0xfc04ff01, 0xfb010604, 0x2611fa12, 0xe1c2dbdd, 0xe01610fd, 0xfaef021a, \
  0xf803ecdd, 0xecdff4da, 0xf20d07f1, 0xe8e9ff04, 0xfcf5ecf5, 0x0dfc03ea, 0x0ff706fc, 0xfbd3f303, \
  0xf5f905f7, 0x03f904f0, 0x07f9fb05, 0x00f40dfa, 0x06fc07e8, 0xf909f3f5, 0x00000001, 0x00000504, \
  0xfe181b11, 0x0df510ee, 0xef07fb02, 0x07fbfafc, 0xfcf9faf5, 0xf2f9e3f0, 0xdc0d0ff2, 0xe7def8ea, \
  0x04fcf1ed, 0xfd0a05ff, 0x03df07dc, 0xfafbf4f4, 0x05f5f7fb, 0x01feff08, 0xf607eefa, 0xfcf801f4, \
  0xf9f7f6f7, 0xf8f9fdfd, 0xfcf7f4f1, 0xf5f6f3f3, 0xf3f50101, 0xffff06f5, 0xf00a0601, 0xf8f4080c, \
  0x1116fcff, 0x00000000, 0x00ffffff, 0x00fbf0f6, 0xf2ece6e4, 0x07efe5f3, 0xea02f2ea, 0x1612ff0a, \
  0x0be901f6, 0xf505fa13, 0x00000000, 0x00000000, 0x0000fb00, 0xff00fcfa, 0x01fe0000, 0x0000fffc, \
  0x04f804eb, 0xf2eaedf1, 0xf405eae5, 0xfaf800f6, 0xf6fffcff, 0xfd07f3fe, 0x02f6faf5, 0xff050000, \
  0x00000000, 0x000000f3, 0xf602eff8, 0xfde0f4e7, 0xe50efee7, 0xe606ccd8, 0x02080520, 0x0b130bd7, \
  0xd1dc0af3, 0x08f6fde5, 0xf5f6f700, 0xff090400, 0xfbfe00fc, 0x00ffffff, 0x00000000, 0x00fafaf8, \
  0xfaf7f5f7, 0xf5000609, 0x0211f900, 0xe6dbccec, 0xeaf8e4fa, 0x07180ef6, 0x13f7f307, 0x0f14e4fd, \
  0x0afd0603, 0x04fdfd04, 0x0001fbfa, 0xf8faf8f4, 0xf8f1f300, 0x00000000, 0x00000000, 0xe5f7f6f9, \
  0x030a010a, 0xf6fbff0b, 0x0509fdfd, 0x07dfe1db, 0xf31df8fb, 0x1ce6eff8, 0xdeffb1c9, 0xe495c1cc, \
  0xf0dcf9d9, 0xdde5cee0, 0xe4000812, 0xebf605da, 0xf7f8eff2, 0x1de7f9f6, 0xf2fe06ec, 0xf71af5f8, \
  0x03f5fc1d, 0x03e2d3fc, 0xe8db19f7, 0xe20505fb, 0xf7f0e1f7, 0xf6e9fc0e, 0xef27f508, 0x2b150c36, \
  0x0eda1c07, 0x082819e2, 0xe8f009db, 0xd9fefcfb, 0x01f0edea, 0x10ffff06, 0xf102f9f2, 0xe70a121c, \
  0x11f0fc00, 0xf4f2f506, 0xf0fbfdf1, 0x03000001, 0x0000fa00, 0x000af5f2, 0x15f4e727, 0x05fcfe01, \
  0x0fe4e10b, 0xf2d30411, 0xf4e509f8, 0xf6d8d8f1, 0xf801f9e5, 0xf607eaf5, 0x07f91306, 0x2422091d, \
  0x11190cef, 0xe6fbf80f, 0xf207f505, 0x111d0cfb, 0x0afe00f7, 0xf60d0bf1, 0xfe1101fe, 0x0fecf1e8, \
  0xf9f60901, 0xfef30406, 0xf701fa09, 0x151101f6, 0x0b13f81f, 0x16fd201c, 0x0303fdf1, 0x151d0bea, \
  0x1dc5e7f7, 0xe7110c29, 0x0cf600fe, 0x1201eb0a, 0xf9110502, 0xfff403f7, 0xf5fdfbf9, 0xf2effae6, \
  0xebf8f70b, 0xf8beed0c, 0xf00d0c04, 0x0ff3e9ec, 0xe305f7f6, 0x10fc07f9, 0x0bff0203, 0x05f608fe, \
  0xdb141de9, 0x0e150816, 0x06e3e114, 0xd9f907dd, 0xf50b0000, 0xfe000000, 0x0000fee8, 0xccd313fd, \
  0xfcdcdb09, 0x170808fa, 0x06ffe705, 0x181716fe, 0xeff606dd, 0xf20cd801, 0xf5eefcfa, 0x181bf513, \
  0xe617ebd1, 0xd4cbccd9, 0x2c1ff20c, 0x15f6fd0a, 0xf70602f2, 0xe5fcf9fb, 0xf8fdf400, 0xec0e13f4, \
  0x100ee806, 0x11f2ff03, 0xf9fafed8, 0xeaf3fde1, 0xf1fa0708, 0xe8ff02f7, 0x0504e604, 0x0aee1418, \
  0x110bffe8, 0x0be7f9ff, 0x0f10dcfa, 0xf5eceeeb, 0xf61607f2, 0x1b13000a, 0xf5e9e70f, 0xdbf71c09, \
  0x09fef3f5, 0xe3f1e8f9, 0xfdf7e8ff, 0x0904040a, 0x020409fe, 0xf3f4f5e9, 0xecf601f6, 0xdcf0ede4, \
  0xe8fde6f0, 0xeaec1419, 0x091a0f0b, 0x1007fbfd, 0xfc020101, 0xfeff00ff, 0xeff6ffce, 0xe0fceed6, \
  0x08d9f712, 0xe90416ed, 0xfd170125, 0x06fe1813, 0x051eeed8, 0xf60000eb, 0xfa0df4f9, 0x00000000, \
  0x00000000, 0x40000000, 0x00000000, 0x00000000, 0x00000000, 0x00000000, 0x00000000, 0x00000000, \
  0x00000000, 0x00000000, 0x00000000, 0x00000000, 0x00000000, 0x00000000, 0x00000000, 0x00000000, \
  0x00000000, 0x00000000, 0x00030000, 0x00000000, 0x00000000, 0x00000000, 0x00000000, 0x00000000, \
  0x00000000, 0x00000000, 0x00000000, 0x00000000, 0x00000000, 0x00000000, 0x00000000, 0x00000000, \
  0x00000000, 0x00000000, 0x00000000, 0x00000000, 0x00000000, 0x3c000000, 0x00000000, 0x00000000, \
  0x00000000, 0x00000000, 0x00000000, 0x00000000, 0x00000000, 0x00000000, 0x00000000, 0x00000000, \
  0x00000000, 0x00000000, 0x00000000, 0x00000000, 0x00000000, 0xedfa1906, 0x111106ff, 0x0a1605f5, \
  0x02f901f1, 0x3deefd05, 0x0df5040e, 0x0712060d, 0xf2210407, 0x1ee8060c, 0xedffe727, 0x11ef0804, \
  0x010ffffb, 0xf5f7060a, 0xfaf90708, 0x0ef400fd, 0xfb08fafb, 0xf6020907, 0x04ecfeff, 0x0b17080c, \
  0x02032c14, 0xfef4fffe, 0x0108f4fa, 0xf91005fe, 0xfafce708, 0x0b0cfdfc, 0xf60414fc, 0x00ff20fb, \
  0xf4f1f4f5, 0xf0e4fc16, 0x02032100, 0xd9fb0305, 0x01f90000, 0x00000000, 0x00030100, 0x505a42a0, \
  0x00000022, 0x0b0516ec, 0x03fd10f6, 0xf8eaf9f9, 0xf002de03, 0x0c07f9fc, 0xfafb0506, 0x09f0fe0a, \
  0xeb0108f1, 0x0cfb0f03, 0x07eef116, 0x08f907ff, 0x1400fef2, 0xf50c08ed, 0xf20e0405, 0xe90619fe, \
  0x0800eef5, 0x03fc0718, 0xff0cf9f6, 0xf2110f0f, 0x08f60b00, 0x1dfc08ff, 0xfc160f12, 0x12fc20f3, \
  0x13130afa, 0xea10f304, 0xf8fd02fe, 0xfcecf906, 0xf805ef09, 0x1604010a, 0xf6f3ec14, 0xf300e605, \
  0xf1f80000, 0x00000000, 0x00eb0800, 0x505a42e0, 0x00000058, 0x00000000, 0x00000000, 0x38000000, \
  0x00000000, 0x00000000, 0x00000000, 0x00000000, 0x00000000, 0x00000000, 0x00000000, 0x00000000, \
  0x00000000, 0x00000000, 0x00000000, 0x00000000, 0x00000000, 0x00000000, 0x00000000, 0x00000000, \
  0x00f20000, 0x00000000, 0x00000000, 0x00000000, 0x00000000, 0x00000000, 0x00000000, 0x00000000, \
  0x00000000, 0x00000000, 0x00000000, 0x00000000, 0x00000000, 0x00000000, 0x00000000, 0x00000000, \
  0x00000000, 0x00000000, 0x00000000, 0x3c000000, 0x00000000, 0x00000000, 0x00000000, 0x00000000, \
  0x00000000, 0x00000000, 0x00000000, 0x00000000, 0x00000000, 0x00000000, 0x00000000, 0x00000000, \
  0x00000000, 0x00000000, 0x00000000, 0xff0103fe, 0x07041006, 0x05f7fcff, 0x0519f501, 0x010cff1f, \
  0x0afe0e20, 0xfa24f6f9, 0x070121f7, 0xe52d03f6, 0x0b030202, 0xfe0cfbfb, 0x07f8fc18, 0x00eef9fc, \
  0x09f40f04, 0xfae7fff3, 0xf8eaf911, 0x06f6ea16, 0xee0c11fb, 0x0aec04fd, 0xfc081dfd, 0xf6050b02, \
  0x0afcf613, 0xfe05fd07, 0x1d021dfe, 0x0a1102f7, 0xfbfb04fa, 0xe9fdfbfc, 0x0908eafc, 0x0c0003ff, \
  0x09eb0c00, 0xfaf9f5f8, 0xf8030000, 0x00000000, 0x00f3fb00, 0x505a4380, 0x00000022, 0xfe08e5fe, \
  0xef11e41f, 0xc9e3e7ec, 0xec070906, 0xfaf9fdf8, 0xef06ebe1, 0xfed92bee, 0x0d0adf32, 0xf1f646f7, \
  0xd9e2070f, 0x1afddbdf, 0x25e1c90f, 0xfd0ae4dd, 0x1e00fced, 0xe90fedfa, 0x49f30304, 0xf51cec0a, \
  0xfdf3fdd6, 0x1dfae110, 0x0fe10cec, 0x07d1f9f9, 0xe7011c0f, 0x08d72af8, 0x0e0d1d08, 0xf8ee51ff, \
  0x0bffe7fa, 0xf3d80100, 0xf307512c, 0x0c070ffd, 0x0ad3d0ec, 0xe7052df3, 0x35f30000, 0x00000000, \
  0x0008de00, 0x505a43c0, 0x00000058, 0x00000000, 0x00000000, 0x78000000, 0x00000000, 0x00000000, \
  0x00000000, 0x00000000, 0x00000000, 0x00000000, 0x00000000, 0x00000000, 0x00000000, 0x00000000, \
  0x00000000, 0x00000000, 0x00000000, 0x00000000, 0x00000000, 0x00000000, 0x00f70000, 0x00000000, \
  0x00000000, 0x00000000, 0x00000000, 0x00000000, 0x00000000, 0x00000000, 0x00000000, 0x00000000, \
  0x00000000, 0x00000000, 0x00000000, 0x00000000, 0x00000000, 0x00000000, 0x00000000, 0x00000000, \
  0x00000000, 0x3b000000, 0x00000000, 0x00000000, 0x00000000, 0x00000000, 0x00000000, 0x00000000, \
  0x00000000, 0x00000000, 0x00000000, 0x00000000, 0x00000000, 0x00000000, 0x00000000, 0x00000000, \
  0x00000000, 0xea0309f2, 0xfe0bf1f3, 0x000801ff, 0x0bfbea06, 0xf8fff90f, 0x0afffd0c, 0xfd09f7f5, \
  0x1009f903, 0xdbf7e208, 0xf0e2f8ed, 0x0c02ece6, 0xfffd05eb, 0xe2fcf7f2, 0xf9f604f6, 0xf90602f1, \
  0xea05fded, 0xe2effbf1, 0xfbf311ed, 0x0601fc06, 0xf203051b, 0xfefdfcfb, 0xf2ebefff, 0xfff7fcf4, \
  0xdd03fdfe, 0x1afd0803, 0x07160ae0, 0x07f5fcf8, 0xf205e50d, 0x060d08f8, 0x001103ff, 0x00f7fa0f, \
  0xf5100000, 0x00000000, 0x00fbee00, 0x505a4460, 0x00000022, 0x13f51809, 0x070af007, 0xfa08e3e4, \
  0xf905030e, 0x16e912fc, 0x04fefff6, 0x0f1801ed, 0x01fa0609, 0x0d110707, 0x00010805, 0xf8090910, \
  0x0aff07fb, 0xebf4070b, 0xff04f0e9, 0xfffbf2fe, 0x0b07ec07, 0xf4ed1fff, 0xef07fe0e, 0xf0eaf8ef, \
  0x0b0a0901, 0xff0309f1, 0xf60bfb0d, 0x10fd090e, 0x00f4f7ff, 0xf91afaff, 0x14f41021, 0xfbfaf603, \
  0x100efcfc, 0xf813f21a, 0xff06ebf4, 0x0507f309, 0xeaf00000, 0x00000000, 0x00f30600, 0x505a44a0, \
  0x00000017, 0x00000000, 0x00000000, 0x4d000000, 0x00000000, 0x00000000, 0x00000000, 0x00000000, \
  0x00000000, 0x00000000, 0x00000000, 0x00000000, 0x00000000, 0x00000000, 0x00000000, 0x00000000, \
  0x00000000, 0x00000000, 0x00000000, 0xfde928fb, 0x1404fee3, 0x0e000000, 0x00000000, 0x00050000, \
  0x505a8000, 0x00000178, 0xfefb0408, 0xf8f5f9ff, 0x0304fbf1, 0x02fff9fd, 0x07f10cf4, 0x0b0005fc, \
  0xed00111f, 0xeffc0c01, 0x0c11f1ee, 0xfdfefeff, 0xfefffeff, 0x00f3f5ee, 0xfcea0cf6, 0xf3f7151e, \
  0xf3061b0a, 0x1619f2f6, 0x00000906, 0xfc09f703, 0x08100306, 0xe3e705ea, 0xea01f600, 0xea0c1002, \
  0xfbedeb0a, 0xfbfce3ea, 0xe5e2f8fb, 0xfc0103fe, 0xfdfdfffc, 0xe1ed1606, 0xf4fa061b, 0x1601fd09, \
  0xfef8fe00, 0x00ffe9d8, 0xf410ebec, 0x0c00eb0c, 0x09fbf7ea, 0x08f6fe18, 0xf3f1e6ee, 0xff06fd04, \
  0xfdeefb02, 0x0becf106, 0xf2f6ff01, 0x04fdfc08, 0xfbfeef0c, 0xfff201f0, 0x01f6fc03, 0xd2edfdfd, \
  0x17052409, 0xfd170e01, 0xfdf20908, 0x0bf413fa, 0x0701f9f8, 0xfff0ea0b, 0x22eb04f2, 0xfbfdee05, \
  0x1d09f51e, 0xfb110ffe, 0xfc2cfef8, 0x29f30318, 0x1814edf2, 0x0103e9f9, 0xf50cff02, 0xfb13f2ef, \
  0x11ebf606, 0xf5faf2f9, 0xf80200fc, 0xfdf6f5ea, 0xf6040911, 0x030d0b05, 0x07080106, 0xfefef304, \
  0xf10e17ed, 0xef1b0516, 0xe5ecf6e2, 0xf9f8ffe3, 0x0e1bf7f2, 0x0ef9e215, 0x0cff0ff2, 0xfdf40afc, \
  0x09fe120e, 0x0ef4edf2, 0x01f1fcf8, 0xf8fafef8, 0xf8f5f9f9, 0xf9f7fbfc, 0x04fbfdfd, 0xfafafd00, \
  0xfd05fffd, 0x0509f5fc, 0x01f0170e, 0xf9130111, 0x03000001, 0x000000ff, 0x00d6e3d4, 0x0608ff01, \
  0x13e5fa11, 0xf6fdf3f2, 0xf812ede3, 0xeaf406e9, 0xeff8f10a, 0x00ffff00, 0xffff0000, 0xff0007f9, \
  0xf8fbf903, 0x02050000, 0x00000000, 0xff01fd0b, 0x01040eff, 0xf5f4faf3, 0xfe03f60b, 0xfb06f4fd, \
  0x0301000c, 0x0301fa00, 0x01f30000, 0x00000000, 0x000000f4, 0x03fafa01, 0xf606ffec, 0xfa10fae2, \
  0xef0dd7fa, 0xeb04050c, 0xfa1503eb, 0x0107160e, 0xf31a03e6, 0x10f6e6f8, 0xfcf4f700, 0xfefaf6fe, \
  0x000000fd, 0xff0000fe, 0x00f7f7f6, 0xf6f8f6f7, 0xf8f91111, 0xf51c0a00, 0x1d0811ff, 0x0a000800, \
  0x0ef5f2f0, 0x08f20c02, 0x04ed06ed, 0xf9fd04fc, 0xf704ef02, 0x060401f9, 0xf9f8faf9, 0xf8f6f407, \
  0x0b0c0bf9, 0x040bf7fa, 0xfdff1e02, 0x010cf6ef, 0xd1f2010e, 0x0b01f3f8, 0x08e7dae7, 0x25e8f704, \
  0xe4f40df1, 0xf0ebefe4, 0xf2070111, 0xfdf421f4, 0x0a1a010e, 0x001b05ea, 0x1507eeff, 0xf7d8f2f6, \
  0x1702fe13, 0x0c0a0d10, 0x0b1cfef7, 0x010c0bf8, 0xfd0b1fee, 0x0a16ed02, 0x13f4f501, 0xfdf3ff01, \
  0xf6ecd8df, 0xd3e2d6d7, 0xfad7e419, 0xf8e40200, 0xd1d7e3dd, 0x040114ea, 0xff1f0d0e, 0x110913f4, \
  0xf4f6edf5, 0xf8e40917, 0x1419f911, 0x04fdf9f8, 0xfbf6fdf0, 0xfaf3f800, 0xf5fbfde8, 0xfaf9f8f4, \
  0xf803e9f5, 0xf3ef00eb, 0xfbf8edf2, 0xfd010017, 0xf20d07f8, 0xf9f6f7cd, 0xe810f615, 0xf3fc04f9, \
  0xfefcf8fd, 0xed18fa01, 0x1616f012, 0x19daf6eb, 0xf4191107, 0xf50806f2, 0xfd02e1f7, 0x16eaee16, \
  0x0200ee02, 0xf7ebf6e6, 0xeae0f926, 0xf0f90de4, 0xf0fef8f0, 0x03fdedfe, 0xdce3ec00, 0x18f416fe, \
  0xec050efe, 0xfa02ddfe, 0xfdeb151a, 0xf50cdeda, 0x0aeedde4, 0xf0e50cf6, 0xd9f4f8e4, 0xe8f9fff7, \
  0xf8e6fbeb, 0xf7f703f6, 0x05eff9eb, 0xd8ecf0cc, 0xdcfd0bef, 0xff070308, 0x12220dfd, 0xed0cf5ef, \
  0xf5e5fef8, 0xf9fef9ff, 0x0202fbf3, 0xf70324f8, 0x08220119, 0xf90f110a, 0x19f6070a, 0x0308fefe, \
  0xfefefe00, 0xfffe00f5, 0xfb0900f8, 0x131d0d08, 0xf707ff14, 0x0b150813, 0x080c00f7, 0xfdf9ea07, \
  0xe7de1bf2, 0xd0f7eed2, 0xfe031632, 0x08d6f7d7, 0xe5e5041c, 0xf3111bf2, 0xf700f4fc, 0xf30ce80e, \
  0x1107f902, 0x0207f705, 0xf5f2faee, 0xf2f4f802, 0xff01f1ee, 0xf7e0e80f, 0xeb0ce6f3, 0xeee8f60e, \
  0x02f3eaec, 0x04efe801, 0xfbe9ceee, 0xf4d5041e, 0xf7fd2129, 0x12030c09, 0xe6060c04, 0x1d16fb05, \
  0xfefdf1de, 0xda05e0fd, 0x0af2090e, 0xf4ef1a22, 0x21090a08, 0xf6e9e9f7, 0xf2f0f6f0, 0xeef6f3e9, \
  0x11021504, 0x030bf0ef, 0xefe5e6f7, 0xfa01f803, 0xfde1fe11, 0x0aebfc0e, 0xfbf8ecff, 0x0000fe00, \
  0x00ff0000, 0xd9dee4c1, 0xcffcd802, 0x1427120f, 0x17210d0b, 0x17fefcec, 0xd4e3ede7, 0xe1e8e1fb, \
  0xfd000b07, 0xf70b00f9, 0x00000000, 0x00000000, 0x40000000, 0x00000000, 0x00000000, 0x00000000, \
  0x00000000, 0x00000000, 0x00000000, 0x00000000, 0x00000000, 0x00000000, 0x00000000, 0x00000000, \
  0x00000000, 0x00000000, 0x00000000, 0x00000000, 0x00000000, 0x00f90000, 0x00000000, 0x00000000, \
  0x00000000, 0x00000000, 0x00000000, 0x00000000, 0x00000000, 0x00000000, 0x00000000, 0x00000000, \
  0x00000000, 0x00000000, 0x00000000, 0x00000000, 0x00000000, 0x00000000, 0x00000000, 0x00000000, \
  0x40000000, 0x00000000, 0x00000000, 0x00000000, 0x00000000, 0x00000000, 0x00000000, 0x00000000, \
  0x00000000, 0x00000000, 0x00000000, 0x00000000, 0x00000000, 0x00000000, 0x00000000, 0x00000000, \
  0xfe31100b, 0xf9f2fd05, 0xeafb2106, 0x0b0f150b, 0xed19040c, 0xf4edf717, 0xfdf108ec, 0x0febf1fc, \
  0x08fcfe15, 0x190629f4, 0x16f80b04, 0x0b020ffe, 0x07010322, 0xfb0ce60a, 0x000b0418, 0x0e0f0704, \
  0x060b18e9, 0x06270b16, 0x0702f9fd, 0x050df7d8, 0x07f4e60b, 0x0ef9f611, 0x09fefc01, 0x0d10f005, \
  0xe014cd05, 0x0205fd14, 0x06070607, 0x081f08f7, 0x1001e7e3, 0xec15f418, 0x2efd0123, 0x07000000, \
  0x00000000, 0x00f91000, 0x505a82a0, 0x00000022, 0xf4f40dfc, 0x08d708f6, 0x0b0b0308, 0xee06ff0e, \
  0x0a00fdf9, 0xe8eff2e7, 0xfced0307, 0xf2f0f3dd, 0x0decf714, 0xf0f6f00f, 0xf9f6fd09, 0x1002f8ff, \
  0x0610ef1d, 0x07e8fc24, 0xf8210b04, 0xf406f608, 0x10f9fa19, 0x092af505, 0xfcf60b10, 0x03e512fa, \
  0xfff9f8f2, 0xfe27120d, 0x0d020b02, 0x060eeff4, 0x0a24110e, 0xfd0efc11, 0xfff502ee, 0xedf3f0f8, \
  0xfc010cfa, 0xffecfde4, 0x00daf611, 0xfc080000, 0x00000000, 0x00ee0400, 0x505a82e0, 0x00000058, \
  0x00000000, 0x00000000, 0x40000000, 0x00000000, 0x00000000, 0x00000000, 0x00000000, 0x00000000, \
  0x00000000, 0x00000000, 0x00000000, 0x00000000, 0x00000000, 0x00000000, 0x00000000, 0x00000000, \
  0x00000000, 0x00000000, 0x00000000, 0x00fc0000, 0x00000000, 0x00000000, 0x00000000, 0x00000000, \
  0x00000000, 0x00000000, 0x00000000, 0x00000000, 0x00000000, 0x00000000, 0x00000000, 0x00000000, \
  0x00000000, 0x00000000, 0x00000000, 0x00000000, 0x00000000, 0x00000000, 0x41000000, 0x00000000, \
  0x00000000, 0x00000000, 0x00000000, 0x00000000, 0x00000000, 0x00000000, 0x00000000, 0x00000000, \
  0x00000000, 0x00000000, 0x00000000, 0x00000000, 0x00000000, 0x00000000, 0xfd040107, 0x0902ff1e, \
  0xfdf9ec11, 0x24ef170b, 0xfefafce4, 0x02fffff4, 0xf8e70005, 0xfcf30015, 0x31d603fb, 0x1c02f9f5, \
  0x053bfb03, 0xf4ee0e14, 0xfe060313, 0xfbf5fde6, 0x03f70107, 0xfe06fc0a, 0xe60ceaeb, 0x26faf701, \
  0x15fe05f2, 0x031afaf7, 0xf505170a, 0x0bf410fc, 0x0eed1be2, 0xf201fd02, 0xfef12aeb, 0xfaf60806, \
  0x05f401fc, 0x0915fff6, 0xf6f807f7, 0xef0d0a0a, 0x09fefe07, 0x17010000, 0x00000000, 0x0019f700, \
  0x505a8380, 0x00000022, 0xfb0ffc1a, 0x03e6ebf2, 0x16cbe016, 0xdcddfd20, 0x04100421, 0x11df0b07, \
  0xf1e402e3, 0x0421101a, 0x0cccfeef, 0xf523f1d6, 0xf3ebfc0d, 0x16df0944, 0xf8212f44, 0xfd09efe9, \
  0x1dfced61, 0x0514fed2, 0x0dcf0b15, 0x0b1706ce, 0xdbd90f28, 0x1801ebd1, 0xf50d151c, 0xe8031715, \
  0x08360fc9, 0xf707e612, 0xf9062322, 0xfb35e5cf, 0xefe70417, 0x01130cd3, 0xf4fdf80a, 0xdac3b8c7, \
  0x0202f1f2, 0xfaf30000, 0x00000000, 0x0019ea00, 0x505a83c0, 0x00000058, 0x00000000, 0x00000000, \
  0x76000000, 0x00000000, 0x00000000, 0x00000000, 0x00000000, 0x00000000, 0x00000000, 0x00000000, \
  0x00000000, 0x00000000, 0x00000000, 0x00000000, 0x00000000, 0x00000000, 0x00000000, 0x00000000, \
  0x00000000, 0x00fb0000, 0x00000000, 0x00000000, 0x00000000, 0x00000000, 0x00000000, 0x00000000, \
  0x00000000, 0x00000000, 0x00000000, 0x00000000, 0x00000000, 0x00000000, 0x00000000, 0x00000000, \
  0x00000000, 0x00000000, 0x00000000, 0x00000000, 0x40000000, 0x00000000, 0x00000000, 0x00000000, \
  0x00000000, 0x00000000, 0x00000000, 0x00000000, 0x00000000, 0x00000000, 0x00000000, 0x00000000, \
  0x00000000, 0x00000000, 0x00000000, 0x00000000, 0x03fbdfff, 0x0f09121f, 0xdcf20711, 0xf1181108, \
  0xf811f5ff, 0x1102f90a, 0x1f090e16, 0xf5090801, 0xedf6300d, 0x0fedfefd, 0xed0306f2, 0xfe0506e9, \
  0x07fe010e, 0xf612fafa, 0x01010fff, 0x08ee1fef, 0x160b0e07, 0x0503d401, 0xf1f018eb, 0xee0dfc08, \
  0x0e1cf80a, 0x0611f403, 0x230aff01, 0x0e0ff102, 0xddf70dfd, 0x1cf70a00, 0x220c130c, 0xf921031d, \
  0x01ff2c1a, 0xf81d0619, 0x02f3000b, 0xfbff0000, 0x00000000, 0x00090f00, 0x505a8460, 0x00000022, \
  0xef0bf2ec, 0x1004f1f1, 0x06f2fdf9, 0xf7fdfb07, 0x1003fff7, 0xec03eff5, 0xe6080209, 0x0a0df70d, \
  0xeb1106f8, 0xf62e10f0, 0x0ef8f703, 0x0701f50d, 0x09f2e416, 0x20ff0400, 0xf42414ec, 0x02f40603, \
  0xf00b0102, 0x1ef71c16, 0xf7deef1b, 0x031501f1, 0xf704fc11, 0x01fd1afe, 0x0403f3f5, 0x07eefdf3, \
  0x04fb0ceb, 0x07151001, 0xfdfbefff, 0x04f517fe, 0xf4f003ef, 0x0b04fe02, 0xf6feed00, 0x07fe0000, \
  0x00000000, 0x001f0700, 0x505a84a0, 0x00000017, 0x00000000, 0x00000000, 0x52000000, 0x00000000, \
  0x00000000, 0x00000000, 0x00000000, 0x00000000, 0x00000000, 0x00000000, 0x00000000, 0x00000000, \
  0x00000000, 0x00000000, 0x00000000, 0x00000000, 0x00000000, 0x00000000, 0x0023dd33, 0xda1de2e7, \
  0xe0000000, 0x00000000, 0x00020000, 0x505ac000, 0x00000178, 0x00000000, 0x00000000, 0x00f401fa, \
  0xea0105f0, 0xf209f5ea, 0xe4f5eceb, 0xfc030103, 0x0813fe18, 0x160efaf4, 0x00000000, 0x000000ff, \
  0x0003e7ed, 0x050d060e, 0x1707e4f5, 0x02e0fdf8, 0x100cfef8, 0x06f800fd, 0xfdfe0400, 0xfff5ed15, \
  0xf1fe0c07, 0xe9f405ee, 0xf6ef1401, 0xe9f4070e, 0x0bf2f80a, 0x00f31003, 0xf701fe01, 0x01fe07f9, \
  0xfaf810fb, 0x060903fa, 0xfb000000, 0x0000ff00, 0x0000faf4, 0xe8e200ea, 0xfbecee0c, 0xf30f0aef, \
  0xe8e5e410, 0x1e03f3ff, 0x17080bf2, 0x3006f301, 0xf102fc07, 0x0cf8fffd, 0x04fdfd00, 0x0303fe02, \
  0x03fc07fc, 0xff03f6f8, 0x1d0507f1, 0xeef8df00, 0xfcf80b07, 0x0c05ea04, 0xfc00ff1a, 0x1cedf0f0, \
  0x110cf4e2, 0xff07e711, 0xfa06fd0a, 0xe014f2fc, 0x0fe7fe0d, 0xfef81500, 0xeeecdfd6, 0xcecf0507, \
  0x0c0106fa, 0xfd0ef806, 0xe805eaf5, 0xfc06e8e9, 0xfe05ff01, 0x06fcfe06, 0xfef5e6fe, 0xedf002fc, \
  0xffe90105, 0x04fc0403, 0xfafbfce4, 0x13eff701, 0x04f9d9e1, 0xf7090cff, 0xecf0f812, 0x01d9e0e4, \
  0xece7f6e7, 0x0302effb, 0xeffb0108, 0x08f5f403, 0xf30804f4, 0x0d03ff09, 0xfcf8f9f8, 0xf4fdf9f8, \
  0xf4f2f2f5, 0xf4f2eff7, 0xf4f3ff02, 0xfdff00ff, 0x0101ff11, 0x0a18f70b, 0x1e100af2, 0x00000000, \
  0x00000000, 0x00d9f506, 0xeef2f815, 0x1215051a, 0x17f7faf1, 0xd8f005ea, 0xef02fee7, 0xffe1e4f5, \
  0x00000000, 0x00000000, 0x00020103, 0x01fcff02, 0x02fffefe, 0xfdff0000, 0xff010326, 0x1d051efb, \
  0xebfcf609, 0x00000000, 0x00000000, 0x00ffffff, 0xff01feff, 0xfffffd01, 0xfafbf8fa, 0xfdfcfcea, \
  0xfaeaf502, 0xebef0eeb, 0x01090713, 0x0b050618, 0x0304f204, 0x18090f22, 0x0404fbf9, 0xebf41209, \
  0x18060d00, 0x00fffc02, 0xfcfcfd03, 0x00000000, 0xff000101, 0x00fbfafa, 0xfcfafef9, 0xfc00f3dd, \
  0xfcd5eef6, 0xfe140d13, 0xfdf3fefc, 0x16ebf5f9, 0xe8f22317, 0xf40818f6, 0xec000000, 0x00000000, \
  0x0000fafa, 0xfafafbf9, 0xfafafb00, 0x00000000, 0x01000000, 0xf8140e0e, 0xfdf9f109, 0xf9fe0bf5, \
  0x11ff06ef, 0x100902ff, 0x00fcfdfc, 0xf8fd04f5, 0x09f0060d, 0x0805f6f4, 0xf7faeeff, 0x0efeecfa, \
  0x0108f706, 0x0701f909, 0xfb03f7ff, 0x050d0608, 0xfb070df8, 0xff1b0df1, 0x08fbfa11, 0xfbfc0102, \
  0xfcfa05f9, 0xf70a04f6, 0x0605fef7, 0xfcfe100c, 0xfe0c110e, 0xf105f207, 0x05f5f7f5, 0xef01f604, \
  0xf1f309fc, 0x060d0d0b, 0xfce9fcf2, 0x050bf608, 0x03f00403, 0xebf3fd05, 0x0507eefa, 0x05fbfdfa, \
  0xfe0afb07, 0x00000000, 0x00000000, 0x0014fa0e, 0x05f7f1fd, 0x0bfe08fa, 0xff0605f7, 0x00f1f0ff, \
  0x05f8faf5, 0xfa06fff8, 0x01fd0103, 0xfdff06f5, 0xf4040914, 0x0807fd19, 0x0b11fe02, 0xeff304f2, \
  0x0510eb01, 0xf5fe00f8, 0xf2f4fb00, 0x000e060f, 0x0403f902, 0xf901ff00, 0x00fffe00, 0xfffeff0d, \
  0xfafcf8f3, 0xff0ee602, 0x0b07f70a, 0x1a1919fe, 0xf80506ff, 0x07121804, 0xf8ec08f5, 0xf806e9f4, \
  0xf201f909, 0x0505fc05, 0x01ff060a, 0x040af5fd, 0x05f3ff0a, 0x07f8f9f4, 0x01fcfc0c, 0xfcfcf1ef, \
  0x050b14fd, 0x000612ec, 0x0609fcf4, 0x03f4ee07, 0xf60302f0, 0xfbf90cf8, 0x1106ef0f, 0x0904f808, \
  0x12f2fe07, 0xf403fe01, 0x15060000, 0x00000000, 0x0000000b, 0xf1000908, 0xf414100f, 0xfffef700, \
  0xfef2ff00, 0x0af50b0d, 0xf8000cf3, 0xfeec0f0d, 0xf4090201, 0xfbec0afe, 0xfc04fc02, 0x02010b01, \
  0xfdf711fd, 0x0504fa00, 0xf7f7fe04, 0x0100f602, 0xfdf60fef, 0x08ecf60b, 0x1100f2f7, 0x0c12fd0b, \
  0xfb01fc15, 0xf2141818, 0x13fef9f7, 0x00f8f5ee, 0x04fff102, 0xfe0214fe, 0xf602f500, 0xf5f60810, \
  0x070aff01, 0x040bf6fb, 0x000a0bfb, 0xfcf303fa, 0xfef300fa, 0xf8f7f2f7, 0xf2fc02fd, 0xfdfd0607, \
  0x01fff700, 0x00000000, 0x00010000, 0xf3f4fdf3, 0x07fb00f5, 0xfafe02fe, 0xf207f80e, 0x00f4fb09, \
  0x02faf7f6, 0x03ecf900, 0x0000fffe, 0xff000101, 0x00fefe01, 0xff000000, 0x010bfc16, 0x0b001619, \
  0x1319f20f, 0x04f70ef7, 0x13ec05f7, 0xfcf4f90b, 0xfef6f4fa, 0x00000000, 0x00000000, 0x40000000, \
  0x00000000, 0x00000000, 0x00000000, 0x00000000, 0x00000000, 0x00000000, 0x00000000, 0x00000000, \
  0x00000000, 0x00000000, 0x00000000, 0x00000000, 0x00000000, 0x00000000, 0x00000000, 0x00000000, \
  0x00fd0000, 0x00000000, 0x00000000, 0x00000000, 0x00000000, 0x00000000, 0x00000000, 0x00000000, \
  0x00000000, 0x00000000, 0x00000000, 0x00000000, 0x00000000, 0x00000000, 0x00000000, 0x00000000, \
  0x00000000, 0x00000000, 0x00000000, 0x3e000000, 0x00000000, 0x00000000, 0x00000000, 0x00000000, \
  0x00000000, 0x00000000, 0x00000000, 0x00000000, 0x00000000, 0x00000000, 0x00000000, 0x00000000, \
  0x00000000, 0x00000000, 0x00000000, 0xeefaecf6, 0x0ce1fffa, 0xf8dd04e5, 0xfcf8edee, 0xdc09eced, \
  0xfa0efd01, 0xf8f203f6, 0xfbf7dff0, 0x07f2fffb, 0x050300db, 0xf307fff9, 0xe7e3e8fc, 0xfc04f6f2, \
  0xf2f3f307, 0xf7e902f8, 0xdce9ec00, 0xfbe004f4, 0xfbdff2f4, 0xecf6f5eb, 0xe7fecdee, 0x06fafbf6, \
  0xf3e90cf0, 0x07ebf4ed, 0xea0401fc, 0xd6ec07f7, 0xfdf6fcf9, 0xf3f1e8e9, 0xf2dfecfb, 0xfceb0ce2, \
  0x0400ecef, 0x05f8fd01, 0xf4f00000, 0x00000000, 0x00dee600, 0x505ac2a0, 0x00000022, 0xf9091518, \
  0x0d0d0207, 0x0cfdfce5, 0x0de70618, 0xf20af4fc, 0x000b04f9, 0x060601f7, 0xfa010e08, 0x0800fc00, \
  0xf9ecfcee, 0xff120914, 0xf1f606fd, 0x07e9fff9, 0xf720f9ef, 0x040ff9fa, 0xf0f6e708, 0xfb0800f7, \
  0xfef81cfc, 0xee0e17f4, 0xf8100df9, 0xed13f2f5, 0x1b19f606, 0x12ecf507, 0x0b0006ea, 0xf6fbff0a, \
  0xf0090704, 0x22fbfa07, 0xf9f80205, 0x00f7fcf6, 0xf9eafcef, 0xf1fd0303, 0x0cf60000, 0x00000000, \
  0x000df500, 0x505ac2e0, 0x00000058, 0x00000000, 0x00000000, 0x3d000000, 0x00000000, 0x00000000, \
  0x00000000, 0x00000000, 0x00000000, 0x00000000, 0x00000000, 0x00000000, 0x00000000, 0x00000000, \
  0x00000000, 0x00000000, 0x00000000, 0x00000000, 0x00000000, 0x00000000, 0x00090000, 0x00000000, \
  0x00000000, 0x00000000, 0x00000000, 0x00000000, 0x00000000, 0x00000000, 0x00000000, 0x00000000, \
  0x00000000, 0x00000000, 0x00000000, 0x00000000, 0x00000000, 0x00000000, 0x00000000, 0x00000000, \
  0x00000000, 0x3e000000, 0x00000000, 0x00000000, 0x00000000, 0x00000000, 0x00000000, 0x00000000, \
  0x00000000, 0x00000000, 0x00000000, 0x00000000, 0x00000000, 0x00000000, 0x00000000, 0x00000000, \
  0x00000000, 0xd204faeb, 0xf5fa17e8, 0xedf5fce0, 0xe3fcfaf4, 0x10fff610, 0xfbf8e2e5, 0xfee0f5f5, \
  0xdafce20a, 0xf406f30d, 0xe7e2f004, 0x0802e8e3, 0xfff5fcdb, 0xea02f400, 0xe00311e2, 0xe60402ed, \
  0xffda09ef, 0xeffd020b, 0xf90edbed, 0xdbe3f4f0, 0x08f3f4ea, 0x01e5f2ec, 0xfff1f0f0, 0xfaf7ff05, \
  0xdff701f9, 0x05fafafb, 0x11f5ecf4, 0xf9eef7f0, 0x07f9f1f3, 0xf8e6f3fd, 0xd8e2fcee, 0xe4f2dae9, \
  0xc5fa0000, 0x00000000, 0x00e7fb00, 0x505ac380, 0x00000022, 0x203deb31, 0xf3092f03, 0xd4001617, \
  0xfbd92215, 0x2bee1df5, 0xe1fb13ed, 0xfdf5edc3, 0xf72c241a, 0x15151207, 0x21ead4f2, 0xc90dd41a, \
  0x04faeff4, 0x0a04f3e6, 0xfe2e01d3, 0xfa21bd15, 0x1e040c05, 0x0b13ac19, 0x13f4f106, 0x2a17fce1, \
  0x07110e1c, 0x02191bfa, 0x06f5d1ff, 0x01ea0e31, 0xf1faedf7, 0x1be5fd09, 0x18efdeeb, 0xdf104b09, \
  0xd4e109f5, 0xf7f70cff, 0x2203fb11, 0xf10a40d3, 0xeff00000, 0x00000000, 0x0028e000, 0x505ac3c0, \
  0x00000058, 0x00000000, 0x00000000, 0x7d000000, 0x00000000, 0x00000000, 0x00000000, 0x00000000, \
  0x00000000, 0x00000000, 0x00000000, 0x00000000, 0x00000000, 0x00000000, 0x00000000, 0x00000000, \
  0x00000000, 0x00000000, 0x00000000, 0x00000000, 0x000e0000, 0x00000000, 0x00000000, 0x00000000, \
  0x00000000, 0x00000000, 0x00000000, 0x00000000, 0x00000000, 0x00000000, 0x00000000, 0x00000000, \
  0x00000000, 0x00000000, 0x00000000, 0x00000000, 0x00000000, 0x00000000, 0x00000000, 0x3d000000, \
  0x00000000, 0x00000000, 0x00000000, 0x00000000, 0x00000000, 0x00000000, 0x00000000, 0x00000000, \
  0x00000000, 0x00000000, 0x00000000, 0x00000000, 0x00000000, 0x00000000, 0x00000000, 0xf1e1f9d4, \
  0x18f6fffb, 0x00d0ecf3, 0xf3f313ed, 0xe8f1f608, 0xeefd0dcb, 0x0103f801, 0xe512e5d0, 0xebfcfaec, \
  0xf7e605ea, 0x15d3e3e5, 0xd5070ff7, 0xe200f1ec, 0xdd08e2eb, 0xeeded1db, 0xf00eebfe, 0xed06f6eb, \
  0xbf180af0, 0xf7f6f401, 0xe702f2f9, 0xd8c7faeb, 0xe8ecfcf4, 0x01efe7eb, 0xd500e0fd, 0xf3e4eee1, \
  0x0e15ffe6, 0xf1e9e9ef, 0xddc5f21d, 0xff00eddb, 0x02f213ff, 0xe007effe, 0xe8dd0000, 0x00000000, \
  0x0002e300, 0x505ac460, 0x00000022, 0xf20300fd, 0x06f8f6f9, 0x0adb06fc, 0x08eb03e9, 0x121d0c19, \
  0x00fb0715, 0xfbfdfaf5, 0xfb0b0411, 0x050bfcea, 0xfcf01014, 0xf312071c, 0x07f9fdfb, 0x0210eee9, \
  0x0a2208f9, 0xf4f10f11, 0x04f5f7fe, 0xfa02fef6, 0xfef408db, 0xf60cf9f3, 0xf50407e1, 0xf8fbf512, \
  0x060313f5, 0x040afc01, 0x0009f60c, 0xf718110c, 0x050204e8, 0x0fe60e30, 0xf60c11ec, 0xf4e313e6, \
  0x01eaeafe, 0xec0009f5, 0xff060000, 0x00000000, 0x000bf800, 0x505ac4a0, 0x00000017, 0x00000000, \
  0x00000000, 0x54000000, 0x00000000, 0x00000000, 0x00000000, 0x00000000, 0x00000000, 0x00000000, \
  0x00000000, 0x00000000, 0x00000000, 0x00000000, 0x00000000, 0x00000000, 0x00000000, 0x00000000, \
  0x00000000, 0x0611fbd4, 0x13f71ed8, 0xf0000000, 0x00000000, 0x001c0000, 0x505b0000, 0x00000178, \
  0x04fdf8fd, 0xfd0006fb, 0xf804ea04, 0xfa0201f0, 0xe1ff0702, 0xe4eef00f, 0x0aebe505, 0x0011feeb, \
  0xe20bf5f5, 0x0000ff00, 0x00ff0000, 0x00060d1b, 0xf50febd2, 0xd3ceea09, 0x04f5fbef, 0xff01ecff, \
  0x0000f705, 0x04020803, 0xedf707ff, 0x020aec00, 0xf91202fc, 0xfcff140e, 0x05070df3, 0x0feae2f9, \
  0xfc0002f7, 0xf802f8f8, 0x01fcffff, 0xfcfcfcf1, 0xf2faeaff, 0x01fd01f9, 0x00000001, 0x0001f7f4, \
  0xe70ee1f8, 0x13f9eff7, 0xeadef4ef, 0xf1fefc18, 0xff0b0cf3, 0x07110bec, 0xf8060113, 0xea0509f0, \
  0xfeef00ff, 0x05fef907, 0x09000804, 0x0707f703, 0x06ff0204, 0x08150719, 0xddebe5dd, 0xf3f507f3, \
  0xf50def0b, 0x0ce8daf2, 0xebf2df09, 0xfa062205, 0xf111ece6, 0x1303e0f4, 0x0f181a14, 0x0a0010f6, \
  0xfd07fbe6, 0x0d05e4f9, 0x17f9100c, 0x1ff3f71e, 0xfc03ffec, 0xf5fff209, 0x0a0e1401, 0x00fe01ff, \
  0x000006fd, 0xfe040d01, 0x07fd1403, 0x0efe00fd, 0x0107f403, 0x07faf713, 0x13e40406, 0xf1130ddd, \
  0x08ede409, 0xece9f7f5, 0xeb0002f5, 0xfe04f9ea, 0xedfff40d, 0xf5080afc, 0x03f906ff, 0x0006f807, \
  0x0703fdfa, 0xf7f4eef6, 0xf7f7fcfc, 0xfaf7f5f4, 0xf8f5f1f5, 0xf2f30502, 0xffff02fd, 0xf0080702, \
  0x07faf0ef, 0x0412f7f7, 0x000000ff, 0xfffefefd, 0xfe0906e5, 0xf804e3e8, 0xefdcdad7, 0xebeffa01, \
  0x0a180b02, 0xefe3f4e7, 0xf8061418, 0xffff0000, 0x00000000, 0x00faf9f7, 0x01fe02fb, 0x05060000, \
  0xff00ff01, 0xfcf606ec, 0xf2fddddf, 0xc5c8e4f9, 0xff0300fe, 0x0408f8ff, 0xf9fdf9f2, 0xfcf9f6f8, \
  0xfd070000, 0x00ff0000, 0x000000fd, 0x01fdfdf2, 0x13f9fded, 0x010c0df0, 0x1a18f002, 0x07f11314, \
  0x10fc13ec, 0xe0e2fe0b, 0xef09f0f9, 0xd9f7f0fa, 0x030700f4, 0xf40306f5, 0xfbff00fd, 0x01fe0000, \
  0x00f8f8f7, 0xf7f5f3f3, 0xf6ef0afc, 0xe91a12f0, 0xfcdee5f9, 0x00fef8f1, 0x1502e9fe, 0xf6fe0ad6, \
  0xe7dae3fb, 0x100504fa, 0xf405f601, 0xf307fbf9, 0xf6f9f6f7, 0xf7fcf803, 0xfe04fc01, 0x00ff0000, \
  0x02ff00fe, 0xfafeffff, 0xfdfd04fe, 0x02fdfb00, 0x02000000, 0x0100ff01, 0x00000000, 0x00000000, \
  0x00000000, 0x00000000, 0x00000000, 0x00fe05fe, 0x00fc00ff, 0x010605fb, 0x0208feff, 0xfdfc0800, \
  0x00000000, 0x00000000, 0x00000000, 0x00000000, 0x0003fdff, 0xfafdfbfe, 0xfe030000, 0x00000000, \
  0x00000002, 0x000504fe, 0xfd020302, 0xf50109fc, 0x05f903fe, 0x0afefd01, 0x04040404, 0x05feffff, \
  0x0202ff06, 0xff0003f9, 0xfc070603, 0xfbfefe04, 0x00000000, 0x00000000, 0x0002fd02, 0x010405ff, \
  0xff01ff01, 0x00010103, 0x00000003, 0xfffd00fe, 0xfd0000ff, 0x00fefd01, 0x02010000, 0xff000200, \
  0x02fe02ff, 0x0100ff00, 0xfe010203, 0x0000ff05, 0x04fafefc, 0x03020006, 0x00000000, 0x00000000, \
  0x00020100, 0x00010100, 0x0000fdfd, 0xfd000000, 0xfffefc00, 0x00000000, 0xff000000, 0x00000000, \
  0x00000000, 0x00fa0af8, 0xfc040302, 0xfbfb0000, 0x00000000, 0x00000000, 0x00000002, 0xfe000000, \
  0x00000000, 0x00ffff00, 0xff000000, 0x00000000, 0x0000ff00, 0x00000000, 0x000000fc, 0x01fffd03, \
  0xfc030000, 0xfc0403ff, 0x020102fc, 0xfe000000, 0x00000000, 0x00000000, 0x00000000, 0x00000000, \
  0x00000000, 0x01fd00fd, 0x01ff0100, 0x00000000, 0x0001fe00, 0x0000ff00, 0x00000302, 0xfe050301, \
  0xfd02fcff, 0xf70502f7, 0x08fd06fb, 0x01010100, 0x00000000, 0x00000000, 0x00000000, 0x00000000, \
  0x00000000, 0x00000000, 0x03010104, 0xff00ff00, 0x00000000, 0xfe01ffff, 0x00000000, 0x00000000, \
  0x00000503, 0x010705fd, 0xfb02fc03, 0xfcfb0605, 0xfbfc0205, 0x020001fd, 0xfffdfefe, 0x010001ff, \
  0x04030202, 0x02ff0000, 0x00000000, 0x00000000, 0x00000000, 0x00000000, 0x00000000, 0x00000000, \
  0x00000000, 0x00000000, 0xff010000, 0x00000000, 0x00000000, 0x00000000, 0x00000000, 0x00000000, \
  0x00000000, 0x00000000, 0x00000000, 0x00000000, 0x00ff00ff, 0x01020002, 0x02fcfe03, 0x020001ff, \
  0x00000000, 0x00000000, 0x40000000, 0x00000000, 0x00000000, 0x00000000, 0x00000000, 0x00000000, \
  0x00000000, 0x00000000, 0x00000000, 0x00000000, 0x00000000, 0x00000000, 0x00000000, 0x00000000, \
  0x00000000, 0x00000000, 0x00000000, 0x00fd0000, 0x00000000, 0x00000000, 0x00000000, 0x00000000, \
  0x00000000, 0x00000000, 0x00000000, 0x00000000, 0x00000000, 0x00000000, 0x00000000, 0x00000000, \
  0x00000000, 0x00000000, 0x00000000, 0x00000000, 0x00000000, 0x00000000, 0x40000000, 0x00000000, \
  0x00000000, 0x00000000, 0x00000000, 0x00000000, 0x00000000, 0x00000000, 0x00000000, 0x00000000, \
  0x00000000, 0x00000000, 0x00000000, 0x00000000, 0x00000000, 0x00000000, 0xfa10090c, 0xf4f10bff, \
  0x03091eeb, 0x0605f3f1, 0x0e0c00f3, 0x1614031f, 0xf9f70705, 0x06e7f401, 0x0bfc16ff, 0x26191817, \
  0x020e05fc, 0x14fd00f9, 0x03130218, 0x07f91205, 0xf3fa0b10, 0xfa020901, 0x080717f9, 0x24f2f505, \
  0x05140c18, 0xf7150b17, 0x01f5001d, 0x09f0fa0a, 0x1d00eef5, 0xf908f5ff, 0x02f7f7fb, 0x00ee0217, \
  0x18f70b04, 0xf80528ff, 0x2eee0907, 0x1f12f329, 0x1c09ff0b, 0x170d0000, 0x00000000, 0x00fc0400, \
  0x505b02a0, 0x00000022, 0x010205f9, 0x10f41106, 0x01100c1e, 0xe40e06f5, 0x1deb16fb, 0xd0fcf41d, \
  0x01fa1208, 0xf30ef30d, 0x05f80a03, 0x150cefe8, 0xeb05fb07, 0xfb000ef8, 0xf3120017, 0x0aed1915, \
  0xee01fd06, 0x0ee9f5fe, 0x04d5dbff, 0x0007f3df, 0x12fbfb0b, 0x03ed07e5, 0x0cf50df6, 0xf8eef1db, \
  0x0a1ff809, 0xf121eae7, 0x020408ef, 0x1606f405, 0xf8140ef7, 0xe804f902, 0xf90305f7, 0x04ffffeb, \
  0xe50b060f, 0xf9e50000, 0x00000000, 0x00ecee00, 0x505b02e0, 0x00000058, 0x00000000, 0x00000000, \
  0x3e000000, 0x00000000, 0x00000000, 0x00000000, 0x00000000, 0x00000000, 0x00000000, 0x00000000, \
  0x00000000, 0x00000000, 0x00000000, 0x00000000, 0x00000000, 0x00000000, 0x00000000, 0x00000000, \
  0x00000000, 0x00f50000, 0x00000000, 0x00000000, 0x00000000, 0x00000000, 0x00000000, 0x00000000, \
  0x00000000, 0x00000000, 0x00000000, 0x00000000, 0x00000000, 0x00000000, 0x00000000, 0x00000000, \
  0x00000000, 0x00000000, 0x00000000, 0x00000000, 0x40000000, 0x00000000, 0x00000000, 0x00000000, \
  0x00000000, 0x00000000, 0x00000000, 0x00000000, 0x00000000, 0x00000000, 0x00000000, 0x00000000, \
  0x00000000, 0x00000000, 0x00000000, 0x00000000, 0x01170600, 0x04141bf7, 0x02f5f40d, 0x02131305, \
  0xfdeaf51c, 0x0b05010e, 0xff19fd15, 0xf7e8fa18, 0x0e11080d, 0xfef3f902, 0x1e0806f4, 0xfdecfc28, \
  0x1203f901, 0x091a0904, 0x08fed6fc, 0xeb0010f5, 0xdc03f703, 0xfb1101fe, 0xf6f9f2fb, 0x050b1bf8, \
  0x170c0df7, 0x09d10b00, 0xfde70205, 0x25f112f5, 0x02fa0f00, 0x1212021f, 0xf80af800, 0x0e151f00, \
  0xf209fef3, 0x07e80afb, 0xf300ebf7, 0x050b0000, 0x00000000, 0x00f70500, 0x505b0380, 0x00000022, \
  0xf820fdf9, 0x1ee511f9, 0x05d9f8ff, 0xdfd7051d, 0x0f22fef6, 0x0116effb, 0xf611eed3, 0xd91a0711, \
  0x1ffc02e2, 0x06dd04db, 0xf1e90cf8, 0x011b02eb, 0x0e09ff02, 0xfb0112bf, 0x0400f929, 0x00e1080a, \
  0xf73402e2, 0xd6e4edd4, 0x1314f9fb, 0xf3ff070b, 0x10f60afe, 0x0f1f0c1a, 0x09d8fff6, 0x23f81ffe, \
  0xf3f0e70c, 0x0b0105f9, 0x07d8ed2f, 0xe020fd15, 0x10ecf5f6, 0x05f31b1f, 0xffeffce8, 0x19180000, \
  0x00000000, 0x000d0000, 0x505b03c0, 0x00000058, 0x00000000, 0x00000000, 0x7b000000, 0x00000000, \
  0x00000000, 0x00000000, 0x00000000, 0x00000000, 0x00000000, 0x00000000, 0x00000000, 0x00000000, \
  0x00000000, 0x00000000, 0x00000000, 0x00000000, 0x00000000, 0x00000000, 0x00000000, 0x00f30000, \
  0x00000000, 0x00000000, 0x00000000, 0x00000000, 0x00000000, 0x00000000, 0x00000000, 0x00000000, \
  0x00000000, 0x00000000, 0x00000000, 0x00000000, 0x00000000, 0x00000000, 0x00000000, 0x00000000, \
  0x00000000, 0x00000000, 0x40000000, 0x00000000, 0x00000000, 0x00000000, 0x00000000, 0x00000000, \
  0x00000000, 0x00000000, 0x00000000, 0x00000000, 0x00000000, 0x00000000, 0x00000000, 0x00000000, \
  0x00000000, 0x00000000, 0xf7130dfa, 0x0f08f807, 0xe20af60d, 0xfbe7f9fe, 0xef10fbf7, 0x0a0df801, \
  0x0e060439, 0xff1a06fe, 0x08f812eb, 0xfa1905fc, 0x0df4f208, 0xe704fd02, 0x02eff1fc, 0xf81205df, \
  0xecf0f50f, 0x0a0805e8, 0xf008d3ec, 0x171eebed, 0xfafa07fc, 0xfb22defc, 0xeeeafceb, 0xf5f9f2fc, \
  0x04f2fcde, 0xf709ffed, 0x0925140c, 0x1c070e02, 0xedf6df03, 0x05f8021e, 0x1df815fd, 0x1f0c1aff, \
  0xf31214ec, 0xf40d0000, 0x00000000, 0x00100800, 0x505b0460, 0x00000022, 0xf8121efc, 0xf90f2c01, \
  0x18f4ff01, 0x28fd0c06, 0xf6fb0310, 0x1a1ddeec, 0x15eaf5f5, 0xf20b2214, 0x16eaf707, 0x1b12ffd8, \
  0xe4dd06e6, 0xdb14ef0b, 0x0e1119f8, 0xed0dee03, 0xfd10f003, 0xfdec0218, 0x05f6e217, 0x0ae5e301, \
  0x1af0051b, 0xfa0c0dff, 0x11091724, 0x16e3d300, 0xf60d03f0, 0x0bf6f2de, 0xfde2f3f2, 0x0804e8f8, \
  0xe71a23ee, 0xe80208f5, 0x0af509fb, 0x07030c04, 0x201415ef, 0xf7f10000, 0x00000000, 0x00f3e800, \
  0x505b04a0, 0x00000017, 0x00000000, 0x00000000, 0x51000000, 0x00000000, 0x00000000, 0x00000000, \
  0x00000000, 0x00000000, 0x00000000, 0x00000000, 0x00000000, 0x00000000, 0x00000000, 0x00000000, \
  0x00000000, 0x00000000, 0x00000000, 0x00000000, 0xcf0510f8, 0xda212918, 0xfe000000, 0x00000000, \
  0x00000000, 0x505b4000, 0x00000178, 0xfaf80101, 0x0006fefc, 0x00ecf60b, 0xf0f808ff, 0x03fe0910, \
  0xf6f4fbf1, 0x20f8f603, 0x11051208, 0xededf6e8, 0x00000000, 0x00000000, 0x00fa1af7, 0x0ef30dc7, \
  0xc9f001fd, 0x030d1809, 0xf7fddf00, 0x000003fe, 0xfc0604fe, 0x03edf811, 0xf10ce9ee, 0x040aedfa, \
  0xf912170b, 0x05f9f70a, 0x0010ed0e, 0x06fbed03, 0x04020505, 0xfdfe0000, 0x0ff7eff6, 0xf608efee, \
  0xeeff02fa, 0x00fefc00, 0x0101e1e7, 0xdfe6fee5, 0x11eae8f6, 0xfceb02ee, 0x0610120c, 0xf0fd09ea, \
  0xea180b12, 0xfbf60a01, 0x0dfbf4fb, 0x0efbf5fa, 0xfffbfb03, 0xfdf806f9, 0x0003f400, 0xf6fdf5f6, \
  0x24010807, 0xf1f0e2eb, 0xfcf8eb16, 0xf115080c, 0x090afff5, 0xf3ecf718, 0xf4040af9, 0xf00006fb, \
  0x0efa07fb, 0x140a0bf9, 0x0cff0dfa, 0x14f9110a, 0x06f6fd1d, 0x1902f8fd, 0x1315f9f9, 0x0b12200d, \
  0x04fcfcfb, 0xf607f104, 0xfffefa00, 0x00fd0200, 0xff0efee3, 0xf20a140a, 0x07fbfff4, 0xf2fe0109, \
  0xfafe03f6, 0x10e60315, 0xed08f2f0, 0x0303f705, 0x09ee0ffc, 0xf5f7e6e7, 0xfbf005dd, 0x060df9f7, \
  0x070600ec, 0xfcf20400, 0xf705f8fa, 0xfff804f8, 0xf7f5edf7, 0xf7f8fbfa, 0xf8f3fcf6, 0xf9f4f1f7, \
  0xf5f3fffe, 0x02fd01fb, 0x0406f311, 0xfef2f701, 0xfa0f040b, 0x00000000, 0x00fefffe, 0xff0000ef, \
  0xfcfdf7fd, 0xf8fcd6cc, 0xefe6fcf5, 0xfef60cf7, 0xefdcf3e6, 0xfe0f1a00, 0xffff0000, 0x00000000, \
  0x0003fb04, 0xf9fb0401, 0xfd050000, 0x020000fb, 0xfdf9060b, 0x11efecdd, 0xc5c3eaf8, 0x08ff00f5, \
  0x0709fe02, 0x0308f8f3, 0x010bfaf3, 0xfe060000, 0x00000000, 0x000000fe, 0xf3050004, 0xfb00f00f, \
  0x171f2df3, 0x0005e2fb, 0x0bee0710, 0xfcfc0fea, 0xefe9e9fc, 0xe5fffcf0, 0xe1d5dff3, 0x0af4f4fa, \
  0x0af9fd00, 0x01010003, 0x00000000, 0x00f7f7f6, 0xf6f6f4f7, 0xf4f0fcec, 0xf00df1da, 0xf1dad00a, \
  0xec10dff5, 0x0aefe3f4, 0x13f10cf0, 0xecd5d7ef, 0x1305fc09, 0x01f1070a, 0x0902faf9, 0xf3faf702, \
  0xf7ee05ff, 0x04ff02fb, 0xfe000000, 0xcad9eef2, 0xfb0011f4, 0xf3ebe5e2, 0xe9e4f806, 0x0513fff9, \
  0xf024faf0, 0x1f09e908, 0xf808f1e2, 0xf00bf6e0, 0x1511ffef, 0xe6e0f2f8, 0xef01fceb, 0xf505ede7, \
  0xfaf80ff0, 0xea2201e6, 0x16e5f2d4, 0xfee701ff, 0x0614fa0b, 0x01fae41a, 0xf4db1c0b, 0xe8fc070a, \
  0xf6ff0603, 0x01f406ff, 0x0d09f0f3, 0x020bf6e1, 0xe609ee07, 0x040d0204, 0x250efe13, 0x10e50df0, \
  0xe1140e01, 0x180ef2fa, 0xf0efecf7, 0x05cfec04, 0xf1ef0f00, 0x00fcfd02, 0xfffcfb04, 0x0506f4f7, \
  0xf3f2f9fc, 0xfdfdeaec, 0xedeff5e4, 0xf0f300de, 0xecfedc05, 0xfdf6eaf1, 0xdbf6e2f8, 0xffe8fb17, \
  0xf4f60200, 0x030100fe, 0x05e805fd, 0xefe5f8f0, 0xf81ef2e1, 0xf5d4d4fe, 0xe6eeefe6, 0xf0ea1eea, \
  0xdc03f6d9, 0xf8d7e9e3, 0xdcdce9ed, 0xf93216f9, 0x2810f616, 0x17eb1303, 0xe7e3f3f2, 0x07f9e6fb, \
  0xede0fce5, 0xf0dbee00, 0x13ebfc0a, 0xf5e9f616, 0x00160dfc, 0xfa111d0a, 0xf718dccd, 0xc0c5cbcf, \
  0xf0f3f4f5, 0xecfd09f5, 0xeef2f8f7, 0xfbfaf502, 0x04f3f7f2, 0xfef71e0d, 0x01f6070c, 0xea09aed6, \
  0xe2c1d6ee, 0xcdcde0fd, 0xf9fdf7fb, 0xfbeff5fb, 0xfd0e11eb, 0xf50be604, 0xeee5e6eb, 0xda00eef6, \
  0x0b0e0000, 0x000000ff, 0x0000002e, 0x281208f9, 0x1917fbe9, 0xc7e303db, 0xe7fdf7dc, 0xf7fbe4fc, \
  0x10fdeaf4, 0xefe5f010, 0x15eb07fc, 0xf80c0efb, 0xf0da1a04, 0xf717dfd0, 0xb5c902d9, 0xed12df03, \
  0xfdf5faf1, 0xd0e4facf, 0xebfbf404, 0x09f7fdf0, 0xf7e8f21b, 0x211e0107, 0x07080af2, 0x12020bed, \
  0xfc060cf9, 0xeef2eef3, 0xf1f3f7f4, 0xfde2fcf8, 0xcaf2010e, 0xdce2d2c2, 0xda07cd00, 0x07f3f610, \
  0xdff2e2df, 0x12ef04eb, 0xe1d7efff, 0xe8e00fde, 0x021bf2da, 0xade5e8f1, 0xfae302f4, 0xfafbfe01, \
  0xfd040804, 0x230f1ef9, 0x0bfcd9f2, 0xe4dff7cf, 0xf1ffe8e9, 0x06010ff8, 0x00ece9f7, 0xec02ee00, \
  0x000000ff, 0x00000000, 0x00fb05e9, 0xf8fbf2f3, 0xe1e3f7d7, 0xebcfeaf7, 0xf8f4f0f1, 0x04d8f2fc, \
  0xe8e8efe0, 0xe603daf3, 0xf9e7edfb, 0x00000000, 0x00000000, 0x41000000, 0x00000000, 0x00000000, \
  0x00000000, 0x00000000, 0x00000000, 0x00000000, 0x00000000, 0x00000000, 0x00000000, 0x00000000, \
  0x00000000, 0x00000000, 0x00000000, 0x00000000, 0x00000000, 0x00000000, 0x00fa0000, 0x00000000, \
  0x00000000, 0x00000000, 0x00000000, 0x00000000, 0x00000000, 0x00000000, 0x00000000, 0x00000000, \
  0x00000000, 0x00000000, 0x00000000, 0x00000000, 0x00000000, 0x00000000, 0x00000000, 0x00000000, \
  0x00000000, 0x3f000000, 0x00000000, 0x00000000, 0x00000000, 0x00000000, 0x00000000, 0x00000000, \
  0x00000000, 0x00000000, 0x00000000, 0x00000000, 0x00000000, 0x00000000, 0x00000000, 0x00000000, \
  0x00000000, 0xf80b0b11, 0x03fd18f9, 0xfffb1eee, 0x0c19051c, 0x1219f9f2, 0x04f8260c, 0x19fe2008, \
  0x00fd130f, 0x0701ff04, 0x000011fb, 0x0fea07e2, 0x12ff0c04, 0x09170a1b, 0x03f710ff, 0x10f80701, \
  0x0816f708, 0x00071e07, 0x00021a23, 0x180007fa, 0xf2faf70c, 0x0df4fc06, 0x1204fe17, 0x10070903, \
  0x08f40ef2, 0x0203022c, 0x0614fd12, 0x12010820, 0xfdfb05fe, 0x06f3f2ff, 0x1d2b09f7, 0x0ae5fd04, \
  0x08000000, 0x00000000, 0x00f40700, 0x505b42a0, 0x00000022, 0x0101fcf1, 0x01ec18f3, 0xd9feedf3, \
  0xe9eff2fe, 0x0d0a0b0b, 0xfb0a0402, 0x0605ecff, 0xe70be613, 0x10f20afb, 0x19f1f604, 0xf5ef1afe, \
  0xf8f0eef1, 0xed0bebf9, 0xe60afc01, 0xde1114ff, 0xf9fd050b, 0x190117f2, 0xfef9fb0e, 0xda020704, \
  0x0dfb0809, 0x05030bfe, 0xf81d2110, 0x24e224fb, 0x1c00f503, 0xf4100b11, 0x15070c09, 0x03f9f006, \
  0xf305fa01, 0x04fef302, 0x0207ddfa, 0x02f9d8fa, 0xf9f70000, 0x00000000, 0x00f7fa00, 0x505b42e0, \
  0x00000058, 0x00000000, 0x00000000, 0x41000000, 0x00000000, 0x00000000, 0x00000000, 0x00000000, \
  0x00000000, 0x00000000, 0x00000000, 0x00000000, 0x00000000, 0x00000000, 0x00000000, 0x00000000, \
  0x00000000, 0x00000000, 0x00000000, 0x00000000, 0x00020000, 0x00000000, 0x00000000, 0x00000000, \
  0x00000000, 0x00000000, 0x00000000, 0x00000000, 0x00000000, 0x00000000, 0x00000000, 0x00000000, \
  0x00000000, 0x00000000, 0x00000000, 0x00000000, 0x00000000, 0x00000000, 0x00000000, 0x3e000000, \
  0x00000000, 0x00000000, 0x00000000, 0x00000000, 0x00000000, 0x00000000, 0x00000000, 0x00000000, \
  0x00000000, 0x00000000, 0x00000000, 0x00000000, 0x00000000, 0x00000000, 0x00000000, 0x1805eff8, \
  0x03121f19, 0xff05f202, 0xfc04f511, 0x300007e9, 0x0a0e1403, 0x010507f8, 0x10090035, 0xfeee03fa, \
  0x10110c1d, 0x0525070c, 0x0dfa25fa, 0xfff81203, 0x0a08050f, 0x0203ec07, 0xfbe8fe18, 0x1a0b2cf4, \
  0x0711f2f2, 0x03ff1afb, 0x03f80706, 0xf9050f17, 0x0bf5030b, 0x11000800, 0xf70a010b, 0x0b031af6, \
  0x01f90cfd, 0xf7fb04f6, 0xf7f6f731, 0x2021141e, 0xfdfe060a, 0xe90909ff, 0x18080000, 0x00000000, \
  0x00f0ff00, 0x505b4380, 0x00000022, 0xe926dc28, 0xed12a90d, 0xfbc5eaed, 0xf5dbecff, 0xf7f817fa, \
  0x1a20cb13, 0x100fe9d6, 0x28080827, 0xdb191fe4, 0x04f0f8ea, 0x142bf814, 0x1001f0f0, 0x0ff0fff3, \
  0x172edeeb, 0xfb19df19, 0x6bcd3e35, 0xe156cf13, 0x45dc48ef, 0x47e5e5fc, 0x203c0efd, 0xc811e3d1, \
  0xe21c2b3a, 0xddce2237, 0xfbe36cf6, 0xe6e05805, 0x2327110d, 0xe6bcd733, 0xfbdd551f, 0xd2ece4f5, \
  0xfdc4fbfc, 0xd3e727fc, 0x20f00000, 0x00000000, 0x00f90200, 0x505b43c0, 0x00000058, 0x00000000, \
  0x00000000, 0x75000000, 0x00000000, 0x00000000, 0x00000000, 0x00000000, 0x00000000, 0x00000000, \
  0x00000000, 0x00000000, 0x00000000, 0x00000000, 0x00000000, 0x00000000, 0x00000000, 0x00000000, \
  0x00000000, 0x00000000, 0x00f20000, 0x00000000, 0x00000000, 0x00000000, 0x00000000, 0x00000000, \
  0x00000000, 0x00000000, 0x00000000, 0x00000000, 0x00000000, 0x00000000, 0x00000000, 0x00000000, \
  0x00000000, 0x00000000, 0x00000000, 0x00000000, 0x00000000, 0x3d000000, 0x00000000, 0x00000000, \
  0x00000000, 0x00000000, 0x00000000, 0x00000000, 0x00000000, 0x00000000, 0x00000000, 0x00000000, \
  0x00000000, 0x00000000, 0x00000000, 0x00000000, 0x00000000, 0xf1120c11, 0xfe07fd18, 0xf80a0b00, \
  0x130ff5fd, 0x1f19fe1d, 0x110ae914, 0x3802f2f1, 0xf4f50b16, 0x0af3f603, 0x0014fb0a, 0xe203fcfd, \
  0xfbf6fdf3, 0x080312e9, 0x13e812dd, 0x031a1405, 0x0ff00d0b, 0xfd09fb07, 0x1e02f5e7, 0x2339200c, \
  0x060305ec, 0x0c1008fd, 0x00080bf9, 0x1bef0cf3, 0x05ff0ef9, 0x0e040607, 0xf43008fe, 0xf9f3ebfc, \
  0x22220504, 0x0607f71a, 0xfd1106fe, 0x0c0a020f, 0x0d020000, 0x00000000, 0x00e3fe00, 0x505b4460, \
  0x00000022, 0x110505fd, 0x0003fe00, 0x02f30502, 0xf1f6eef9, 0xfa23ea12, 0xf50c0104, 0xf8090a03, \
  0xf60ced15, 0x2007f5ff, 0x1115f505, 0xf4ff0408, 0xf9fc07e0, 0xfd07f3ee, 0xff1111fb, 0xe4091eef, \
  0xebeeea16, 0x0a121eec, 0xfcfbfefc, 0xef100807, 0xee0c0f02, 0xfcec030b, 0x080e03f9, 0x04fa08fd, \
  0x0ffcf5f5, 0xeef0000e, 0x07fffa0d, 0xfd00fe04, 0x10fdf40b, 0x03ff05eb, 0x00e0f8fd, 0xfa15f0f5, \
  0xe3060000, 0x00000000, 0x00080500, 0x505b44a0, 0x00000017, 0x00000000, 0x00000000, 0x46000000, \
  0x00000000, 0x00000000, 0x00000000, 0x00000000, 0x00000000, 0x00000000, 0x00000000, 0x00000000, \
  0x00000000, 0x00000000, 0x00000000, 0x00000000, 0x00000000, 0x00000000, 0x00000000, 0xeef4ec0d, \
  0x09fcf9ff, 0x17000000, 0x00000000, 0x000b0000, 0x505b8000, 0x00000178, 0x00000000, 0x00000000, \
  0x0006f800, 0xf1f60601, 0xf0eefbe7, 0xf8050afc, 0xeae2f60d, 0x090412e8, 0xf7f7090c, 0x00000000, \
  0x00000000, 0x000f1804, 0x04f800ec, 0xf8f5ff14, 0xfa170712, 0x10fc0a00, 0x00000000, 0x00000000, \
  0xff040703, 0xfc0400f1, 0x06170119, 0x0a15040d, 0x0cfefde4, 0xf6f000eb, 0xf4e70d00, 0x00000000, \
  0x00000000, 0xf7caeeee, 0xc710ddf2, 0x0f000000, 0x00000000, 0x0000e8ea, 0xd903edf0, 0x0f0e06f1, \
  0xf9e8f7fa, 0xfdfdfd2d, 0x1af40300, 0xf8180014, 0x05f50ef5, 0xfcff03fe, 0x050b0000, 0x000000fe, \
  0x0000fd00, 0xff000000, 0x00000000, 0x2304e6ea, 0xb5e2c1da, 0xeb15f4f8, 0xfdf50710, 0x0ddddad5, \
  0xe6f8ecea, 0x19fae9f5, 0x090e000a, 0xf2e0fee7, 0x21f21d05, 0xf20a1300, 0xfff5e0f0, 0xefecfe0f, \
  0xebef1405, 0xed14fc00, 0xf809d3f7, 0x05e2f2e3, 0xe8eff0e4, 0x00000000, 0x00000000, 0x000a05fa, \
  0x16f6fcfa, 0xf4fb0000, 0x00000000, 0x000000e9, 0xdbeee4d5, 0xd9e5d5d8, 0xe808def5, 0xfeeefbd6, \
  0xe6150af1, 0x0d000511, 0xf7fd0201, 0xf8f704f6, 0xf5f4f503, 0x0000fd00, 0x00ff0000, 0xfaf9f6f6, \
  0xf7f8fcfb, 0xfaf7f6f4, 0xf6f2f1f5, 0xf6f5fbfd, 0xfc000000, 0x0100fe03, 0xfc15f113, 0x0a0e0c1b, \
  0x00000000, 0x00000000, 0x00f9fef4, 0xfe01e9f6, 0xfaf1e40a, 0xf306fb05, 0x08240bf9, 0x03eafc0d, \
  0x17fef90a, 0x00000000, 0x00000000, 0x00000000, 0x00000000, 0x00000000, 0x00000000, 0x00000000, \
  0xe0dbe8fc, 0xd2e7e4e8, 0x00000000, 0x00000000, 0x00000000, 0x00000000, 0x00000000, 0x00000000, \
  0x00000000, 0xfffd00fa, 0x0b010bf2, 0x210f2b0b, 0xf91a01ed, 0xfb1b2825, 0xf81a14ec, 0xf6ec001c, \
  0xe706fde1, 0x06e6e000, 0x00000000, 0x00000000, 0x00000000, 0x00000000, 0x00f9f9fa, 0xf9fbfdf8, \
  0x0000ebfd, 0x0600ed08, 0xf1dbe8ee, 0xf202f1eb, 0x15e609ef, 0xe8ecebd3, 0xeceff414, 0x09000000, \
  0x00000000, 0x0000fcfa, 0xfbfafaf8, 0xf9fbfa00, 0x00000000, 0x00000000, 0xfe0c0df5, 0x07000bff, \
  0xfe0605f4, 0x0e00fc03, 0xf203fcff, 0x00030202, 0xf605ff00, 0x00010000, 0x00000000, 0x00000000, \
  0x00000000, 0x000001fc, 0x04fd00f5, 0xfe020f08, 0x0c05f7fb, 0x02fd0700, 0x00000000, 0x00000000, \
  0xfb0100fa, 0x080505f4, 0xfc08f205, 0x070000fb, 0xf8030506, 0x08040807, 0x0403000e, 0xf6f6010b, \
  0x040a0df7, 0xfe04fcfb, 0xf8f80cfa, 0x040d0200, 0x01f8f60a, 0xf904f7ef, 0x0fff0efe, 0x06fdfaf2, \
  0xf901f309, 0x03fb02f3, 0x00000000, 0x00000000, 0x0006f8ff, 0xfbff05f9, 0x01f8fdfe, 0x010201fd, \
  0x02000206, 0xfe0505fe, 0xfd0bfbf7, 0x0001ff05, 0x00fef7f9, 0x060001ff, 0x0000ff01, 0x000203fb, \
  0x030a0505, 0x0208f90c, 0xfd0202fd, 0xff04fa01, 0x00000000, 0x00000000, 0x00000100, 0x00000000, \
  0x01000000, 0xff02ffff, 0x00000001, 0x06fefafa, 0xfa0302f8, 0x06fafc07, 0xfafbfe01, 0x000efb01, \
  0x05fcf8fb, 0x0dfafc02, 0xfeff0600, 0xfe0202f9, 0x03040607, 0x0009fef4, 0x0502fd00, 0xf90202fd, \
  0x0601f80b, 0xf8fbf70e, 0xf6040101, 0x03000000, 0x00000006, 0xfa000608, 0xf5f505fb, 0x030d040b, \
  0x030c0505, 0xf6000000, 0x000000ff, 0x00010000, 0x00000000, 0x000000fe, 0x00ff0402, 0xfc01fe02, \
  0x00ff00ff, 0x00fe0000, 0x03ff0100, 0x01ff0002, 0x02000ef5, 0xf6fa0700, 0xf60e0306, 0xf6fa06f3, \
  0xf703f6fe, 0x02010300, 0xff010200, 0x01fffbfe, 0xfb040002, 0x07000406, 0x0cfefd06, 0x0203f90c, \
  0xf90e0f11, 0x0e04f9f7, 0xf9010802, 0xfd020507, 0x02000000, 0x00000000, 0x00000809, 0xfe00fffe, \
  0xfafa07f5, 0x0f0a0e06, 0x0b0dfa02, 0xfdff0af7, 0xfb09f707, 0xfbf0fef3, 0xfffbf5fd, 0xfff9fc03, \
  0x0100fe00, 0xfe000000, 0x00000000, 0x00000000, 0x00000000, 0x00000000, 0x00fd0701, 0x07fff606, \
  0x08000002, 0xfe01fe01, 0x0101ff00, 0x00000000, 0x00000000, 0x00000000, 0x00000000, 0x0000ff00, \
  0x000001ff, 0xff0100f9, 0xf8fe0803, 0xf6fa0100, 0x0200faff, 0xf50a01f5, 0x00000000, 0x00000000, \
  0x40000000, 0x00000000, 0x00000000, 0x00000000, 0x00000000, 0x00000000, 0x00000000, 0x00000000, \
  0x00000000, 0x00000000, 0x00000000, 0x00000000, 0x00000000, 0x00000000, 0x00000000, 0x00000000, \
  0x00000000, 0x00070000, 0x00000000, 0x00000000, 0x00000000, 0x00000000, 0x00000000, 0x00000000, \
  0x00000000, 0x00000000, 0x00000000, 0x00000000, 0x00000000, 0x00000000, 0x00000000, 0x00000000, \
  0x00000000, 0x00000000, 0x00000000, 0x00000000, 0x40000000, 0x00000000, 0x00000000, 0x00000000, \
  0x00000000, 0x00000000, 0x00000000, 0x00000000, 0x00000000, 0x00000000, 0x00000000, 0x00000000, \
  0x00000000, 0x00000000, 0x00000000, 0x00000000, 0x0803edfb, 0x0be8f505, 0xf0f5fcf1, 0xf5030dfa, \
  0xe50cf1ef, 0xebf20701, 0x04fd03f4, 0xfbdcfff4, 0x01e10aff, 0xf3f105f0, 0xfbd400ec, 0xf8fefdfb, \
  0xe6f202f7, 0xf400fa04, 0x0005fce3, 0xf8f5f608, 0xf7f203fe, 0xfd0cfbeb, 0xee0bf4fd, 0xf107ea04, \
  0xf6f2eaf6, 0xf5f6eef1, 0xf8fc2002, 0xf00bfdf5, 0xe5eff3fa, 0x06e1f9ed, 0xedfdf8ec, 0x01e4f6ff, \
  0xf4fbf0f0, 0xfff3f7f1, 0x05f7fc07, 0xeff60000, 0x00000000, 0x00fcfe00, 0x505b82a0, 0x00000022, \
  0xf11806f0, 0xf4f5fef5, 0xeffeeef7, 0xf3f80103, 0x09ee0ff7, 0x18fa1cf5, 0x1408ee0f, 0x080609e7, \
  0xf3fdfc02, 0xe5fa1211, 0xeff4fe06, 0x0cfc1006, 0x07161200, 0x08feffee, 0x0207eff4, 0x0a000c09, \
  0x010beaf3, 0x070c0c03, 0x060b00f8, 0x1212f504, 0xf5ec06fc, 0xf601f704, 0x08f91a02, 0xeffd1dfb, \
  0x0801fc02, 0xf4ee09ff, 0xf6fafef9, 0x0003fbf9, 0xf103e7fc, 0x0106fcfe, 0x070106ff, 0x07ff0000, \
  0x00000000, 0x00f40600, 0x505b82e0, 0x00000058, 0x00000000, 0x00000000, 0x3d000000, 0x00000000, \
  0x00000000, 0x00000000, 0x00000000, 0x00000000, 0x00000000, 0x00000000, 0x00000000, 0x00000000, \
  0x00000000, 0x00000000, 0x00000000, 0x00000000, 0x00000000, 0x00000000, 0x00000000, 0x00020000, \
  0x00000000, 0x00000000, 0x00000000, 0x00000000, 0x00000000, 0x00000000, 0x00000000, 0x00000000, \
  0x00000000, 0x00000000, 0x00000000, 0x00000000, 0x00000000, 0x00000000, 0x00000000, 0x00000000, \
  0x00000000, 0x00000000, 0x3f000000, 0x00000000, 0x00000000, 0x00000000, 0x00000000, 0x00000000, \
  0x00000000, 0x00000000, 0x00000000, 0x00000000, 0x00000000, 0x00000000, 0x00000000, 0x00000000, \
  0x00000000, 0x00000000, 0xedf5fdfe, 0xf90005fa, 0xfb0a0de2, 0xdce7f804, 0x0fecfdf4, 0xf9fafcea, \
  0xe8dd00ec, 0xfbf4e902, 0xebfb09f7, 0xe8e8f7fa, 0xfcf2f0ec, 0xf10afcea, 0xef09fff7, 0x06edfaf5, \
  0xeef905f9, 0x05f8f7ff, 0x020605d1, 0xf609e916, 0xfbf3f1f5, 0x03f4e9fd, 0xf9ececf6, 0xf3f2f3f6, \
  0xeae20e06, 0xf7f7e9fa, 0xfc0b030d, 0xf30407f4, 0xf4edfcf4, 0xf7f0eb0f, 0xe1ede4fd, 0xede6f206, \
  0xddf8eee6, 0xeced0000, 0x00000000, 0x00e8e700, 0x505b8380, 0x00000022, 0xf63225c6, 0xfa021205, \
  0xe0f21c19, 0x2f0432c0, 0x270417f7, 0xd5f1ed0b, 0xcddce8fb, 0xff121104, 0x061fd7ac, 0xe5f8ec21, \
  0xd1c1cce0, 0xe8e3f142, 0x412b241d, 0x0b0be2f3, 0x11ca2525, 0x0e234ddc, 0xddb8b038, 0x2bef25c5, \
  0x0adc1a25, 0x183cf3ed, 0xf3142c15, 0xd89d0fcb, 0xd855c7ff, 0xd944f005, 0x37fff4da, 0xeee117ae, \
  0xe1ed2521, 0x2626c815, 0xffdaf70d, 0x032f181b, 0xed25adea, 0xe00a0000, 0x00000000, 0x00da2700, \
  0x505b83c0, 0x00000058, 0x00000000, 0x00000000, 0x74000000, 0x00000000, 0x00000000, 0x00000000, \
  0x00000000, 0x00000000, 0x00000000, 0x00000000, 0x00000000, 0x00000000, 0x00000000, 0x00000000, \
  0x00000000, 0x00000000, 0x00000000, 0x00000000, 0x00000000, 0x00f00000, 0x00000000, 0x00000000, \
  0x00000000, 0x00000000, 0x00000000, 0x00000000, 0x00000000, 0x00000000, 0x00000000, 0x00000000, \
  0x00000000, 0x00000000, 0x00000000, 0x00000000, 0x00000000, 0x00000000, 0x00000000, 0x00000000, \
  0x3d000000, 0x00000000, 0x00000000, 0x00000000, 0x00000000, 0x00000000, 0x00000000, 0x00000000, \
  0x00000000, 0x00000000, 0x00000000, 0x00000000, 0x00000000, 0x00000000, 0x00000000, 0x00000000, \
  0xeee5fff2, 0x0cfbfc00, 0xf4e4ff03, 0xfd020917, 0xf0fdfc11, 0x0320f5de, 0x130219ff, 0xf7ffeaf2, \
  0xdf02ebf5, 0xffccfcee, 0xdff3f2eb, 0xf10b0ef7, 0xef0ff2ef, 0xeb12e7fa, 0x03f1e2ec, 0xf4fd050e, \
  0xf9edf1e2, 0xea06edfb, 0xe4fa04f9, 0xf402e9f4, 0xecff0af5, 0xecf6040a, 0x10fae8ff, 0xecefe500, \
  0xf5ef07dd, 0x0a1aeced, 0x04e5fce5, 0xe9f3dc0d, 0xea0ae8e8, 0xfae804f8, 0xf307e0f9, 0xe5e90000, \
  0x00000000, 0x00f9df00, 0x505b8460, 0x00000022, 0x1a020807, 0x1e02f8ff, 0xf100da05, 0xfdf5ec19, \
  0x051cea0d, 0x162103e3, 0xffecebf4, 0xf416fe10, 0x17ea0b14, 0x151b08ce, 0x010020ec, 0x13f5f9f1, \
  0xebfe12f8, 0xd006b7fd, 0xff290e14, 0x19dce10a, 0x181719e8, 0xeaf70608, 0xe6fd0916, 0x0b02f41d, \
  0xf6070813, 0xf6213322, 0x0fdb24ee, 0xfedf2ad4, 0xf2080410, 0x2bf00f12, 0xfa1fe800, 0x011317f8, \
  0xfd08e5fa, 0xf8dadbe9, 0x0d17e2f5, 0xf6ed0000, 0x00000000, 0x00e4f400, 0x505b84a0, 0x00000017, \
  0x00000000, 0x00000000, 0x4e000000, 0x00000000, 0x00000000, 0x00000000, 0x00000000, 0x00000000, \
  0x00000000, 0x00000000, 0x00000000, 0x00000000, 0x00000000, 0x00000000, 0x00000000, 0x00000000, \
  0x00000000, 0x00000000, 0x030cfb0d, 0xf3ebeecd, 0x01000000, 0x00000000, 0x00280000, 0x505bc000, \
  0x00000178, 0x02fb02fe, 0xff01fffe, 0xfffe0803, 0xf7f9ecf2, 0xf4f2f6fd, 0xe7ff0718, 0xf9011fed, \
  0xf416e8ec, 0xf9e5e8e9, 0xff00ff00, 0xff010000, 0x00fa1311, 0x0113f1d4, 0xe2ccfaf7, 0xffee1107, \
  0xe70cfaf4, 0xfd05fb01, 0x030206f7, 0xe9ddebfb, 0xf9feef05, 0x05f6fefb, 0x05000ef5, 0x09e4fef5, \
  0xf5f8ff0a, 0xe9070704, 0xf203fc0b, 0xf6f5fffb, 0x02f1e016, 0x121c0d13, 0x06000000, 0x00000000, \
  0x0000fefa, 0x0de8e5f4, 0xf3f0f001, 0xf2e3e906, 0x1803f21a, 0xf2fcf6f4, 0x030bf4fa, 0xe8fd01ee, \
  0xee0b03f5, 0xfdf802f6, 0x08f909fa, 0x000102fd, 0x07fc0100, 0xf103fc0b, 0x1c14e9d4, 0xe0e2f8e5, \
  0x01e4ed06, 0xe6f7ebfe, 0x0605d5e6, 0xe00be7e9, 0xee14f9fe, 0x07f70401, 0x0b06f2ef, 0xd2d3ffc8, \
  0x01e5e5f0, 0xf1cdefe8, 0xcd0f13f9, 0xee090813, 0x0010161b, 0xf615f50a, 0xeef1f504, 0xf8f4ef04, \
  0xfefbf904, 0xfd0108f8, 0xf6eceb06, 0xf1fa04e1, 0xf0e7ff02, 0x050708f6, 0xfdfc0a0c, 0x06fd04f4, \
  0xfd1405fb, 0x0d08ec06, 0xf9fb09f4, 0x07fb170b, 0xf80301f3, 0x020309f0, 0xfc04fe09, 0x07eb09ef, \
  0x080cf908, 0xfafa040a, 0xf8f8fafd, 0xfcff00f7, 0xfef2eeec, 0xf3eceaf0, 0xecebfffe, 0xfc010601, \
  0xf805fb0d, 0x0404f701, 0x08fff105, 0x0000ff00, 0xffff00ff, 0x00fb16fe, 0xf30d11fc, 0xfb11dcf8, \
  0xf0e7e3f4, 0xe403f710, 0x0e0904ed, 0x06e30ff1, 0x00000000, 0x00000000, 0x0007fc05, 0xfff900fd, \
  0xfefcfa04, 0x06ff04f8, 0xfef501fd, 0xf6fffdfc, 0xfded0bf9, 0x00000000, 0x00000000, 0x0000fefe, \
  0x01fd03fd, 0xfcfe05f3, 0xf8fff8f6, 0x09f4f3f5, 0xe910060d, 0xf709f804, 0xfb1705f6, 0x1af3000a, \
  0x04fff9fc, 0x0006f8ee, 0xe1e0120c, 0x0611fe0c, 0xfefcedfe, 0xf803fa03, 0xfdff06fb, 0x01fbff04, \
  0x03fd0300, 0xfff7fcfb, 0xfcf9fafb, 0xfefbfce9, 0x131eed0b, 0xfbfbfef6, 0xf2d5feff, 0xf5e90809, \
  0x01e2d70b, 0x0101fd0c, 0x1801fcff, 0x00010000, 0x0000fafc, 0xf4f8fcfe, 0x00f5fd00, 0x00000000, \
  0x00000000, 0x0e180efa, 0xf9fde9eb, 0xf702fb06, 0xfcf11515, 0x1407e00d, 0xffecfff7, 0xf2fae205, \
  0xf7fbe6dd, 0x00f507f4, 0x03ee100d, 0xfc1a060e, 0xf600efef, 0xfef3f0ea, 0xd3c8080f, 0xf8f2fafa, \
  0xfd000bfc, 0xfb16e908, 0x1b03f015, 0xecf1f8e3, 0xe6eaf9e1, 0xf3f803f2, 0xfd0afb03, 0xf60016fe, \
  0x02fef506, 0x02f60f12, 0xfcf40ff1, 0x14f7e6f1, 0xe4041df4, 0x001cdffe, 0x170deff6, 0x18f8060b, \
  0xf40eefe7, 0xfaf1e405, 0xeed9d600, 0x00fa00f9, 0x02fafffe, 0x00fffffc, 0xfe02fe00, 0x04eefaf8, \
  0x0c08e703, 0xf7010611, 0x0ee7fc06, 0xed15ee06, 0x0eedf207, 0xe4e0eaf4, 0xdff3f706, 0x08fe0ffc, \
  0xf506f3f8, 0xfdf60712, 0x0f1c080f, 0xf6ffe6e7, 0xf3e2db1b, 0xfd1004fd, 0x19100f19, 0xf5fe0800, \
  0xee100402, 0xfceaeaea, 0xf6ebf4fc, 0xedf32503, 0x121d08f1, 0x05fbe2ed, 0x000a0a08, 0x20fbfb1e, \
  0xf603fe11, 0x180e1af3, 0x0acff7e0, 0xdff4f906, 0x0f030005, 0xfef90510, 0x1000f9fd, 0xf6fefcff, \
  0x00fd03fc, 0xfc19fcfb, 0xe9ede2fd, 0xf1f9f8d9, 0x10fe0a22, 0x1af401fe, 0xf800f5df, 0x0706f8f3, \
  0xfdfd06ff, 0xf70604f8, 0xe6eaf8fa, 0x13fef804, 0x1fe2020b, 0xf0fd140b, 0x060000fc, 0xfc00fe00, \
  0x00ff00da, 0xe2e3f1fc, 0xf0070c10, 0xfdf0eefc, 0xf3f6e5e6, 0x10010d0c, 0xfd11edfd, 0x04fefd02, \
  0xf00eeaf4, 0xf3fcee0e, 0x0528fdeb, 0x09dadcf5, 0xfc08ec0e, 0x0d11100b, 0x14edf3d9, 0x050004fa, \
  0xede10bf1, 0xfff50507, 0xf20f03ed, 0x06ff0dfd, 0x0cf80606, 0x080df7ee, 0x10f405fa, 0x0f0106fb, \
  0xf6f40a01, 0xef06f612, 0xeff91b07, 0x14fefbfa, 0x0606f110, 0x0cf5d7dc, 0x1b2119f6, 0x07f5def4, \
  0xe0050a16, 0xfa05ecff, 0x0af6eef6, 0xfcf7f309, 0xd9eaf302, 0x0b010c09, 0xfa0f01ee, 0xf3e30e0d, \
  0xef180ff6, 0xee0bfee5, 0xe50bf8f2, 0xf2ef0104, 0x12fbf1f5, 0x0005f400, 0x00000000, 0x000000ff, \
  0x12020e0f, 0xeb06faf3, 0xfaece804, 0xeef00902, 0x19210611, 0xeb08ed0d, 0xef0cfddd, 0xeeefe600, \
  0xef061309, 0x00000000, 0x00000000, 0x3f000000, 0x00000000, 0x00000000, 0x00000000, 0x00000000, \
  0x00000000, 0x00000000, 0x00000000, 0x00000000, 0x00000000, 0x00000000, 0x00000000, 0x00000000, \
  0x00000000, 0x00000000, 0x00000000, 0x00000000, 0x00fc0000, 0x00000000, 0x00000000, 0x00000000, \
  0x00000000, 0x00000000, 0x00000000, 0x00000000, 0x00000000, 0x00000000, 0x00000000, 0x00000000, \
  0x00000000, 0x00000000, 0x00000000, 0x00000000, 0x00000000, 0x00000000, 0x00000000, 0x3f000000, \
  0x00000000, 0x00000000, 0x00000000, 0x00000000, 0x00000000, 0x00000000, 0x00000000, 0x00000000, \
  0x00000000, 0x00000000, 0x00000000, 0x00000000, 0x00000000, 0x00000000, 0x00000000, 0x190cfbf6, \
  0xeeebe2f9, 0x0df00410, 0xfe0e050c, 0xe7f2f103, 0xeadbe1ed, 0xfbfecbec, 0xfaf0fee4, 0xff14ec01, \
  0xeff412e4, 0xfdf8e4fd, 0xfdfc05fd, 0xe5f3fded, 0x0a10dff9, 0xe40ff809, 0x0d0301f2, 0x03fcefe8, \
  0x0419f9ee, 0xf008f319, 0x11faebe9, 0x0101f7f6, 0xef17e5ed, 0xf006dff8, 0x03edf2f5, 0x040ce2df, \
  0x01ede3da, 0xf005e103, 0x0b08f3fd, 0x0701eaf4, 0xe5e5eff9, 0x0af5edf9, 0xfc050000, 0x00000000, \
  0x00020e00, 0x505bc2a0, 0x00000022, 0xfb01fcf6, 0x02f7f40b, 0xf4fb0bfb, 0x02f9fb03, 0x0508090e, \
  0xfbf2f800, 0xf50102fe, 0xf803fcfe, 0xf00c14fc, 0xea04f1fd, 0x06fefe0a, 0x210ffb01, 0xf6f9fdf0, \
  0x07070aff, 0xfb0404f8, 0x08f12902, 0xfb01f202, 0x17f90700, 0xf900faf5, 0xf3040701, 0xfdfe0a01, \
  0xea051c02, 0x07f1fcfe, 0xf2f9ffed, 0x0cf610fa, 0x010a1201, 0xfc04e5ff, 0x0bf206fe, 0xfdfb0eed, \
  0x070604fd, 0xf80ae107, 0x040d0000, 0x00000000, 0x00090600, 0x505bc2e0, 0x00000058, 0x00000000, \
  0x00000000, 0x3a000000, 0x00000000, 0x00000000, 0x00000000, 0x00000000, 0x00000000, 0x00000000, \
  0x00000000, 0x00000000, 0x00000000, 0x00000000, 0x00000000, 0x00000000, 0x00000000, 0x00000000, \
  0x00000000, 0x00000000, 0x001a0000, 0x00000000, 0x00000000, 0x00000000, 0x00000000, 0x00000000, \
  0x00000000, 0x00000000, 0x00000000, 0x00000000, 0x00000000, 0x00000000, 0x00000000, 0x00000000, \
  0x00000000, 0x00000000, 0x00000000, 0x00000000, 0x00000000, 0x3f000000, 0x00000000, 0x00000000, \
  0x00000000, 0x00000000, 0x00000000, 0x00000000, 0x00000000, 0x00000000, 0x00000000, 0x00000000, \
  0x00000000, 0x00000000, 0x00000000, 0x00000000, 0x00000000, 0xf5fd0bf8, 0xff0c0101, 0xf5fa0ef7, \
  0xede70208, 0xc4fff9de, 0xfbf1fade, 0x00ffff05, 0xffe4fff1, 0x00f0f6ed, 0xf1ecffee, 0xedf20ef5, \
  0xfe10e9e0, 0xf111f603, 0xdbec0fef, 0xfc0a0009, 0x00fe09e9, 0xf319c5ef, 0x16f70405, 0x0ffdf9f3, \
  0xfe03e4fd, 0xf3f4ebf7, 0x01f008eb, 0x05e300e8, 0xe4f5d5fd, 0x0d0accf2, 0x03e4fef4, 0x0f1efc0f, \
  0xf8f7f2d5, 0xeffeeefc, 0x090afb01, 0x04eefcf7, 0xe0fd0000, 0x00000000, 0x00faee00, 0x505bc380, \
  0x00000022, 0x0a07cf0a, 0xba0eec06, 0x0bdb0be5, 0x1dede207, 0xe8103d09, 0x311c1402, 0x420af2e5, \
  0x2ef81e2f, 0xe012f00c, 0x28ee2c00, 0xe405d617, 0xea081b0b, 0x0d0b6ef2, 0xe514cee7, 0x2800cf0a, \
  0x19e61a1f, 0xfa02e700, 0x1ef306e7, 0x34fa2602, 0x36fca6e7, 0xcf0adee9, 0x101ef314, 0xddfcf10e, \
  0xe5114600, 0x11e9ef11, 0xe7071007, 0xc1ed1401, 0x2effdde9, 0xe9f784f4, 0x10dc1bf5, 0x1ff808fe, \
  0xee170000, 0x00000000, 0x000fdd00, 0x505bc3c0, 0x00000058, 0x00000000, 0x00000000, 0x6d000000, \
  0x00000000, 0x00000000, 0x00000000, 0x00000000, 0x00000000, 0x00000000, 0x00000000, 0x00000000, \
  0x00000000, 0x00000000, 0x00000000, 0x00000000, 0x00000000, 0x00000000, 0x00000000, 0x00000000, \
  0x00030000, 0x00000000, 0x00000000, 0x00000000, 0x00000000, 0x00000000, 0x00000000, 0x00000000, \
  0x00000000, 0x00000000, 0x00000000, 0x00000000, 0x00000000, 0x00000000, 0x00000000, 0x00000000, \
  0x00000000, 0x00000000, 0x00000000, 0x3f000000, 0x00000000, 0x00000000, 0x00000000, 0x00000000, \
  0x00000000, 0x00000000, 0x00000000, 0x00000000, 0x00000000, 0x00000000, 0x00000000, 0x00000000, \
  0x00000000, 0x00000000, 0x00000000, 0x0320edf6, 0x02fc040b, 0x070e12eb, 0xf51a25fe, 0x0ffd18e6, \
  0x19051aff, 0xe01d1a15, 0xfb06001f, 0x1b121513, 0x1b051413, 0xf51e0903, 0x1f120009, 0x3903fa13, \
  0x1017ed01, 0x1c0de70f, 0x20071700, 0x14120a0c, 0xf20e021f, 0x052f0aff, 0xe91f12ff, 0xf906fb13, \
  0xfc00f915, 0xed26090c, 0x19090b07, 0xf914fe0c, 0x14d60007, 0x13ed1df4, 0x10f92127, 0x040017f6, \
  0x14fc25fa, 0x01040626, 0x08f30000, 0x00000000, 0x001d2200, 0x505bc460, 0x00000022, 0xff0002fe, \
  0x0a04fdff, 0x0402fcfc, 0xfc01faef, 0x10fb05fb, 0x0af406fd, 0xf70bfff1, 0xf4110102, 0x0df7020a, \
  0x0c140802, 0xe4fe11e7, 0x1001f604, 0xf90cf803, 0x0e05fc0c, 0xf40212ff, 0x130deef4, 0x06e9030b, \
  0xf405f511, 0xfadde9f5, 0xf30101ff, 0x07f50407, 0xf7ec10ed, 0x0bfe11fb, 0x0b01f9fe, 0xd50717f8, \
  0x0f0c050a, 0x0f050e07, 0xe2fb1108, 0xf30304f9, 0x0101e2ff, 0xe7090df9, 0x04f40000, 0x00000000, \
  0x00f4ef00, 0x505bc4a0, 0x00000017, 0x00000000, 0x00000000, 0x51000000, 0x00000000, 0x00000000, \
  0x00000000, 0x00000000, 0x00000000, 0x00000000, 0x00000000, 0x00000000, 0x00000000, 0x00000000, \
  0x00000000, 0x00000000, 0x00000000, 0x00000000, 0x00000000, 0xf611e51b, 0x0a1303f4, 0x17000000, \
  0x00000000, 0x00e30000, 0x50980000, 0x00000178, 0x020100fe, 0xfdfcf8fa, 0xfc0d01ec, 0xf1f0080f, \
  0x06061009, 0x06f80205, 0x09fde8ed, 0xfc07ed03, 0xfdf8e5fb, 0xff07fbfd, 0x0602fe01, 0xfef9f506, \
  0x00ebfae6, 0xfcefecf5, 0x08f20513, 0xe5f717ef, 0xfcf30ced, 0xfb0b0601, 0xeae7f900, 0x0df5f810, \
  0x1102e2f3, 0xebf1e7f2, 0x08f207f3, 0xefef1609, 0xff150507, 0x070c0bee, 0x01f8fbef, 0xf3dff612, \
  0x09f907f3, 0xdb000000, 0x00000003, 0x01fdf0f7, 0x0bf4f100, 0xf7f213f3, 0xec03f2f7, 0xebecf7e8, \
  0xf80406ef, 0x000be9fc, 0x04010c0a, 0xfd090ce7, 0x08ec05fc, 0x0409f9ff, 0xfe0ef804, 0x05f9f204, \
  0xf6020409, 0xe9eceafa, 0xfc07f0fe, 0x1200f503, 0x04ebf4ea, 0xeef9e1dd, 0xddf5f3fd, 0x13f4fbfa, \
  0x03de0ef9, 0x06f1ee01, 0xf1fd06f3, 0xfb00e0d1, 0xd3d6ecf7, 0xd9f60dc4, 0xd6f20e04, 0xed1012e2, \
  0x1604eb00, 0xeff00d0b, 0x0c0bf20c, 0x04f6fa07, 0x0df50a09, 0xf6f8f6eb, 0xeb000619, 0x090cee06, \
  0x05ee070b, 0x0c0eeef6, 0x07f9ed04, 0xfbe3f20b, 0x03e3fff4, 0x010f02dd, 0xf8f90b10, 0xfd090bf8, \
  0x0bfceb0c, 0x0af7ed05, 0xf0ff08f2, 0x0bffedeb, 0x0101f7f0, 0xf6f4f9ef, 0xfdf7f0f5, 0xe7ebedf3, \
  0xe8eef3e8, 0xf1f4fa01, 0x0906f006, 0x01fe02ed, 0x0efdeb04, 0x02e3fcf5, 0xffff03fd, 0x010400fb, \
  0x03fb02f3, 0x14f412fd, 0xfdfee3f0, 0x0eeff2f6, 0xed03ff10, 0xf30b01f0, 0xf3f9f7f6, 0x00000000, \
  0x00000000, 0x00f401f0, 0xf6090af9, 0xf8f10a05, 0x06fa0207, 0xf0f1f0f3, 0xf9f00714, 0x0b12f41a, \
  0x00000000, 0x00000000, 0x000bfb09, 0xfe0209f2, 0xf4fa07ff, 0xee070efb, 0x0bf1fa0b, 0xeef80510, \
  0x0b02f603, 0x0cf7ff08, 0xfdf312f3, 0x07eaf5fd, 0x03fdd508, 0x00e6f203, 0x12f40806, 0x09f50701, \
  0xfd00f7f8, 0xfffef800, 0x08f409f9, 0xf9080102, 0x090304fc, 0xfffa0004, 0xf300f510, 0x01fa07f5, \
  0x0f04facc, 0xfcf4d6ec, 0xe2f3dff1, 0x0c02cc0d, 0xf9f1030c, 0xfeff0000, 0x00000000, 0x000007f4, \
  0x07f0f6fe, 0xf303fa00, 0x00fe0001, 0xfcff0203, 0xdbf3060a, 0x100ef900, 0xe2d6e001, 0xd1f9fbfb, \
  0xf301f0fd, 0xfbfefdeb, 0x01efeb13, 0xf5f5031a, 0xf204030c, 0xfff0da04, 0xedf1f512, 0xfd1b12f9, \
  0xf90402ec, 0x0700f6ec, 0xfef50d18, 0x1b100f07, 0xfffb1a06, 0xe60d0efd, 0xf4f70ff9, 0x0424effb, \
  0x0bf90000, 0x03000103, 0x00ff03ef, 0xf1080e04, 0x09e80204, 0xe602eae5, 0x04fce9fd, 0xf21afa06, \
  0x110d0e05, 0x1d041801, 0x2311eaf7, 0xf9f3de05, 0xff001000, 0x1b0f07fe, 0xfe05fc03, 0xfffcfffe, \
  0x00000000, 0x00000000, 0x0009120b, 0x0c06051b, 0xfcf21105, 0xf5fbf7f5, 0x000efff0, 0xfef6e5f1, \
  0xf9f5f8e8, 0x0200f204, 0xfdf5ff00, 0xfbfdfdf1, 0x0902111f, 0x08f302fe, 0x02030b0c, 0x280c02e5, \
  0xf6e7d8f9, 0xf6e7f7f9, 0xfd04020c, 0x17f40715, 0x0908fb01, 0x00fe0700, 0xfff0f6fd, 0xec1200ed, \
  0x09e2f509, 0xe91beb00, 0x05f109ed, 0xe2ff0ce2, 0xfae90005, 0x00f8d1ec, 0x0d02ff08, 0xf9f524fb, \
  0xfc160bf7, 0x2a0bf8fc, 0xfdfdf803, 0x00fb01ed, 0xf1f2fa05, 0x05fdf503, 0xf0cfe1dd, 0xfaebe1e8, \
  0xffff0804, 0xf61ff6e7, 0x11f1eafe, 0xfffffe01, 0x0201ff02, 0x0bf100fe, 0x030b102b, 0x060dfe12, \
  0x0e0c1019, 0x17f7fefe, 0x00feff00, 0xffff00f6, 0xe3f0f6ec, 0xfa14f902, 0xe1fef2e2, 0x130a2304, \
  0x01eafc07, 0xf806f114, 0xfefe1303, 0x0e0af4f9, 0xf5e6d506, 0x02faf2df, 0xfecee9da, 0xf809f1f7, \
  0x031101f4, 0x04dbf2f3, 0xfbfa02fd, 0xf4fef2f7, 0x02fef8f6, 0xfefcfbf2, 0x070f0dff, 0x0402eff2, \
  0xe812e0f8, 0x0203e9ea, 0xeb0af004, 0xefecf8f2, 0xfbecebfb, 0xd4f9f3f4, 0x0afa0402, 0x04040d16, \
  0x140b0513, 0x0ff5011f, 0xf5f00aeb, 0xe900f5f8, 0x02eff30e, 0xf8fa0204, 0x07fdf70a, 0xfbe3e2e9, \
  0xeff4eaf5, 0xf2ebf7f1, 0xe4de07e6, 0xfbe6f7f5, 0xf8fcfa05, 0xf5fa10f1, 0xe8ee1af1, 0x021a05fc, \
  0xfff2e400, 0x00000000, 0x00000000, 0xfafdeed9, 0xeef2f3e9, 0x05111e21, 0xf702fc1a, 0x0c03080e, \
  0x040dfdfe, 0x15ef0800, 0x110deffc, 0xd9fef0e9, 0x00000000, 0x00000000, 0x3f000000, 0x00000000, \
  0x00000000, 0x00000000, 0x00000000, 0x00000000, 0x00000000, 0x00000000, 0x00000000, 0x00000000, \
  0x00000000, 0x00000000, 0x00000000, 0x00000000, 0x00000000, 0x00000000, 0x00000000, 0x00fc0000, \
  0x00000000, 0x00000000, 0x00000000, 0x00000000, 0x00000000, 0x00000000, 0x00000000, 0x00000000, \
  0x00000000, 0x00000000, 0x00000000, 0x00000000, 0x00000000, 0x00000000, 0x00000000, 0x00000000, \
  0x00000000, 0x00000000, 0x3f000000, 0x00000000, 0x00000000, 0x00000000, 0x00000000, 0x00000000, \
  0x00000000, 0x00000000, 0x00000000, 0x00000000, 0x00000000, 0x00000000, 0x00000000, 0x00000000, \
  0x00000000, 0x00000000, 0xfbdc0800, 0x0afcf3f9, 0xfa04ddfd, 0x1500f9f2, 0xfbfdf9f8, 0xfbfb0204, \
  0xfc09eff9, 0xf0fff4e7, 0x0e000108, 0xe3f5defa, 0xfdf604fc, 0xf3faf108, 0x0af006e8, 0xf3f2ff0c, \
  0xfefe04ef, 0xe4f8e7f2, 0xf0f0ebf6, 0xeaedffe9, 0xf6f2f6ec, 0xf6f909f0, 0xfbfa11e4, 0xf6edfcf5, \
  0xf003f9f1, 0xe9fe06f0, 0x00fbf4fe, 0xf1ece8ef, 0xf6f5f6f1, 0xefece50b, 0xddf2e607, 0x0ef909f5, \
  0xe408ffd9, 0x05fe0000, 0x00000000, 0x00eefa00, 0x509802a0, 0x00000022, 0xf802f20e, 0xfa090505, \
  0x19f9ffec, 0xf3f4f608, 0xf10006fc, 0xf70b04fe, 0xfb0803f0, 0x04fff803, 0x03070cf4, 0x04fbeff8, \
  0xf30bf813, 0x16f5f30c, 0x0ae5de06, 0xf70015f4, 0xfb090c02, 0x01f6f007, 0x150b01f8, 0x08fc0704, \
  0xfdfdfcfc, 0x0a0a0201, 0xf00909f1, 0xfe0d0c16, 0x00f90601, 0xfe07f105, 0xed000b0f, 0xfd0909ff, \
  0x100af705, 0xf908fbf5, 0x0206faf7, 0xf0eafdf5, 0xf6fbfd04, 0x01fd0000, 0x00000000, 0x0002fc00, \
  0x509802e0, 0x00000058, 0x00000000, 0x00000000, 0x39000000, 0x00000000, 0x00000000, 0x00000000, \
  0x00000000, 0x00000000, 0x00000000, 0x00000000, 0x00000000, 0x00000000, 0x00000000, 0x00000000, \
  0x00000000, 0x00000000, 0x00000000, 0x00000000, 0x00000000, 0x00030000, 0x00000000, 0x00000000, \
  0x00000000, 0x00000000, 0x00000000, 0x00000000, 0x00000000, 0x00000000, 0x00000000, 0x00000000, \
  0x00000000, 0x00000000, 0x00000000, 0x00000000, 0x00000000, 0x00000000, 0x00000000, 0x00000000, \
  0x3e000000, 0x00000000, 0x00000000, 0x00000000, 0x00000000, 0x00000000, 0x00000000, 0x00000000, \
  0x00000000, 0x00000000, 0x00000000, 0x00000000, 0x00000000, 0x00000000, 0x00000000, 0x00000000, \
  0xfd0102fc, 0xfafcf8eb, 0x0ef7fbe1, 0xdafc04f8, 0x01f40401, 0xe7f10af9, 0xef07ecf0, 0xebf3ecf5, \
  0xfce3fdfb, 0xecf5f7f4, 0x08fce3f3, 0x080905f7, 0xe2f3f801, 0x02150cfe, 0xf5f1fbef, 0x01e405f8, \
  0xf8ed00f2, 0xf408ed09, 0xede4fafc, 0x02e3f1fd, 0xf6e6fdec, 0x040afaf0, 0xf8f4fbf7, 0xf8f701f1, \
  0x030e0001, 0xecfbfe02, 0x0cfdf1eb, 0xfbe801f9, 0xf8e2fc19, 0x0102f3f3, 0xe801efeb, 0xf5e70000, \
  0x00000000, 0x00e4fe00, 0x50980380, 0x00000022, 0xff46ffc8, 0xf4021326, 0x0ad6ce10, 0xf303f5e3, \
  0xf003ef0a, 0x0ed8d716, 0x1fe5d6f5, 0x0b0f2821, 0x2116e9fa, 0x22e0cd2a, 0xfcfe0535, 0x1801c552, \
  0x423537ff, 0xfa17c10b, 0xfbb9dc19, 0x092b23e7, 0x179bd629, 0x26f0f1bd, 0x33e3e90b, 0xf304f9dc, \
  0xc3fa10f7, 0xffd3e1ad, 0xae4232de, 0xeb3e39e3, 0x01fd1017, 0xfbff00da, 0xee160a27, 0x02010e16, \
  0xe4c1e01d, 0x0706e931, 0xf41ff8f7, 0xda1a0000, 0x00000000, 0x00fab700, 0x509803c0, 0x00000058, \
  0x00000000, 0x00000000, 0x77000000, 0x00000000, 0x00000000, 0x00000000, 0x00000000, 0x00000000, \
  0x00000000, 0x00000000, 0x00000000, 0x00000000, 0x00000000, 0x00000000, 0x00000000, 0x00000000, \
  0x00000000, 0x00000000, 0x00000000, 0x00fa0000, 0x00000000, 0x00000000, 0x00000000, 0x00000000, \
  0x00000000, 0x00000000, 0x00000000, 0x00000000, 0x00000000, 0x00000000, 0x00000000, 0x00000000, \
  0x00000000, 0x00000000, 0x00000000, 0x00000000, 0x00000000, 0x00000000, 0x3c000000, 0x00000000, \
  0x00000000, 0x00000000, 0x00000000, 0x00000000, 0x00000000, 0x00000000, 0x00000000, 0x00000000, \
  0x00000000, 0x00000000, 0x00000000, 0x00000000, 0x00000000, 0x00000000, 0xd8040ffd, 0xf5eef2fa, \
  0x05f5feea, 0xebeefdf8, 0x08ecfa0e, 0xee02fdf8, 0xf400fe03, 0x05e9f4fc, 0xdf10e1ef, 0xebe510f3, \
  0x01f9fbf2, 0xf8fefef9, 0x020bfde4, 0xf5eff2fc, 0xf504f5e3, 0xf2faf2f6, 0xfbf4eaf6, 0xfa0506f4, \
  0xf606e60c, 0xf6f2f008, 0xef000ff4, 0xf7f6ee00, 0xf2fdfff8, 0xf3ff0501, 0x0dfbdefb, 0x01f2f6f6, \
  0xf7fdfef0, 0xf7fee8fb, 0xee07fae8, 0xf8f908e9, 0xfe06f7e5, 0xfff00000, 0x00000000, 0x00f6df00, \
  0x50980460, 0x00000022, 0xfb0805f9, 0x02dff6f5, 0x05ecf6ee, 0x08e8fa0c, 0x05070919, 0x0416fa01, \
  0xfef7fdfa, 0xfbfa0b00, 0x0e1f08f4, 0xfee3fc02, 0xf4180911, 0x0aedf8f3, 0xff040bde, 0x1000fbfd, \
  0xfa0ffe0c, 0x13fefd14, 0x0b27efea, 0x0af7ffe9, 0x0b0bfe0c, 0x09fbf4fb, 0xf40e03ea, 0x0022fa05, \
  0xf8e809fd, 0xfd1c000c, 0x0410f32b, 0x0af41df5, 0xfcdf0d1b, 0xf8080602, 0xf2d6feef, 0x00e7f507, \
  0xf6ec04ef, 0x070a0000, 0x00000000, 0x00f9ff00, 0x509804a0, 0x00000017, 0x00000000, 0x00000000, \
  0x4f000000, 0x00000000, 0x00000000, 0x00000000, 0x00000000, 0x00000000, 0x00000000, 0x00000000, \
  0x00000000, 0x00000000, 0x00000000, 0x00000000, 0x00000000, 0x00000000, 0x00000000, 0x00000000, \
  0x1adf0bfa, 0x0de310e1, 0x15000000, 0x00000000, 0x00120000, 0x50984000, 0x00000178, 0x00000000, \
  0x00000000, 0x000503e8, 0xeef0fce5, 0x07f1fce5, 0xe804fcfa, 0xffffe801, 0x1e0cf7fe, 0x0011180b, \
  0x00000000, 0x0001ff00, 0x00e8ee0e, 0xfe020b0e, 0xf5f91908, 0xe8f2fef4, 0xfd0ff9fd, 0x020300fe, \
  0xff01ff03, 0xf6fe1af9, 0xe6f8ee0a, 0x06ea05ee, 0xfde90405, 0xf4ff0bdf, 0xfee9e5ef, 0xf50506fd, \
  0x05fa02fa, 0xfef90204, 0xfd322e02, 0x01fe170e, 0xdd000000, 0x010100ff, 0x00000200, 0x0cfe1d00, \
  0x1410ff20, 0xfa11fb04, 0xecf0f0ea, 0xf10af2f5, 0x04f50c17, 0x00e8f204, 0xe90101ec, 0x070202ff, \
  0xfe010303, 0x01fcfdfb, 0x000301fd, 0xfafcfbfb, 0x1914fa3d, 0x18f013e8, 0xf922070e, 0xf7f91ae2, \
  0x05181405, 0x07f9eff6, 0xe7ecfbf8, 0xd410e3f9, 0x03ef0bfe, 0x0de0f3f4, 0xede8d4f1, 0xf0f4d7f0, \
  0xdddddfda, 0xfc05e5e7, 0xf1f7f703, 0x09e8f90d, 0xfaf70207, 0x0ef5f503, 0xf90303fd, 0xfb05fdfa, \
  0xfa0af7e9, 0x0bddd5de, 0xf6df0100, 0x01fdfafc, 0xfc04050d, 0x050b0502, 0xf3ebfaec, 0xe9eb0a08, \
  0xfb0cfdfa, 0xe70cf801, 0xe4e2eae8, 0xed010203, 0xfdff0205, 0xedfe0208, 0xf6f2fcfe, 0xfbfef807, \
  0xf9f1f6fa, 0xfa03faf6, 0x00f7f9f6, 0xf1f5f4f3, 0xf1eb01fc, 0x01000100, 0xff000109, 0x05f811fa, \
  0x1a1b280b, 0x00000000, 0x00000000, 0x00040efe, 0x02100608, 0xf8f702fd, 0xe7fafdf5, 0xe3f30d0b, \
  0xf713160a, 0x0a030cf8, 0x00000000, 0x00000000, 0x00010100, 0x02fefdff, 0xff02ffff, 0x01ff00ff, \
  0xfffffcea, 0xef01eae9, 0xe713eedc, 0x00000000, 0x00000000, 0x00fffffe, 0x00feff00, 0x02fe01fc, \
  0xfcfefcfc, 0x0100fded, 0x0cfbfff3, 0x0201ff0f, 0xf5c8dadf, 0xe0f209f5, 0xffd3e6f7, 0x100bf3fd, \
  0x1406060d, 0xe6f6ff02, 0xe60a0b01, 0xff05fe05, 0xfc00fdf7, 0x00000000, 0x00000000, 0x00f9f8f8, \
  0xf8f8f8f8, 0xf6f7fdf7, 0xe6f9f9f5, 0x07f1e6fd, 0xedfdf7ee, 0xeb0e08f4, 0xef1320eb, 0x0a1109ed, \
  0xfe00fe01, 0xfcfc0204, 0x03fefafb, 0xfdfafaf9, 0xfbfaf801, 0x0000ff00, 0x00000000, 0xf2fa1ff7, \
  0xf6fcfeeb, 0xff241e10, 0x09191716, 0x110a18d9, 0x0406dcf1, 0x0bf6e504, 0xf902000a, 0xf40b0511, \
  0xf0fd15f9, 0xf71500e9, 0x1303fafc, 0xecfafdf7, 0xf8fe1a0b, 0xfb2000eb, 0x2817da08, 0x2018f503, \
  0x1404f1ed, 0xf8f4fffd, 0xfbf5dffc, 0xfa06f5fa, 0x02fc0414, 0xfc0be2dd, 0xcffbcbfb, 0xedfc1303, \
  0x0defe3f6, 0xf9e1ddf4, 0xfc0a10fa, 0xfc112204, 0x02f2cfe0, 0x1cf4f8eb, 0xe9ff05f3, 0xf800f6ff, \
  0x09ff0805, 0x01f8fbf8, 0x08f908fd, 0x080000fc, 0x00000100, 0x00fdf507, 0x01e3f311, 0xf2fd15f8, \
  0xf50904eb, 0x0edd0835, 0x1d1afa16, 0xec0bdaf1, 0xf6f404f8, 0xedf8f7fe, 0x03130202, 0x08f4f40a, \
  0xf015fd01, 0x05e9f006, 0xf70cf409, 0x01fa16f3, 0x0003fff8, 0x08f9f0fb, 0xeef5f3e6, 0xfff30815, \
  0x070f1606, 0x0c0ef9e6, 0xe1ffe1ea, 0xfa031ceb, 0xfbfbeeee, 0xe6fdf3fa, 0xfa0f06ea, 0xf6f70921, \
  0x25d9f4fa, 0xf51ef512, 0x0ee0dee9, 0x0fe7e30b, 0xefe4f508, 0xf00308f3, 0xfefbf700, 0xfc0706ff, \
  0x0608f3f9, 0xf0f8e902, 0xfd090ce4, 0xf1e9e1de, 0xf5f1ec00, 0x06e9fefa, 0x06fdf5fd, 0xfff80706, \
  0xe3f61003, 0xe4fffbfc, 0x00dcfaf7, 0xf3f70603, 0xf9210000, 0x00000000, 0x00000016, 0xf80ce300, \
  0x01e8e703, 0x1216faf4, 0x0ff9da00, 0xfd02e8e8, 0xedfa09eb, 0xf4fee1ee, 0xe7f0effd, 0xeaf5de1b, \
  0x0e0a0404, 0xedeaf4d2, 0x321c051c, 0x08f61306, 0x0cf80e02, 0x00f70f03, 0x04f9efe8, 0xf5e7dce4, \
  0x02fbf3db, 0xefebd0ee, 0xfbddf2ef, 0xfff703f3, 0xfbeffef6, 0xfa000000, 0xfb0000ff, 0x00032212, \
  0x130ff50a, 0xf602fbe5, 0x01fbfbe7, 0xe200fcf8, 0xf800ecf4, 0xf1ec0f05, 0xef080c05, 0x04fe05fb, \
  0xfde9ff04, 0xfa050101, 0x0a0a08f5, 0x05fa051b, 0x121b2219, 0xe7f409fd, 0x03f4f603, 0x0007ece3, \
  0xfe0bf8ea, 0x10fa05eb, 0xfe01e0e2, 0xdcd2e200, 0x00000001, 0x00000000, 0xf0d8e2e3, 0xe0e3dbe3, \
  0x05eef00c, 0xe5ebfcf0, 0x06f1e9fc, 0x00011106, 0x0a1b0ee2, 0xf8ee0a18, 0xf40403f9, 0x00000000, \
  0x00000000, 0x41000000, 0x00000000, 0x00000000, 0x00000000, 0x00000000, 0x00000000, 0x00000000, \
  0x00000000, 0x00000000, 0x00000000, 0x00000000, 0x00000000, 0x00000000, 0x00000000, 0x00000000, \
  0x00000000, 0x00000000, 0x00060000, 0x00000000, 0x00000000, 0x00000000, 0x00000000, 0x00000000, \
  0x00000000, 0x00000000, 0x00000000, 0x00000000, 0x00000000, 0x00000000, 0x00000000, 0x00000000, \
  0x00000000, 0x00000000, 0x00000000, 0x00000000, 0x00000000, 0x40000000, 0x00000000, 0x00000000, \
  0x00000000, 0x00000000, 0x00000000, 0x00000000, 0x00000000, 0x00000000, 0x00000000, 0x00000000, \
  0x00000000, 0x00000000, 0x00000000, 0x00000000, 0x00000000, 0xee12fa09, 0xf9f9fcfd, 0xf5fd04f3, \
  0x080503f5, 0xfa1501f5, 0x0a02fc10, 0x0ffc110f, 0x03f30410, 0x0febff07, 0x04ffff10, 0x0ef412f6, \
  0x13fcfd0a, 0x16fc1917, 0xf8e90504, 0x03fffaf7, 0xf40cf8fa, 0xeb0b12fa, 0x08fa012c, 0x0d0602fe, \
  0xf9fc0809, 0xfbfdf800, 0xf9f80507, 0xf70b0f06, 0x000a1001, 0xf8f9f711, 0xfff81c03, 0xf7f60816, \
  0x10f4f009, 0x01e80012, 0x08070608, 0xfd0a0d19, 0x14fa0000, 0x00000000, 0x00e5e100, 0x509842a0, \
  0x00000022, 0x08fdf807, 0x010ae305, 0xf2f8f3fd, 0x13fb04fe, 0xfcf60e01, 0xfb0f0504, 0x0003dff7, \
  0xfaff2300, 0x000200fb, 0xeefefcfd, 0xef0b050e, 0x14f8fefd, 0x04ee4cfe, 0x0ffadefd, 0x22040a02, \
  0x12f70a05, 0x04f9dfff, 0x0bfe0505, 0x171001fd, 0x1906d9fd, 0xe80012f2, 0x020b0208, 0xf3f7fb06, \
  0xdefa1d01, 0xfd0a0d03, 0xf90914fb, 0xe607fc05, 0x0801f5f5, 0xfe00ebfb, 0xf9f0edf9, 0xf405f904, \
  0x12f40000, 0x00000000, 0x00060300, 0x509842e0, 0x00000058, 0x00000000, 0x00000000, 0x3c000000, \
  0x00000000, 0x00000000, 0x00000000, 0x00000000, 0x00000000, 0x00000000, 0x00000000, 0x00000000, \
  0x00000000, 0x00000000, 0x00000000, 0x00000000, 0x00000000, 0x00000000, 0x00000000, 0x00000000, \
  0x00020000, 0x00000000, 0x00000000, 0x00000000, 0x00000000, 0x00000000, 0x00000000, 0x00000000, \
  0x00000000, 0x00000000, 0x00000000, 0x00000000, 0x00000000, 0x00000000, 0x00000000, 0x00000000, \
  0x00000000, 0x00000000, 0x00000000, 0x40000000, 0x00000000, 0x00000000, 0x00000000, 0x00000000, \
  0x00000000, 0x00000000, 0x00000000, 0x00000000, 0x00000000, 0x00000000, 0x00000000, 0x00000000, \
  0x00000000, 0x00000000, 0x00000000, 0xf7fff701, 0x09f902f2, 0x01ebe8f5, 0x0c0f10f7, 0x19fde809, \
  0x01edfd0a, 0xfa05f8f7, 0xee08fd2d, 0xfb0e06f3, 0x0a07f209, 0x0e29e1fb, 0x03f30203, 0x1915fc01, \
  0xf80c0506, 0x08f8d7da, 0x06d9f50b, 0x02ef0e0a, 0xec0ce7fa, 0x01f800fe, 0x010c1cf7, 0xfc0d0d07, \
  0x03f7fb0d, 0xfffc040d, 0x0ceffbeb, 0x0c030c05, 0xfff716fc, 0xeaf112eb, 0x0cf80c13, 0xff04f90b, \
  0xf3f003fe, 0xeffaedfd, 0xfe0a0000, 0x00000000, 0x00de0500, 0x50984380, 0x00000022, 0xe5f83dfc, \
  0x3cfa36fc, 0xeef666f4, 0x16e0100e, 0x23f4c0d5, 0xf2efdf03, 0xa7eedbf2, 0xf0f8f805, 0xdf2dccf9, \
  0xe1e61ef9, 0x1dded3ff, 0xb211c4e5, 0x2508d520, 0x0c0d49f6, 0xe2f406ed, 0xe9fb0e26, 0xeff621e8, \
  0xf6f626fd, 0xdbeedee1, 0xc4092cfe, 0x1aefecf5, 0xdc1e1a1f, 0x2afbbf1c, 0xfdf3b419, 0x21fa420a, \
  0x210d0610, 0x25252e2c, 0x1fe8ec03, 0x1c1747f7, 0x33d03d09, 0xee10b513, 0xf60c0000, 0x00000000, \
  0x00fc1700, 0x509843c0, 0x00000058, 0x00000000, 0x00000000, 0x78000000, 0x00000000, 0x00000000, \
  0x00000000, 0x00000000, 0x00000000, 0x00000000, 0x00000000, 0x00000000, 0x00000000, 0x00000000, \
  0x00000000, 0x00000000, 0x00000000, 0x00000000, 0x00000000, 0x00000000, 0x00000000, 0x00000000, \
  0x00000000, 0x00000000, 0x00000000, 0x00000000, 0x00000000, 0x00000000, 0x00000000, 0x00000000, \
  0x00000000, 0x00000000, 0x00000000, 0x00000000, 0x00000000, 0x00000000, 0x00000000, 0x00000000, \
  0x00000000, 0x40000000, 0x00000000, 0x00000000, 0x00000000, 0x00000000, 0x00000000, 0x00000000, \
  0x00000000, 0x00000000, 0x00000000, 0x00000000, 0x00000000, 0x00000000, 0x00000000, 0x00000000, \
  0x00000000, 0x03e9eaea, 0x2800f502, 0xddeafc18, 0x1afdfffe, 0xfb00ef1e, 0xfe16f6fb, 0x1403010a, \
  0xf42cece5, 0xd0fb18fa, 0x0bf112ea, 0x03f0dfef, 0xe10c07fc, 0xf307eee4, 0xee0809e9, 0xf1f1f6fe, \
  0xf8f6fded, 0xe507ccd6, 0x23faede2, 0x10f1130e, 0xe513080d, 0xf8f9e8e9, 0xe5e603ec, 0x1ee8f2db, \
  0xf502e70f, 0xf4000ffa, 0x181405d8, 0xe9dce80e, 0xf5180323, 0x1ffa1308, 0x05000901, 0xf30c02f9, \
  0xde040000, 0x00000000, 0x0017fe00, 0x50984460, 0x00000022, 0xf70ef70d, 0x04280708, 0x1bf50afc, \
  0x06000bf9, 0xfe092315, 0x17eafeeb, 0x0d02faf2, 0xef021311, 0x2000fd05, 0x0fe904f6, 0xd51e10f3, \
  0xfc170803, 0xf6eff909, 0x02121bf5, 0xfe09fc02, 0xf900f510, 0x1f03dcf3, 0xf1fef90f, 0x0b0905f3, \
  0xe011f0fe, 0x08fdf0fd, 0x0afef1f4, 0xfb000007, 0xfce9eaec, 0xdd06fe05, 0xfafcf912, 0x15082b02, \
  0xe7080f00, 0xe40c1505, 0x09f9e3fe, 0xf81720fd, 0x14e70000, 0x00000000, 0x0005e200, 0x509844a0, \
  0x00000017, 0x00000000, 0x00000000, 0x54000000, 0x00000000, 0x00000000, 0x00000000, 0x00000000, \
  0x00000000, 0x00000000, 0x00000000, 0x00000000, 0x00000000, 0x00000000, 0x00000000, 0x00000000, \
  0x00000000, 0x00000000, 0x00000000, 0xd1000703, 0xf42a20d8, 0xec000000, 0x00000000, 0x001b0000, \
  0x50988000, 0x00000178, 0xfbf900ff, 0xf701f7f8, 0xf90ef0eb, 0x0efaef03, 0xecf012f2, 0xf51007ec, \
  0x0c10ee00, 0xf108f5ed, 0xeff9e5f1, 0xffff00ff, 0x0000ff00, 0x000dff18, 0x0303f4e7, 0x01ec0d0d, \
  0xef1b0ee5, 0x030be402, 0x0000fcff, 0xfef900f9, 0x00e9ede9, 0xfdec01ee, 0xf100fbec, 0xef070fe8, \
  0x0bffeb04, 0xebf3030c, 0xf2edf3f9, 0xfe000604, 0xfafcfe00, 0x120d0816, 0xf1f30c00, 0x0d03f507, \
  0x0202f900, 0xfffed2f3, 0xefe1eddf, 0xeff7fc12, 0x05000709, 0xeff40a18, 0x05e9f505, 0x0feff90c, \
  0x01fc07f2, 0x07fe10f2, 0xecf8ff08, 0xf2fdfc0a, 0x08f0f604, 0x07f4fcfb, 0xf7fbf407, 0x14f9f010, \
  0xe815ebfe, 0x19f3faf9, 0x1202170a, 0x10110010, 0x05e8fa09, 0xfe0c15da, 0x010df103, 0x150503ee, \
  0x01f70a0f, 0x17000c08, 0xf4fc09fc, 0x0f01eb0f, 0x14f4ed11, 0x13f3f21b, 0xf50908ee, 0x05fb0bee, \
  0x0a02130a, 0xfbf4fb00, 0x02030200, 0x01f005e6, 0x100a0bed, 0x1101f6f3, 0xf700060a, 0xfcfcf9fa, \
  0xf6100a16, 0xfe09f7e9, 0x050f07fd, 0xf80cf8f7, 0x10ece1e8, 0xedf8f4f8, 0xeb040df3, 0x0bf012f7, \
  0x08f60df1, 0xf2f10bfd, 0x0a07f706, 0xf9f3ebf8, 0xf8fcfaf9, 0xf7faf0fd, 0xfdf2ecfb, 0xf6f3fefe, \
  0x00ff0000, 0xf6ff01eb, 0xf1f3f6fc, 0xfdf5f1fe, 0x00000000, 0x00ffffff, 0xffe4f9ec, 0xfefdf500, \
  0xfbee1516, 0xf7faf7f0, 0x00f21000, 0xf0fce5ea, 0x03100003, 0xfffefeff, 0xffff0000, 0x00f908fa, \
  0xfb06fa05, 0xfcf80000, 0xfe000004, 0x00fd0004, 0x0e0ffdfd, 0xe2eaf4e1, 0xf6fdfcfb, 0xfe06fcf1, \
  0x06f2f805, 0x000b03f7, 0xfcf50000, 0x00000000, 0x000000fc, 0xf9fe00f3, 0xf701f10f, 0xeef40ee2, \
  0x16ffde0c, 0x030ceaee, 0x1008f8fe, 0x0df1f4e5, 0xe9f906ed, 0xeaebdbf7, 0x0401faf7, 0x0000fe00, \
  0x000000fe, 0x0000ff00, 0x00f6f6f6, 0xf6f6f6f7, 0xf3f90206, 0xf71006f7, 0x20efd611, 0x12e7ea10, \
  0x02fb0c0b, 0xef14f50e, 0x0de4f9fd, 0xf5ff01fb, 0xf7f50505, 0xf9fdf9f9, 0xf6faf9fc, 0xf9ede602, \
  0x06080405, 0x03fcfd03, 0x0ff8fbf2, 0xfe11f90e, 0x0b020a12, 0x0c090407, 0xfd07f200, 0xf808f9fe, \
  0x0afcfdff, 0xf8130c07, 0x11050f0f, 0x0a06f603, 0x000ef100, 0xeef2fbef, 0x06fcef08, 0xf0f1feff, \
  0xfd100ded, 0xf5f01007, 0x0b0609f4, 0xfd02fdfe, 0x02f9fcf8, 0xfefcfafd, 0x00f00d0d, 0xf40dfb06, \
  0x020c120e, 0x05120a0c, 0xee01edfb, 0x101208f8, 0xfe050e11, 0xf6ecfaf1, 0x0ff50ef3, 0xfc03f111, \
  0x00f1f1ee, 0x10f3ed05, 0xf40503f5, 0x0eeffef8, 0xfafdf806, 0xedf9f106, 0x0001ff01, 0xfffe0002, \
  0xff13f009, 0x0c0513f1, 0x0ff2020a, 0xf111f5fe, 0x08fb1510, 0x0dfc0412, 0xf5f4f4ee, 0xfef7fd05, \
  0x0c05f005, 0x050d1004, 0x060a1406, 0xf7eb040f, 0xf4fcf6fa, 0x030814f6, 0x0ffc160e, 0xf2f50b08, \
  0xf2f40af5, 0xf406f8f7, 0xf3ff010a, 0x0ef2f802, 0x0303fd00, 0x01fbf500, 0x050501f9, 0x130af611, \
  0x000703f1, 0xfe0e06fe, 0xf702f203, 0x10070afc, 0xf0ec0b07, 0xf2fbfff8, 0x00f8fb0c, 0x00fd0a03, \
  0x01efff0a, 0x0e03f300, 0xfff900ed, 0x07f5f90a, 0x05fdeefb, 0x01faf3eb, 0xfa0507fc, 0x05fcf5f5, \
  0x0a03ee07, 0xfeeeedfe, 0xf400fc0b, 0x0f010709, 0xfff10a08, 0xf00f0800, 0xf7060feb, 0x0b150000, \
  0x00000000, 0x000000f3, 0x010b11f5, 0xf5f3f6fa, 0xf50bf305, 0xf6f90f0a, 0xf1050e0e, 0x0fed0608, \
  0x0b0304f6, 0x1301fff5, 0x111214f5, 0xfff0f2f2, 0x080c06fb, 0x0206fff9, 0xf909f904, 0xfe0300fa, \
  0xf60ff810, 0xedfd0a0e, 0x0f0bf7fd, 0x1107ffee, 0x0af60ef1, 0xf8001316, 0xf9f9f209, 0x0a02fbfb, \
  0xfa00fefe, 0xfdffffff, 0xfffe0bf1, 0xf90ff900, 0x010611ed, 0xf6ffff0d, 0x00050ff7, 0xfd0e050c, \
  0x0d12ed01, 0x0ff9f6f4, 0xfafa00f2, 0xf300fa06, 0xf8f60b00, 0xff01ff00, 0x00000000, 0x00000000, \
  0x0203f3fb, 0x0bff09f3, 0xff02fcfb, 0x01fa03fa, 0x0205f504, 0xf3f5f0fe, 0xf413eeff, 0x0100ff03, \
  0xfffffe01, 0x000100fe, 0xfe0202fd, 0xff12100d, 0x0a12fa08, 0x0d1101fa, 0xfe0cf8fc, 0x04ef0cf2, \
  0x04f80afe, 0xfcfd0cfd, 0x00000000, 0x00000000, 0x41000000, 0x00000000, 0x00000000, 0x00000000, \
  0x00000000, 0x00000000, 0x00000000, 0x00000000, 0x00000000, 0x00000000, 0x00000000, 0x00000000, \
  0x00000000, 0x00000000, 0x00000000, 0x00000000, 0x00000000, 0x00030000, 0x00000000, 0x00000000, \
  0x00000000, 0x00000000, 0x00000000, 0x00000000, 0x00000000, 0x00000000, 0x00000000, 0x00000000, \
  0x00000000, 0x00000000, 0x00000000, 0x00000000, 0x00000000, 0x00000000, 0x00000000, 0x00000000, \
  0x3e000000, 0x00000000, 0x00000000, 0x00000000, 0x00000000, 0x00000000, 0x00000000, 0x00000000, \
  0x00000000, 0x00000000, 0x00000000, 0x00000000, 0x00000000, 0x00000000, 0x00000000, 0x00000000, \
  0xf3e8e4ff, 0x0907140b, 0x05ecebf1, 0x0403fb01, 0xfee9fc06, 0xe5f9faf1, 0xeffae30a, 0x010500f9, \
  0xfd050b04, 0xfaf7f1f4, 0xf7f203fd, 0xf9090ee3, 0xfb18f5f0, 0xfe0002f4, 0x0711f71a, 0x03f504f4, \
  0x0dff0a1c, 0x000007fb, 0xfc05fc08, 0x0ffce3ee, 0xe7f606ff, 0xf50913f7, 0xe908ee08, 0x05020104, \
  0xfc08e9f0, 0x0b07f7e4, 0xee08ef14, 0xeefbf8fb, 0xf2faec01, 0xf90007e5, 0xe7effdf2, 0xf6fc0000, \
  0x00000000, 0x0009f800, 0x509882a0, 0x00000022, 0xf0f9100e, 0x1b050304, 0x020af20c, 0xf00bf703, \
  0x01020afc, 0xfef304ea, 0xeb061404, 0xfa1202ff, 0x00f9120f, 0x00faf405, 0x010111fd, 0x0bfdff0f, \
  0x01f8fe06, 0x11f7fdff, 0xf51119fd, 0xfa08e9fb, 0x22021811, 0x0212fc03, 0xfbf81103, 0xfe000cfe, \
  0x05fd0ffd, 0xfa030d01, 0xfa050cf9, 0x0602ec04, 0x09faffff, 0xfe0aec06, 0xf9fff2f9, 0xf604ecff, \
  0xfbfb06fe, 0x060df8f5, 0x16f5f0ff, 0x01f90000, 0x00000000, 0x00090900, 0x509882e0, 0x00000058, \
  0x00000000, 0x00000000, 0x3b000000, 0x00000000, 0x00000000, 0x00000000, 0x00000000, 0x00000000, \
  0x00000000, 0x00000000, 0x00000000, 0x00000000, 0x00000000, 0x00000000, 0x00000000, 0x00000000, \
  0x00000000, 0x00000000, 0x00000000, 0x00fd0000, 0x00000000, 0x00000000, 0x00000000, 0x00000000, \
  0x00000000, 0x00000000, 0x00000000, 0x00000000, 0x00000000, 0x00000000, 0x00000000, 0x00000000, \
  0x00000000, 0x00000000, 0x00000000, 0x00000000, 0x00000000, 0x00000000, 0x3d000000, 0x00000000, \
  0x00000000, 0x00000000, 0x00000000, 0x00000000, 0x00000000, 0x00000000, 0x00000000, 0x00000000, \
  0x00000000, 0x00000000, 0x00000000, 0x00000000, 0x00000000, 0x00000000, 0x2119f6e7, 0xf7fc0600, \
  0xe9f80bff, 0xf5fc0907, 0xff0dfbfe, 0x07db0df4, 0x0906180b, 0x1913e7e9, 0xf4f3fe09, 0xf401090b, \
  0x0a0806ff, 0x0cf605e9, 0xe8f1060a, 0x04fdf711, 0x0c27f205, 0x000afd15, 0x31fd0eee, 0xe80505f6, \
  0xf70a0f01, 0xfc18f717, 0x0608ec05, 0xf40f1105, 0xf102faf6, 0xfd0700fd, 0x00eb15f5, 0x170fe4fc, \
  0xf4f80ffb, 0xf5f7ef07, 0x241107f3, 0x0e100df6, 0x12070e02, 0xecf40000, 0x00000000, 0x0002f800, \
  0x50988380, 0x00000022, 0x050604fe, 0x11f2f811, 0x0108dbff, 0xedefd924, 0x05fff9f7, 0x0bf211f4, \
  0x1af70aff, 0xdd1912e9, 0x1ff20add, 0x0914ed2a, 0xfbf4fbd6, 0x1a06da1e, 0x0ee41210, 0xf70df604, \
  0xd9f804ec, 0x10040a03, 0xebccf202, 0x15f001d6, 0x03e0fef6, 0x1a1302f5, 0x03050a2f, 0xff062ef3, \
  0x20291628, 0x02071010, 0x0ee8ee04, 0x1601e8fb, 0xe00accf0, 0x1329d9fb, 0xf6f4f01e, 0xd709d4f8, \
  0xf114d6f0, 0x06020000, 0x00000000, 0x00db0a00, 0x509883c0, 0x00000058, 0x00000000, 0x00000000, \
  0x79000000, 0x00000000, 0x00000000, 0x00000000, 0x00000000, 0x00000000, 0x00000000, 0x00000000, \
  0x00000000, 0x00000000, 0x00000000, 0x00000000, 0x00000000, 0x00000000, 0x00000000, 0x00000000, \
  0x00000000, 0x00fa0000, 0x00000000, 0x00000000, 0x00000000, 0x00000000, 0x00000000, 0x00000000, \
  0x00000000, 0x00000000, 0x00000000, 0x00000000, 0x00000000, 0x00000000, 0x00000000, 0x00000000, \
  0x00000000, 0x00000000, 0x00000000, 0x00000000, 0x3e000000, 0x00000000, 0x00000000, 0x00000000, \
  0x00000000, 0x00000000, 0x00000000, 0x00000000, 0x00000000, 0x00000000, 0x00000000, 0x00000000, \
  0x00000000, 0x00000000, 0x00000000, 0x00000000, 0xfd1debf1, 0xfcf90409, 0x0cf208ec, 0x0ee118f1, \
  0x0e04faec, 0xf3f6f3ed, 0xf8fcf82b, 0xf202fbf4, 0x1f04e4eb, 0xfc0cef06, 0xf4f3000a, 0xeef8f8de, \
  0x08060bf1, 0xf412fff2, 0xfbe3fb08, 0x0deb06f3, 0xee03eeff, 0x0a05f3fd, 0x0ef105f3, 0x0a0f0aef, \
  0x0307e707, 0x02fbf8ff, 0xf7eb10f8, 0x1cfdecee, 0xf309f112, 0xfd01eb2b, 0xfc00ef00, 0xe9fa2400, \
  0xf701fcf3, 0xfefd08e5, 0x0a1a06ff, 0x15e10000, 0x00000000, 0x00f9d800, 0x50988460, 0x00000022, \
  0xf60d0c03, 0x02fe03fd, 0xffe8fe06, 0x07f5fb07, 0x0afcfd02, 0x0a04fc04, 0xf604eaf1, 0xd7f80a04, \
  0x121c00f9, 0x21ed1ce9, 0xe4230215, 0xf405faf3, 0x10071307, 0x0a11f2f8, 0x01050e13, 0x0bf4ff0d, \
  0xfcf6ef04, 0x0deee9f5, 0x11ffda07, 0xf8ff0cfd, 0x050014fa, 0x05fff5f3, 0xf4040706, 0xfbfe0102, \
  0xfbedf707, 0x010d02eb, 0xf2fe0f19, 0xe405f9ef, 0xe6e70c01, 0x06f1f2fe, 0xe9062304, 0xf1f10000, \
  0x00000000, 0x0008e500, 0x509884a0, 0x00000017, 0x00000000, 0x00000000, 0x52000000, 0x00000000, \
  0x00000000, 0x00000000, 0x00000000, 0x00000000, 0x00000000, 0x00000000, 0x00000000, 0x00000000, \
  0x00000000, 0x00000000, 0x00000000, 0x00000000, 0x00000000, 0x00000000, 0xfbeede17, 0x1ce8eb23, \
  0xf1000000, 0x00000000, 0x00140000, 0x5098c000, 0x00000178, 0x0001fefe, 0x01fefd01, 0xff1105ff, \
  0xeb0bfeec, 0xe9eafaff, 0x08eaeb0f, 0xeee90efd, 0xece2f303, 0x00ecf511, 0x00000000, 0x00000000, \
  0x00f7f9f0, 0xfbfdfa09, 0xfae7ecec, 0x0002140f, 0x0b14fa02, 0xfdfefe01, 0xfcfcfcfb, 0x01ff0008, \
  0xf3080601, 0x0d010c1e, 0xf2fb1bfd, 0x13fe03f7, 0xde04f9f1, 0xe8effb01, 0xfefd0000, 0x00000000, \
  0xe0d8e0eb, 0xd80bdb07, 0x1b000000, 0x00000000, 0x0000260f, 0xf811fe06, 0xfc1405fe, 0xf9e9110d, \
  0xf51b1cfd, 0x1206060d, 0x0b090420, 0x0f0602e5, 0xebf1e909, 0xe6faff01, 0x000000ff, 0x0102fc03, \
  0x01ff0302, 0xfdff0001, 0x06f2cee2, 0xdfdbe500, 0x051100f2, 0x09f9ee1c, 0x14edf6f7, 0xdd00fdcd, \
  0x25fceb00, 0xe7d3ebf3, 0xddddd6f2, 0xf91818fe, 0x021b170b, 0x28f5de01, 0x01faf303, 0x110cfcfc, \
  0xf4f4edec, 0x01e9d4e8, 0xe2defef8, 0xe6f5f4fa, 0x00000001, 0x000003fe, 0xff27281c, 0x040e0803, \
  0x0deffbfd, 0xfd0000fe, 0x000000fd, 0xd7e6e2d2, 0xecf9daeb, 0xf2edd7e0, 0xf5fbf1f1, 0xf01006fb, \
  0xfee4fa0c, 0x0104fdff, 0xf20407f7, 0xf701f708, 0x020008fd, 0xfdfbfa01, 0xf4f3f5f8, 0xf9f9ff00, \
  0xfff8f6f1, 0xf4f7f5f1, 0xf2f80102, 0xff010600, 0xf8000705, 0x13fc0eea, 0x100cff18, 0x00000000, \
  0x0000ff00, 0x00fb00fd, 0xe5e5f5ef, 0xefda0ce2, 0xec0c0212, 0x13012704, 0xff05f9f8, 0x04fe1d0e, \
  0x00000000, 0x00000000, 0x00000101, 0xff00fffe, 0x00fc0000, 0x00000000, 0x00fefde0, 0xf2dc0cfa, \
  0xe0fd07f6, 0x0104fffd, 0x00fefffe, 0x00fb02fb, 0xfd00fcfd, 0x02fd0000, 0x00000000, 0x000000ff, \
  0xfff0fdfa, 0xecf1ffe7, 0xf10ff1d3, 0xe3f7e9e5, 0xe4102320, 0xfafbfad1, 0xe1d8f205, 0xd7f2edd1, \
  0xe6dfd902, 0x01ff0000, 0x00000000, 0xfdff0000, 0x00000000, 0x00fbfcfa, 0xfafffefb, 0x0101f0fd, \
  0x11fe05e5, 0xefe9f1e5, 0x0401e6fd, 0x06f0080a, 0x0303f503, 0x01060e0e, 0x19fefffc, 0x02ffff00, \
  0x00fffbfb, 0xf9f9f9f8, 0xf7f7f800, 0x00000000, 0x00000000, 0x020800fd, 0xf6f40af1, 0x0412f90a, \
  0xfcfdf617, 0x09100509, 0x08f6f3fb, 0x11fe01fa, 0x0305fc09, 0x090100f9, 0x0000ff00, 0x00fd0000, \
  0xfe060d08, 0xf4080804, 0x0becfbfa, 0xf906000a, 0x11f90cf4, 0xf3f2fcfb, 0x0004f1fe, 0xfa00fe02, \
  0x000204fb, 0x05030707, 0x0001fd07, 0x01fbfbfe, 0x0efcf30b, 0x09ecf009, 0xee05ee09, 0xfb0308fe, \
  0x08ec040f, 0xf6f31007, 0x00ef0cfb, 0x090afbfa, 0xf8f207fc, 0xfc0bfcf0, 0xf70d080a, 0xf6ed040d, \
  0xfbfd0bee, 0x00fe0000, 0x03ff01fb, 0xfff905fa, 0x0c0cfcfe, 0xf60b0a0a, 0xf3f90e02, 0x17fb0e0f, \
  0xf20e0300, 0xf2060802, 0x0afdf8f2, 0x01040602, 0xf7f106fb, 0x09070e0d, 0xfb09fc0d, 0x00fb03fc, \
  0xf608fc05, 0x13110a07, 0xfe0606fe, 0x0001fa00, 0xfe060005, 0xfe0103f5, 0xf700f7f4, 0xfcf80206, \
  0x0a0205fa, 0xffed0ef8, 0xedffed11, 0xf4eef8fa, 0x090cf4f8, 0x0211fc00, 0xfc070705, 0xf504ff08, \
  0xf9fd01fe, 0x020102fd, 0x0207fefa, 0x0cefef0d, 0x08fa09fc, 0x07fd0408, 0xfa06f4f7, 0x0cf2ff01, \
  0xfffff9f1, 0xedf10104, 0x0404f405, 0xfc00f20c, 0x0508fdff, 0xf7f7fd0a, 0xf9020001, 0xfc0ffa0a, \
  0xfefc03fd, 0xfffd0201, 0xfffd0000, 0x00000000, 0x00000008, 0xfff8f900, 0x0800ebec, 0x000403f2, \
  0x04f4f706, 0xf6f2f106, 0xff09fff5, 0x0afa00fa, 0xf80efcf0, 0x08050c0b, 0xec0f0005, 0x0306f5f9, \
  0xfe04f7fc, 0xf803180b, 0x0bf00d09, 0x0df8f1f0, 0x0bfef70b, 0x0af60103, 0xfbfcef06, 0x04060bf1, \
  0xf9f6fc0d, 0xf6fb0fff, 0x02f4ebf8, 0x08000000, 0x00000000, 0x00001003, 0x05090e09, 0xfe0df905, \
  0x0803f2ff, 0xf4edfbf8, 0xef06fb0e, 0xf2fefdf0, 0xf80203fa, 0xfaf6fd06, 0x04eef9f7, 0x08f8fd00, \
  0x05faf500, 0x00000000, 0x00000000, 0x00000000, 0x00000000, 0x00040205, 0xf8f3f402, 0x05f301f2, \
  0x0a03fc01, 0x0aedfb00, 0xff010000, 0x00000000, 0x01faf804, 0xfc0700fe, 0xfffafbff, 0x03f50303, \
  0xf20af9f8, 0xf4fc000d, 0xfff307fe, 0xf5fa05f9, 0xfef20af5, 0x00000000, 0x00000000, 0x3e000000, \
  0x00000000, 0x00000000, 0x00000000, 0x00000000, 0x00000000, 0x00000000, 0x00000000, 0x00000000, \
  0x00000000, 0x00000000, 0x00000000, 0x00000000, 0x00000000, 0x00000000, 0x00000000, 0x00000000, \
  0x001d0000, 0x00000000, 0x00000000, 0x00000000, 0x00000000, 0x00000000, 0x00000000, 0x00000000, \
  0x00000000, 0x00000000, 0x00000000, 0x00000000, 0x00000000, 0x00000000, 0x00000000, 0x00000000, \
  0x00000000, 0x00000000, 0x00000000, 0x40000000, 0x00000000, 0x00000000, 0x00000000, 0x00000000, \
  0x00000000, 0x00000000, 0x00000000, 0x00000000, 0x00000000, 0x00000000, 0x00000000, 0x00000000, \
  0x00000000, 0x00000000, 0x00000000, 0x251cfe09, 0x1a09f40d, 0x00f10bf6, 0x030d090e, 0xd705030b, \
  0x250c050a, 0xf70302f8, 0x0506171a, 0xfa030dfe, 0x22fa17f2, 0x03211314, 0x140e0f20, 0x170bfd2a, \
  0xf80afcfd, 0x1704fded, 0xff111206, 0x1a0e1ce4, 0x001c0a0f, 0x10f30f09, 0x01fdf5ed, 0xf90f1218, \
  0xfff7f30d, 0x0cf7ff01, 0x1111fe0c, 0xf4061afa, 0x0a2afa0c, 0x1508fbfd, 0x051802f3, 0x1c2221e4, \
  0xfaf4f5f8, 0x161a0910, 0xfd020000, 0x00000000, 0x00f61700, 0x5098c2a0, 0x00000022, 0x08e9f516, \
  0x06e80d09, 0x04e320f1, 0xf1fb0ef1, 0x0907fe09, 0xf50702fe, 0x040805f7, 0xe50deeec, 0x08030908, \
  0xfaddfb17, 0x08091b1a, 0xfdf704f5, 0xe900e5ff, 0x0af5070c, 0xfc0dfbf5, 0x0aedef08, 0xfe14f606, \
  0xefffea0a, 0x09fe0000, 0xf7f809ea, 0xfe01f604, 0xf82704fa, 0xfafdf3f8, 0x15f408f6, 0xec0f0709, \
  0x0b08f404, 0x15d6f3fb, 0xf103f7ec, 0xf4fef3e5, 0xffe8fcf6, 0xfdee0d1c, 0x02030000, 0x00000000, \
  0x0013ed00, 0x5098c2e0, 0x00000058, 0x00000000, 0x00000000, 0x3d000000, 0x00000000, 0x00000000, \
  0x00000000, 0x00000000, 0x00000000, 0x00000000, 0x00000000, 0x00000000, 0x00000000, 0x00000000, \
  0x00000000, 0x00000000, 0x00000000, 0x00000000, 0x00000000, 0x00000000, 0x00150000, 0x00000000, \
  0x00000000, 0x00000000, 0x00000000, 0x00000000, 0x00000000, 0x00000000, 0x00000000, 0x00000000, \
  0x00000000, 0x00000000, 0x00000000, 0x00000000, 0x00000000, 0x00000000, 0x00000000, 0x00000000, \
  0x00000000, 0x40000000, 0x00000000, 0x00000000, 0x00000000, 0x00000000, 0x00000000, 0x00000000, \
  0x00000000, 0x00000000, 0x00000000, 0x00000000, 0x00000000, 0x00000000, 0x00000000, 0x00000000, \
  0x00000000, 0x06fb1606, 0x0209ff18, 0x0902091c, 0x0afa14e8, 0xefff0bf4, 0x0218ffee, 0x07f20413, \
  0x00f3fa04, 0x3bf80b19, 0x110411f4, 0x09f2010b, 0x09e317fa, 0x1f110bfe, 0xe1fcfbe8, 0x05093306, \
  0x070c03f1, 0xf2ecf419, 0x0cfa0420, 0xf20d0106, 0x06fd0bff, 0x18f71b01, 0x102016fd, 0x061bff0e, \
  0xf6fde000, 0xfcf30402, 0xf60eef1a, 0x1e0eeb07, 0x021617f2, 0xf3031f16, 0xfbf80d0b, 0x050e1ef8, \
  0x140c0000, 0x00000000, 0x000c0000, 0x5098c380, 0x00000022, 0x13f60c0a, 0xfcde0404, 0xf9e30615, \
  0xf4f40933, 0xfcd1e1f8, 0x0ce30a05, 0xf611dd26, 0xea420526, 0x22dc0c2a, 0xeb13e2d7, 0x1b10fc1d, \
  0xe8e8fff0, 0xecce0816, 0xf6d4da09, 0xe4251be1, 0x2ec6dcee, 0x03fbffd6, 0xea08e4fe, 0xf2edd90b, \
  0xdefbeaf5, 0x23f4fff3, 0xfa611ff5, 0x25020ef9, 0x0a042ae6, 0xf92f25f1, 0x0d1dca2b, 0x2108e700, \
  0x11262cdf, 0x0bf9f0fc, 0xf1ab02db, 0x0b240209, 0xfdf70000, 0x00000000, 0x00f4f000, 0x5098c3c0, \
  0x00000058, 0x00000000, 0x00000000, 0x76000000, 0x00000000, 0x00000000, 0x00000000, 0x00000000, \
  0x00000000, 0x00000000, 0x00000000, 0x00000000, 0x00000000, 0x00000000, 0x00000000, 0x00000000, \
  0x00000000, 0x00000000, 0x00000000, 0x00000000, 0x000e0000, 0x00000000, 0x00000000, 0x00000000, \
  0x00000000, 0x00000000, 0x00000000, 0x00000000, 0x00000000, 0x00000000, 0x00000000, 0x00000000, \
  0x00000000, 0x00000000, 0x00000000, 0x00000000, 0x00000000, 0x00000000, 0x00000000, 0x40000000, \
  0x00000000, 0x00000000, 0x00000000, 0x00000000, 0x00000000, 0x00000000, 0x00000000, 0x00000000, \
  0x00000000, 0x00000000, 0x00000000, 0x00000000, 0x00000000, 0x00000000, 0x00000000, 0x1714d104, \
  0xf6fdfeef, 0xf40d0801, 0xf1f0f9fa, 0xfbfb2207, 0x22eb0509, 0x05f900ed, 0xf7f1020b, 0x11012714, \
  0x150c0301, 0x0c191403, 0x1e050118, 0x1fe80024, 0x0804ee38, 0xfdff1913, 0x0c0d100a, 0x241ffa0c, \
  0x1512e60e, 0xe8040a17, 0x1107f1f7, 0xf906e311, 0x0f100a10, 0xfe181b1c, 0x0e060ef8, 0xf9020f01, \
  0xe4f20402, 0xed21060f, 0x0d1725f1, 0xfced1727, 0x020dfaf8, 0x05eafd0d, 0x09f30000, 0x00000000, \
  0x00f92500, 0x5098c460, 0x00000022, 0x05100d06, 0x1e130b05, 0x12def622, 0xeaf9f10e, 0x1b09050f, \
  0x02ee0d1e, 0xebe923f5, 0xe827ed1d, 0x15f61010, 0x18fd11db, 0xee091afc, 0x0cf905f1, 0xf113d3f7, \
  0x011808fc, 0xeb0607f8, 0x13f30200, 0x03e1040a, 0x03f9fbf2, 0xf0fef602, 0xfb0503f1, 0x050c060a, \
  0xf6f90eef, 0x01fb0eef, 0x1aede709, 0xfee2fa14, 0x010b07fd, 0x0425fb0b, 0x12f00b02, 0xf3fa0707, \
  0x1c06fd06, 0xedf605f7, 0xf9f20000, 0x00000000, 0x000f0000, 0x5098c4a0, 0x00000017, 0x00000000, \
  0x00000000, 0x50000000, 0x00000000, 0x00000000, 0x00000000, 0x00000000, 0x00000000, 0x00000000, \
  0x00000000, 0x00000000, 0x00000000, 0x00000000, 0x00000000, 0x00000000, 0x00000000, 0x00000000, \
  0x00000000, 0x1f15d80d, 0xcc210a0f, 0xfb000000, 0x00000000, 0x00ee0000, 0x50990000, 0x00000178, \
  0x00000000, 0x00000000, 0x0009ed07, 0xfd02f906, 0x01eff701, 0xfd09ff02, 0x1403e4ea, 0xef03fa02, \
  0x01def0f5, 0x00000000, 0x00000000, 0x00fbfdfb, 0xe401f0f2, 0xfc17d6f7, 0x14dc0700, 0xe907ef08, \
  0x03fdf6f9, 0x00f8fd00, 0x121624f7, 0xfcfaf607, 0x09fa00ee, 0x09fff90b, 0x07000612, 0xe5effae6, \
  0xfce8f1fb, 0xf8020804, 0xfdf901fd, 0xf4e6fce4, 0xede4e8e7, 0xe2000000, 0x00000000, 0x0000fae3, \
  0xfce6f8f2, 0xf4fff803, 0x19240aeb, 0x0a0a0004, 0x0ef2f4f3, 0xf7f40efe, 0x060cf3e9, 0x00f8fbfe, \
  0xeae9f9ff, 0xfa06fd04, 0x0303fefb, 0x0308f5fb, 0x0404f6ff, 0xd7d306f7, 0xfefcc1ea, 0x10f105fe, \
  0x04feeeef, 0xe9f905fe, 0xf5fbf5ee, 0xeffce7fa, 0xedec0b08, 0xebf5fbec, 0xf9fefdfe, 0x01e302fa, \
  0x08df1a09, 0xd5010c97, 0xb8f0040e, 0xee04f7ea, 0xfe04e605, 0xf8070204, 0xf9fafaf3, 0xf6f8fffe, \
  0xf8fc05fd, 0x07f8ff04, 0xed08050e, 0x26fffe08, 0x02fffc06, 0xf801fc06, 0x260ef30c, 0xf9d3daf1, \
  0xe9ebe6f5, 0xefd5fc06, 0xdafbe9e4, 0xecf0edd7, 0xf60df1f1, 0x09f10404, 0xf5fefe03, 0x0902fff1, \
  0xf4090206, 0xf8f8f9f6, 0xf3fdf5f7, 0xf2f1f4f3, 0xf1f5f4f2, 0xf4f20204, 0x02010103, 0x0100ff0f, \
  0x0601eff0, 0x08f2f3e5, 0x00000000, 0x00000000, 0x00020ff8, 0x110d07ee, 0xf50005ec, 0x02ee04f0, \
  0xf1e7f3e7, 0xe8ed13ff, 0x05ee04ea, 0x00000000, 0x00000000, 0x00040104, 0xfb030501, 0xff0400fc, \
  0xfdfdfefd, 0xfdfdfd25, 0x1506100f, 0x0e00f5fd, 0x00000000, 0x00000000, 0x00ff00ff, 0xfe020101, \
  0x0001fbfe, 0xf808f806, 0x0408f808, 0xfd09fb0f, 0x0eeeeded, 0xfe050704, 0xef06050a, 0xf1fdf1f5, \
  0x08ece8f8, 0x0afbf6e9, 0x0c0f030d, 0x13fcfd00, 0x0000fc02, 0x01030102, 0x010100fe, 0xffffff00, \
  0xfffefffd, 0x0000ffff, 0x0101daf0, 0xfbee07fd, 0xfeeefde7, 0xf3f008c6, 0xbff1ffcf, 0xff1d15ef, \
  0x110b19f8, 0x10000000, 0x00000000, 0x0000f9fa, 0xfcf7f9fa, 0xfdfcfc00, 0x00000000, 0x00000000, \
  0x0503f8f7, 0xfe0701f8, 0xfb0a100e, 0x0603080a, 0x06080b08, 0x09110a08, 0x090809fb, 0xfdfbfefc, \
  0x01fdfafa, 0x01030302, 0x03070509, 0x0c090c08, 0x09070508, 0x0808f3f6, 0xeff2f407, 0xfef2f80c, \
  0x0d0e0e0c, 0x0a0a0a07, 0xf2f4f8f2, 0xf3faf2f3, 0xf7000000, 0x00000000, 0x00000503, 0x03070604, \
  0x0a0708fa, 0xf0f0fcf6, 0xf9f3f7f7, 0x0d14040c, 0xfd08fe13, 0x07f5f6f7, 0xf3f1f8f7, 0xf5f7f4fa, \
  0x0704f8fd, 0x01030600, 0x00000000, 0x00000000, 0x00000000, 0x00000000, 0x00f901ff, 0xfa02fafc, \
  0xf8000c07, 0x0c0a0709, 0x060907fc, 0x0605fdfe, 0x02ff0104, 0x00000000, 0x00000000, 0x0008080a, \
  0x090a090c, 0x0707f9f9, 0xfbf9fafc, 0xfbfcff04, 0x0a02080b, 0x0a090a0c, 0xfefd0000, 0xfe00ff01, \
  0x0602fafb, 0x01fff803, 0xfffafd03, 0x01000000, 0xff00000a, 0x0c0d0b0b, 0x0b0e0c0a, 0x0f0f0c10, \
  0x10121010, 0x0ff7f806, 0xf8020505, 0x00fdfbfd, 0x00ff0405, 0x07060700, 0x01fe0000, 0x010000ff, \
  0x07070707, 0x07070807, 0x04f7f8f7, 0xf9fafafb, 0xfcfd0b0b, 0x070e0a0b, 0x0b0c0bf9, 0xfafafcfb, \
  0xfbfafafa, 0x09140d04, 0x0c081209, 0x0a0d0f0c, 0x0f0b0a0b, 0x0d0a0000, 0x00000000, 0x00000010, \
  0x0a02100f, 0x0d0f0e0a, 0x0a0a0a09, 0x0a0b0a09, 0x0b040502, 0x03000204, 0x02fdf3ee, 0xf100f3ff, \
  0xf002ff03, 0x0500fe0b, 0x02090608, 0xf0ed00fe, 0xfff9fdf8, 0xf8f2f4f1, 0xf4f7f8f7, 0xf9f8f5f8, \
  0xf9f6f7fb, 0xf4f4f1fc, 0xfdfaf8fc, 0xf9f3f6fb, 0xf2f1f1f5, 0xf3f2f4f5, 0xf4000000, 0x00000000, \
  0x00000107, 0x06070106, 0x020303f7, 0xf4f9f2fa, 0xfbf6f702, 0x09080304, 0x14061105, 0x0a050403, \
  0x04030306, 0x05060502, 0x010401ff, 0xfdfeff00, 0x00000000, 0x00000000, 0xfffefdfd, 0xfffdfafb, \
  0xfdf9f8fb, 0x03fdfb08, 0x0200fcfc, 0xfdfdfdfd, 0xfcfbfb00, 0x00000000, 0x00000000, 0xf0f1f2f3, \
  0xf5f5f2f3, 0xf207090d, 0x080b0e07, 0x0b0afbfc, 0xfbfafafa, 0xf6f9f9f3, 0xf3edecf5, 0xf7f4f3f6, \
  0x00000000, 0x00000000, 0x40000000, 0x00000000, 0x00000000, 0x00000000, 0x00000000, 0x00000000, \
  0x00000000, 0x00000000, 0x00000000, 0x00000000, 0x00000000, 0x00000000, 0x00000000, 0x00000000, \
  0x00000000, 0x00000000, 0x00000000, 0x00e90000, 0x00000000, 0x00000000, 0x00000000, 0x00000000, \
  0x00000000, 0x00000000, 0x00000000, 0x00000000, 0x00000000, 0x00000000, 0x00000000, 0x00000000, \
  0x00000000, 0x00000000, 0x00000000, 0x00000000, 0x00000000, 0x00000000, 0x40000000, 0x00000000, \
  0x00000000, 0x00000000, 0x00000000, 0x00000000, 0x00000000, 0x00000000, 0x00000000, 0x00000000, \
  0x00000000, 0x00000000, 0x00000000, 0x00000000, 0x00000000, 0x00000000, 0xfc0104fa, 0xe9f836f6, \
  0x030f0cfb, 0x0c17f813, 0xfa0efd0c, 0xfd0502fd, 0x0b15fbf7, 0x150e0105, 0x0207f5f9, 0xfef33000, \
  0xf70efbf0, 0x01fb0a23, 0xf8fde2f9, 0x020afdfb, 0xfd0d000d, 0xf7190e03, 0x0bf6fe39, 0xe914fbf2, \
  0xfe0efd0c, 0xf80200f9, 0x10faf9fa, 0x0609f005, 0xedfefc02, 0xf8070ef9, 0x01ff0002, 0xfafe11ed, \
  0xfafff510, 0x01fc0001, 0x1a15f017, 0xfb03fc01, 0x23f0f510, 0x1f020000, 0x00000000, 0x00010200, \
  0x509902a0, 0x00000022, 0xf51605f3, 0x00030b13, 0x09fcf80f, 0x0dfaf8ea, 0x05f5ff0a, 0x09ebf5fe, \
  0xf1eb07f0, 0xf0fefc13, 0x09fd10ea, 0x12fdedfe, 0x01011ef1, 0x11f0fa25, 0xfe03eafc, 0x0c0a0d08, \
  0xfcf51105, 0xf4faf8f4, 0x04dafe00, 0x1005fce9, 0x0c020df2, 0x01130ff1, 0xe2fef7fc, 0xf8df0de0, \
  0x0f2d00fe, 0x032efd0a, 0xfbfdf105, 0xfef503e5, 0xfcf7f900, 0xf719f8fb, 0xfcfd0601, 0xfb05f408, \
  0xf213fa01, 0xfb0c0000, 0x00000000, 0x00032400, 0x509902e0, 0x00000058, 0x00000000, 0x00000000, \
  0x3d000000, 0x00000000, 0x00000000, 0x00000000, 0x00000000, 0x00000000, 0x00000000, 0x00000000, \
  0x00000000, 0x00000000, 0x00000000, 0x00000000, 0x00000000, 0x00000000, 0x00000000, 0x00000000, \
  0x00000000, 0x00f90000, 0x00000000, 0x00000000, 0x00000000, 0x00000000, 0x00000000, 0x00000000, \
  0x00000000, 0x00000000, 0x00000000, 0x00000000, 0x00000000, 0x00000000, 0x00000000, 0x00000000, \
  0x00000000, 0x00000000, 0x00000000, 0x00000000, 0x3f000000, 0x00000000, 0x00000000, 0x00000000, \
  0x00000000, 0x00000000, 0x00000000, 0x00000000, 0x00000000, 0x00000000, 0x00000000, 0x00000000, \
  0x00000000, 0x00000000, 0x00000000, 0x00000000, 0xfc05f204, 0x0500100b, 0x070e13ec, 0xf7f3f901, \
  0x080d0ef1, 0x0600f3fc, 0x05f9fa0a, 0xfd15f70f, 0xfaeef309, 0xe7011d13, 0xf4fc0508, 0xfc130107, \
  0x19170500, 0xf8f4f720, 0x0809f417, 0xff120af7, 0x28260a12, 0xfd0805fa, 0x33090af8, 0xf6fef106, \
  0x0b00fa01, 0xfce4ff13, 0xf60f07f3, 0xef060220, 0x041003fd, 0x12fa0608, 0xf10ffd17, 0x010afc06, \
  0x1801f30a, 0x08160103, 0x0e01110f, 0xea030000, 0x00000000, 0x00fc0600, 0x50990380, 0x00000022, \
  0x0e26fdf6, 0x0e0d0a18, 0x122d03fc, 0xf021f2f7, 0x0c02f8e1, 0xdbf42be7, 0x06271af8, 0xcd04fa09, \
  0x07e111c9, 0x0215f123, 0x0dfc1cb2, 0x1af01741, 0x01e8d31c, 0xf5f00504, 0xda081ceb, 0x0241f9f5, \
  0x19e01400, 0xf61bfc05, 0xe5e71adb, 0xe311fbf9, 0xfec11d22, 0x06c426d6, 0xf2060f0f, 0x1017fff4, \
  0x0a14f8f8, 0xfcf70310, 0x09090aec, 0x0c100504, 0xf817052d, 0x1f2aebf3, 0xdcf605fb, 0xf8f60000, \
  0x00000000, 0x00070000, 0x509903c0, 0x00000058, 0x00000000, 0x00000000, 0x7d000000, 0x00000000, \
  0x00000000, 0x00000000, 0x00000000, 0x00000000, 0x00000000, 0x00000000, 0x00000000, 0x00000000, \
  0x00000000, 0x00000000, 0x00000000, 0x00000000, 0x00000000, 0x00000000, 0x00000000, 0x000f0000, \
  0x00000000, 0x00000000, 0x00000000, 0x00000000, 0x00000000, 0x00000000, 0x00000000, 0x00000000, \
  0x00000000, 0x00000000, 0x00000000, 0x00000000, 0x00000000, 0x00000000, 0x00000000, 0x00000000, \
  0x00000000, 0x00000000, 0x3e000000, 0x00000000, 0x00000000, 0x00000000, 0x00000000, 0x00000000, \
  0x00000000, 0x00000000, 0x00000000, 0x00000000, 0x00000000, 0x00000000, 0x00000000, 0x00000000, \
  0x00000000, 0x00000000, 0xf316fb0c, 0x09041109, 0x250b00fe, 0x16200b0f, 0x230902ea, 0xfdf0ef18, \
  0xf8fafa04, 0xf10b0c02, 0x0ffa0802, 0x0c0afb14, 0x0803fcfe, 0x0cf3fb03, 0x27fe07fb, 0xf8050f03, \
  0x0ef503ff, 0x0204f611, 0x050b2d15, 0xf4f61ffe, 0x1900f906, 0x05002704, 0x25fef5ff, 0x060bf1fa, \
  0xfe00fdf1, 0x13f906f4, 0xf0020b16, 0xf206fd0f, 0xfaf9fcf7, 0xfed613f9, 0x02f9eff8, 0xfef9f809, \
  0xff05f501, 0x03fb0000, 0x00000000, 0x00f60800, 0x50990460, 0x00000022, 0xfc0ef806, 0x130c09f9, \
  0x02f716f2, 0xffed11fa, 0xf90c07fc, 0xf7f801fc, 0xf9f600e5, 0xf9f60918, 0x0805fefd, 0xf50f0f05, \
  0xdb1114f9, 0xf11002f8, 0x11f2f207, 0x1710130a, 0x09031b07, 0x15e90103, 0x09fb08fe, 0xfcf30800, \
  0x13f4dce5, 0xff1b1114, 0x08fcf6fd, 0x0aee19f0, 0x07faf00d, 0x010fe6f8, 0xf7fef1f7, 0x09ed0f0d, \
  0x0a071f1f, 0xf91df8f4, 0xec200209, 0xf8f0fff4, 0xf91e1af1, 0x07e90000, 0x00000000, 0x00fbf600, \
  0x509904a0, 0x00000017, 0x00000000, 0x00000000, 0x52000000, 0x00000000, 0x00000000, 0x00000000, \
  0x00000000, 0x00000000, 0x00000000, 0x00000000, 0x00000000, 0x00000000, 0x00000000, 0x00000000, \
  0x00000000, 0x00000000, 0x00000000, 0x00000000, 0xe42de4e4, 0x25edf412, 0x05000000, 0x00000000, \
  0x00fd0000, 0x50994000, 0x00000178, 0xfd020002, 0x02ff0501, 0x0208fb0d, 0xf6e9eb03, 0xeafce3ea, \
  0x0ae4e7f5, 0xe3d7f1f3, 0xfffb060c, 0x08fc1208, 0x0000ff00, 0xffff0000, 0x00021000, 0xdb09e006, \
  0xf5e2f90c, 0x050d060e, 0xf3fc0101, 0xfbfd0702, 0x0103fc05, 0xfa11f5ec, 0x06f70bf8, 0xee111018, \
  0xf1faf819, 0xefeef1db, 0xe2f9f9da, 0xfed50702, 0xfe0000ff, 0x02ff00ff, 0xefdfddf8, 0xe607e605, \
  0x260000ff, 0x00010200, 0x00000a01, 0xe21100e6, 0x1bfcf2f8, 0xe3fef3ec, 0x0b170216, 0xeefd20f0, \
  0x03101c18, 0xeaf306eb, 0xf7f805f2, 0xf2ef0302, 0x0304f906, 0xfbfb06fc, 0x04f5f705, 0x0704f9fc, \
  0x1c0af3f3, 0xe7d1e2d4, 0xda1cf607, 0x0413ee0d, 0x0deae9db, 0xd4f8f5da, 0x1b18ff01, 0xece102e9, \
  0xe1e5e4e1, 0x10faf7f2, 0x03fc1bff, 0x12deeafc, 0xedeae501, 0xf8ff05fb, 0xedebf5e9, 0xfdece9e3, \
  0xf201ff00, 0x01fafdf7, 0x00000003, 0x00000600, 0x021f0211, 0x15140007, 0x0dfd0206, 0xfe040105, \
  0xfe010202, 0xddeed9d5, 0xe2f0f5e4, 0xf1f8e5e1, 0xfaebffdc, 0xe71ffb09, 0x11f5f6f6, 0xf6fc0700, \
  0x0aecfd09, 0xf3fbeef3, 0xfaf7f2fa, 0xfeeaf304, 0xf3f4f5f7, 0xf8f8fdfe, 0xfdf9f7f2, 0xf4f6f5f0, \
  0xf3f40401, 0xfff3f406, 0x09f500f8, 0x09fc11e5, 0xf0fd1cf6, 0x000000ff, 0xfffffeff, 0x00ee09df, \
  0xe1dbede8, 0xedd6f5ee, 0xcbf60df5, 0x241200fd, 0x04e7020d, 0xfb00170f, 0x00000000, 0x00000000, \
  0x0001ff00, 0x00fb01f8, 0xfffe0000, 0xff00fffd, 0x04ff05d7, 0xefe1fdec, 0xda0ef9df, 0x02030302, \
  0xf8f8f900, 0xf906f601, 0x01fc05f9, 0xf8f60000, 0x00000000, 0x000000f6, 0xf90002fa, 0xe8ece800, \
  0xff1315de, 0xf30de7ea, 0xdc13271e, 0x01f40bc0, 0xcef0f0f7, 0xe705fbe4, 0xeef4d401, 0x05f7fdfa, \
  0x05fd0000, 0x03030101, 0x01ff0000, 0x00fafaf9, 0xf8fcf9f9, 0xfdfefd10, 0x0bf5fbf7, 0xf6eaded0, \
  0xee1cfd0c, 0xf20005fb, 0x02eefbf1, 0xf0fc0822, 0x1201f8f5, 0xf9fb0406, 0xfb02fafa, 0xf9f8f5f9, \
  0xf6f3fc00, 0x00000000, 0x00000000, 0xf4fafef0, 0x01050504, 0x0a0e0810, 0x0e100805, 0x0510fdfc, \
  0xf8f3f4fa, 0xf4f4f801, 0xfeff0202, 0x02ff0103, 0x0b02fa06, 0xfaf701f2, 0xf20c0e0c, 0x0e100e06, \
  0x0c0ffef7, 0xf107f3f7, 0x09f6f314, 0x14191114, 0x1a14171d, 0xefedebef, 0xeeebeded, 0xecfe0102, \
  0xf9fcf8fe, 0xfffc0507, 0x0c0b0c0a, 0x060807f1, 0xe6f4f1ec, 0xe5e7f1e9, 0xfbf1f3f3, 0xfa0000f2, \
  0xfcfe0508, 0x0a040e04, 0x020303f9, 0x02f9fd05, 0xf7fff601, 0xfdfdff00, 0xff000000, 0x00000000, \
  0x00000000, 0x0002fd03, 0x0700feff, 0x050405fd, 0xef04f9f0, 0x0cf2f117, 0x15111513, 0x04120af7, \
  0xf7f7fef7, 0xfc00ff00, 0x000f1115, 0x0c0b0e0b, 0x070bfefb, 0xfbf9f8f8, 0xf5f4f60f, 0x0b060c06, \
  0x020904fc, 0xf7f9fbf4, 0xf7faf4f7, 0xf9fef9fc, 0xfbf9f8fb, 0xf7f40402, 0xff040403, 0x0505040d, \
  0x0c0d0e0e, 0x0a0c100e, 0x00fdfa03, 0x02090508, 0x0b0d0710, 0x0f0a140b, 0x0d070606, 0x080a090a, \
  0x0a070aff, 0xfe000100, 0x00000001, 0x0a0a0a03, 0x0c0c0505, 0x0704080c, 0x07080708, 0x080501f9, \
  0xfbfef8f6, 0xfafaf500, 0x00000000, 0x00000000, 0xfc00fdfd, 0x0202f1f3, 0x030b0b09, 0x0f0e0d08, \
  0x0a0b0000, 0x00000000, 0x0000000a, 0x0c0e0e12, 0x0f090d0e, 0x0d06090c, 0x06080905, 0x0806fb02, \
  0xfd0003fb, 0xfcff0301, 0xfd120411, 0x10040ff4, 0xf9f4f9f1, 0xfcf7f7f7, 0xfcf4f5f9, 0xfcfdf8fb, \
  0xfffbfcfc, 0xf8fcfbf9, 0xfbfbf803, 0x09ff00fe, 0xfc00fce3, 0xe5f1e4e8, 0xe1e7e2ec, 0x04050001, \
  0x020d090a, 0x05000000, 0x00000000, 0x0000090b, 0x12010403, 0x0104fffb, 0xf7fcf5f4, 0xfff7f5f7, \
  0x11101011, 0x0d050b03, 0x05fdf9f9, 0xfbf9f3fb, 0xf3f5ff02, 0x04020508, 0x03080c07, 0x0a0b050a, \
  0x0c05090c, 0x00fcf9fe, 0xfbf8f8f8, 0xf9100e06, 0x06070903, 0x0704eff5, 0xf5f1f1ef, 0xf2f2f100, \
  0x00000000, 0x00000000, 0xf0f5f6f9, 0xf7f702fd, 0xfa070707, 0x0a0a0908, 0x0b0a0708, 0x0b0b0f09, \
  0x080a0dfd, 0xfdfffbfe, 0xfefdff01, 0x00000000, 0x00000000, 0x3d000000, 0x00000000, 0x00000000, \
  0x00000000, 0x00000000, 0x00000000, 0x00000000, 0x00000000, 0x00000000, 0x00000000, 0x00000000, \
  0x00000000, 0x00000000, 0x00000000, 0x00000000, 0x00000000, 0x00000000, 0x00ef0000, 0x00000000, \
  0x00000000, 0x00000000, 0x00000000, 0x00000000, 0x00000000, 0x00000000, 0x00000000, 0x00000000, \
  0x00000000, 0x00000000, 0x00000000, 0x00000000, 0x00000000, 0x00000000, 0x00000000, 0x00000000, \
  0x00000000, 0x3f000000, 0x00000000, 0x00000000, 0x00000000, 0x00000000, 0x00000000, 0x00000000, \
  0x00000000, 0x00000000, 0x00000000, 0x00000000, 0x00000000, 0x00000000, 0x00000000, 0x00000000, \
  0x00000000, 0xf4ee190b, 0x0e203306, 0x200ffbf3, 0xf502fff9, 0x2dfa0218, 0xfff50002, 0x0c03f5fc, \
  0x0f0312fa, 0xf31c0a07, 0x09fcef24, 0x02ec1afe, 0x0914fd08, 0xfd0e09f8, 0x0b1901f7, 0x030ff81d, \
  0x15061ffd, 0x0304053b, 0x18fa0400, 0x0a09f002, 0x0dfc3d0b, 0x0510ee13, 0x01150419, 0xfe22090b, \
  0x15fafc0e, 0x0a05fc04, 0x0ff92108, 0xfe0a1e0e, 0xef050bf2, 0xf903f61b, 0x091717f4, 0x00fa00ef, \
  0x220d0000, 0x00000000, 0x002af800, 0x509942a0, 0x00000022, 0x06020504, 0xf90402ff, 0xf9f2eef3, \
  0xfaf1f802, 0x00000c06, 0xf609fe07, 0xfa01e5f7, 0xf1fb0705, 0xed0a0701, 0xfbf3eefb, 0x0811060b, \
  0x08fbf0f9, 0x0df119f5, 0xf407f3fa, 0x0fff0905, 0xf8f40506, 0xfa0202fe, 0x01fe14fe, 0xfb050bfb, \
  0x0706fffa, 0xf41100f1, 0x03150f08, 0x05f7f009, 0xf40600ff, 0xfa060d01, 0x0c09f3fa, 0x04020308, \
  0x06fffdf7, 0x10fd11fa, 0xfbefe6fc, 0x0701e802, 0x0efd0000, 0x00000000, 0x00fefa00, 0x509942e0, \
  0x00000058, 0x00000000, 0x00000000, 0x3d000000, 0x00000000, 0x00000000, 0x00000000, 0x00000000, \
  0x00000000, 0x00000000, 0x00000000, 0x00000000, 0x00000000, 0x00000000, 0x00000000, 0x00000000, \
  0x00000000, 0x00000000, 0x00000000, 0x00000000, 0x00f60000, 0x00000000, 0x00000000, 0x00000000, \
  0x00000000, 0x00000000, 0x00000000, 0x00000000, 0x00000000, 0x00000000, 0x00000000, 0x00000000, \
  0x00000000, 0x00000000, 0x00000000, 0x00000000, 0x00000000, 0x00000000, 0x00000000, 0x3f000000, \
  0x00000000, 0x00000000, 0x00000000, 0x00000000, 0x00000000, 0x00000000, 0x00000000, 0x00000000, \
  0x00000000, 0x00000000, 0x00000000, 0x00000000, 0x00000000, 0x00000000, 0x00000000, 0x14030108, \
  0xf60a1209, 0x0df8ef0f, 0x120bf807, 0x001dfa08, 0x08ff0621, 0x03200515, 0x0e3b12e4, 0x0ff60305, \
  0x181af604, 0x05e80a0d, 0x0ef0ff12, 0x0ef01307, 0x1d10fc17, 0x1606fb18, 0xfd031d06, 0x27020ef1, \
  0xf30f1403, 0xf80d131a, 0xf601030e, 0x060b1305, 0x0c030a0b, 0x0506080a, 0x3a093501, 0xf8f00606, \
  0x0e080503, 0xf7f609f8, 0x0cff0706, 0x3a130e07, 0x0d040607, 0x11f8f411, 0x0b1b0000, 0x00000000, \
  0x0011ff00, 0x50994380, 0x00000022, 0x07e1262b, 0x26e523fe, 0x0c1ae705, 0xcdf8fb07, 0x22f2ed0b, \
  0xf10410cf, 0x0b2b0516, 0xd61fec00, 0x29ee171a, 0x1b0de2eb, 0xde102431, 0x1a0404ea, 0x01d1ea1c, \
  0xe5d00810, 0xd352fdfc, 0x1a04db00, 0x11f3150e, 0xe023ec1b, 0xefe8f8d4, 0x00cb13f8, 0x07d51ae4, \
  0xe75511ec, 0x2c1517ec, 0x06f9e3d9, 0xf12bddf7, 0x15082837, 0x100c010c, 0xe84104fa, 0xfb22fe00, \
  0xfab8b2b3, 0xfe4f0527, 0xeaf30000, 0x00000000, 0x00da0900, 0x509943c0, 0x00000058, 0x00000000, \
  0x00000000, 0x79000000, 0x00000000, 0x00000000, 0x00000000, 0x00000000, 0x00000000, 0x00000000, \
  0x00000000, 0x00000000, 0x00000000, 0x00000000, 0x00000000, 0x00000000, 0x00000000, 0x00000000, \
  0x00000000, 0x00000000, 0x00fc0000, 0x00000000, 0x00000000, 0x00000000, 0x00000000, 0x00000000, \
  0x00000000, 0x00000000, 0x00000000, 0x00000000, 0x00000000, 0x00000000, 0x00000000, 0x00000000, \
  0x00000000, 0x00000000, 0x00000000, 0x00000000, 0x00000000, 0x3e000000, 0x00000000, 0x00000000, \
  0x00000000, 0x00000000, 0x00000000, 0x00000000, 0x00000000, 0x00000000, 0x00000000, 0x00000000, \
  0x00000000, 0x00000000, 0x00000000, 0x00000000, 0x00000000, 0x1913100a, 0x090b1c25, 0x0e130c02, \
  0x290eff08, 0x1009f2f9, 0x0500140d, 0x07f6f406, 0x28050e0d, 0x13fc0206, 0x080f0002, 0xfb0afa19, \
  0xfff2ef03, 0xe3fe04f9, 0x01f531e6, 0x090c1021, 0x0ced08ed, 0xf6fd1902, 0x08fd1af2, 0x351019ef, \
  0xff0714f9, 0x33ef0d14, 0xfefaff05, 0x00e91bf4, 0x050511f5, 0x0c110708, 0x060713ff, 0x02ffeb1d, \
  0x0b1a09f7, 0x1801100a, 0xfd14ef07, 0x060b1af4, 0x03460000, 0x00000000, 0x00080500, 0x50994460, \
  0x00000022, 0xf318ff03, 0x1110e9ee, 0xfd07e50e, 0x0a06f21f, 0x040a0503, 0x02dbfb07, 0xfbebfee4, \
  0xf41ff719, 0x0ae71406, 0x09e6fae3, 0x032805f0, 0x01f401f7, 0xe82c0104, 0xfa21e301, 0xfa000507, \
  0x1802f40e, 0xfe0212f5, 0x1bf5ecef, 0xfd18e609, 0x10f3fc16, 0xf40b0b02, 0x05ec15fe, 0xffeef4fd, \
  0xfee00f0b, 0xfbf3000d, 0x06f51c03, 0xe611ea03, 0xf6f10a02, 0xf3f5e3fe, 0xff060113, 0xf5fb0bfb, \
  0xf9ea0000, 0x00000000, 0x000ef800, 0x509944a0, 0x00000017, 0x00000000, 0x00000000, 0x52000000, \
  0x00000000, 0x00000000, 0x00000000, 0x00000000, 0x00000000, 0x00000000, 0x00000000, 0x00000000, \
  0x00000000, 0x00000000, 0x00000000, 0x00000000, 0x00000000, 0x00000000, 0x00000000, 0xdce71cff, \
  0x260ae518, 0xfd000000, 0x00000000, 0x00e00000, 0x50998000, 0x00000178, 0xf3fffd01, 0xf704fdfe, \
  0xf90be909, 0xfa0a060c, 0x070209f8, 0xf1ff11f8, 0xef09f6fc, 0xecfcf216, 0xef07fcf2, 0xffff00ff, \
  0xffffff00, 0xffedf602, 0xfafa02f1, 0x0eed0cf4, 0xd9f2eaf8, 0xf3effdfd, 0xfcfdf702, 0x03f8fd05, \
  0xfd0ff2e6, 0xe80909ed, 0x00f4f5ee, 0xe90f01f5, 0x1108f0ee, 0x0dfde606, 0xf9f6f9fc, 0x05fd0304, \
  0xf3f60002, 0x0f10ef0c, 0x050a100f, 0xf6040bfb, 0xf9f8fefd, 0x0202f703, 0xf20afffe, 0x0f0dfcf0, \
  0xfff910f9, 0xf50b04fa, 0xf8f70cfa, 0x0bedee04, 0xfaf9e20c, 0x0be8f5e7, 0xf100fd03, 0xf5050304, \
  0x0700f008, 0xf100f60b, 0x05ef05ff, 0x13021015, 0x1c1701f4, 0xfefdf909, 0x170a0ff4, 0x07f70b09, \
  0x18fc08f6, 0xe306fff8, 0xe010f702, 0xfbf9080f, 0x10f00115, 0xf0f60e15, 0x05f1f50a, 0xf9f0eaff, \
  0x0915f5f0, 0x0df60cf6, 0xfd031703, 0x08fa0409, 0xfffd120b, 0x0b09f8f9, 0xf300fcff, 0xfdff09fc, \
  0x05010ef1, 0xfff3fbf2, 0x07f5f8fd, 0xfc05f7fe, 0x11fbf715, 0xf20bf9fd, 0x0513f0e5, 0x020eecfb, \
  0x16f702e5, 0xeeeff411, 0xfff4110d, 0xf4ecfa07, 0xf4100505, 0x06f7f4f7, 0xfa0bfef2, 0xf8ee01f5, \
  0xf3edfafa, 0xf8fae9f8, 0x04f3eff8, 0xf4f7feff, 0xfdfcfbfd, 0xf7fbf012, 0xf600fff8, 0xf310fcee, \
  0x000000ff, 0x00fffdfe, 0xfed4ece2, 0xfb04f1f5, 0x04e20f15, 0x0febf8e9, 0xf00afdf6, 0xeee50303, \
  0xfd030911, 0xfdfdfdfe, 0xfdfeffff, 0xff080a07, 0xfc020304, 0xfd000000, 0x00000000, 0xfd06fff6, \
  0x0b11f6ef, 0x05f2f4d6, 0xf807fd05, 0xf6f60a03, 0x0c08fdfb, 0x01f4fb0a, 0x0af10000, 0xff000000, \
  0xffff00f8, 0x04f9fafe, 0xee06f70a, 0xf1f1f3d7, 0xf308e8ea, 0x0efa0e01, 0xe9eb0801, 0xf7f9eff9, \
  0xca0ff0f2, 0x09d7d8fa, 0xf800fb02, 0x0b06f8f9, 0x03ff0000, 0xfc00fbfe, 0xfff8f6f5, 0xf6f4f2f5, \
  0xf9f91bed, 0xf70f03f5, 0x1706fcf2, 0xeaeb0eea, 0xe5ecf60d, 0x0a120606, 0xf00ee5fb, 0xff08fb0b, \
  0xfeee04f2, 0x0ef2f9fa, 0xf9f9f9fd, 0xf9ea0300, 0x0df80af9, 0xf602f6f7, 0x07f6fafc, 0x05070003, \
  0xf9fbf70e, 0xfffa0af9, 0x0c07fdff, 0x0202fffe, 0xff030200, 0xfffe0000, 0x00000001, 0x0c0c0d08, \
  0x07050904, 0x0404080b, 0x05fc0b01, 0xf707fafe, 0x05090afa, 0xf905ff00, 0x00000000, 0x00000000, \
  0x01010302, 0x01020000, 0xff0000ff, 0xfe010001, 0x04f90202, 0x03000000, 0xffffff00, 0xffff01fd, \
  0xff00ff05, 0x06f80b0d, 0xfef5050b, 0xf5000a0a, 0x00fd0508, 0x0b0301f6, 0xfef6f7f7, 0x0804f5f3, \
  0x060b0704, 0x00f5fa07, 0x00000000, 0x00000000, 0x00020304, 0xfc060405, 0x01fd0c09, 0xf707ff04, \
  0xfcfe0c03, 0xff00fdfd, 0xfffd0303, 0xfffc0400, 0xff060308, 0x0104f601, 0xf5f3f4f8, 0xf5f60303, \
  0xfd04fdff, 0xfa040108, 0x05fff9fe, 0x0a0af506, 0x00000001, 0x02010402, 0xff000000, 0x00020201, \
  0xfffef6f5, 0x0905fffa, 0x020009fe, 0x040102f9, 0x01fcfd05, 0x000102ff, 0x0000ff00, 0x00fe0bf8, \
  0xfd04f601, 0xf8040001, 0x00000100, 0x000000ff, 0xfe010402, 0xfafb02fb, 0xff000000, 0x00000000, \
  0x00010103, 0xff00ffff, 0x00010000, 0x00000000, 0x000000ff, 0xfcfd01f6, 0x050604f2, 0x0506030f, \
  0x0e0a0d00, 0xfe000000, 0x00000000, 0x00000000, 0x00000000, 0x000000fc, 0xfef8f5fe, 0x060905fa, \
  0x05fffdfd, 0x02fffdfe, 0x03ff0002, 0x01ff0201, 0x010000ff, 0x01fbf2f3, 0xfc020a0b, 0x080afefa, \
  0xfd05fef5, 0x0000ff00, 0x00000000, 0x01ff00fe, 0x02030303, 0xfdfdfefc, 0xfc01fc02, 0x02030205, \
  0x060504ff, 0x0601fe04, 0x00000100, 0x00000202, 0x00000000, 0x00000000, 0x00000904, 0x08f70c01, \
  0xf9030508, 0xfa07f9fa, 0xf8f6fa01, 0xfdf805f7, 0xf80807f8, 0xfd02fc02, 0x01ff0104, 0x00020000, \
  0x00000000, 0x00000000, 0x00000000, 0x00000200, 0xfefdfdfd, 0xfe000001, 0xfdff01ff, 0x00000000, \
  0x0000fe03, 0x06040706, 0x02030500, 0x00000000, 0x00000000, 0x00ffff00, 0x000000ff, 0x00000000, \
  0x00000002, 0x03ff0102, 0xfd0000fe, 0x00ff01f9, 0x07f803fe, 0xfc05fb02, 0x00000000, 0x00000000, \
  0x40000000, 0x00000000, 0x00000000, 0x00000000, 0x00000000, 0x00000000, 0x00000000, 0x00000000, \
  0x00000000, 0x00000000, 0x00000000, 0x00000000, 0x00000000, 0x00000000, 0x00000000, 0x00000000, \
  0x00000000, 0x00030000, 0x00000000, 0x00000000, 0x00000000, 0x00000000, 0x00000000, 0x00000000, \
  0x00000000, 0x00000000, 0x00000000, 0x00000000, 0x00000000, 0x00000000, 0x00000000, 0x00000000, \
  0x00000000, 0x00000000, 0x00000000, 0x00000000, 0x42000000, 0x00000000, 0x00000000, 0x00000000, \
  0x00000000, 0x00000000, 0x00000000, 0x00000000, 0x00000000, 0x00000000, 0x00000000, 0x00000000, \
  0x00000000, 0x00000000, 0x00000000, 0x00000000, 0xf437ff0a, 0xfcf0f106, 0xfdfd38f7, 0xfb160a06, \
  0xee390a00, 0xf4f50405, 0x0a073cee, 0xf9e90cf7, 0x28eceef8, 0x09122cf0, 0xe6e9fdf4, 0x2004faf7, \
  0xf305f515, 0xf5f0ed0b, 0x00fd03f1, 0xfc04f213, 0x02181608, 0xe5200b1a, 0x061611dd, 0x05fbfbea, \
  0x1deef101, 0xeffefc19, 0x09fd0f11, 0x0408f8fa, 0xfd04f105, 0x0bf50120, 0xf7fff8f0, 0x09fe010a, \
  0xe4e4efeb, 0xeeeee623, 0x20ff0724, 0x00fc0000, 0x00000000, 0x00f7f800, 0x509982a0, 0x00000022, \
  0x0bfa000a, 0xf903fefc, 0xfc030bfb, 0x06fff50c, 0xf8fa04e9, 0xfbfc0303, 0x160b02ee, 0xf7f51b0a, \
  0x05fcf607, 0x09f4f307, 0x0f0c00ec, 0xfcfc0107, 0x05f902f5, 0xf813fee3, 0xfa0b08fb, 0xfb0cf9fb, \
  0xf9f0f10f, 0xf403f7fd, 0xf4f60f08, 0x03ef06f4, 0x030601fe, 0xf5010203, 0x0f00f201, 0xf8f702fe, \
  0xfa010701, 0x0e1002fb, 0x11f907e9, 0x02f50a0b, 0x030b090f, 0x04fc0af0, 0xfef4f4f6, 0x04f80000, \
  0x00000000, 0x00f3fe00, 0x509982e0, 0x00000058, 0x00000000, 0x00000000, 0x3b000000, 0x00000000, \
  0x00000000, 0x00000000, 0x00000000, 0x00000000, 0x00000000, 0x00000000, 0x00000000, 0x00000000, \
  0x00000000, 0x00000000, 0x00000000, 0x00000000, 0x00000000, 0x00000000, 0x00000000, 0x00ee0000, \
  0x00000000, 0x00000000, 0x00000000, 0x00000000, 0x00000000, 0x00000000, 0x00000000, 0x00000000, \
  0x00000000, 0x00000000, 0x00000000, 0x00000000, 0x00000000, 0x00000000, 0x00000000, 0x00000000, \
  0x00000000, 0x00000000, 0x43000000, 0x00000000, 0x00000000, 0x00000000, 0x00000000, 0x00000000, \
  0x00000000, 0x00000000, 0x00000000, 0x00000000, 0x00000000, 0x00000000, 0x00000000, 0x00000000, \
  0x00000000, 0x00000000, 0x01fbf507, 0x00f605f9, 0xfa0bf719, 0x0efbfdf9, 0x3b11f0f1, 0x07f807f3, \
  0x0be322fc, 0xfe18e52f, 0x04e00efd, 0x0c09f2f9, 0x0528f303, 0xf2fb0d00, 0x2a110e08, 0xf004fd03, \
  0xfd08e6fb, 0xeeebfef5, 0x04081ae2, 0x2205f303, 0x1114fb0b, 0x070803ff, 0x08f0f503, 0x0ffc06ef, \
  0x14f101f1, 0xf9f6f5ef, 0xf9052209, 0xf509140a, 0xf0fa0af0, 0x10f7042c, 0xf516fb12, 0xe4f5f403, \
  0xee051505, 0xfb0f0000, 0x00000000, 0x000efe00, 0x50998380, 0x00000022, 0xf8261d06, 0x1314473b, \
  0xf80de1f1, 0xef10ec03, 0x15dbe80a, 0xf9f00e01, 0xf00e14d2, 0xac0ff613, 0x362a2be9, 0x24e9cdf3, \
  0xdd141d18, 0x06d9f2f8, 0xe1dc1432, 0xc7fd10f8, 0xdefc20e5, 0x0b01e801, 0x23e84ff0, 0xe6eae137, \
  0xd8f60dc2, 0x02230702, 0x2dc31ce0, 0xde0736cd, 0x45051533, 0x2d0207d7, 0x0d3dfbfd, 0x2f06e226, \
  0x0506e738, 0xf832f0f4, 0x100fe915, 0x23dfd8ec, 0x1717db22, 0xf9ed0000, 0x00000000, 0x00f5f900, \
  0x509983c0, 0x00000058, 0x00000000, 0x00000000, 0x77000000, 0x00000000, 0x00000000, 0x00000000, \
  0x00000000, 0x00000000, 0x00000000, 0x00000000, 0x00000000, 0x00000000, 0x00000000, 0x00000000, \
  0x00000000, 0x00000000, 0x00000000, 0x00000000, 0x00000000, 0x00f00000, 0x00000000, 0x00000000, \
  0x00000000, 0x00000000, 0x00000000, 0x00000000, 0x00000000, 0x00000000, 0x00000000, 0x00000000, \
  0x00000000, 0x00000000, 0x00000000, 0x00000000, 0x00000000, 0x00000000, 0x00000000, 0x00000000, \
  0x43000000, 0x00000000, 0x00000000, 0x00000000, 0x00000000, 0x00000000, 0x00000000, 0x00000000, \
  0x00000000, 0x00000000, 0x00000000, 0x00000000, 0x00000000, 0x00000000, 0x00000000, 0x00000000, \
  0x010bf7f3, 0x0903ee04, 0xe3eef4ee, 0xfa150f05, 0xed0fec0f, 0xf805fd02, 0x3bf5eef6, 0xfa150c01, \
  0x04f31c00, 0x0ffc0406, 0xddfdf805, 0xf0fe07f4, 0x06f802dc, 0x010f08d8, 0x02fff200, 0xfadb22ef, \
  0xe6fff502, 0x0504e4d7, 0x02f51aed, 0xef0207f1, 0x07fdf8f7, 0xfe03e806, 0x2bfdf6f1, 0xff0209f4, \
  0xed08fefe, 0xff3505f2, 0x0af303ff, 0xff0c0700, 0x1b051206, 0xf5f9e60e, 0x01f31c0e, 0xf7db0000, \
  0x00000000, 0x000df300, 0x50998460, 0x00000022, 0x07030ff6, 0x0adf07f9, 0x0105f3e6, 0x03fa05f8, \
  0xfa04ff04, 0x0ffd0009, 0xf90001fe, 0xf4f01211, 0x180f08ee, 0x0b04fbf8, 0xee071508, 0x031602eb, \
  0xfae7fbff, 0x1202fbf0, 0xf6ef08f7, 0x00efee0f, 0x0af505ed, 0xebeb060a, 0xfcf2f2ff, 0xf60e0807, \
  0xfaf1ffee, 0xfc0a06f8, 0xf900130c, 0xf706f7f3, 0xec020419, 0x07f30001, 0x13fc06fb, 0xf42f0af6, \
  0xe8f80700, 0xede1f312, 0xfb2209f6, 0xfbf60000, 0x00000000, 0x00e70600, 0x509984a0, 0x00000017, \
  0x00000000, 0x00000000, 0x54000000, 0x00000000, 0x00000000, 0x00000000, 0x00000000, 0x00000000, \
  0x00000000, 0x00000000, 0x00000000, 0x00000000, 0x00000000, 0x00000000, 0x00000000, 0x00000000, \
  0x00000000, 0x00000000, 0xc81ee314, 0xfa1ae604, 0xe4000000, 0x00000000, 0x00370000, 0x5099c000, \
  0x00000178, 0x00000000, 0x00000000, 0x00f903f6, 0x04030cfd, 0x0afafdea, 0x08fbeb03, 0x00fef4fb, \
  0xefe50efd, 0x03f3f51b, 0x0000ff00, 0x00000000, 0x00e3f9ef, 0xddeaf806, 0xf10a0105, 0xf5f9050f, \
  0x08030cfd, 0x07fff7f9, 0x02f802f7, 0xf30501f3, 0xedf9fdff, 0x0a0b0711, 0xf3f6f305, 0xf7010109, \
  0xf30efe0c, 0xf7fbfc03, 0x0606fcfb, 0xff0202f8, 0xeee6f6e0, 0xeee6f203, 0x1c000000, 0x00000000, \
  0x00002907, 0xf4261109, 0x1907f814, 0xf4030b05, 0x07000c0d, 0x07f6ff1e, 0xf2e00210, 0x1302f7f8, \
  0xf9fa08f0, 0xf2fafdfd, 0xff0105ff, 0xfb0002fd, 0xfd0400ff, 0xfb01fff8, 0x0b160c15, 0xdef00dd2, \
  0x02140de7, 0x13fafd08, 0x1c0afced, 0xfcfbf1f4, 0xfcf90210, 0x0cf9fbff, 0xfeff03fa, 0x1ffd090a, \
  0x1109f713, 0x25ede502, 0xe10aed22, 0x13203011, 0xebfbfffb, 0xfef7f9f8, 0xeefcf8f8, 0xf0050604, \
  0xff020001, 0x03fe0102, 0xfb221b1f, 0x0afef207, 0x0d06fa04, 0xfdfff804, 0xfaf902d5, 0xe901f4f0, \
  0xe1def4e9, 0xfe05fdf5, 0x000a0dfa, 0xfd1a160b, 0x03fbf7da, 0xf901f908, 0xf8fa0702, 0xfef8fb0a, \
  0xf6000406, 0xfaf4fffd, 0xf9f9f7f9, 0xfcfcfefe, 0xfef8f8f7, 0xf1f5f8ee, 0xf0f40202, 0xffff04fc, \
  0x03fe0308, 0xf0eb08ed, 0xdd090209, 0x00000000, 0x00000000, 0x00f4fefa, 0xea0812fd, 0x07f2e8ed, \
  0x0313ebff, 0x0bf0171e, 0x02f30b10, 0xeef61119, 0x00000000, 0x00000000, 0x00020200, 0xfdfd01fd, \
  0xfefc01ff, 0x000102ff, 0xfe0302e6, 0xee07fa08, 0x070b0ffb, 0x00000000, 0x00000000, 0x000100ff, \
  0xff010001, 0x01ff0505, 0x0002fefc, 0x0106fb0f, 0x0509f706, 0xf2eef00c, 0xece6f5d0, 0xd8e80ef3, \
  0xf60af7f3, 0xf2f8f2de, 0xd4cf10ed, 0x060e000a, 0xf7e80c00, 0x00000000, 0x00000000, 0xff000000, \
  0x00ff0000, 0x00fdfefe, 0x0000ff00, 0x0000f113, 0x0cf6090e, 0xd1cbd40c, 0xf71602f9, 0xf106f404, \
  0xf6f1fef3, 0xf8f4e9fe, 0xe4000000, 0x00000000, 0x0000fbfc, 0xfdfbfefd, 0xfbfbfa00, 0x00000000, \
  0x00000000, 0xfdf5fc00, 0x0005fef4, 0xfcf5fa0e, 0xf10ff115, 0x0b02f7d1, 0xeb2c0de0, 0x2c0adff6, \
  0x11fce0f7, 0x05f7fde2, 0x1703f5fa, 0x1207f10f, 0x05f5e2ee, 0x02ebecfb, 0xe5d7fffd, 0xe511e5e6, \
  0xf7dcf1e8, 0xfbf5f6f5, 0x07ea0e08, 0xfffadc1b, 0xeeea09f7, 0xf606f2f4, 0xf1f7f2fd, 0x09fc04f8, \
  0x0a190b06, 0xf8080411, 0x0a0af3f0, 0x021908f4, 0x060610f8, 0xf5ecfe0c, 0xfffd0e05, 0x090bfd09, \
  0xfdfaf8fc, 0xfdf30009, 0xebeee6f5, 0xf6f90405, 0xf6ff07f7, 0xf6edf1f7, 0xeafef800, 0xec0c0a0a, \
  0xeffb00fc, 0x040cf8ed, 0xec05ebe3, 0xe908001a, 0x0feefae2, 0xf1eae6f4, 0xf9ecf3e8, 0xfbf9f304, \
  0xef0b0d0b, 0x0001fd08, 0x141301e0, 0x0ef4fb02, 0xd3eaeef9, 0x0df40fe4, 0xeefeea04, 0x01fb100a, \
  0x030d0b11, 0xf30f0ee3, 0x0908d2e1, 0xdde01500, 0x1405f0fe, 0x0a0cf212, 0xf611f1ef, 0xf7fcf113, \
  0xf5f509f4, 0xf1f61507, 0x030903f5, 0x0f09f519, 0x1313130f, 0x0304ffeb, 0x07f6f7ef, 0xeff9f3eb, \
  0xf0fc03e9, 0x0c14f4ef, 0x14e8edde, 0xe9e6e60d, 0xfd130e0f, 0xf80cfd0a, 0x04f4fa04, 0xf7f1fbf8, \
  0xf9f8f4fe, 0x0bfcf4ed, 0xfaf1070d, 0x040207f7, 0x13f9e916, 0xf9ecfc09, 0xef0600fb, 0xf600f7ff, \
  0xfe040418, 0xff0df913, 0x0aecf50c, 0xd5f802dd, 0xf4f3e9fa, 0x18ee00fe, 0xfbf8f101, 0x02f50af4, \
  0xfe0c0a0d, 0x17040d0a, 0x0208f701, 0xdde6cbd8, 0x0504f5f1, 0x1100f207, 0xf6e1f0f9, 0xe10214d9, \
  0xf9edf801, 0xf2f9f9e8, 0x1d07f001, 0xf7f8fef4, 0xfe0c0801, 0xf21309fd, 0x06f202f2, 0xf0f308f3, \
  0xe8f70eea, 0xf20d0a02, 0xe9e60ee5, 0xdbebeafd, 0x090ae812, 0xfff9edfd, 0xeafa0ee8, 0xfb00d3da, \
  0xdaeb1708, 0xfa0f04f8, 0x1f0def00, 0x07e50f02, 0xf307fafd, 0x02000301, 0xfb0b04fb, 0xeefb0cec, \
  0xece1e9f1, 0xe5eff4e8, 0x0c0df50c, 0xea0418f3, 0x060e1410, 0xf1061000, 0xfffe00fd, 0x00ffff00, \
  0x1d05e7fb, 0x0601f0fc, 0xfb00ef08, 0x0d0400f3, 0xfe03fe16, 0x0bf7e911, 0x13f6f60b, 0xf90206ee, \
  0x0214ef07, 0x00000000, 0x00000000, 0x3f000000, 0x00000000, 0x00000000, 0x00000000, 0x00000000, \
  0x00000000, 0x00000000, 0x00000000, 0x00000000, 0x00000000, 0x00000000, 0x00000000, 0x00000000, \
  0x00000000, 0x00000000, 0x00000000, 0x00000000, 0x00f20000, 0x00000000, 0x00000000, 0x00000000, \
  0x00000000, 0x00000000, 0x00000000, 0x00000000, 0x00000000, 0x00000000, 0x00000000, 0x00000000, \
  0x00000000, 0x00000000, 0x00000000, 0x00000000, 0x00000000, 0x00000000, 0x00000000, 0x40000000, \
  0x00000000, 0x00000000, 0x00000000, 0x00000000, 0x00000000, 0x00000000, 0x00000000, 0x00000000, \
  0x00000000, 0x00000000, 0x00000000, 0x00000000, 0x00000000, 0x00000000, 0x00000000, 0x06f603f4, \
  0xe3e9fbef, 0x14faf601, 0x12ed040f, 0xf8040e1e, 0xe4dc04f6, 0x0514f8f3, 0x0af9f8e9, 0x0021dff8, \
  0xeaf5f4e7, 0x01f0fbf0, 0xe7030cf2, 0xf6f4fae5, 0x0302e0f6, 0xfc0602f0, 0xf7f50f03, 0xff08faf2, \
  0xe111fbfa, 0x08fafbfb, 0x0108deed, 0x0207f9f7, 0xef1bf4e3, 0xffe1fcff, 0x05fd05f8, 0xf916e5ea, \
  0x0203f500, 0xea02f4e6, 0xf5ffeefe, 0xfbf6eefb, 0xebebf4f8, 0x0df7ee0c, 0x0d0a0000, 0x00000000, \
  0x001b0b00, 0x5099c2a0, 0x00000022, 0x0b0bf710, 0xfc07eb0a, 0xe40905fe, 0x00050a11, 0x06f414f8, \
  0x01e7e80d, 0xe710e6f3, 0x0b020501, 0xdc05ee1e, 0xdeecfefc, 0x0b08faf6, 0x14f6ef12, 0xfd0d1521, \
  0x1704f0e3, 0x11f9120d, 0x171b1307, 0xf8de0117, 0x17ff1a0b, 0x00fb090f, 0x12fee6e3, 0xf80305f6, \
  0xf2e22ff1, 0x1316f601, 0xdff70e11, 0x11e81bfa, 0x07200bf3, 0xfc0ff1e5, 0x02e70cf6, 0x0905030c, \
  0xfb0af8eb, 0xf202ceff, 0x06fb0000, 0x00000000, 0x000ef900, 0x5099c2e0, 0x00000058, 0x00000000, \
  0x00000000, 0x40000000, 0x00000000, 0x00000000, 0x00000000, 0x00000000, 0x00000000, 0x00000000, \
  0x00000000, 0x00000000, 0x00000000, 0x00000000, 0x00000000, 0x00000000, 0x00000000, 0x00000000, \
  0x00000000, 0x00000000, 0x00fe0000, 0x00000000, 0x00000000, 0x00000000, 0x00000000, 0x00000000, \
  0x00000000, 0x00000000, 0x00000000, 0x00000000, 0x00000000, 0x00000000, 0x00000000, 0x00000000, \
  0x00000000, 0x00000000, 0x00000000, 0x00000000, 0x00000000, 0x3f000000, 0x00000000, 0x00000000, \
  0x00000000, 0x00000000, 0x00000000, 0x00000000, 0x00000000, 0x00000000, 0x00000000, 0x00000000, \
  0x00000000, 0x00000000, 0x00000000, 0x00000000, 0x00000000, 0x00ebeaf8, 0x08eceb0b, 0x021514fa, \
  0xedd4eaf5, 0x03f3fee1, 0xf203f9fb, 0x00eefefa, 0x1bf2f605, 0xe8e50aef, 0xe2010cde, 0xeff21904, \
  0xdc14090f, 0xe408f6f1, 0xffebd9fb, 0x0926121d, 0xf31ad6ef, 0x00fc06e8, 0x03ef0efa, 0x080df301, \
  0xeddeeffb, 0xe906fee8, 0xeefcfdec, 0xf0fafadc, 0xeafdf7fd, 0xf1fd0bec, 0x05f9e6db, 0xfeff04f8, \
  0xe808e100, 0xfdebf5f7, 0x100605ff, 0x07e6f8f5, 0xd6f10000, 0x00000000, 0x000fed00, 0x5099c380, \
  0x00000022, 0x0f06cf47, 0xf327b3e1, 0xef27bf05, 0xf6e5e41a, 0x04dd39bc, 0xe6ef39bf, 0x240cf60b, \
  0x37ff0cdb, 0x0215e416, 0xd4e246f8, 0xddffc9fa, 0x2ff11513, 0xfcd80e14, 0x1504ebc6, 0x4e111714, \
  0x1919d201, 0x2db50c29, 0xf40416f2, 0xfff7fd12, 0x4e10c8da, 0x0d2c110d, 0x291ef7ef, 0x2629e70b, \
  0x05ed1557, 0xf308d30d, 0xf02512c0, 0x121c02f9, 0x19f508e7, 0xdf14d1e8, 0xd723faeb, 0xf6fb0bd3, \
  0xf1df0000, 0x00000000, 0x0017d500, 0x5099c3c0, 0x00000058, 0x00000000, 0x00000000, 0x7b000000, \
  0x00000000, 0x00000000, 0x00000000, 0x00000000, 0x00000000, 0x00000000, 0x00000000, 0x00000000, \
  0x00000000, 0x00000000, 0x00000000, 0x00000000, 0x00000000, 0x00000000, 0x00000000, 0x00000000, \
  0x001f0000, 0x00000000, 0x00000000, 0x00000000, 0x00000000, 0x00000000, 0x00000000, 0x00000000, \
  0x00000000, 0x00000000, 0x00000000, 0x00000000, 0x00000000, 0x00000000, 0x00000000, 0x00000000, \
  0x00000000, 0x00000000, 0x00000000, 0x3e000000, 0x00000000, 0x00000000, 0x00000000, 0x00000000, \
  0x00000000, 0x00000000, 0x00000000, 0x00000000, 0x00000000, 0x00000000, 0x00000000, 0x00000000, \
  0x00000000, 0x00000000, 0x00000000, 0x17fbf600, 0xf3fe0af4, 0x10fde2e0, 0xf105e503, 0x0c03f8da, \
  0xf7e40bf6, 0xecf5f0e7, 0xf3f405f8, 0x09f602f9, 0xfe08f514, 0x0e050d0f, 0x06f103f8, 0xfdfd031b, \
  0x08f9f328, 0x0afde814, 0x0febff12, 0x09ed2009, 0xe3f80c13, 0xf3f3e9f5, 0x1bda06e6, 0xf50d02ef, \
  0xfe0a00f7, 0x0421f8fb, 0xff02f9e4, 0x01e3ea0d, 0xe8f5fa0b, 0xfc06fc0c, 0xf9e40cf0, 0xe9fddef8, \
  0xec01f2e5, 0x01e10308, 0x02e80000, 0x00000000, 0x0001ea00, 0x5099c460, 0x00000022, 0xf31702fe, \
  0x09f2f4eb, 0x04d91d0b, 0xfce003fa, 0x17191110, 0xf212fc08, 0xeffefc05, 0xf407021c, 0xff0cfcf1, \
  0x01e92109, 0xe315ec14, 0x0412f7e9, 0x080af0e4, 0x11061100, 0xfaf30af9, 0x0ee20309, 0xfd0ef0f6, \
  0x14f305e0, 0xfeffef15, 0x02f00701, 0x1109fd0b, 0x001c0a0d, 0x0bf3e4f2, 0x0408fafd, 0xf0f71917, \
  0x0615f6ec, 0x0fe8231c, 0xe8f919f9, 0xf8e00bf7, 0x1be9e001, 0xe5e721f1, 0x01080000, 0x00000000, \
  0x0011d400, 0x5099c4a0, 0x00000017, 0x00000000, 0x00000000, 0x50000000, 0x00000000, 0x00000000, \
  0x00000000, 0x00000000, 0x00000000, 0x00000000, 0x00000000, 0x00000000, 0x00000000, 0x00000000, \
  0x00000000, 0x00000000, 0x00000000, 0x00000000, 0x00000000, 0x0f25e1db, 0x09e3e40d, 0xe8000000, \
  0x00000000, 0x00100000, 0x509a0000, 0x00000178, 0x0200ff02, 0x0001ffff, 0xffee1208, 0x05030eff, \
  0x110ff50c, 0x03f3fd10, 0xf2f2efeb, 0x07e7f5fd, 0xf20dfbe9, 0xfffc0101, 0x03fc00fe, 0xfff0f4e4, \
  0xfcf7fc05, 0xff070303, 0x06f9fd07, 0xeb00f0fb, 0xf6000afa, 0x090a0903, 0xf9d1f4f7, 0x04fdf8e9, \
  0xfdefffed, 0xfbf9e4eb, 0xfaeef6f6, 0xf9f40205, 0xfefbedf2, 0xf7fa05fd, 0xf7faf108, 0xfcd9f8f7, \
  0xfaf40506, 0x13000000, 0x00000000, 0x00000808, 0xfb1903fb, 0x0b0b11fb, 0xf00007fd, 0xeef7e7e3, \
  0xf3ff090f, 0x08010af9, 0xe6f600f1, 0xe804fdf9, 0xe6fef503, 0xfbf50905, 0x00fb0c08, 0xf1fa0ef0, \
  0x0c030afe, 0xd6e2e1e6, 0xfffaf804, 0x07f3f8e9, 0xe9f5e1fd, 0xf0e6e5e5, 0xf0f80b04, 0xea10fef1, \
  0xebfaecfe, 0xfff709ec, 0xf407f009, 0xef0a09fb, 0xe3fffff8, 0xf5fbedff, 0x00fe1804, 0xe7f101de, \
  0xf8f4e2f7, 0x0a06f907, 0xf207f3ed, 0x02f7030a, 0xfff4f302, 0xf4ff0e0f, 0x031df6f8, 0xfefc02f2, \
  0x07fb0dfa, 0xf0fa03d5, 0xfbeeeceb, 0xf5f7e8fc, 0xedee10fc, 0xef16fcea, 0xf21b1c0c, 0xfef60813, \
  0xf704ee04, 0xf8eff105, 0x07f403f9, 0x0d0b0cfc, 0x0aedf104, 0xfdfafdf5, 0xf00002f5, 0xf1edf2f5, \
  0xeff3f7ee, 0xf4f7fc07, 0xff07fe05, 0x0201000a, 0xe6effaec, 0x090e01fc, 0x00fe01ff, 0x00fe00fe, \
  0xfe070b15, 0xf3f40f01, 0x0513e3f3, 0xe800fefc, 0xeee8f013, 0xfb1a0805, 0xfce0f2f5, 0x00000000, \
  0x00000000, 0x0003fa03, 0x03020203, 0x080300fc, 0xf40306f7, 0x02fef9ef, 0xf5f3ff06, 0xf0f80ef4, \
  0x00000000, 0x00000000, 0x0008faff, 0x01ff0205, 0x0204f40c, 0xef0b00f8, 0x0000efed, 0xfeeafc08, \
  0xf009f8f3, 0x0604eb09, 0xf1f20ef2, 0x0df9edeb, 0xf9e6cc08, 0xf9070cff, 0x12f70716, 0x07fa12fc, \
  0x00000101, 0xff0604fc, 0x02fd06fd, 0x0300fbfa, 0xfc01fa05, 0xfbfd00fa, 0x04001006, 0xf300f60d, \
  0xf30906eb, 0x0d1de7f4, 0x1ef2ffe7, 0xfc18faf6, 0x01010aed, 0x16000000, 0x00000000, 0x0000f9fd, \
  0xfbfffb00, 0xfefdfc00, 0x00000000, 0x0000ff00, 0x00000000, 0x00000000, 0x00000000, 0x00000000, \
  0x00000000, 0x00000000, 0x00000000, 0x00000000, 0x00000000, 0x00000000, 0x00000000, 0x00000000, \
  0x00000000, 0x00000000, 0x00000000, 0x00000000, 0x00000000, 0x00000000, 0x00000000, 0x00000000, \
  0x00000000, 0x00000000, 0x00000000, 0x00000000, 0x00000001, 0x01010100, 0x00000000, 0x000000ff, \
  0x000000ff, 0x00000000, 0xffff00ff, 0x00000001, 0x00000000, 0x01000000, 0x00000000, 0x00000000, \
  0x00000000, 0x00000000, 0x00000000, 0x00000000, 0x00000000, 0x00000000, 0x00000000, 0x00000000, \
  0x00000000, 0x00000000, 0x00000000, 0x0000ffff, 0xfefdfdfd, 0xfdff0000, 0x00000000, 0x00000000, \
  0x00000000, 0x00000000, 0x00000000, 0x00000000, 0x00000000, 0x00000000, 0x00000000, 0x00000101, \
  0x00000000, 0x00000000, 0x00000000, 0x000000ff, 0xfeff0000, 0x00000000, 0x00000000, 0x00000000, \
  0x00000000, 0x000000ff, 0x00000100, 0x00000000, 0x00000000, 0x00000000, 0x00020100, 0x02020101, \
  0x02020000, 0x00000000, 0x00000000, 0x00000000, 0x00000000, 0x00000100, 0xff0000ff, 0xff000000, \
  0x00fffffe, 0xff000000, 0x00000000, 0x00000002, 0x02010202, 0x00020200, 0x00000000, 0x00000000, \
  0x00000000, 0x00000000, 0x000000ff, 0x00010100, 0x01000000, 0x00000000, 0x00000000, 0x00000000, \
  0x00000000, 0x00000000, 0x00000000, 0x00000000, 0x00000000, 0x00000000, 0x00000101, 0x00020202, \
  0x00000000, 0x00000000, 0x00000000, 0x00000000, 0x00000000, 0x00000000, 0x0000fe00, 0x00ff0000, \
  0x00000000, 0x00000000, 0x00000000, 0x00000000, 0x00000000, 0x00000000, 0x00000000, 0x00000000, \
  0x00000000, 0x00000000, 0x00000000, 0x00000000, 0x00000000, 0x00000000, 0x00000000, 0x00000000, \
  0x01010100, 0x00000000, 0x00000000, 0x00000000, 0x00000000, 0x00000000, 0x00000000, 0x00000000, \
  0x00000000, 0x00000000, 0x00000000, 0x00000000, 0x00000000, 0x00000000, 0x3f000000, 0x00000000, \
  0x00000000, 0x00000000, 0x00000000, 0x00000000, 0x00000000, 0x00000000, 0x00000000, 0x00000000, \
  0x00000000, 0x00000000, 0x00000000, 0x00000000, 0x00000000, 0x00000000, 0x00000000, 0x000a0000, \
  0x00000000, 0x00000000, 0x00000000, 0x00000000, 0x00000000, 0x00000000, 0x00000000, 0x00000000, \
  0x00000000, 0x00000000, 0x00000000, 0x00000000, 0x00000000, 0x00000000, 0x00000000, 0x00000000, \
  0x00000000, 0x00000000, 0x40000000, 0x00000000, 0x00000000, 0x00000000, 0x00000000, 0x00000000, \
  0x00000000, 0x00000000, 0x00000000, 0x00000000, 0x00000000, 0x00000000, 0x00000000, 0x00000000, \
  0x00000000, 0x00000000, 0x0103f804, 0x1f0ee802, 0x060ceffe, 0xfdee0bf2, 0x08fdfbe3, 0x080e0c16, \
  0xf7e8fbfd, 0xfaf7fe08, 0xeee50400, 0x190bda0c, 0x11fef807, 0x07f9e8f4, 0x190b1a05, 0xfbfaff03, \
  0x02f4fe05, 0xf2fcf813, 0x020105ee, 0x04daf704, 0xea01f913, 0xfafc100f, 0xf409fcff, 0x00ee0b04, \
  0xfb0904fd, 0xfa03fcec, 0xfbec0104, 0xfd07f3fa, 0xfdfb0ffe, 0xfffb19f4, 0x08f10400, 0x01060bef, \
  0xed16f7e8, 0xf9f60000, 0x00000000, 0x00db0300, 0x509a02a0, 0x00000022, 0x0a07fe0d, 0xfa06080a, \
  0x110ef106, 0x09ef04ed, 0x0ff6fbfe, 0x0df107f2, 0x1e0fef08, 0xf4f907fe, 0x11f9f8f1, 0x08faf20c, \
  0x0a050c08, 0x05fa0d01, 0xf5f7fbfe, 0xf813f1fb, 0x041304ed, 0xf70200f6, 0x0e1f0a01, 0xf512f913, \
  0xfcf813f7, 0xf3130704, 0x02f30005, 0xfc110e01, 0xfee917fa, 0xfaff17f2, 0xf211050c, 0xf806eb0d, \
  0x230600e8, 0xfefef2f8, 0xf320f008, 0xfe0af2f9, 0xf9fc12f7, 0x0bfa0000, 0x00000000, 0x0011f200, \
  0x509a02e0, 0x00000058, 0x00000000, 0x00000000, 0x3e000000, 0x00000000, 0x00000000, 0x00000000, \
  0x00000000, 0x00000000, 0x00000000, 0x00000000, 0x00000000, 0x00000000, 0x00000000, 0x00000000, \
  0x00000000, 0x00000000, 0x00000000, 0x00000000, 0x00000000, 0x000f0000, 0x00000000, 0x00000000, \
  0x00000000, 0x00000000, 0x00000000, 0x00000000, 0x00000000, 0x00000000, 0x00000000, 0x00000000, \
  0x00000000, 0x00000000, 0x00000000, 0x00000000, 0x00000000, 0x00000000, 0x00000000, 0x00000000, \
  0x3f000000, 0x00000000, 0x00000000, 0x00000000, 0x00000000, 0x00000000, 0x00000000, 0x00000000, \
  0x00000000, 0x00000000, 0x00000000, 0x00000000, 0x00000000, 0x00000000, 0x00000000, 0x00000000, \
  0xf3f409fb, 0xfff10008, 0xeff4ef0d, 0x1312060d, 0xecfdfa1d, 0x00ff0b06, 0xf619f4f0, 0xfdf109f4, \
  0x0d100100, 0x1401ebf4, 0x00f8edfa, 0xf4f1fc08, 0x09fa09ef, 0xf50500e5, 0xf2def2fa, 0x08f70711, \
  0xd9e0e40b, 0x07fff105, 0xeff4fbff, 0x070df003, 0x0cf50cf3, 0x0ff5f405, 0xf5f00200, 0x0df90605, \
  0xff0cee06, 0xfd00000d, 0xf7ed0ff9, 0x110a0bf2, 0x04f90c01, 0xf2ec0303, 0xf3f5ff0e, 0x1d130000, \
  0x00000000, 0x00f2ff00, 0x509a0380, 0x00000022, 0xf816f7fd, 0x0ad91c0c, 0xf1fd28fd, 0xe3f60be7, \
  0x11dc1a14, 0xe3fef90b, 0xf1e0fe05, 0xf9f0ff06, 0x05d2121f, 0x0613e7fb, 0xffec06f3, 0xedfefd16, \
  0xfa21fad1, 0x17fdf2fe, 0xe003f30f, 0x10f7170d, 0xf62dc6b7, 0x07f3fffc, 0x191f0502, 0xecf31e03, \
  0x00dc1304, 0xe007fb00, 0xffd6f817, 0x08f30bee, 0x171013ee, 0x01ca0439, 0xe920191f, 0xe7040e28, \
  0xfbd61a0c, 0x24e7160a, 0xff1df1f2, 0xef2f0000, 0x00000000, 0x00badf00, 0x509a03c0, 0x00000058, \
  0x00000000, 0x00000000, 0x7a000000, 0x00000000, 0x00000000, 0x00000000, 0x00000000, 0x00000000, \
  0x00000000, 0x00000000, 0x00000000, 0x00000000, 0x00000000, 0x00000000, 0x00000000, 0x00000000, \
  0x00000000, 0x00000000, 0x00000000, 0x00f30000, 0x00000000, 0x00000000, 0x00000000, 0x00000000, \
  0x00000000, 0x00000000, 0x00000000, 0x00000000, 0x00000000, 0x00000000, 0x00000000, 0x00000000, \
  0x00000000, 0x00000000, 0x00000000, 0x00000000, 0x00000000, 0x00000000, 0x3e000000, 0x00000000, \
  0x00000000, 0x00000000, 0x00000000, 0x00000000, 0x00000000, 0x00000000, 0x00000000, 0x00000000, \
  0x00000000, 0x00000000, 0x00000000, 0x00000000, 0x00000000, 0x00000000, 0xfff00cfa, 0x0d05ed07, \
  0xdd01041f, 0xfff1eb00, 0xf0fcff0d, 0x181a03fe, 0xfe1d0d12, 0x1c140001, 0xef0910f7, 0xf7f903ec, \
  0x07f1f6e6, 0xf013f702, 0xef12f50d, 0xf704f208, 0xf6090d0a, 0xfdf8f6e7, 0xf502dde9, 0x0c03e9fa, \
  0xf9f7f8f3, 0xf1ffe321, 0xec00f6f9, 0xfafaf907, 0x0e070006, 0xec0af4fb, 0x0303fdfe, 0x0df30bf5, \
  0xf30d040d, 0x050ae401, 0x05150c0e, 0x0708050e, 0xfb1bf1fa, 0xf3140000, 0x00000000, 0x00060d00, \
  0x509a0460, 0x00000022, 0xf2fae905, 0x11fec60e, 0xf1f9e907, 0xee04e7fc, 0x09f30c0f, 0xffff1809, \
  0xf90a2700, 0x1c10ed08, 0xd6071416, 0xe9f517f2, 0x2916f611, 0x14011604, 0xf2fbf90e, 0x02fe0900, \
  0x0e0116ff, 0x1d02f308, 0xfee61106, 0x130a010c, 0x04f6f3f5, 0x16f5e4ed, 0xebf4f605, 0x18fa16eb, \
  0x0b1606fd, 0x06f3080d, 0x06ed03fa, 0x090a0b0b, 0xe901de00, 0x14011de7, 0xf503edf6, 0xdefefcfb, \
  0x0605f80a, 0x20f70000, 0x00000000, 0x00070100, 0x509a04a0, 0x00000017, 0x00000000, 0x00000000, \
  0x50000000, 0x00000000, 0x00000000, 0x00000000, 0x00000000, 0x00000000, 0x00000000, 0x00000000, \
  0x00000000, 0x00000000, 0x00000000, 0x00000000, 0x00000000, 0x00000000, 0x00000000, 0x00000000, \
  0x04f72207, 0xe02417e2, 0xfc000000, 0x00000000, 0x00ea0000, 0x509a4000, 0x00000178, 0x0101fcfe, \
  0x0202fe03, 0xfd060bef, 0xed03faff, 0xedebf506, 0xe01b05f1, 0xf4041bfa, 0x0d14ebf4, 0x0efff10d, \
  0x00000000, 0x00000000, 0xff0c0107, 0x15f70c09, 0xf4eaf3d0, 0xeadef2d8, 0xdbe6ed00, 0x00000000, \
  0x0000fe02, 0xe3e2def9, 0xfbec09e3, 0xfbf9fc09, 0x0700fa07, 0x05f70806, 0xfd020cfe, 0xfaf01afa, \
  0x0102fe01, 0xfefd00ff, 0x0c09d41b, 0xf8dd10fc, 0x04feff01, 0xff00ff00, 0x01ffece1, 0xe2ece5e2, \
  0xf4ecfcf9, 0xfcf201e5, 0xf2fced01, 0x0afaeff0, 0xfa16f2e7, 0x00edfc11, 0x0dfb02f3, 0x0f09fd04, \
  0xfe030503, 0xf7ff03fc, 0x0600fc05, 0xfffef9fe, 0xf3eefcd8, 0x06f9cdf9, 0x04e3f211, 0x02f5f8f2, \
  0x02ede40b, 0x18efe505, 0x07f8080f, 0xff19f3fd, 0xfaeb0719, 0xeee2faf6, 0x04efeb02, 0x1300f5d5, \
  0x0af7e0f2, 0xecf20d19, 0x171a1c1a, 0xf9feff05, 0x0dfff214, 0x020907e6, 0x0004f900, 0xfefc00fe, \
  0x03eef4ff, 0x10ea0efb, 0x100d04fb, 0xfc000400, 0x0003010a, 0x16ef0ee9, 0xf30a10cc, 0x140c1010, \
  0xfefc0814, 0x15fe02ee, 0xf406f7e3, 0xfaf30df6, 0x01fcf603, 0x09f8ef01, 0x060500fe, 0x0200fdf9, \
  0xf6effdf8, 0xf9fbfbf9, 0xf5f9f5f0, 0xfbf3eefa, 0xf3eeff00, 0x00010001, 0x02fc02ff, 0xebfd0df5, \
  0xebf5fcef, 0x00000000, 0x00000000, 0x00ff09f6, 0x03fafb0d, 0xf4d90dfe, 0xe8f703ec, 0x03ff05e6, \
  0xd5f0e3f5, 0x08f4e8ff, 0x00000000, 0x00000000, 0x00ff0302, 0x01fe01fe, 0x04040000, 0x0600fcfb, \
  0xfffefe06, 0xf4f91ff7, 0xdeeddfd5, 0x000000fd, 0xfe00fe01, 0xfef5f904, 0xf9fefffc, 0xfd010000, \
  0x010000ff, 0x0000ff00, 0xeefc00f8, 0xf8fbef11, 0x0e171f21, 0xfd1efd0e, 0xfb01ecee, 0xf216fcff, \
  0xf114030e, 0xf9080ff4, 0xf800f203, 0xfd030104, 0xff0306fa, 0x00000000, 0x00000000, 0x00f5f6f6, \
  0xf6f7f6f4, 0xf2fa0acc, 0xd5f5c1e0, 0xccb6be19, 0xf1d70518, 0x0e0e001d, 0xfbf007ec, 0xf6de05f6, \
  0xe0070205, 0x06fc0104, 0x0001f9f8, 0xfdf9faf8, 0xf6f0efff, 0xfe000000, 0x00000000, 0xebecfd09, \
  0xe706eddd, 0xe4e7ecf4, 0x07fd0202, 0xe8f00ff8, 0xffedf719, 0x01ef19e1, 0xdfc60501, 0x09f4f3fb, \
  0xeed1f2da, 0xdff5d1ea, 0xe6dbe4f6, 0xf9e7f60e, 0xe802e00b, 0xf200feeb, 0xf0fdf000, 0x06020706, \
  0x11000ff5, 0xf508fe07, 0xeff305fa, 0xdbfd000e, 0xf7faeeec, 0xe5ffdf07, 0x06da04f7, 0x04f208fe, \
  0x10000006, 0xfef2f3d8, 0xfaefe1f0, 0xeaef0f06, 0xf4fbe7ec, 0xe2f108ff, 0xf2f405fd, 0xf301f7f9, \
  0x15eefeff, 0x0000fffc, 0xfd040201, 0xfaf9fa01, 0xfdfd01fd, 0xf90dfafa, 0x0201ebfe, 0x09060cf4, \
  0x020b0d10, 0xf3fa19fb, 0x040411f1, 0x07f1ff03, 0xeff0f3ff, 0xe6f5f5f2, 0xf9dedbf1, 0xea0901e5, \
  0x0709e8f6, 0xf1140ae7, 0x13f7f4fd, 0x1a0703f6, 0xfd0a0312, 0xeeedf4f7, 0xf5ecfafa, 0xebf3eef9, \
  0xf9fef9dd, 0xff04e0d9, 0xe70bf0f9, 0xff0de2ef, 0xf3ee12eb, 0xf813f906, 0xf50ceff8, 0xe30909ec, \
  0xe5f8ec10, 0xf4ff0cea, 0xfa0002fc, 0x02f1e6ed, 0xebe3e90f, 0xe5ebfce3, 0xf004edf5, 0x0600e7f6, \
  0xeee90ff5, 0xee0a10e4, 0xea070701, 0xf4f5f4e1, 0xe60e0908, 0x0f130d05, 0xefeefefb, 0xf4fb01fe, \
  0x0dfceb03, 0x06f8f5e7, 0xfd0feeec, 0x0607f409, 0x0d030000, 0x00000000, 0x000000f7, 0xf917070d, \
  0x0ff8fafe, 0x0aecf6fa, 0xfbf909fd, 0xf4e8f1f8, 0x01e9eff4, 0xfe17fafe, 0xf4fb0504, 0xf9ddf8bc, \
  0xd5f7e7fd, 0x0cfe1612, 0x140f0c04, 0x0814e9fb, 0x0e150d00, 0xf21312f4, 0x1203f1f0, 0xe1f40711, \
  0x0d0603fe, 0xfc05fe11, 0xf2f4f2f4, 0xf1fdf8eb, 0xf5e808eb, 0xedf6f7f9, 0x04fef9f5, 0xf3f50412, \
  0x14ff0d11, 0x15f708e5, 0xe8fa00f3, 0xfae7e7f4, 0xe4ead907, 0x08f41903, 0x0beafb01, 0xedfe00fb, \
  0xfd000207, 0xd7fa01e3, 0x0b1407f9, 0xfe00f3f4, 0xf6f7f4fa, 0xfe14ee0d, 0x04eefcfe, 0xeee5fcfc, \
  0xefe5fb06, 0xf5f70612, 0x1414fb02, 0xebf3e600, 0x00000000, 0x00000000, 0xf4eae5ec, 0xe0fcf8f9, \
  0xf2fceaf8, 0x04fa0c0e, 0x0be4f7ea, 0xf8e0f7f8, 0x06f7e9fe, 0xfe05fef9, 0xffff010c, 0x00000000, \
  0x00000000, 0x3f000000, 0x00000000, 0x00000000, 0x00000000, 0x00000000, 0x00000000, 0x00000000, \
  0x00000000, 0x00000000, 0x00000000, 0x00000000, 0x00000000, 0x00000000, 0x00000000, 0x00000000, \
  0x00000000, 0x00000000, 0x00010000, 0x00000000, 0x00000000, 0x00000000, 0x00000000, 0x00000000, \
  0x00000000, 0x00000000, 0x00000000, 0x00000000, 0x00000000, 0x00000000, 0x00000000, 0x00000000, \
  0x00000000, 0x00000000, 0x00000000, 0x00000000, 0x00000000, 0x3e000000, 0x00000000, 0x00000000, \
  0x00000000, 0x00000000, 0x00000000, 0x00000000, 0x00000000, 0x00000000, 0x00000000, 0x00000000, \
  0x00000000, 0x00000000, 0x00000000, 0x00000000, 0x00000000, 0x18fef3fa, 0xeef909f6, 0x0006120d, \
  0x0cfd0d08, 0xec031311, 0xfd0cfd09, 0x0e1e0ffe, 0x0bfdf40c, 0x0e0cf404, 0x02f902f2, 0x0b00f60d, \
  0xf5131203, 0xfefb00fc, 0x060ef700, 0xfdfbfd14, 0x1c0717ff, 0x1209f707, 0xfe1f1411, 0x0b130d00, \
  0x0e08f6ec, 0xee0d0008, 0x04fd0501, 0x0aff0a12, 0x09fe06f5, 0xfe02e905, 0x09f7faed, 0xff10fa11, \
  0x08fef5ff, 0xfe11f2f8, 0x05f3f304, 0x18f00005, 0xf8160000, 0x00000000, 0x0009ef00, 0x509a42a0, \
  0x00000022, 0xebf324fc, 0xeb031108, 0x0322e2f1, 0x021ef80c, 0xf0fbe901, 0x1b03e403, 0xf1fcf5fe, \
  0xf7fa0cfd, 0x17fd1111, 0x14f2f003, 0x160508f8, 0x0108f7fd, 0x1afe23f2, 0x0605de12, 0x0a0cdef1, \
  0x1c031704, 0xf9e0cc02, 0x1dfdf60a, 0x231009f3, 0x0aeb03fc, 0xefd60ae0, 0xff04cf06, 0xca0508fe, \
  0xff0c20ee, 0x151503e3, 0x11040025, 0xec10fbfe, 0xfd031100, 0xfb06ebf7, 0x0b090bfa, 0x09091b13, \
  0xf3f50000, 0x00000000, 0x00e6f300, 0x509a42e0, 0x00000058, 0x00000000, 0x00000000, 0x3c000000, \
  0x00000000, 0x00000000, 0x00000000, 0x00000000, 0x00000000, 0x00000000, 0x00000000, 0x00000000, \
  0x00000000, 0x00000000, 0x00000000, 0x00000000, 0x00000000, 0x00000000, 0x00000000, 0x00000000, \
  0x00f40000, 0x00000000, 0x00000000, 0x00000000, 0x00000000, 0x00000000, 0x00000000, 0x00000000, \
  0x00000000, 0x00000000, 0x00000000, 0x00000000, 0x00000000, 0x00000000, 0x00000000, 0x00000000, \
  0x00000000, 0x00000000, 0x00000000, 0x3e000000, 0x00000000, 0x00000000, 0x00000000, 0x00000000, \
  0x00000000, 0x00000000, 0x00000000, 0x00000000, 0x00000000, 0x00000000, 0x00000000, 0x00000000, \
  0x00000000, 0x00000000, 0x00000000, 0x1005ed07, 0xfb06f9f7, 0x010e13fe, 0xedeef00a, 0x1ef1fae6, \
  0x0e0404fa, 0x0df8140a, 0xff15f117, 0xf5f001f5, 0xfa05ff0b, 0xf7050714, 0xfc0702f9, 0xfdf10905, \
  0x07fefe0a, 0x0c10ff11, 0xfc22ef08, 0x08080d06, 0x10fd1b05, 0x18fe1609, 0xf8ff0805, 0x0005f1ff, \
  0xeb0902f6, 0xfdfe09f4, 0x0315f2fc, 0x00ed0e00, 0x11e610f7, 0x0afc0df6, 0x0ef9f118, 0x040bef10, \
  0xfa16f70f, 0x26ee1311, 0xeefb0000, 0x00000000, 0x000cff00, 0x509a4380, 0x00000022, 0xf200ec0e, \
  0x111805d2, 0x081efe15, 0xe723db15, 0x0b1a13ef, 0xe6f2f8e8, 0x061b09f5, 0xf800e6f4, 0x090e182b, \
  0x08f90906, 0xd20b14e1, 0x0a07eff9, 0xeedcec26, 0xf2f5fad5, 0xdadafbf4, 0xe717f5e6, 0x13be1f2f, \
  0xe4fd05ee, 0xd4170bec, 0xeb172eff, 0x0b3601ff, 0xf6f61104, 0x12101213, 0x13e9002c, 0xfcf4eb22, \
  0x2d1a0807, 0x0f2800f9, 0xf307ecf0, 0x0912163f, 0x2228f8ef, 0x19f903f4, 0xf7080000, 0x00000000, \
  0x00cfe600, 0x509a43c0, 0x00000058, 0x00000000, 0x00000000, 0x7b000000, 0x00000000, 0x00000000, \
  0x00000000, 0x00000000, 0x00000000, 0x00000000, 0x00000000, 0x00000000, 0x00000000, 0x00000000, \
  0x00000000, 0x00000000, 0x00000000, 0x00000000, 0x00000000, 0x00000000, 0x00040000, 0x00000000, \
  0x00000000, 0x00000000, 0x00000000, 0x00000000, 0x00000000, 0x00000000, 0x00000000, 0x00000000, \
  0x00000000, 0x00000000, 0x00000000, 0x00000000, 0x00000000, 0x00000000, 0x00000000, 0x00000000, \
  0x00000000, 0x3c000000, 0x00000000, 0x00000000, 0x00000000, 0x00000000, 0x00000000, 0x00000000, \
  0x00000000, 0x00000000, 0x00000000, 0x00000000, 0x00000000, 0x00000000, 0x00000000, 0x00000000, \
  0x00000000, 0xf015f211, 0xfcfdf919, 0xff0006f9, 0x0f020106, 0x0305f5fe, 0xf0fd0b08, 0x1cf6effd, \
  0xf4020a05, 0x17eee302, 0xf713fc22, 0xed050720, 0x01f011fa, 0xfbfc110a, 0x1302fbf9, 0x08fafaf1, \
  0x07eb0322, 0xf902ff20, 0xeff1ff02, 0x00fb06f8, 0x0afa10fd, 0x0b06ed01, 0x1718fc10, 0xf6f907fd, \
  0x18000c04, 0x00010504, 0xe920ea12, 0xf4f9eded, 0x02d82305, 0xf9ff01f1, 0xfaf0eff9, 0xfbfdf50f, \
  0x13e80000, 0x00000000, 0x0008f300, 0x509a4460, 0x00000022, 0x06fdff0a, 0x07f4f2fa, 0xedecf103, \
  0xf6e806f9, 0x04091100, 0x0e120714, 0x04ebf60f, 0xf506fdde, 0xf5f20913, 0x061beffe, 0xe5f415fa, \
  0x0d0cfaf1, 0xe7120801, 0xfbf1e907, 0x00eaf613, 0x170408fe, 0x1613101e, 0xfb11f3ed, 0xe40b1012, \
  0x04f4ef00, 0xfc160c05, 0xe608100c, 0xfdf015df, 0xfcd4081a, 0x0ee41b07, 0x0e0f07e1, 0xf9fe09e6, \
  0xf7d2f6f4, 0xefefe5f3, 0x020ee70d, 0xfadff5fc, 0x05110000, 0x00000000, 0x0010eb00, 0x509a44a0, \
  0x00000017, 0x00000000, 0x00000000, 0x4f000000, 0x00000000, 0x00000000, 0x00000000, 0x00000000, \
  0x00000000, 0x00000000, 0x00000000, 0x00000000, 0x00000000, 0x00000000, 0x00000000, 0x00000000, \
  0x00000000, 0x00000000, 0x00000000, 0xe112de09, 0x13f0e91d, 0xfe000000, 0x00000000, 0x00160000, \
  0x509a8000, 0x00000178, 0x01ff0001, 0xffff03ff, 0xfd07f6f4, 0xffffff07, 0xefe90803, 0xeb0b07e3, \
  0x09100cf5, 0x06f9ebf7, 0xfbf8fe03, 0x00000000, 0x00000000, 0x00f50305, 0x141d0603, 0x1a1504f2, \
  0xdce8ecd0, 0x01ec1101, 0x00000000, 0x0001ff00, 0x11f903f3, 0xf3f50408, 0x0509fd0b, 0xf506f6f7, \
  0xf30eedf8, 0xebf1f203, 0xf207fb02, 0xff000301, 0xfefdfd00, 0x06edf00b, 0xfaec12fd, 0xf0fb00f8, \
  0xff020200, 0x00ff090d, 0xf1d8ebe3, 0xfcedfb1b, 0x050cf9f2, 0xdcece2e1, 0xe5defbf9, 0xf3090600, \
  0x1af2e2f5, 0xf50b0f05, 0xfb1104fd, 0x01fb0405, 0xfafdfffc, 0xfefc01fb, 0xfcfc05ff, 0xdce90cc4, \
  0xd816d6e5, 0xf6f9fb07, 0xeedfeffd, 0xee09fc1c, 0x220cfd08, 0xdc01f7df, 0xe9f8dfe9, 0xedfa04fb, \
  0xf50b041d, 0xff080e23, 0x0ff709ff, 0x05f80105, 0xfbeff3f9, 0xfcfd0b0d, 0x14001503, 0xeb0fe70b, \
  0xfe020efb, 0xfafaf6ff, 0xfbf90000, 0x00d2cce6, 0xfddcd9fa, 0x0de8fcfe, 0xfdfe01f8, 0xf80402e6, \
  0xf6f7ea0d, 0xf7000803, 0xf40beeec, 0x11f2f50e, 0xf1eaeeeb, 0xf106ede0, 0x0b040df8, 0x00f2fdf5, \
  0xeff1ed00, 0xfff702f9, 0xfc06fe00, 0xfcf6ebf8, 0xf7faf6f7, 0xf8f8f6ef, 0xf1f3edfa, 0xf6f400ff, \
  0x01fefaf9, 0x0001ff02, 0xea04f1e4, 0xeb03ed04, 0x00000000, 0x00000000, 0x00d2f9dc, 0xeaf8f9ff, \
  0x00ee0f18, 0x1df0f2f2, 0xcae0fde2, 0xf913effb, 0xdaeeecde, 0x00000000, 0x00000000, 0x00fffe03, \
  0xfd00fc01, 0x00fc0000, 0x00000000, 0x00000104, 0x01fc1305, 0xe70b0ef1, 0x00ff00fe, 0xfefc0005, \
  0x04fffef7, 0x08f60403, 0x06070000, 0x00000000, 0x000000fa, 0xf6f802fa, 0x0500fdf5, 0xe6dce6e9, \
  0x0cfbfc11, 0x21f2e5dc, 0xf70a0004, 0x1415efe6, 0xccfd0ee2, 0x0a09ea07, 0xfaf80508, 0xf7fc0000, \
  0x00000000, 0x00000200, 0x00f9f8f9, 0xf9f7fcf8, 0xf7f9ec01, 0xf705e5e3, 0xf6f6e717, 0xf2d6f901, \
  0x1104fb12, 0x0f09220a, 0x021415fe, 0xf70401fb, 0x070603f7, 0xf903f9f8, 0xf8fbfafa, 0xfaf9fc05, \
  0x0506ff02, 0xfcfd0101, 0x1600fc05, 0xedf0f409, 0x10f41514, 0x0bed06fa, 0xdce2f001, 0x050c0ef7, \
  0x12ebe5f6, 0x182f031b, 0x21fe1807, 0xfeeefbf2, 0xf1f2e9f5, 0xf7e7fcfa, 0xf8ea1a0e, 0xfe040b0d, \
  0x08081f08, 0xd1eafcd5, 0x00f3eef0, 0xf008f9ea, 0x0bfdd60b, 0x01e215f1, 0xd8fef8ed, 0x010908f0, \
  0x08f70602, 0xf9f7eef0, 0x18010912, 0xf5f80106, 0xfc1f251d, 0x09f2d923, 0xefd20e07, 0xf02a250f, \
  0x1d060e11, 0xeaf6090c, 0x07e1f8f5, 0xdff70dfe, 0xf7f4f7ff, 0x01f800fe, 0xfffafc01, 0xef01eff0, \
  0xf7fd0425, 0x02f8ebf8, 0x06fff0f1, 0xfbd8ec1a, 0xf1fbd1ef, 0xe2bcc8f6, 0x0bd4e4ed, 0xe8fbfaf3, \
  0xfb07e5f3, 0x00fdf300, 0x0c08fcec, 0x050bfc06, 0x0f06f4de, 0xd0e5dfe3, 0xeaeac9d9, 0xf3e8e1dd, \
  0x04fc0d00, 0x1b1602f3, 0xfa1e0af0, 0xf7f8f0ea, 0xeee6070c, 0x0d00f6f4, 0x0af212f4, 0xd9e7deea, \
  0x06ceedf3, 0xfef7eee1, 0xf5eaf9dd, 0xfdfdfc0f, 0xee020904, 0x0529fee0, 0xd4deebeb, 0x01fb23ff, \
  0xe9dff2f2, 0x0800f5f8, 0x1d16071a, 0x0f0ef7f1, 0xe6021511, 0x0a020cfb, 0xfffb04f2, 0x30eaee09, \
  0xbffaf5fc, 0xf8f7f8f7, 0x0bebf9fc, 0x0b0eee23, 0xffe80cea, 0xe0e1f6fe, 0xf700e4f2, 0xf7f60000, \
  0x00000100, 0x000000ee, 0xfaef0e02, 0xe9f7f1db, 0x050f06f2, 0xf1f5fe00, 0x0802f410, 0xfb12fa09, \
  0xf8f105fb, 0x13130dfe, 0x1f1a14db, 0x05fdf3f6, 0x1aea0007, 0xf8e1e5f9, 0xeaf5fb04, 0xe9ebeaea, \
  0xc2f2eec8, 0xfb01edec, 0xe3090ae1, 0x0eeaf40c, 0xf5fe160a, 0xf711fbfa, 0xe805ec04, 0x1018ec02, \
  0xe3fbe0e1, 0xf6f1eddc, 0xfbeff1ff, 0xe9ebf7e5, 0xe305fa08, 0xf2fee1f7, 0xf6f61206, 0x09f6030b, \
  0x0d0cf010, 0x14def604, 0xf5ed0802, 0xf300fa0b, 0x0ae6f210, 0x120d1405, 0x0503fbf9, 0xfcedecef, \
  0xedf204f0, 0xe6ebe3ea, 0x04f708eb, 0x080a05f0, 0x0008eaf9, 0xdc120b0e, 0x1e140c00, 0x00000000, \
  0x00000000, 0xe4e0dff6, 0xfe0809f4, 0xfdd8c9c4, 0xfce1dbe9, 0xf6cc140c, 0x08f7f10a, 0xfbe4e8e0, \
  0x000eefff, 0xeddddaea, 0x00000000, 0x00000000, 0x40000000, 0x00000000, 0x00000000, 0x00000000, \
  0x00000000, 0x00000000, 0x00000000, 0x00000000, 0x00000000, 0x00000000, 0x00000000, 0x00000000, \
  0x00000000, 0x00000000, 0x00000000, 0x00000000, 0x00000000, 0x00090000, 0x00000000, 0x00000000, \
  0x00000000, 0x00000000, 0x00000000, 0x00000000, 0x00000000, 0x00000000, 0x00000000, 0x00000000, \
  0x00000000, 0x00000000, 0x00000000, 0x00000000, 0x00000000, 0x00000000, 0x00000000, 0x00000000, \
  0x3e000000, 0x00000000, 0x00000000, 0x00000000, 0x00000000, 0x00000000, 0x00000000, 0x00000000, \
  0x00000000, 0x00000000, 0x00000000, 0x00000000, 0x00000000, 0x00000000, 0x00000000, 0x00000000, \
  0xf5e5eff9, 0xf6070210, 0x04fbe4dd, 0x050403fa, 0x0ef1fb08, 0xfb0602f7, 0xfd071b05, 0x02010dea, \
  0xf8e80a04, 0x02f0e2fa, 0xf70205e6, 0xee0119f8, 0xfaf3fef4, 0x020309f0, 0xf40701ed, 0xf3f214f1, \
  0x08f715ef, 0xfcf71c02, 0x0cf4f0f2, 0xfb060efa, 0xdd0bfffc, 0x0b0e08ee, 0xf002fd12, 0x0403fd0b, \
  0x00fe05f0, 0x03f8e2ff, 0x150cfeef, 0xf2eaeafa, 0xe6f70aee, 0x08200bd3, 0xeaeef5f6, 0xdcf40000, \
  0x00000000, 0x0011e900, 0x509a82a0, 0x00000022, 0xf7fced05, 0xecffe003, 0x02f81cfa, 0xf20324f8, \
  0xfef71202, 0x0705f605, 0x2700f902, 0x0f07fdfb, 0xeeee0d02, 0x01e7e903, 0xf5010603, 0xe0fe1008, \
  0xf9fb07fe, 0xef02fb00, 0x1a05eb04, 0xeaff01ff, 0x04fcc802, 0xf704fe0b, 0x17000f01, 0xf7f9dff7, \
  0x1bfceef9, 0xf104e0fe, 0x00fefdf9, 0x07020701, 0xe808fafd, 0xf901ef00, 0x0afc0e01, 0x010004fa, \
  0x1505fbf5, 0x19fdf707, 0x12f9230a, 0x20fc0000, 0x00000000, 0x0005cf00, 0x509a82e0, 0x00000058, \
  0x00000000, 0x00000000, 0x38000000, 0x00000000, 0x00000000, 0x00000000, 0x00000000, 0x00000000, \
  0x00000000, 0x00000000, 0x00000000, 0x00000000, 0x00000000, 0x00000000, 0x00000000, 0x00000000, \
  0x00000000, 0x00000000, 0x00000000, 0x00000000, 0x00000000, 0x00000000, 0x00000000, 0x00000000, \
  0x00000000, 0x00000000, 0x00000000, 0x00000000, 0x00000000, 0x00000000, 0x00000000, 0x00000000, \
  0x00000000, 0x00000000, 0x00000000, 0x00000000, 0x00000000, 0x00000000, 0x40000000, 0x00000000, \
  0x00000000, 0x00000000, 0x00000000, 0x00000000, 0x00000000, 0x00000000, 0x00000000, 0x00000000, \
  0x00000000, 0x00000000, 0x00000000, 0x00000000, 0x00000000, 0x00000000, 0x1413edfe, 0xf2030af9, \
  0x06f0f2fb, 0xe3eceaec, 0x0fe6fef6, 0x07eb03f9, 0xf5110f0b, 0x12cbf205, 0xd9f8fff1, 0xf60aff10, \
  0x020afeff, 0xfbf9f9fd, 0xf2e80703, 0xeffd15df, 0x0312e706, 0xf2fafc0d, 0xe3fc1107, 0xf011f4f0, \
  0xdd0bfaf0, 0xfe05f70e, 0xf700f00d, 0xf2e41001, 0xf7f4fdee, 0xee0ce80a, 0x04f7fc02, 0x0cf005f0, \
  0xd7f4e5de, 0xf903f505, 0xe51ef5ff, 0x03fd01fc, 0x00fb0d03, 0x0ef70000, 0x00000000, 0x000b0900, \
  0x509a8380, 0x00000022, 0xfb0c02f7, 0xf30505f4, 0x0ef0f6f1, 0xea0111f3, 0x06eb1c19, 0xe516fbf6, \
  0x0dfbf4fd, 0xda27fdfc, 0x1e03180d, 0x0dfa0b1d, 0x10fff81d, 0x10f4fadf, 0x070d1018, 0x03e6d9ef, \
  0xcbf40b22, 0x28e408ff, 0xf0130f04, 0x060cf006, 0xfa0bfbeb, 0x01fe05f7, 0xe81909eb, 0xf90f2303, \
  0x031300e7, 0x20fe0905, 0x111a01f8, 0xed1a0315, 0xefd8d32d, 0x0f090605, 0xfb181007, 0xe5fc03fd, \
  0xfaf3fc06, 0x22f50000, 0x00000000, 0x00f40300, 0x509a83c0, 0x00000058, 0x00000000, 0x00000000, \
  0x6f000000, 0x00000000, 0x00000000, 0x00000000, 0x00000000, 0x00000000, 0x00000000, 0x00000000, \
  0x00000000, 0x00000000, 0x00000000, 0x00000000, 0x00000000, 0x00000000, 0x00000000, 0x00000000, \
  0x00000000, 0x00dd0000, 0x00000000, 0x00000000, 0x00000000, 0x00000000, 0x00000000, 0x00000000, \
  0x00000000, 0x00000000, 0x00000000, 0x00000000, 0x00000000, 0x00000000, 0x00000000, 0x00000000, \
  0x00000000, 0x00000000, 0x00000000, 0x00000000, 0x40000000, 0x00000000, 0x00000000, 0x00000000, \
  0x00000000, 0x00000000, 0x00000000, 0x00000000, 0x00000000, 0x00000000, 0x00000000, 0x00000000, \
  0x00000000, 0x00000000, 0x00000000, 0x00000000, 0xf029f003, 0xfbe9efff, 0xf300f407, 0xeec300db, \
  0x01f1fefa, 0x0211ef02, 0x1cf9f208, 0xf2e009f4, 0x2a08ddf9, 0xf5270bf3, 0x12efeb16, 0x04050af4, \
  0xfefb02e4, 0xf9f8e7cd, 0xe1fcf607, 0x1f03140e, 0xdcfdeaf6, 0x200c07e6, 0xed07110f, 0x100cc0f2, \
  0xe6e702e0, 0xf8f7fef6, 0xeadb10e9, 0x22fa0702, 0x210efb1a, 0x0618e80c, 0xe7e3f3fe, 0xf1210ff7, \
  0xf1d3f3ed, 0xff0110df, 0x0517fcd9, 0x12d60000, 0x00000000, 0x00fee300, 0x509a8460, 0x00000022, \
  0x0a11170d, 0x15f81500, 0xfef6fef9, 0xfd06f313, 0x0ffaf7ff, 0xff0303f8, 0xef0210f1, 0xee0aee24, \
  0x08fefafc, 0x0d19fce5, 0x000501f6, 0xfafff3f4, 0xfff2f305, 0xfa11f2fe, 0xe7070e03, 0x00e7f90e, \
  0x0dfb1ff0, 0xfffe041c, 0xdddffafa, 0x13011811, 0xfefb1510, 0xfc030b10, 0x13f30410, 0x03dffae4, \
  0x0dfc15fd, 0x110cf825, 0x001efbf8, 0x000df8ed, 0x0410fc05, 0x01e6fcf2, 0xfd22fe09, 0xedef0000, \
  0x00000000, 0x00001200, 0x509a84a0, 0x00000017, 0x00000000, 0x00000000, 0x53000000, 0x00000000, \
  0x00000000, 0x00000000, 0x00000000, 0x00000000, 0x00000000, 0x00000000, 0x00000000, 0x00000000, \
  0x00000000, 0x00000000, 0x00000000, 0x00000000, 0x00000000, 0x00000000, 0xfedde306, 0xe6da221a, \
  0x14000000, 0x00000000, 0x00100000, 0x509ac000, 0x00000178, 0x02fc0002, 0xfbff0403, 0x0309f804, \
  0xeefaed09, 0xe7e5f508, 0xfa1206e9, 0x0517e71a, 0x0cf5fff1, 0x08f40bf0, 0x000000ff, 0xffff0100, \
  0x00f6f600, 0x0beaf0f9, 0xfdf1fd01, 0xe8ef0b04, 0xf8f510fc, 0x060003fa, 0x06fc0704, 0x0c0101f0, \
  0x04e40906, 0xf1ebe8f0, 0xfdf312e9, 0x0d1dfff3, 0x0d08f613, 0xeafb13ff, 0xfe0608fe, 0xf903fff6, \
  0x06fd0a03, 0xececf7f4, 0xe5000000, 0x000000ff, 0xffff0012, 0xe804f2ff, 0xfef8f400, 0x03f20efa, \
  0xedf0041d, 0xf8faf7f3, 0xf5090cf4, 0x0bf0ff14, 0x030aef07, 0xf9f2f700, 0xf8f8fbfa, 0x05f7faff, \
  0xf80608fe, 0x0700fafe, 0x2626f811, 0x03dae8f0, 0x00080905, 0xf5fa15fe, 0x1cf4e8e9, 0xebe5e608, \
  0xe70e18e6, 0x0e18e90d, 0xf700f20d, 0x05fd0eff, 0xf40afb01, 0x0dec09f9, 0xe7ed030e, 0xfef6000d, \
  0x1ff20403, 0xf7f80ef6, 0xed03eced, 0x08040506, 0x01fffa06, 0xf70407fb, 0x081c1d0b, 0x0bfce806, \
  0x0d04f3fe, 0xfc060306, 0xfbfd03f8, 0x06edef07, 0xfa0a01e6, 0xfbf2060f, 0xf9050401, 0xee10fee7, \
  0xebe0f4fc, 0xfceef505, 0xf70002ee, 0xed02f90e, 0xf109f4fb, 0xf2fa0af9, 0xf4eff9f1, 0xf5f8f6fd, \
  0xf4f9f6f3, 0xf4f4f4ee, 0xf0f404fd, 0xfb0601f9, 0x0704ff07, 0xea15fffc, 0x030b1c17, 0x000000ff, \
  0xfffffffe, 0xfe00fbeb, 0x05f5f702, 0x0d01f2e9, 0xe30ee3fe, 0xfc0718f6, 0xf2f00f08, 0x08f615f6, \
  0x00000000, 0x00000000, 0x00020001, 0x02f90404, 0x00ff03fc, 0xfdfffcfb, 0x040008ef, 0xf10beffa, \
  0xf8f4f4e3, 0x01fbf900, 0x00fffe04, 0x02faff08, 0xf6f7fa00, 0x02050305, 0xff02fa05, 0xf90502fd, \
  0x0beeebf6, 0xf4f1f30d, 0x00f824fc, 0xec15f4e5, 0x03fe140b, 0xfced0be1, 0xe5ddf900, 0xf7f0f60c, \
  0xee08f407, 0xf5f806fd, 0x0800ff05, 0x00000100, 0xfffe0001, 0x00f8f8f7, 0xf5f8f5f3, 0xfcf20b0f, \
  0xeefb05e7, 0x19dfe5e5, 0xdcf201dc, 0xe014fe04, 0x11fb04ee, 0xe1f4f1de, 0xe803fbff, 0x02fefff6, \
  0x0003fafa, 0xfdf9f9f2, 0xf8f6eefe, 0x0000ff00, 0x00000000, 0xf6e702e4, 0xf0ea0706, 0x1bf2ea07, \
  0x08e4f6f5, 0xf3d90e09, 0x061e1303, 0x2306d6fc, 0xf7e2f3ed, 0xe9f902fc, 0x0301ea08, 0x0ef802f5, \
  0x0cf5fbf8, 0xe4f90218, 0x07f7e7d2, 0xf4d4d402, 0xe1d9f9ef, 0x0102e608, 0xf214fac3, 0x12f2e311, \
  0x0dee1c0d, 0xf2ede7dc, 0x0305f7f9, 0x0406000c, 0xe90e10ff, 0xf4fb0ce5, 0x01fcf1f5, 0x050b3323, \
  0x130ef613, 0x06f004fc, 0xe6f3f50b, 0xfbf2e5fa, 0xf2cae7ec, 0x01e3e5ff, 0x07040f00, 0x00000000, \
  0x00000000, 0xffff00fa, 0xf7f7fa00, 0x00fdecfd, 0xf6f0f014, 0x151bfbf1, 0x1af4fafc, 0xfcf5ecef, \
  0x090ff01d, 0x0fec14e6, 0x00000000, 0xfe09fefd, 0xffea0b0d, 0xf9ed07e4, 0x0a0ce7f6, 0xffe2ede6, \
  0xef00f710, 0xf4e613d7, 0x0106d7bf, 0xeed7dbeb, 0xf3f5ee01, 0x0e1d0300, 0xf0e9f6e7, 0xfcefe9ee, \
  0xec01fded, 0xf4f2e204, 0x05e1fcfc, 0xfcf0efe9, 0x0e10fffc, 0x01f2e609, 0xf2070b11, 0x0aff0d1c, \
  0x0722ebfd, 0xfeede7f7, 0xfd031ff4, 0xf102fd0b, 0x0bf801f2, 0x09f7f301, 0xece2e9e4, 0xd51c000f, \
  0x02fd07f6, 0x1815dff9, 0x06ddd8f2, 0xd7c9bcf7, 0xfcfbfe03, 0x05f8f9fd, 0x050c0108, 0x08e201f0, \
  0xd2171f0e, 0xfc0a0708, 0xf4ed0000, 0x0000ffff, 0x00000018, 0x2928211f, 0x0906f30a, 0xf4ea06e5, \
  0xf2fae60d, 0x080c0702, 0x04fbef08, 0x00fff00c, 0x0f11f30b, 0x0504181a, 0xfddad1ca, 0xe7ece8f3, \
  0xddee000c, 0xfde80002, 0xeaeaea01, 0xeffa18ed, 0xf206fcf3, 0xf7f2d0f3, 0x15e9f114, 0xfdf8060c, \
  0x10131a0f, 0xeeff00ee, 0x08e0e4e5, 0xd7f9f8f9, 0xf4f9f9eb, 0xf7eff818, 0xf5050c00, 0x0bf9d6e2, \
  0xde04e7fd, 0xfeece703, 0xeef3f4f2, 0xf2e1fbfc, 0xdeeaf501, 0x03edeaec, 0xeae8c6b6, 0xd8cbd7fd, \
  0x07eef2fc, 0xfffc0100, 0xfff6f9f6, 0xef04fee4, 0xf2f707fb, 0x00faf4f1, 0x000001fa, 0xfe030e07, \
  0xfcfbf5f8, 0x240b1100, 0x00000000, 0x00000000, 0xfeff01fd, 0xf7f4ddfe, 0x04dddde1, 0x080ddb01, \
  0x0cecf2ef, 0xe7e10602, 0x0ae3ebff, 0xf90bf900, 0xf4e9f5ff, 0x00000000, 0x00000000, 0x42000000, \
  0x00000000, 0x00000000, 0x00000000, 0x00000000, 0x00000000, 0x00000000, 0x00000000, 0x00000000, \
  0x00000000, 0x00000000, 0x00000000, 0x00000000, 0x00000000, 0x00000000, 0x00000000, 0x00000000, \
  0x00040000, 0x00000000, 0x00000000, 0x00000000, 0x00000000, 0x00000000, 0x00000000, 0x00000000, \
  0x00000000, 0x00000000, 0x00000000, 0x00000000, 0x00000000, 0x00000000, 0x00000000, 0x00000000, \
  0x00000000, 0x00000000, 0x00000000, 0x41000000, 0x00000000, 0x00000000, 0x00000000, 0x00000000, \
  0x00000000, 0x00000000, 0x00000000, 0x00000000, 0x00000000, 0x00000000, 0x00000000, 0x00000000, \
  0x00000000, 0x00000000, 0x00000000, 0xe7d61805, 0xfbfe2108, 0x04f7e405, 0xf314fee9, 0xf0f601f1, \
  0xd7d408fc, 0x06020ffc, 0xfefb06e5, 0x05ffffff, 0xd3f3ca02, 0x10e302fd, 0x030afcfa, 0xdb06f5eb, \
  0xfe03030a, 0x0c01ffef, 0xf8f1f9e9, 0x01040911, 0xe118ff04, 0x070205d9, 0x0e060df1, 0xf5f5f2fd, \
  0xecefeb01, 0xe7fa070d, 0xf6faff00, 0x0af0e3fa, 0x09f20ff6, 0xf50b0ade, 0xfc07f9f1, 0xe0edd90f, \
  0xf4de00e1, 0xc6c9fdf3, 0x07f90000, 0x00000000, 0x00f70600, 0x509ac2a0, 0x00000022, 0xfdebfd09, \
  0x03ebf509, 0x0bfa01ed, 0xf7040309, 0x0d000709, 0xfc0cfe01, 0x05f40204, 0xecfafff8, 0x03fb0603, \
  0xfcf3f2f9, 0x160d090a, 0xf7f402fc, 0x0bfcf708, 0xfff90b03, 0x0c0ff6ee, 0xed05fd07, 0xe7fefffb, \
  0xfe08f8fe, 0xfcf309fa, 0xfaef0d07, 0x0ef914f4, 0x0219f513, 0x04f804f4, 0x0807f8e9, 0x0617f109, \
  0xfffdfc13, 0xf2efff0a, 0x0b02fefd, 0xec0cf806, 0x00f70ffb, 0xeb030e0d, 0x0ef50000, 0x00000000, \
  0x0000f300, 0x509ac2e0, 0x00000058, 0x00000000, 0x00000000, 0x3b000000, 0x00000000, 0x00000000, \
  0x00000000, 0x00000000, 0x00000000, 0x00000000, 0x00000000, 0x00000000, 0x00000000, 0x00000000, \
  0x00000000, 0x00000000, 0x00000000, 0x00000000, 0x00000000, 0x00000000, 0x00f00000, 0x00000000, \
  0x00000000, 0x00000000, 0x00000000, 0x00000000, 0x00000000, 0x00000000, 0x00000000, 0x00000000, \
  0x00000000, 0x00000000, 0x00000000, 0x00000000, 0x00000000, 0x00000000, 0x00000000, 0x00000000, \
  0x00000000, 0x42000000, 0x00000000, 0x00000000, 0x00000000, 0x00000000, 0x00000000, 0x00000000, \
  0x00000000, 0x00000000, 0x00000000, 0x00000000, 0x00000000, 0x00000000, 0x00000000, 0x00000000, \
  0x00000000, 0xf6fc02fd, 0x00f401ed, 0x06fe0af6, 0xf9f4e10a, 0x200c13d8, 0xee0b0cfc, 0xf90008f1, \
  0xf813fe15, 0xe1cffcdb, 0xeeeff801, 0xee060001, 0xfe03feed, 0xe8d5070a, 0x0af90207, 0xf70cf503, \
  0x1503f5f8, 0x0d0127cb, 0xe6fff7fd, 0x1df702f9, 0xfbfcf211, 0xe601f50d, 0x0203fef1, 0xfdfafeff, \
  0x07060902, 0x0f080ef8, 0xeee415ec, 0x03000301, 0x00fae20b, 0x050c040e, 0xe80907fb, 0xfd020406, \
  0x08fe0000, 0x00000000, 0x00f6fd00, 0x509ac380, 0x00000022, 0xfb2a0b0a, 0x03fd2f00, 0x06fde2f1, \
  0x08fc080e, 0x0df1f601, 0x01f40f08, 0xdc211c0a, 0xdf14ee1f, 0x12340d10, 0x12f2c7ea, 0xdef41cfa, \
  0x1efcfc0c, 0xffdbd51c, 0xe4f600de, 0xce2d0aff, 0x02f2f6f9, 0xfb0505d4, 0x0208f2f6, 0xef2017e5, \
  0xf81d1a09, 0x03f80407, 0xe00d1905, 0x1fff04fe, 0x0000f702, 0xfaed03fc, 0x17dd01fc, 0x0ef8ea11, \
  0xe6e625de, 0x1dfbfff3, 0xff05c627, 0xf20effee, 0x1b040000, 0x00000000, 0x00d90700, 0x509ac3c0, \
  0x00000058, 0x00000000, 0x00000000, 0x7b000000, 0x00000000, 0x00000000, 0x00000000, 0x00000000, \
  0x00000000, 0x00000000, 0x00000000, 0x00000000, 0x00000000, 0x00000000, 0x00000000, 0x00000000, \
  0x00000000, 0x00000000, 0x00000000, 0x00000000, 0x00ff0000, 0x00000000, 0x00000000, 0x00000000, \
  0x00000000, 0x00000000, 0x00000000, 0x00000000, 0x00000000, 0x00000000, 0x00000000, 0x00000000, \
  0x00000000, 0x00000000, 0x00000000, 0x00000000, 0x00000000, 0x00000000, 0x00000000, 0x42000000, \
  0x00000000, 0x00000000, 0x00000000, 0x00000000, 0x00000000, 0x00000000, 0x00000000, 0x00000000, \
  0x00000000, 0x00000000, 0x00000000, 0x00000000, 0x00000000, 0x00000000, 0x00000000, 0xfb040ffb, \
  0xec0e1d0c, 0x02071b0f, 0x0310f019, 0x110ced0b, 0x0ff61403, 0x29fbf9ff, 0x07e60c17, 0xf60ee417, \
  0xe4010902, 0xdf1503f3, 0x0e030f0a, 0xe81a00f1, 0x05fb01f5, 0x0a0d10f7, 0xfaed1e03, 0x02eb0c01, \
  0x12f809f8, 0x030a20f1, 0xfc05f90e, 0x0c120210, 0xfefa0a0d, 0xf3070708, 0x080a011c, 0x05f71eef, \
  0xfe260107, 0x14fd0cff, 0xfc1904ff, 0xe91d2d02, 0xe70702fa, 0x08f30e0e, 0xfb010000, 0x00000000, \
  0x0008e900, 0x509ac460, 0x00000022, 0x16f90dfd, 0xf502fefc, 0xeef0deff, 0xfde1eb0d, 0xfe0af00b, \
  0x22ff0702, 0xfaebebfd, 0xf5f901fb, 0x0e0110f1, 0x10fff7fe, 0xff0e170f, 0x1907eff5, 0xe60008f1, \
  0xef07d0f9, 0xf5fd0315, 0x16e9e803, 0x01021ef4, 0xe7edebdd, 0xfa1000fa, 0x1ce7f104, 0xf71409fc, \
  0xff161e02, 0x04ea3619, 0x04121ff3, 0xfb06fd26, 0x160b15f8, 0xf3f5f017, 0x060e0c11, 0x04deda08, \
  0x03e3e209, 0x0ffef3f4, 0xf6010000, 0x00000000, 0x00040900, 0x509ac4a0, 0x00000017, 0x00000000, \
  0x00000000, 0x55000000, 0x00000000, 0x00000000, 0x00000000, 0x00000000, 0x00000000, 0x00000000, \
  0x00000000, 0x00000000, 0x00000000, 0x00000000, 0x00000000, 0x00000000, 0x00000000, 0x00000000, \
  0x00000000, 0xfcde102b, 0x1a04c7e1, 0x19000000, 0x00000000, 0x00280000, 0x509b0000, 0x00000178, \
  0xff07fcf7, 0xf607fdf7, 0x05fdef02, 0xfbfb030c, 0x0004f206, 0x10080902, 0x0015f9f7, 0x01f11610, \
  0xf3191005, 0x00ffffff, 0xffffff00, 0x00fc0419, 0xefeef0dc, 0xf7d4f9f3, 0xfef905f7, 0x1cf60100, \
  0xff0000fa, 0xfafdfe08, 0x050e0214, 0xf904090c, 0xf8f1eee8, 0x080118f0, 0x0d15f805, 0xfdf900f9, \
  0x0605e6f8, 0x03fe0507, 0xfa03fefc, 0x1107edf0, 0x10f1f601, 0xfefcfcfc, 0x00000100, 0xfefef3d8, \
  0xd8fee9e0, 0x120fef02, 0xeae106fe, 0xea150ef9, 0x01fd00f4, 0xe50c0fea, 0xf2f4eee9, 0xf6ede8ed, \
  0xfdf9ff01, 0x08fbf905, 0xf6fd02fb, 0xf40808fa, 0xf4020104, 0x01f616f5, 0xe4e2d5ee, 0x00f4ecef, \
  0xf103f415, 0x1aeef511, 0xf4f5dcf6, 0xfff5e803, 0xe9e70102, 0xfbf1f5e2, 0x0808f7f2, 0x0f0f1316, \
  0x070e0108, 0xf5ed0619, 0x0e10ec0c, 0xfff7120d, 0xfb0713f4, 0x03e80108, 0xf4f70f06, 0xfb01feff, \
  0x00fc02fd, 0xfe0114f3, 0x1af6fc10, 0x07f107f1, 0xf908fdfc, 0x02090304, 0x04e71107, 0x04f50506, \
  0xf80af1f2, 0x07f8e1f7, 0x0310f6e2, 0x1701f1f4, 0xf204fa0f, 0xffefff05, 0xfd00fb0f, 0xfaf9f1ff, \
  0x0aecf702, 0xf6f6eff8, 0xf8f8fbfa, 0xfaf4f1f3, 0xf9f8f3f7, 0xf7f500fe, 0xfd0102fb, 0x08070403, \
  0x0a04140f, 0xed0efb11, 0x00000000, 0x00fffffe, 0xffcef1ea, 0xf006fb02, 0xf2d9f7fd, 0xe7e3ecff, \
  0x0f170e08, 0xeae9f6f5, 0xf0131510, 0xffff0000, 0x00000000, 0x00ff00fe, 0xfcf6ff01, 0x07050000, \
  0x010001fe, 0xfd0104fe, 0x17f8f3f4, 0xe7e2e8da, 0x0202f400, 0x07f10605, 0xf3050500, 0xfcf2f405, \
  0x09f50000, 0x00000000, 0x00000004, 0xf8ebf609, 0xf4fb0603, 0xd8070df2, 0xf30bef00, 0x021d160c, \
  0x13fefc03, 0xe900fb01, 0xfdfb0600, 0xe7f0d909, 0xf7f4fcf8, 0xf7f9f8f8, 0xfffefffe, 0x01ff0000, \
  0x00f8f7f6, 0xf8f5f4f3, 0xf3f0111b, 0xf2230bf1, 0x1b0ee406, 0xf60af503, 0x04f7f5f3, 0xfdfcf404, \
  0xf2f7e1ea, 0xf5fa02fb, 0x090a09f5, 0xfc03faf9, 0xf1faf702, 0xf7f0f001, 0xfd030203, 0xfb010000, \
  0x02020100, 0x00000000, 0x00010101, 0x02010101, 0x00000000, 0x00000000, 0x00000000, 0x00000000, \
  0x00000000, 0xfefefdfd, 0xfdfdfdfd, 0xfd000000, 0x00000000, 0x00000000, 0x00000000, 0x00000000, \
  0x00000000, 0x00000000, 0x00000000, 0x00000000, 0x00000000, 0x00000000, 0x00000000, 0x00010203, \
  0x03030400, 0x00000000, 0x00010100, 0x00000000, 0x00000000, 0x00000000, 0x00ffffff, 0xffff0001, \
  0x01000100, 0x00000000, 0x00000000, 0x00000000, 0x00000000, 0x00000000, 0x00fcfcfd, 0xfcfdfeff, \
  0x00000000, 0x00000000, 0x00000000, 0x00000000, 0x00000000, 0x00000000, 0x00000000, 0x00000000, \
  0x00000001, 0x01000000, 0x00000000, 0x00000000, 0x00000000, 0x00000000, 0x00ffff00, 0x00ff0000, \
  0x00000000, 0x00000000, 0x0000fafa, 0xfbfbfbfc, 0xfdfeff00, 0x00000000, 0x00000000, 0xffffff00, \
  0x00000000, 0x00000000, 0x00000002, 0x02020000, 0x00000000, 0x00000000, 0x00000000, 0x00000000, \
  0x00000000, 0x00000000, 0x00000000, 0x00000000, 0x00000000, 0x00ff0000, 0xff000000, 0x00000000, \
  0x00000000, 0x00000000, 0x00010101, 0x01fffefe, 0xfefefdfd, 0xfcfc0000, 0x00000000, 0x00000001, \
  0x01020202, 0x02010102, 0x00000000, 0x00000000, 0xff000000, 0x01010100, 0x0001ffff, 0xfefffffe, \
  0x00ffff04, 0x03010201, 0x00000000, 0x00000000, 0x00000000, 0x00000000, 0x00000000, 0x00000000, \
  0x00000000, 0x000000ff, 0x0000ffff, 0x00000000, 0xffff0000, 0x00000000, 0x00000000, 0x00000000, \
  0x00000000, 0x00000000, 0x00000004, 0x04040304, 0x03010101, 0x05050505, 0x05050303, 0x02000000, \
  0x00000000, 0x00000304, 0x03030302, 0x01010001, 0x00000000, 0x00000000, 0x03040403, 0x04030202, \
  0x02000000, 0x00000000, 0x0000fefe, 0xfefefffe, 0xfefefe00, 0x00000000, 0x00000000, 0x00000000, \
  0x00000000, 0x0000fffe, 0xfffffeff, 0xfefe0000, 0x00000000, 0x00000000, 0x00000000, 0x00000000, \
  0x00000000, 0x00000000, 0x41000000, 0x00000000, 0x00000000, 0x00000000, 0x00000000, 0x00000000, \
  0x00000000, 0x00000000, 0x00000000, 0x00000000, 0x00000000, 0x00000000, 0x00000000, 0x00000000, \
  0x00000000, 0x00000000, 0x00000000, 0x000d0000, 0x00000000, 0x00000000, 0x00000000, 0x00000000, \
  0x00000000, 0x00000000, 0x00000000, 0x00000000, 0x00000000, 0x00000000, 0x00000000, 0x00000000, \
  0x00000000, 0x00000000, 0x00000000, 0x00000000, 0x00000000, 0x00000000, 0x3e000000, 0x00000000, \
  0x00000000, 0x00000000, 0x00000000, 0x00000000, 0x00000000, 0x00000000, 0x00000000, 0x00000000, \
  0x00000000, 0x00000000, 0x00000000, 0x00000000, 0x00000000, 0x00000000, 0xfc0b160a, 0x0cf11002, \
  0x01040300, 0xf8f90101, 0xfd060bfe, 0xfc050113, 0x06f70dfb, 0x17fcfdff, 0x06fe0c07, 0xfa090514, \
  0x01f70908, 0x0bfafd01, 0x0614040a, 0x0c07f90e, 0x02fe0701, 0x0d0103fe, 0xfffe0713, 0xfafc04fd, \
  0x05f90ee9, 0xfb0507f0, 0x120a09fc, 0x0608fcf6, 0x09f902f8, 0x0107110c, 0x0108050a, 0x03f80007, \
  0x08fb0503, 0x0e071b06, 0xf7fc08fe, 0x15fbfa13, 0x0210fa09, 0x19030000, 0x00000000, 0x00f91400, \
  0x509b02a0, 0x00000022, 0xed0a050b, 0x18022817, 0xfe130dfc, 0x0df50915, 0x01e60400, 0xee11fc0f, \
  0xfc0912f5, 0xfb0201f3, 0xf00d00f8, 0x02f91406, 0xf91bf217, 0xe9f70bfc, 0x13f2feed, 0x1c0af9f5, \
  0xf11ee0f5, 0x21ea21fa, 0xfeffe8f5, 0x3cf71008, 0x1bf6effe, 0x220c1308, 0xf7fb26f6, 0xe309ef04, \
  0xdf00e615, 0x04f0fff3, 0x0dfef815, 0xf30c1e13, 0xe4f60cfc, 0xf9050b05, 0xf7fa0807, 0x11f619fa, \
  0xed14fffe, 0x00f60000, 0x00000000, 0x0000fa00, 0x509b02e0, 0x00000058, 0x00000000, 0x00000000, \
  0x3c000000, 0x00000000, 0x00000000, 0x00000000, 0x00000000, 0x00000000, 0x00000000, 0x00000000, \
  0x00000000, 0x00000000, 0x00000000, 0x00000000, 0x00000000, 0x00000000, 0x00000000, 0x00000000, \
  0x00000000, 0x00f60000, 0x00000000, 0x00000000, 0x00000000, 0x00000000, 0x00000000, 0x00000000, \
  0x00000000, 0x00000000, 0x00000000, 0x00000000, 0x00000000, 0x00000000, 0x00000000, 0x00000000, \
  0x00000000, 0x00000000, 0x00000000, 0x00000000, 0x3e000000, 0x00000000, 0x00000000, 0x00000000, \
  0x00000000, 0x00000000, 0x00000000, 0x00000000, 0x00000000, 0x00000000, 0x00000000, 0x00000000, \
  0x00000000, 0x00000000, 0x00000000, 0x00000000, 0x00070009, 0xf6fff3fd, 0x0606020a, 0xfefb04f7, \
  0x1a070209, 0x0f120500, 0x02040e0d, 0x00160618, 0xfd0409ec, 0x0e0ef603, 0x09fa1b06, 0xf0f30301, \
  0x0cff1c0c, 0x0e070200, 0x0d06fc12, 0xfff8f70a, 0x110209f9, 0x15ff11f9, 0x1623f907, 0x030b1105, \
  0x091007fa, 0x0d07f2fd, 0x0f0f04fa, 0x05010a06, 0xfde913fb, 0x0605fcf6, 0x0efa1100, 0xf3fe060b, \
  0x13fafa08, 0x1c1005fb, 0x1501090e, 0xff120000, 0x00000000, 0x00210e00, 0x509b0380, 0x00000022, \
  0xd9f91fe0, 0x33153ee9, 0x16d2de07, 0xf5d9e613, 0x51fb3017, 0xd0fb15fd, 0x09ee21df, 0xcae2161e, \
  0x20fe23d7, 0x38d8e1f5, 0xb710220f, 0x21fc150c, 0xff19dcee, 0x170aeac9, 0xca320818, 0x1ffbd500, \
  0x140acdd8, 0x12e9d8dc, 0x411fd703, 0xfc0752fa, 0xf4093ff1, 0x1405ef3e, 0xee07ff13, 0x233fa4f7, \
  0x4a1eb619, 0xfde83b21, 0xe2dbfe31, 0xe407c7ff, 0xe2ccee08, 0x17c2fc02, 0xedfefbfe, 0xc1f30000, \
  0x00000000, 0x00db2c00, 0x509b03c0, 0x00000058, 0x00000000, 0x00000000, 0x7b000000, 0x00000000, \
  0x00000000, 0x00000000, 0x00000000, 0x00000000, 0x00000000, 0x00000000, 0x00000000, 0x00000000, \
  0x00000000, 0x00000000, 0x00000000, 0x00000000, 0x00000000, 0x00000000, 0x00000000, 0x00050000, \
  0x00000000, 0x00000000, 0x00000000, 0x00000000, 0x00000000, 0x00000000, 0x00000000, 0x00000000, \
  0x00000000, 0x00000000, 0x00000000, 0x00000000, 0x00000000, 0x00000000, 0x00000000, 0x00000000, \
  0x00000000, 0x00000000, 0x3b000000, 0x00000000, 0x00000000, 0x00000000, 0x00000000, 0x00000000, \
  0x00000000, 0x00000000, 0x00000000, 0x00000000, 0x00000000, 0x00000000, 0x00000000, 0x00000000, \
  0x00000000, 0x00000000, 0x0d19f6e7, 0x0d0f0af9, 0xed1a0700, 0x02f7e603, 0xfb0bef10, 0xe8030006, \
  0x06fcf5f3, 0xf20ff9ff, 0x22fb1c01, 0x0000f40e, 0x0902ff00, 0x07f507f5, 0xf3e7fcf2, 0xfb030e09, \
  0xfcf7f915, 0x2109fffa, 0xfaf0ee03, 0xf2f9fafc, 0x08fb0a00, 0x17efe905, 0xfffff100, 0x05031301, \
  0x22010ff2, 0x24fffc08, 0xf60a0b0f, 0x022e0efe, 0xeafef509, 0x0400150c, 0x0f0613fa, 0xf312f207, \
  0x091101f5, 0x01090000, 0x00000000, 0x00fdf100, 0x509b0460, 0x00000022, 0xf1f9f814, 0xfa06fd08, \
  0xeffd12fa, 0xe400fc10, 0x10f1edf3, 0xf90201ef, 0x100e05ff, 0xfb02e2ef, 0xfb0a0f05, 0xfef9ff04, \
  0xeb09eb03, 0xe6f918fd, 0xf0f4ff0e, 0x02faf9e9, 0x0b0edf07, 0x0c0f1002, 0x12f7e714, 0x0a01e4fe, \
  0x0af805ff, 0xebf909fa, 0x100505f4, 0xfa08eb08, 0xfbff080b, 0x0c000f10, 0x09020012, 0x0c1ce8fb, \
  0xe3f51bf6, 0x01f31b07, 0xfffcfc0f, 0x240009f5, 0xfcec1209, 0x010d0000, 0x00000000, 0x000ad800, \
  0x509b04a0, 0x00000017, 0x00000000, 0x00000000, 0x4e000000, 0x00000000, 0x00000000, 0x00000000, \
  0x00000000, 0x00000000, 0x00000000, 0x00000000, 0x00000000, 0x00000000, 0x00000000, 0x00000000, \
  0x00000000, 0x00000000, 0x00000000, 0x00000000, 0xe304f1e2, 0x0a16f920, 0xf1000000, 0x00000000, \
  0x00110000, 0x509b4000, 0x00000178, 0xfcf7f8f8, 0x0bfd0bfa, 0x08f5fae3, 0x0901fcff, 0xf9ecef0f, \
  0x1001040a, 0x080b0d01, 0xff0a0f0f, 0xfa100eea, 0xfdfefffd, 0xfefffeff, 0xfff2fa14, 0x02fc11eb, \
  0xebed20f7, 0xff1717ec, 0x0a09eb02, 0xfa000002, 0x00020303, 0x0c09fef1, 0xf1fb0b0b, 0xf40dedf9, \
  0xe6eb02f5, 0xf3f6fae1, 0xebfcf3fa, 0x09f1fc03, 0x06fe07fb, 0xfa07f401, 0x120b1afa, 0x19fe1519, \
  0x0807fc0b, 0xf7fb09fd, 0xfd05f4fa, 0xfdeff4e0, 0x12faebf7, 0x0112ebeb, 0xe9f40710, 0x01f004e9, \
  0xf4ecfefa, 0x0cecfe00, 0xebeefef9, 0xf9ecfc01, 0xf7fb08f0, 0xf4fa0505, 0x08f8f709, 0xf504f7ef, \
  0xfefb0617, 0x0af219f5, 0xf9030f15, 0x0bfaecf9, 0xf7121afd, 0xfd07f1f7, 0xed07f709, 0xdcfef7de, \
  0x0bf302fb, 0x03fbeb14, 0x1016f203, 0x05140bf5, 0x02fff714, 0xf1fefaef, 0x09eafa10, 0xf9fc050d, \
  0xf4f20efb, 0xf7fd0010, 0xf2f6f2ff, 0x09fef6fb, 0x03ebfae4, 0x06f4f3f6, 0x0ffd02ff, 0x000102ff, \
  0xfd0b090f, 0xf3090ff2, 0x151d14ff, 0xfef706ec, 0xfdfae9f8, 0x0a05e5e6, 0x0ffede14, 0xf4f50f10, \
  0x00120810, 0xef0b03fc, 0xedfc00f5, 0xf70f02ff, 0xf5f5eaf6, 0xf2f5f9fb, 0xfafdecf6, 0x02fdf5fa, \
  0xf7f203fe, 0xfefafefd, 0xf404f7ec, 0x08ec1010, 0xf218ed0d, 0xfc0000fd, 0x0000fdff, 0xfeefebe7, \
  0xe501faf3, 0xfffe13f5, 0x0919ff09, 0x1714f6f3, 0xf402f807, 0xe8feffff, 0xfefdfdfe, 0xfdfdfefe, \
  0xfe0302fe, 0xf5fb0c06, 0xfafa0000, 0x00000000, 0xfffffc14, 0x11fbf00b, 0x0df4f7ed, 0xfe010304, \
  0xf0fdedfd, 0xf80902f9, 0xf609f100, 0xf7ef0000, 0x00000000, 0xfffffffc, 0xfc0100f5, 0xf8fef6f6, \
  0xdbf3fad2, 0xd9f6bce5, 0xf7ef0bf5, 0xff0d04f3, 0x08ec05ec, 0xd21f0ae5, 0xf5e5e8fd, 0xf10807f0, \
  0x0704f3f2, 0x01000000, 0xff01fe00, 0x00f4f4f4, 0xf6f5f6f7, 0xf7fbf70e, 0x0804f70c, 0x0d19e50f, \
  0x0a10eaeb, 0x08f0f608, 0xf30717eb, 0xf0f2eb01, 0xedf2eff1, 0x0bef0401, 0x050df7f8, 0xfbfafaf3, \
  0xf9fafffb, 0xeff6ee00, 0xf8fbf602, 0xfb07f808, 0xf7fd02fc, 0xfdf8faff, 0xfd0b09f3, 0xfb040000, \
  0x00000000, 0x00000003, 0x01f9fffe, 0xff03fb03, 0x00000000, 0x00000000, 0x00000000, 0x00000000, \
  0x00000908, 0x04fffc08, 0x00080200, 0x00010000, 0x02000102, 0x00000000, 0x00000000, 0x000404ff, \
  0xfbfd01fe, 0xfdff0802, 0xfef9f303, 0x0bfff909, 0xfefd06fa, 0x09fd04fe, 0x030302ff, 0xfe01fa02, \
  0xfdf7f807, 0xf80a06f8, 0x00f7fb02, 0x00fc0003, 0xfe0505fe, 0x0100fe01, 0xfcfefffe, 0x00000000, \
  0x00000000, 0x00faf408, 0xfb030cfe, 0x020bfef5, 0xfef5f5f4, 0xfa0707fe, 0xff050308, 0x0afbf806, \
  0x00000000, 0x000100ff, 0x01f80901, 0x01070602, 0x00060d02, 0xf10c040c, 0x05080b02, 0x0700fa02, \
  0x00f7fd09, 0x00000000, 0x00000000, 0x00fd0300, 0xfeff0102, 0xfc050302, 0x00010000, 0x02000009, \
  0xfe00f6f7, 0x03050cfd, 0x0f0bfa04, 0xfefa0807, 0x09f50706, 0xf602f1f6, 0xfbfe0202, 0x0003ff03, \
  0x03fe0100, 0x000301ff, 0x00ff0303, 0xf6f600fb, 0x070404fa, 0xf20803f2, 0x0708f6f8, 0x070a0000, \
  0x00000000, 0x000000fb, 0x05fcfe01, 0xfcfdfa04, 0x01fbff02, 0x000806f9, 0x0b000000, 0x0000fe01, \
  0x02020000, 0x00000000, 0x00000001, 0x0301ffff, 0xff000000, 0xfcf8f901, 0x00fd0707, 0xfbfb08f3, \
  0x0d0d0201, 0x0b0d0d08, 0xfc030f01, 0x0afcfc00, 0xff00fe01, 0xfffeff01, 0xfff5f30b, 0x00fd05ff, \
  0x0cff0402, 0xfcfcfb01, 0x050502fe, 0x0a04fef3, 0xfcf4f90c, 0xf4f5fbf5, 0x0ef50605, 0x0900f804, \
  0x08070bf4, 0x08000000, 0x00000000, 0x0000f904, 0xfefbfd0b, 0xfefe00f5, 0x08fb03ff, 0x06fa0507, \
  0xfcf908fc, 0xfdfb0302, 0x01000000, 0x010000ff, 0x00000000, 0x00000000, 0x00000000, 0x00000000, \
  0x00000000, 0xfd0102fe, 0xff01fdfc, 0x04000000, 0x00000000, 0x00000901, 0x0cf8ff07, 0xf9050300, \
  0x00000000, 0x00000000, 0x00000000, 0x00000000, 0x00fa0400, 0xfe0bfb05, 0xf8fbfa08, 0xfbfa04fc, \
  0x03f6f2ff, 0x010000ff, 0x020002ff, 0x00000000, 0x00000000, 0x3f000000, 0x00000000, 0x00000000, \
  0x00000000, 0x00000000, 0x00000000, 0x00000000, 0x00000000, 0x00000000, 0x00000000, 0x00000000, \
  0x00000000, 0x00000000, 0x00000000, 0x00000000, 0x00000000, 0x00000000, 0x00f60000, 0x00000000, \
  0x00000000, 0x00000000, 0x00000000, 0x00000000, 0x00000000, 0x00000000, 0x00000000, 0x00000000, \
  0x00000000, 0x00000000, 0x00000000, 0x00000000, 0x00000000, 0x00000000, 0x00000000, 0x00000000, \
  0x00000000, 0x3f000000, 0x00000000, 0x00000000, 0x00000000, 0x00000000, 0x00000000, 0x00000000, \
  0x00000000, 0x00000000, 0x00000000, 0x00000000, 0x00000000, 0x00000000, 0x00000000, 0x00000000, \
  0x00000000, 0xf7e9f7f0, 0xe30ee4f7, 0xf8f606e1, 0xf019f014, 0x15ecf9fb, 0x0b1ae9ed, 0xe1ffe9ff, \
  0x0f0f051a, 0xe3e3fff9, 0x01ec1605, 0x0910dbe1, 0xfeff0d0a, 0xf9f0fccd, 0x11f6e705, 0xcef70a1d, \
  0x08fa0cfc, 0xf5e0f8e3, 0xfdeaffd8, 0xe8fbf418, 0xf1e9f601, 0x13e2fbe3, 0xe1ebf6fb, 0xe307f0f1, \
  0xeffdfffe, 0xf3f010ed, 0xf0e0dfcb, 0xf1f9f5fd, 0x04f802f5, 0x000c1bfc, 0xef1310f8, 0x1911fbfd, \
  0xd9020000, 0x00000000, 0x0001f200, 0x509b42a0, 0x00000022, 0xfe1101e9, 0x0e0e01fc, 0xf40ffe1b, \
  0xf313f007, 0x17f91105, 0xfbe314f4, 0x0807051b, 0xf30ffa05, 0x14ed0deb, 0x0405ee10, 0xedf91ae3, \
  0x15f2f80d, 0xf60bf106, 0xe4f7fb03, 0xe8ff05fb, 0x00ffdeef, 0x07f0130d, 0xfe0ffdf0, 0xe704fef7, \
  0xfd1d18f2, 0x05f91ff9, 0xf8e41ef1, 0x1a0efc02, 0x0d1d02e5, 0x04f3fbed, 0xf4fdf2f7, 0xf50d041d, \
  0xf700fefb, 0x0c09020d, 0xfc0fdeee, 0x01ffe3fa, 0xfd050000, 0x00000000, 0x00fafc00, 0x509b42e0, \
  0x00000058, 0x00000000, 0x00000000, 0x3c000000, 0x00000000, 0x00000000, 0x00000000, 0x00000000, \
  0x00000000, 0x00000000, 0x00000000, 0x00000000, 0x00000000, 0x00000000, 0x00000000, 0x00000000, \
  0x00000000, 0x00000000, 0x00000000, 0x00000000, 0x00040000, 0x00000000, 0x00000000, 0x00000000, \
  0x00000000, 0x00000000, 0x00000000, 0x00000000, 0x00000000, 0x00000000, 0x00000000, 0x00000000, \
  0x00000000, 0x00000000, 0x00000000, 0x00000000, 0x00000000, 0x00000000, 0x00000000, 0x41000000, \
  0x00000000, 0x00000000, 0x00000000, 0x00000000, 0x00000000, 0x00000000, 0x00000000, 0x00000000, \
  0x00000000, 0x00000000, 0x00000000, 0x00000000, 0x00000000, 0x00000000, 0x00000000, 0xfafa08fa, \
  0xf4fdf6f2, 0xf1e4efba, 0xc402f1f8, 0xeef0fa16, 0xf5e905f9, 0x040afaf5, 0xf8eaf8e1, 0xea0cfff4, \
  0xc5f8f6fd, 0xff04edfc, 0x0802e701, 0xe115080b, 0xfe0c12e8, 0xfc03f7f9, 0xf1eff003, 0xf606f205, \
  0x13fce907, 0x080d06f7, 0x06effafc, 0xfd08c6f7, 0xe2ce12f9, 0xfdecf802, 0xfff1fa01, 0xf7f8ccf6, \
  0xee0afcfb, 0x0307e207, 0x02eff9f9, 0xdf07ede6, 0xf5fb0605, 0xedfffcf9, 0xd7ef0000, 0x00000000, \
  0x00e8eb00, 0x509b4380, 0x00000022, 0xfa1fee1b, 0x140b1cfa, 0x07f4321a, 0x17ff160a, 0x251c1d07, \
  0xee2019ec, 0xd6f10fdc, 0xf50df015, 0xf5f3e0f7, 0xf5f1ecf5, 0xcd01d1f5, 0xf5de21fd, 0xe4fedaf3, \
  0x262c09ed, 0xf0f6fa0b, 0x160a13f4, 0xed09fbf3, 0xf3f6f7eb, 0x1307e0fc, 0x0204e9f5, 0x1e041313, \
  0xc2fd0913, 0x04f903f5, 0xfd1ffd08, 0x09f70308, 0x1d13f512, 0xf001ed0c, 0xf9e4fc1b, 0x05df2aee, \
  0x17ebe207, 0x0bf111ee, 0xe5050000, 0x00000000, 0x002bc600, 0x509b43c0, 0x00000058, 0x00000000, \
  0x00000000, 0x7a000000, 0x00000000, 0x00000000, 0x00000000, 0x00000000, 0x00000000, 0x00000000, \
  0x00000000, 0x00000000, 0x00000000, 0x00000000, 0x00000000, 0x00000000, 0x00000000, 0x00000000, \
  0x00000000, 0x00000000, 0x00e80000, 0x00000000, 0x00000000, 0x00000000, 0x00000000, 0x00000000, \
  0x00000000, 0x00000000, 0x00000000, 0x00000000, 0x00000000, 0x00000000, 0x00000000, 0x00000000, \
  0x00000000, 0x00000000, 0x00000000, 0x00000000, 0x00000000, 0x41000000, 0x00000000, 0x00000000, \
  0x00000000, 0x00000000, 0x00000000, 0x00000000, 0x00000000, 0x00000000, 0x00000000, 0x00000000, \
  0x00000000, 0x00000000, 0x00000000, 0x00000000, 0x00000000, 0xc5f50ff0, 0x0cdf0405, 0x14f3e2f8, \
  0xf7fa09e8, 0xf8d000e1, 0xd101e7e9, 0xd815f405, 0x110cece7, 0x0006cfed, 0xfbfe0bfb, 0x07eefbfe, \
  0xfa070009, 0x1806eefd, 0xf606fbe6, 0xfbf6e8c9, 0xe61bde0c, 0xf2f105ed, 0xe0fc0e09, 0xec14c600, \
  0xfefd190b, 0xf1d706e2, 0xece9e7e8, 0xdef5e5f1, 0xe8dfeeff, 0x1e0bd3e7, 0xfbf0d9ed, 0x02c903df, \
  0xeecef8fa, 0xe7e6b9b9, 0x06d508f2, 0xe31acb05, 0xf9fd0000, 0x00000000, 0x00f4e900, 0x509b4460, \
  0x00000022, 0xf420fbf6, 0x08050707, 0x17170a23, 0xe505f600, 0x1f1013f6, 0x02f009ec, 0x07ec1910, \
  0xf71ff3f3, 0x20eb0dea, 0x0b3417f9, 0xeaea07dd, 0x09000733, 0x061cf0fd, 0xf5fd2309, 0x09090cf1, \
  0xf31adfdc, 0x2408f928, 0xff0fe4e3, 0xf3eb0616, 0xf01d03fe, 0x0b19f41a, 0x0ff40d04, 0x0d0b01e8, \
  0x08e7da1d, 0xede2e9e5, 0xf004f8f1, 0x0a1003d8, 0xf2df0b04, 0xf2e1fff3, 0x0f1af612, 0xfee60fe8, \
  0x08210000, 0x00000000, 0x0014ed00, 0x509b44a0, 0x00000017, 0x00000000, 0x00000000, 0x54000000, \
  0x00000000, 0x00000000, 0x00000000, 0x00000000, 0x00000000, 0x00000000, 0x00000000, 0x00000000, \
  0x00000000, 0x00000000, 0x00000000, 0x00000000, 0x00000000, 0x00000000, 0x00000000, 0xeb1a11e0, \
  0xfcc02e03, 0x10000000, 0x00000000, 0x00f50000, 0x509b8000, 0x00000178, 0x04090908, 0x030904fc, \
  0x05f706e9, 0xec080b0e, 0x07ec0d05, 0x0f0f1406, 0x11f60af2, 0xf9080500, 0x060003f0, 0xfefffffe, \
  0xffff0000, 0x00fef2f2, 0xf00feeea, 0xeaf7f605, 0xf419f804, 0x02efedfb, 0xfdff0805, 0xfff1f9fc, \
  0x11f510e6, 0xede4f2fb, 0xfb0e0afe, 0xfff206f9, 0x0ceef8f6, 0xe3eaf703, 0xeaf901f7, 0x00f30004, \
  0x05fc08fb, 0x0602ee00, 0x15131114, 0x15f8fd09, 0xf80503ff, 0x0001dbe5, 0xe20fe2f0, 0x14fb0cf1, \
  0xf806ecef, 0x01f8f418, 0xf7faf5f0, 0x06ff0af6, 0x12ebf3fe, 0x0800fd05, 0x00f9fdf6, 0xfe00f203, \
  0x0203fff3, 0x0603fe04, 0xfafcf2f8, 0xf4fef5f7, 0xeef3070f, 0xf7030505, 0x030e0903, 0x0a040605, \
  0x0ee8e209, 0xe7f2f416, 0xefeaf002, 0x02e4e6ed, 0xf3140d02, 0xf80816fd, 0xf90e0204, 0x17110b13, \
  0x040aeff6, 0x0906f819, 0xf4fdfa0f, 0x0cf709ff, 0x06faf605, 0x00030906, 0xfa0204ff, 0xfff90fef, \
  0x14eaff07, 0xfb18f8f7, 0xf2fef4f5, 0xf1f60702, 0x1112f4ef, 0xed1bfb05, 0xdd0a16de, 0xf501e6f4, \
  0x1310e4fa, 0x0eee000d, 0x070d0bf3, 0x08fdfc03, 0x120b0911, 0x0cfeed06, 0x0aeff503, 0xf3ecfaf8, \
  0xf3f6fbf9, 0xfbfaf1fa, 0x0300e8f9, 0xf8f50100, 0xfffc01fc, 0x09faf1ea, 0xf7f010fe, 0x061b0ef8, \
  0xfe0000ff, 0x00ffffff, 0xffe1e4e9, 0xe8f502de, 0xffda0905, 0xf51209ef, 0x01ef0dde, 0xdf00fbf7, \
  0xf0f500f8, 0xfffefdff, 0xffff0000, 0x00fb0008, 0xfa0408fe, 0x09fc0000, 0xfd000005, 0xfdf7fa1a, \
  0x1017fbfc, 0xfbf00be6, 0xf7f906f8, 0x09fe05ee, 0x050d09ec, 0x0409fb0c, 0x0bfb0000, 0x00000000, \
  0xffffffea, 0x02fef9fe, 0xf5050908, 0x080c0de5, 0xea14d50a, 0xf7f00405, 0x000b0108, 0x000b0805, \
  0xe9fb0bdb, 0xf3eed6fe, 0x0503f004, 0x06f3040d, 0xfbffff06, 0x03fefc01, 0x00f5f5f5, 0xf7f6f0f6, \
  0xf5f8f817, 0xf712f6e7, 0x02fbdc00, 0x02f40212, 0x0efcfe03, 0x140613f0, 0xf9e2fae8, 0x0cf30102, \
  0xf4f3f9fa, 0x0306faf9, 0xf9f9f9ec, 0xf9f5f1f1, 0xf8f5fd03, 0xf9f8fe04, 0xfcfbfc04, 0xfafe0001, \
  0xfe000000, 0x00000000, 0x00000000, 0x00000000, 0x00000000, 0x00000000, 0x00000000, 0x00000000, \
  0x00000000, 0x00000000, 0x00000000, 0x00000001, 0x0000ff00, 0x04040100, 0x00000000, 0x00000000, \
  0x00000000, 0x00000000, 0x00000000, 0x00020202, 0x04fc0000, 0x00000000, 0x00000000, 0x00000000, \
  0x0000ff01, 0x0001fffe, 0xff0000ff, 0x01040605, 0x04fff9fb, 0x05040101, 0xfe020203, 0x03fbfd00, \
  0xff020101, 0xfd01ffff, 0x00000000, 0x00000000, 0x00000000, 0x00000000, 0x01000100, 0x00000000, \
  0x00000002, 0x02000403, 0xfe0601f9, 0x00000000, 0x00ffffff, 0x00000000, 0x00000000, 0x00000205, \
  0x050004ff, 0xfdfaff00, 0x01010000, 0x02fd0307, 0x00000000, 0x00000000, 0x00000000, 0x00000000, \
  0x00000000, 0x00000000, 0x00000003, 0xff0103ff, 0x00020301, 0x00000000, 0x00000000, 0x00000100, \
  0xffff00fe, 0xff000000, 0x00000000, 0x00010100, 0x00000000, 0x00000000, 0x00000000, 0x01010001, \
  0x00fbfefd, 0x02faff02, 0x04ff0000, 0x00000000, 0x00000000, 0x000001fe, 0x03ffff01, 0x0302fc03, \
  0x0604fef9, 0x020000ff, 0x010100ff, 0xfe010000, 0x00000000, 0x00000000, 0x00000000, 0x00000000, \
  0x00000000, 0x0003fefc, 0x02000000, 0x00000100, 0x01fffdfd, 0xff040102, 0x00feff00, 0x00000000, \
  0xff00ff00, 0x00000000, 0x00000000, 0x00030101, 0xfdfdfafd, 0xfbfdfe01, 0xff000204, 0x01020700, \
  0x00010000, 0x01000000, 0xff000002, 0x00010100, 0x01000000, 0x00000000, 0x00000000, 0x00000000, \
  0x00000003, 0xfbfbfbfb, 0x0a0403f9, 0xffff01fe, 0xff010101, 0x06000000, 0x00000000, 0x000001ff, \
  0x00000000, 0xfffefe00, 0x00000000, 0x00000000, 0x00000000, 0x00000000, 0x00000000, 0x00000000, \
  0x00000000, 0x00000000, 0x00000000, 0x00000000, 0x00000000, 0x00000000, 0x00000000, 0x00000000, \
  0x00000000, 0x00000000, 0x00000000, 0xff0000ff, 0xff0000ff, 0x01fffe00, 0x00000000, 0x00000000, \
  0x3f000000, 0x00000000, 0x00000000, 0x00000000, 0x00000000, 0x00000000, 0x00000000, 0x00000000, \
  0x00000000, 0x00000000, 0x00000000, 0x00000000, 0x00000000, 0x00000000, 0x00000000, 0x00000000, \
  0x00000000, 0x00180000, 0x00000000, 0x00000000, 0x00000000, 0x00000000, 0x00000000, 0x00000000, \
  0x00000000, 0x00000000, 0x00000000, 0x00000000, 0x00000000, 0x00000000, 0x00000000, 0x00000000, \
  0x00000000, 0x00000000, 0x00000000, 0x00000000, 0x3e000000, 0x00000000, 0x00000000, 0x00000000, \
  0x00000000, 0x00000000, 0x00000000, 0x00000000, 0x00000000, 0x00000000, 0x00000000, 0x00000000, \
  0x00000000, 0x00000000, 0x00000000, 0x00000000, 0x0000e510, 0x21231808, 0x09f2d8f1, 0xfde0fbec, \
  0xea12f4f3, 0x0e35f821, 0x05050527, 0xdd1c03fc, 0xe8fd1eea, 0x2000f8dc, 0xf4ff040a, 0x0bfb07ef, \
  0x36eff903, 0x0af020e9, 0x19f0fae3, 0xfcfc01fa, 0xf5f60d1c, 0xeec8061a, 0xfff90ae1, 0xf7f6dcf9, \
  0xe516220e, 0xf7061a09, 0x040106fd, 0xf80700fe, 0xeff61cfe, 0xfc31150d, 0x09f7e404, 0xe3e3f912, \
  0xeb0817e8, 0x0df8ebdc, 0xc91204ff, 0x03fc0000, 0x00000000, 0x0006f000, 0x509b82a0, 0x00000022, \
  0x02f303e9, 0xffda11ec, 0xf80a0408, 0xf709f8fa, 0xf6fb11f1, 0x07fdecec, 0xfc0bea19, 0xfb0413e5, \
  0x0705010d, 0xf416f301, 0x02ed0304, 0xfff3ff00, 0xfa0104fb, 0xfbe1e917, 0x1024ed17, 0xfb19ebfa, \
  0x04ed030b, 0x09090208, 0x00fb1406, 0x0fe6fc03, 0xf3fa08ef, 0x010818fb, 0x05fb06f5, 0xf12a09f3, \
  0xfa0f10f9, 0x0210f9fe, 0xfaeff1f0, 0xf20006ed, 0x07fd090e, 0xf4f7efec, 0x00f3f30c, 0x03020000, \
  0x00000000, 0x00f00a00, 0x509b82e0, 0x00000058, 0x00000000, 0x00000000, 0x3b000000, 0x00000000, \
  0x00000000, 0x00000000, 0x00000000, 0x00000000, 0x00000000, 0x00000000, 0x00000000, 0x00000000, \
  0x00000000, 0x00000000, 0x00000000, 0x00000000, 0x00000000, 0x00000000, 0x00000000, 0x00fc0000, \
  0x00000000, 0x00000000, 0x00000000, 0x00000000, 0x00000000, 0x00000000, 0x00000000, 0x00000000, \
  0x00000000, 0x00000000, 0x00000000, 0x00000000, 0x00000000, 0x00000000, 0x00000000, 0x00000000, \
  0x00000000, 0x00000000, 0x3e000000, 0x00000000, 0x00000000, 0x00000000, 0x00000000, 0x00000000, \
  0x00000000, 0x00000000, 0x00000000, 0x00000000, 0x00000000, 0x00000000, 0x00000000, 0x00000000, \
  0x00000000, 0x00000000, 0xfb04feec, 0xfc0a1fee, 0x0c100f1a, 0x2a022aef, 0x0c010609, 0xfef2fae1, \
  0xfcf7f105, 0x0431f3fd, 0xff24f916, 0x13010b11, 0x2ae2f2f8, 0x0c171cd8, 0x08f303fb, 0xfc21fd1d, \
  0xf2120402, 0x0fff00f7, 0x0ed14127, 0xdc1404f3, 0xd009060a, 0x0c06fa01, 0x31121bfd, 0x170efd02, \
  0xfb0f011d, 0x02fbedf3, 0x10fe1bf9, 0xf71ce619, 0xdce908ec, 0xf7f21614, 0x20fa071e, 0xfcfefe01, \
  0x03fd0fee, 0x16020000, 0x00000000, 0x00fc1200, 0x509b8380, 0x00000022, 0x080b541e, 0xf620f8fa, \
  0x0df221e3, 0x0febec18, 0xe418cfda, 0xf728a9e1, 0xfff209fe, 0x090e16f8, 0x30fb1108, 0x03da1203, \
  0x1ef4f918, 0xd914f117, 0x4b0614ff, 0x2e05ed05, 0xe434d926, 0x1223d1f3, 0xec1ed403, 0x32ec04e7, \
  0x1529ed2e, 0x180635fd, 0xee18eaff, 0x111bcb38, 0xc1e7fb00, 0x04e61c0e, 0xecdb0918, 0xad13fbf1, \
  0xedd4f312, 0xf1db0543, 0x2aec1acf, 0x1e20160c, 0xe0bf13d7, 0xdc290000, 0x00000000, 0x0026fb00, \
  0x509b83c0, 0x00000058, 0x00000000, 0x00000000, 0x75000000, 0x00000000, 0x00000000, 0x00000000, \
  0x00000000, 0x00000000, 0x00000000, 0x00000000, 0x00000000, 0x00000000, 0x00000000, 0x00000000, \
  0x00000000, 0x00000000, 0x00000000, 0x00000000, 0x00000000, 0x001f0000, 0x00000000, 0x00000000, \
  0x00000000, 0x00000000, 0x00000000, 0x00000000, 0x00000000, 0x00000000, 0x00000000, 0x00000000, \
  0x00000000, 0x00000000, 0x00000000, 0x00000000, 0x00000000, 0x00000000, 0x00000000, 0x00000000, \
  0x3e000000, 0x00000000, 0x00000000, 0x00000000, 0x00000000, 0x00000000, 0x00000000, 0x00000000, \
  0x00000000, 0x00000000, 0x00000000, 0x00000000, 0x00000000, 0x00000000, 0x00000000, 0x00000000, \
  0x17f2baf8, 0xfdfe06df, 0xf5f206e6, 0x07ceebd8, 0xf622f2f4, 0xfcf1f4f4, 0xf30408f7, 0xe5180ae8, \
  0x00fd29ed, 0xdffafee4, 0x00d9eff3, 0xe6fcf1ec, 0x0603f5e9, 0xed010507, 0xe6d90a0c, 0x0119ece0, \
  0xea05cdfb, 0x010dfce8, 0x22d003e3, 0x0cfbe4f8, 0xfae2cfef, 0xfaf803eb, 0x17d0040f, 0xfa01f4ea, \
  0xe8e1ff02, 0x1500ff03, 0xdb14ed09, 0xebeb0df3, 0x16f1000a, 0xfa0bf809, 0x02091dc2, 0xfcdc0000, \
  0x00000000, 0x00fd0300, 0x509b8460, 0x00000022, 0x0410fe07, 0x0e1afa10, 0xf7e4fe0b, 0xf8f2f5fc, \
  0x0cf909f3, 0xfd0f11fe, 0xec05f4fc, 0xf40a080f, 0x120ffcfc, 0xff3c11d3, 0xd8e40fef, 0x0d10ff25, \
  0xf5f3f601, 0x020ffffb, 0xf9161a02, 0x1806e606, 0x06e50b29, 0xf7dff304, 0xf5eaee0d, 0x021ef3f6, \
  0x08120020, 0xffe30df3, 0x0b1e0dff, 0xfeddfcf3, 0xdacd14d2, 0x101cfdf9, 0x150a1bdd, 0xe5f417f1, \
  0xe4f508e2, 0xf92bdff1, 0xf40b10f0, 0x02f60000, 0x00000000, 0x0014e700, 0x509b84a0, 0x00000017, \
  0x00000000, 0x00000000, 0x57000000, 0x00000000, 0x00000000, 0x00000000, 0x00000000, 0x00000000, \
  0x00000000, 0x00000000, 0x00000000, 0x00000000, 0x00000000, 0x00000000, 0x00000000, 0x00000000, \
  0x00000000, 0x00000000, 0x1cf3e9e3, 0x0f1e1ffd, 0xc7000000, 0x00000000, 0x00120000, 0x509bc000, \
  0x00000178, 0x00fefbfe, 0x0000fcfa, 0x03080700, 0xecf60409, 0xf7010213, 0xf5f201f4, 0x090806fa, \
  0xf609e6ea, 0x15f3e60b, 0xff000200, 0xfffefffe, 0xfeeffefe, 0x11090c10, 0x12f2090e, 0xf4f60704, \
  0x08ec1506, 0x08f3faf5, 0xf2fff5f9, 0x1e070a11, 0x07fb03f0, 0x04fc0a10, 0x0c030d0c, 0xe7fffbfa, \
  0xedfd0805, 0x02f810fd, 0xf8f30501, 0xf304f5f1, 0x00ebf4f1, 0xdff002f4, 0xf3f70909, 0xfa05fc00, \
  0xfbfc02f4, 0x01f2e9ef, 0xf8f3ef19, 0x1f1709fc, 0xf9fbeafa, 0x0af2f1f8, 0x11fae8f2, 0x02f9030f, \
  0xf4ffe906, 0x011002f9, 0xf6f7f702, 0xfffbf40b, 0xf908f905, 0xf2030a05, 0xc8e300e8, 0x070ce3ec, \
  0x02f4f00d, 0xf40ef706, 0xeefd1905, 0xf8fdeff7, 0xfa0df9f5, 0xe1e6e5ee, 0x11f9f2f7, 0xee00ea14, \
  0x05162108, 0x0b000508, 0xf6ff02e1, 0xd9ee02f3, 0x05f0f2ff, 0xfb080601, 0xfbf7f6e4, 0xe805e6ff, \
  0x01fa0404, 0x0c00f80a, 0xfedce8d6, 0xea10e818, 0xed03fa03, 0xfdf90afd, 0xf9fcfcfb, 0x08f4f602, \
  0xf905e5e4, 0xec05f5fa, 0x0b00fa15, 0xece9d6ef, 0xebffeae5, 0x1105f401, 0x0807070a, 0xeaeefcff, \
  0xf203fdec, 0x0300f5fc, 0xf2ed03f4, 0xf9eef6ed, 0xf7effbf8, 0xf6eeeaf8, 0xf3eefefa, 0xfffffd01, \
  0x00fffff8, 0xf1ecf00c, 0x0ef6e4ee, 0x00000000, 0x00000000, 0x000408f5, 0xeefdf3fb, 0x06f413fd, \
  0xf905f211, 0xe2d9d406, 0xe8f9f5f5, 0xf80ce8e1, 0x00ffffff, 0xfffefefe, 0xfefcf8f7, 0x01030504, \
  0x0501f8f8, 0xfbfefcf9, 0x02faff24, 0xf7080ef6, 0xf418f7e4, 0xfefe00fd, 0xf8fdfbff, 0xfb0101fe, \
  0xf3fef603, 0x08f30707, 0xfbf70403, 0xfcff03e8, 0x08fb0704, 0xfe06ee0d, 0xeae3f3ee, 0xe90012fe, \
  0x04f8e6c8, 0x05f90a14, 0x211eecee, 0xf113ff00, 0x0e0ff80a, 0xfd0009f7, 0xf5f20af6, 0xfffdfd03, \
  0x02fd0104, 0xfef2f9f8, 0xf5f9f9f8, 0xf4f8f8ec, 0xf7e807f5, 0xf40d0c19, 0x0af414f5, 0xe9040d17, \
  0xfc132014, 0x11f8f712, 0xf5f8feff, 0x070307f6, 0x08f5f3f6, 0xf9fffaf7, 0xf6f8fafe, 0x02f8fd05, \
  0x0107ff01, 0x14fe0407, 0x050ffafb, 0xe8ef03f1, 0xf6e6ece5, 0xe4f8c9ea, 0xe6e8f80d, 0xed05fc08, \
  0xfd00f9ff, 0xfc03f1fe, 0xf6e104ec, 0xeef4fb09, 0x07f7ebf3, 0x0903ecf5, 0xf62305fb, 0xd90bf6ed, \
  0x0af3efc8, 0xfef7e106, 0x06fff8ee, 0x160ad808, 0x08e6f2ef, 0xe0e9e4ea, 0xf0f9f0ee, 0xf5ef1f0d, \
  0x15fa0402, 0x0c080af0, 0xf9030bfa, 0x19f8000c, 0x090fdf11, 0xf0cc09ec, 0xdce6f20b, 0x01e2fee9, \
  0xded219fd, 0xdcd0d9fc, 0xef0007fa, 0xf3f8f8fd, 0xf6f9f7f9, 0x02fdfbf8, 0xf2ebf5f2, 0xee070c10, \
  0x20fb18f8, 0xf608e6f8, 0xf20bfe04, 0x0ffffcf2, 0x11e9faee, 0xf40a07fc, 0x0efaf70b, 0x07f502f9, \
  0xeed600f7, 0xdcf5f8c4, 0xe5ce0910, 0xe0f605d9, 0xe4e100d5, 0xeecdfd03, 0x0c031711, 0xfae8f8ea, \
  0xe5dde3f4, 0xe5e4dbde, 0xd2f0f5e1, 0xea0cf4ec, 0xe00afefb, 0xeefa08f7, 0xdff8f0e1, 0xfae6f8ea, \
  0xe6f3d7fe, 0xfbdee8f8, 0xf8ecfc0a, 0xd7e3fefe, 0xf2fce9e9, 0xf4fef9f1, 0x07efebfe, 0xfcf2f4f4, \
  0xf8f0f7f8, 0x1806f6fd, 0x0e0bf8f5, 0x0af2f3f9, 0xedd3f5ea, 0xfbfc0905, 0x17f0f212, 0xf90606f5, \
  0xf5fdf9fd, 0xffff00fb, 0x04ebf600, 0xe500e0fa, 0xf6e80ef5, 0xf4fbefe5, 0xddd50000, 0x00000000, \
  0x000000f7, 0xfff3e7f1, 0xdee0ddfb, 0x07080308, 0xfef60c03, 0xfc0214f5, 0xf6151c17, 0x10ff0603, \
  0x19f50203, 0xf9e1f11a, 0x0f090c09, 0x041406d6, 0xbcdc01f5, 0xf70afbf6, 0x0aebec04, 0xf30bedfe, \
  0x14fd130d, 0x08fefade, 0xe1e5e907, 0x04f7f7ee, 0xfaf7f8fa, 0xf4fafe00, 0x07fa0509, 0xebfbf5fc, \
  0xe7dfe5e9, 0xe4e9b1cc, 0xe2e30a0a, 0x130a09e3, 0xfe150aec, 0x03ea09eb, 0xfc0a1515, 0x10080af4, \
  0x0feff711, 0xf0dfe1e1, 0xe0f0f0ee, 0xf3ef060e, 0xfb0a10ef, 0xf402f5f8, 0xfcf6fafa, 0x02e10edc, \
  0xfa1af906, 0x0af2f1f5, 0xf1f80cf2, 0xf90cfaf9, 0xf60d0a0d, 0xf30bfd00, 0x0000feff, 0x00ff0000, \
  0xf402fef5, 0xf4f8fcf3, 0xe9f4f9fb, 0xea0ce0f3, 0xe9feec00, 0x09f90509, 0xe200da06, 0xe4e301ef, \
  0x05f2f0f7, 0x00000000, 0x00000000, 0x40000000, 0x00000000, 0x00000000, 0x00000000, 0x00000000, \
  0x00000000, 0x00000000, 0x00000000, 0x00000000, 0x00000000, 0x00000000, 0x00000000, 0x00000000, \
  0x00000000, 0x00000000, 0x00000000, 0x00000000, 0x00ff0000, 0x00000000, 0x00000000, 0x00000000, \
  0x00000000, 0x00000000, 0x00000000, 0x00000000, 0x00000000, 0x00000000, 0x00000000, 0x00000000, \
  0x00000000, 0x00000000, 0x00000000, 0x00000000, 0x00000000, 0x00000000, 0x00000000, 0x3e000000, \
  0x00000000, 0x00000000, 0x00000000, 0x00000000, 0x00000000, 0x00000000, 0x00000000, 0x00000000, \
  0x00000000, 0x00000000, 0x00000000, 0x00000000, 0x00000000, 0x00000000, 0x00000000, 0xdd09fdfa, \
  0xf6e80c02, 0xfc0b16e8, 0x07fb09f7, 0x06ee01ed, 0x1d1303ee, 0xf5eaff05, 0x140b0e10, 0x00f30111, \
  0x090b1e17, 0x181207fa, 0xfff40af6, 0x1a0211f8, 0xf8f615fa, 0xff0b0817, 0xf9f9edf3, 0xf009fa02, \
  0x0fdb060d, 0x1dfcf815, 0xf0141209, 0x0af1eef2, 0x13f31807, 0x081b0303, 0xfd0c0501, 0xff0c0518, \
  0xf3f000f8, 0x02fd100e, 0x05eb0202, 0x170f0bfd, 0x1618fb05, 0x0100091a, 0xff050000, 0x00000000, \
  0x00f1e500, 0x509bc2a0, 0x00000022, 0xfc041d17, 0x05e31a02, 0x19f2fd01, 0x0a1203f6, 0xf7eff813, \
  0xfce1f3f6, 0x01e3eafc, 0xf61207fc, 0x0af5ef1a, 0x19fe0106, 0x0213e812, 0xf7ef1715, 0x220e0916, \
  0x0de6e90e, 0x07f9dc10, 0x090315fd, 0xef07df0c, 0x161d01f2, 0x230c000a, 0xe7ff0df6, 0xe50b03fc, \
  0x1132d109, 0xf210f8e5, 0xfe00e711, 0x021dde02, 0xef130904, 0xe9ebfcf6, 0x010602f5, 0xf502f9f0, \
  0x06f320ee, 0xfde1eef0, 0xe60f0000, 0x00000000, 0x00030100, 0x509bc2e0, 0x00000058, 0x00000000, \
  0x00000000, 0x3b000000, 0x00000000, 0x00000000, 0x00000000, 0x00000000, 0x00000000, 0x00000000, \
  0x00000000, 0x00000000, 0x00000000, 0x00000000, 0x00000000, 0x00000000, 0x00000000, 0x00000000, \
  0x00000000, 0x00000000, 0x00f90000, 0x00000000, 0x00000000, 0x00000000, 0x00000000, 0x00000000, \
  0x00000000, 0x00000000, 0x00000000, 0x00000000, 0x00000000, 0x00000000, 0x00000000, 0x00000000, \
  0x00000000, 0x00000000, 0x00000000, 0x00000000, 0x00000000, 0x3f000000, 0x00000000, 0x00000000, \
  0x00000000, 0x00000000, 0x00000000, 0x00000000, 0x00000000, 0x00000000, 0x00000000, 0x00000000, \
  0x00000000, 0x00000000, 0x00000000, 0x00000000, 0x00000000, 0x010801ea, 0x02fef107, 0xfef8f2db, \
  0xfefc0efb, 0x01ecf60c, 0xfaeefc0a, 0xf5f5fef4, 0xf0ecf718, 0x081bff06, 0xfcf7fc05, 0x0e06e100, \
  0x0af1f919, 0xf5ff0902, 0x0f1609f6, 0xfbe7c8ea, 0xfbf80028, 0xdb00e424, 0xf50df401, 0xf5fd04e8, \
  0x01f018f4, 0xfaf9f103, 0xf8f1f60c, 0xfa03fd0d, 0x04fc0be7, 0xf6f50e03, 0xfcfe0909, 0xe5daebe8, \
  0x0cf40604, 0xdf12f2f8, 0xf7f402fc, 0xebf7e813, 0xe7f90000, 0x00000000, 0x00f10100, 0x509bc380, \
  0x00000022, 0x0910fc17, 0xf91e0ff5, 0x0a031fde, 0xed0a150c, 0x05ec1409, 0x0225f705, 0x060afff1, \
  0x06ebf021, 0x01190814, 0x1be6fe11, 0xf9fa0cf3, 0xfbc2e7ff, 0xe30109dd, 0xe40df1eb, 0x07edf7f2, \
  0xeee5ec0d, 0x10fae3e9, 0xff01ecf6, 0xe9f00ee7, 0x03fe0b0b, 0xf4ec0fce, 0xf02dfb02, 0x26def314, \
  0xf10a070e, 0x1617f221, 0x16150b27, 0x02f60a26, 0x07f5ffe7, 0x10e9f5f6, 0xf8e40a1e, 0xec170303, \
  0x05100000, 0x00000000, 0x002ade00, 0x509bc3c0, 0x00000058, 0x00000000, 0x00000000, 0x75000000, \
  0x00000000, 0x00000000, 0x00000000, 0x00000000, 0x00000000, 0x00000000, 0x00000000, 0x00000000, \
  0x00000000, 0x00000000, 0x00000000, 0x00000000, 0x00000000, 0x00000000, 0x00000000, 0x00000000, \
  0x00ea0000, 0x00000000, 0x00000000, 0x00000000, 0x00000000, 0x00000000, 0x00000000, 0x00000000, \
  0x00000000, 0x00000000, 0x00000000, 0x00000000, 0x00000000, 0x00000000, 0x00000000, 0x00000000, \
  0x00000000, 0x00000000, 0x00000000, 0x40000000, 0x00000000, 0x00000000, 0x00000000, 0x00000000, \
  0x00000000, 0x00000000, 0x00000000, 0x00000000, 0x00000000, 0x00000000, 0x00000000, 0x00000000, \
  0x00000000, 0x00000000, 0x00000000, 0xd7f900dd, 0x17e3d1f2, 0xdee2fb0f, 0xf3f0fdf6, 0xd2fff4f7, \
  0xb1f7d4e9, 0xee0c0bff, 0xe414edcf, 0xf113fdde, 0x050e11e4, 0x03c6e6eb, 0xe70e0fd8, 0xe903f2da, \
  0xc40af0cd, 0xe1e2eae2, 0xe5fee6fa, 0xddeadde5, 0xe5f5f0f0, 0xe4cfe6f6, 0xf0fdee10, 0xd5d404d7, \
  0xf1f2ecf4, 0xece1dfe9, 0xe8eed201, 0xff18e609, 0x16fde6fc, 0xfae5eef2, 0xcddadbf9, 0x0000d9cf, \
  0xfce802e6, 0xde14f207, 0xdf040000, 0x00000000, 0x00efdf00, 0x509bc460, 0x00000022, 0xf000fcff, \
  0x190201fb, 0x16faf3f0, 0x01f1071e, 0xf5fb0ef7, 0x0a08f6f2, 0x0c0215dd, 0xe7fe1e1c, 0x1711fd06, \
  0x18f0fdf0, 0xf81417f5, 0x000c0ee8, 0x08f806fa, 0x10150dff, 0xfbf21607, 0x10fae718, 0x18fcee05, \
  0x0df3fbf2, 0x08f9f700, 0xe50afe05, 0x0b0af4f3, 0xf9ff08f5, 0xeff30206, 0x0503030a, 0xf10c0003, \
  0xfcf604e8, 0x19080514, 0xeb011105, 0xe6fc1b06, 0xff01f804, 0xfffe12f6, 0x00ff0000, 0x00000000, \
  0x00f70500, 0x509bc4a0, 0x00000017, 0x00000000, 0x00000000, 0x53000000, 0x00000000, 0x00000000, \
  0x00000000, 0x00000000, 0x00000000, 0x00000000, 0x00000000, 0x00000000, 0x00000000, 0x00000000, \
  0x00000000, 0x00000000, 0x00000000, 0x00000000, 0x00000000, 0xed153205, 0xe5d21ff9, 0xe0000000, \
  0x00000000, 0x00040000, 0x50d80000, 0x00000178, 0xfafeff02, 0xff02f9fe, 0xfeef03fc, 0x07f4f5ff, \
  0x08eb0114, 0x11fc0306, 0x16130607, 0xf904f6f7, 0xfc0116f3, 0x00000000, 0x00000000, 0x00eff6fc, \
  0xfce600d9, 0xdddc1a04, 0xfd1a02fc, 0x1509f001, 0x00000201, 0xfffdfefd, 0xe3fbf0fe, 0x0b06ecfc, \
  0x06f0f0f6, 0xe7ea0305, 0xe2edf4fb, 0xe7f5f705, 0x03f5fb00, 0x00ff00ff, 0x01000001, 0xececf5ed, \
  0xfe1ef816, 0x2a000000, 0x00000000, 0x0000c6ea, 0xeeedf2f3, 0x20f4fbf0, 0xf4dffdfe, 0x02fef2f1, \
  0xed030ee5, 0x060a16fc, 0x010cf4f5, 0x05f1ebee, 0x030601fe, 0x02fcfd01, 0xfffffcfe, 0xfd02fbfa, \
  0xfdf9fc02, 0xc8ddecff, 0xe6e61ffb, 0xdf0fe701, 0x06f2f913, 0xfbf10106, 0xf0f4e0f8, 0xf7f9e82d, \
  0xfceb18e7, 0xf2f401eb, 0x18171026, 0x07f803f1, 0xf2fcee0b, 0x23eff428, 0x110de0e9, 0xeedc03ef, \
  0x01eff9e7, 0x0af8e8f2, 0x01f6f307, 0x00000000, 0x00000100, 0x000a120a, 0x0e051e01, 0x0e0df901, \
  0xfe02fe01, 0x0100ffef, 0xef010afb, 0x0bf8f518, 0xf3de13ef, 0xfc0ffcf3, 0x00fbfce9, 0x1207f111, \
  0x00fa0508, 0xfdf309f2, 0xfe0d0ef5, 0xf1ff04fa, 0x01f40000, 0xf8f7f7f9, 0xf9f8fcfa, 0xf9fcfaf7, \
  0xfefdf7fc, 0xfffd01fe, 0xff02ffff, 0xfe04fcf2, 0xf2fcf20a, 0x13050009, 0x00000000, 0x0000ff00, \
  0x00edf800, 0xfffffef1, 0x01e5e706, 0xe81102f2, 0x0f0e18ef, 0xfce40efd, 0x1408f604, 0x00000000, \
  0x00000000, 0x00ff00ff, 0xfe0000ff, 0xfe010000, 0x00000000, 0x00000007, 0x03eb0303, 0xf8d1e5e9, \
  0xfd010200, 0x01ff0402, 0xfefcfbfa, 0xfefcfc03, 0x00fc0000, 0x00000000, 0x00000000, 0x00f60300, \
  0xf8fff9f4, 0xd7eef6eb, 0x04fce9e1, 0x0b170b1c, 0xec0e03f0, 0xebf41f13, 0xfe291ff4, 0xfe00ccfd, \
  0x05fcff02, 0xfa000002, 0x00000000, 0x00000000, 0x00f9faf8, 0xf9fef9fb, 0xfdf81e18, 0x11131504, \
  0x0bff0301, 0x2517f4f8, 0x0101f909, 0xf2e70801, 0xe7e8d8ee, 0x0d0200f9, 0xfe0304fb, 0xfd04fafa, \
  0xf9f8f9f8, 0xf8f8f8fc, 0xfefd0000, 0x00010000, 0xf606ff04, 0x00090100, 0x0a0904f9, 0x0a0a0802, \
  0xfbf60200, 0x00fd0204, 0x05000200, 0x00000000, 0x00000000, 0x00000000, 0x00000000, 0x00ff00fd, \
  0x03fdfefe, 0x00fff9fc, 0xf508f80b, 0x03020000, 0x00000000, 0x00000000, 0x04fd0207, 0xfdfdfa05, \
  0xf50100fd, 0x03ff00fd, 0xfd030000, 0x00000000, 0x0000000f, 0xfef701fe, 0x03f5f702, 0x09050d0a, \
  0xf4f6ef01, 0x00fc0b06, 0xf9f8fbfe, 0xfa07010b, 0x02fdf9f4, 0x0902fff9, 0xfd0a01fa, 0x07fef9fe, \
  0x00000000, 0x00000000, 0x00fffdfe, 0x01ffff04, 0xfe0002ff, 0x02fe00fd, 0x00fe0005, 0xf902fa09, \
  0xfb05f2f9, 0x02000001, 0x02fe0404, 0xf6000000, 0x0000ff01, 0x02000001, 0x0002fe05, 0x0206fb00, \
  0x00ff0001, 0x0301fe04, 0x00000000, 0x00000000, 0x00000000, 0x00000000, 0x00000000, 0x00000000, \
  0x000000fd, 0xfefc0004, 0x030306fa, 0xfcfb0500, 0xf801ff05, 0xfeff070d, 0xf8080d0a, 0x0100fdfe, \
  0x01020000, 0x000000ff, 0x00f80204, 0xf70403fa, 0x0208fbfb, 0x070dfd05, 0xfdfeff03, 0x08fa0505, \
  0x0af80000, 0x01000000, 0x00000005, 0xfe01faff, 0x0206fcfc, 0x03080bf5, 0xff05050d, 0x02000000, \
  0x00000000, 0x00ff0000, 0x00000000, 0x00000000, 0x00000000, 0x00000000, 0x00000000, 0x00000002, \
  0xff000000, 0x00000000, 0x000003fb, 0xf7030305, 0x02040a05, 0x01f4fe04, 0x03fbfbf4, 0x00000000, \
  0x00ff0000, 0xff000000, 0x00000001, 0x0001fd05, 0xfb02fa05, 0xfdfbfbf8, 0x01fe04fb, 0xfefd0005, \
  0x0504fdff, 0x0201fefe, 0x00000000, 0x00000000, 0x000001fc, 0xfdff01ff, 0x0201fef9, 0x0e09f506, \
  0xf70d07ff, 0x08ff0303, 0xf5fffefa, 0x0304f408, 0xfff0f207, 0xfcfd0000, 0x00000000, 0x00000000, \
  0x00000000, 0x00000000, 0x00000000, 0x00000000, 0x00f4fd03, 0x06fcf6fc, 0xf9fefe01, 0xff000000, \
  0x00000000, 0x00000000, 0x00000000, 0x00000000, 0x00000000, 0x00000000, 0x00000000, 0x00010dfe, \
  0x030305fb, 0xf7fd05fa, 0xfbfbf2f9, 0x05fffd06, 0x00000000, 0x00000000, 0x3f000000, 0x00000000, \
  0x00000000, 0x00000000, 0x00000000, 0x00000000, 0x00000000, 0x00000000, 0x00000000, 0x00000000, \
  0x00000000, 0x00000000, 0x00000000, 0x00000000, 0x00000000, 0x00000000, 0x00000000, 0x00f40000, \
  0x00000000, 0x00000000, 0x00000000, 0x00000000, 0x00000000, 0x00000000, 0x00000000, 0x00000000, \
  0x00000000, 0x00000000, 0x00000000, 0x00000000, 0x00000000, 0x00000000, 0x00000000, 0x00000000, \
  0x00000000, 0x00000000, 0x3e000000, 0x00000000, 0x00000000, 0x00000000, 0x00000000, 0x00000000, \
  0x00000000, 0x00000000, 0x00000000, 0x00000000, 0x00000000, 0x00000000, 0x00000000, 0x00000000, \
  0x00000000, 0x00000000, 0xfe1ff104, 0x06ea1004, 0x04050ef6, 0x060d0104, 0x0cfe0108, 0x05210df7, \
  0x03080008, 0x0b200602, 0xfc0a1200, 0x0109231f, 0x04060c1d, 0x0e01040c, 0x02f7f823, 0x0b0afc07, \
  0xfeff0a22, 0x07ef230a, 0x04060dfb, 0x13fcf1fc, 0x08120021, 0x14090403, 0x0f0ff30c, 0x110efe14, \
  0xff02fcfe, 0x0b05f613, 0x16070009, 0xfdfd1d0c, 0xfe04fd24, 0x0212fd0b, 0x220af708, 0x140a080d, \
  0x0d06ff0e, 0x0dfb0000, 0x00000000, 0x0012fc00, 0x50d802a0, 0x00000022, 0x0002082a, 0xfa0df706, \
  0x03f2dc0d, 0x05f802eb, 0xfcf1f8f0, 0x1edbf509, 0x060e0013, 0xf4f608ee, 0x0c0112f8, 0x03f6e824, \
  0xfdfc02f9, 0x0ffffc1a, 0x0df6f1f7, 0xecf2dffb, 0x04fc06fa, 0xfb02e9fe, 0xfbfc080d, 0xff09fdec, \
  0x08e50003, 0xf31107ee, 0x000f03fe, 0xf6130401, 0xf61f13ff, 0xeff21225, 0xf3eaf6f9, 0xfa3bfbec, \
  0x05cde3e2, 0x07ef0cf0, 0xf6fff4f8, 0xf7090409, 0x05c1fb07, 0x0e130000, 0x00000000, 0x001cf600, \
  0x50d802e0, 0x00000058, 0x00000000, 0x00000000, 0x39000000, 0x00000000, 0x00000000, 0x00000000, \
  0x00000000, 0x00000000, 0x00000000, 0x00000000, 0x00000000, 0x00000000, 0x00000000, 0x00000000, \
  0x00000000, 0x00000000, 0x00000000, 0x00000000, 0x00000000, 0x00f50000, 0x00000000, 0x00000000, \
  0x00000000, 0x00000000, 0x00000000, 0x00000000, 0x00000000, 0x00000000, 0x00000000, 0x00000000, \
  0x00000000, 0x00000000, 0x00000000, 0x00000000, 0x00000000, 0x00000000, 0x00000000, 0x00000000, \
  0x3f000000, 0x00000000, 0x00000000, 0x00000000, 0x00000000, 0x00000000, 0x00000000, 0x00000000, \
  0x00000000, 0x00000000, 0x00000000, 0x00000000, 0x00000000, 0x00000000, 0x00000000, 0x00000000, \
  0x151604f5, 0xfb010f1c, 0x0602100d, 0x17fe0f02, 0xe90409e7, 0x190e0b09, 0x05fe1103, 0x0207f0fb, \
  0x20f70320, 0x2412f70d, 0x0202f515, 0xf6fffd05, 0x150c15fd, 0x04050e0a, 0x0e2b0117, 0xf8081d10, \
  0x0518e9fb, 0x230b0cfc, 0xfa1b0d0d, 0xfe12f30b, 0x05f11701, 0x02051304, 0x05060a13, 0xff0102f3, \
  0xfbf0ef08, 0x0805f613, 0xfd0ef703, 0xf11102e9, 0x0f0313f3, 0x160d0105, 0x17080f19, 0x181f0000, \
  0x00000000, 0x00140800, 0x50d80380, 0x00000022, 0xeb38ff07, 0x082c1bff, 0x103be206, 0xe015e206, \
  0x02faf6d7, 0x01d50fcd, 0xf10bf9ff, 0xfdd4eef2, 0x0c070aab, 0x00120633, 0xeb00f4b9, 0xf1eae30f, \
  0x02eaea15, 0xe9ed0fc0, 0xf5fb1fdb, 0xfd1900e2, 0xfa2c0deb, 0x060ef625, 0xe4f9fac2, 0x062b151e, \
  0x0ad101e2, 0xeaf22517, 0x29c50cfb, 0xdef6e4f7, 0xfe292ff4, 0x1ddff951, 0x16f6fbf2, 0xfc26f5fe, \
  0xdd29ff3d, 0x0c3bf5f7, 0x060001f7, 0x0a000000, 0x00000000, 0x00f71300, 0x50d803c0, 0x00000058, \
  0x00000000, 0x00000000, 0x77000000, 0x00000000, 0x00000000, 0x00000000, 0x00000000, 0x00000000, \
  0x00000000, 0x00000000, 0x00000000, 0x00000000, 0x00000000, 0x00000000, 0x00000000, 0x00000000, \
  0x00000000, 0x00000000, 0x00000000, 0x00060000, 0x00000000, 0x00000000, 0x00000000, 0x00000000, \
  0x00000000, 0x00000000, 0x00000000, 0x00000000, 0x00000000, 0x00000000, 0x00000000, 0x00000000, \
  0x00000000, 0x00000000, 0x00000000, 0x00000000, 0x00000000, 0x00000000, 0x3f000000, 0x00000000, \
  0x00000000, 0x00000000, 0x00000000, 0x00000000, 0x00000000, 0x00000000, 0x00000000, 0x00000000, \
  0x00000000, 0x00000000, 0x00000000, 0x00000000, 0x00000000, 0x00000000, 0x1a19f009, 0x27fdf505, \
  0xf5120204, 0xeafc0d01, 0xef00e6ee, 0x00fef603, 0xf2e9f702, 0xf61d1602, 0x20fb2503, 0x11180101, \
  0xf6ff0102, 0xff02f0f9, 0x29f9fdfb, 0x04221af8, 0xf302fc0d, 0x2ff301d9, 0xf2060308, 0xfdfff205, \
  0x14f304dd, 0x0a0d03f7, 0xfdf5eff5, 0x0c10fb09, 0xeefb15fa, 0x32030ef5, 0xf7171111, 0x11df1202, \
  0x061ef712, 0x09121d1b, 0x0f011f16, 0x040df701, 0x051121fa, 0x100a0000, 0x00000000, 0x000e2000, \
  0x50d80460, 0x00000022, 0x0b0e0916, 0x020cf307, 0xf8fcf009, 0x03fcf807, 0x00f403fc, 0x02fd08f0, \
  0xf9fdede9, 0x0501051b, 0x06fcff0a, 0xfeeffcec, 0xf8180b03, 0x080503f3, 0xf2f10efa, 0x021bef06, \
  0x0b0b0af5, 0x0a00f421, 0x03090cef, 0xfe08fd0a, 0xfa0a01f4, 0x08faf4fc, 0xfef70604, 0x05ff09fe, \
  0xffef1010, 0xf4df06ff, 0xf8fc0912, 0x0af9fe19, 0xfd190604, 0xfff407fd, 0xed19eb0c, 0xf6edf5fd, \
  0x05fff6f8, 0xf7000000, 0x00000000, 0x00fc0100, 0x50d804a0, 0x00000017, 0x00000000, 0x00000000, \
  0x51000000, 0x00000000, 0x00000000, 0x00000000, 0x00000000, 0x00000000, 0x00000000, 0x00000000, \
  0x00000000, 0x00000000, 0x00000000, 0x00000000, 0x00000000, 0x00000000, 0x00000000, 0x00000000, \
  0xf51df60e, 0xfb211227, 0xeb000000, 0x00000000, 0x00d00000, 0x50d84000, 0x00000178, 0x01fafef9, \
  0x070600fd, 0x02feedec, 0x01f4f2fd, 0x01f5f603, 0x0dff040d, 0x0c160ef4, 0x101619fe, 0x04011103, \
  0x00000000, 0x00000000, 0x00100119, 0x02f412fc, 0xe7d409f6, 0xfdeee9f5, 0x0813f3fe, 0x0000fafc, \
  0x01fcfcf9, 0xf9120ee7, 0xf5f71110, 0xf6f310e7, 0x04fff5ed, 0x1018f8e8, 0xebf40ffa, 0xf305eafc, \
  0x05fdf8fc, 0x00050300, 0xf803f614, 0x00091911, 0xec0203fb, 0x00ff0100, 0x010119ef, 0xde0700e2, \
  0xf60b00ec, 0xf4e707e8, 0x0c0b1505, 0xf910fc02, 0xe5020b09, 0x02eff113, 0x0906fee9, 0x060106f6, \
  0xfb01f3fc, 0x02fdf3f5, 0x07fbf5f5, 0x06f6f602, 0x15240b2f, 0x18f618d7, 0xf217ea04, 0xfdf005fc, \
  0xfdec08f2, 0xfbe6eef2, 0xf90bfced, 0xefededed, 0xf1090b0f, 0x12f001fb, 0xf113fb14, 0x09e5e50b, \
  0xf8090c02, 0xff030010, 0xf6f5fd06, 0x111509f8, 0xfcf5060f, 0x090cfb01, 0xfd0104ff, 0x00fefa01, \
  0xff29f80d, 0x16f20611, 0x0b0001f7, 0x0404f805, 0x00fffe16, 0x18f81412, 0x0d1a15f1, 0xf10c0ae9, \
  0x0e0af50d, 0xf5100200, 0xf9ecf0df, 0xf4ee0e03, 0xeff5f20d, 0xee0f0bf2, 0x0405fa04, 0xfcf7fb06, \
  0xf7f7f7f7, 0xf6f3fafb, 0xfaf7fdeb, 0xf9f7f3f5, 0xf5f202ff, 0xfe01fc00, 0x0afdf611, 0xfcf2fefc, \
  0x0e13f3ed, 0x00000000, 0x0000ffff, 0xffff1603, 0xf6ed02e7, 0xe2eeecec, 0xd307fff2, 0x1211f3f6, \
  0x04dff7fe, 0xea160418, 0x00000000, 0x00000000, 0x00f9f905, 0xf7f903fe, 0xfe020000, 0x00000002, \
  0xfefe0507, 0x140bf2f3, 0xe2e1d4dd, 0x06f9f909, 0xfe08f3f7, 0xf8f7fef9, 0xf5fbfdf8, 0xfef40000, \
  0x00000000, 0x00000002, 0x0304fffd, 0xfd02f6f8, 0xf1170ad8, 0xf8fed0ff, 0x01fcf413, 0xf0f700f2, \
  0x03e6f6e9, 0xef05e7fd, 0xd30103fd, 0xf50c0209, 0x07fcf8f3, 0xfffe0003, 0xfe000000, 0x00f9f8f7, \
  0xf9f7f7f6, 0xf6f400f2, 0xec000707, 0x01f0e3eb, 0xedf405f2, 0xe801f506, 0xf208eae0, 0xf3eae9dd, \
  0xedfb00fe, 0xfb0a04f3, 0xfcf3fafa, 0xf9faf9f2, 0xf9fb0104, 0x02fe0300, 0xfd00ff00, 0xf700fcf7, \
  0xfefff2f1, 0xfbf6f2f9, 0x0ef31003, 0xf2000003, 0x0203f8fa, 0x01f60203, 0x01030000, 0xffffff02, \
  0x00000000, 0x00000000, 0x00f6f7ff, 0xf2feff0a, 0x01fff600, 0x020901f4, 0xfb030304, 0x020001fd, \
  0x00ff0100, 0x08f602fc, 0xf2090008, 0x00f20c0a, 0xfe0a0b09, 0xfcf5fe06, 0x04080207, 0xfa02fe14, \
  0x020303ff, 0xf811fc0e, 0x07fffff2, 0x07090bf3, 0xf70ff1f9, 0x040df011, 0x07fd0e02, 0x0cfef40a, \
  0x02f6fcff, 0xfa01f50c, 0xf200f50d, 0xfe000100, 0x000000ff, 0x000efbff, 0xf9fe0001, 0x0bfb0102, \
  0x06020103, 0x0400fe00, 0xfe0506ff, 0xf80801fc, 0xf3fdfa08, 0xfa03f3fc, 0xfb00ff01, 0xff00feff, \
  0x000200f7, 0xfef9fd05, 0x0705f905, 0xfe040400, 0xfbf6fa05, 0x00000000, 0x00000000, 0x00ff0100, \
  0x0001ff00, 0x00000800, 0x00fefbff, 0xfb01fd0b, 0xfe08ff06, 0x0efb0c02, 0x02ff0308, 0x020df6f6, \
  0x040f01f6, 0x0ff8f80a, 0x0f1207fb, 0x000b00fc, 0x0bfc03f2, 0x0df707ff, 0x01fb03fd, 0xfe0f0efe, \
  0xf704020b, 0xf80009f6, 0x0bfaf3f4, 0xfc02ff01, 0xfc0000ff, 0x0000000c, 0xf3f208fe, 0x04f1f705, \
  0x05030500, 0x0e00000f, 0xfa000000, 0x000000ff, 0x01010000, 0x00000000, 0xff0100fd, 0x04060002, \
  0x0005fdfc, 0xfc0302ff, 0x03030002, 0x0307fbff, 0xfe01ff01, 0x00ff0f04, 0xf01207f0, 0x10f008fa, \
  0xf600f602, 0xf10cee03, 0x02fa01fd, 0xfefc01ff, 0xfef5fd02, 0x0a00fc03, 0xfb070601, 0xfaf30909, \
  0x03f70cf4, 0x0cf9000f, 0x120101fb, 0xfafffb0c, 0xfa03f7fa, 0x07010000, 0x00000000, 0x000000f7, \
  0x0b060407, 0x020c04f9, 0x070c08ee, 0x060dfb07, 0xfc000302, 0xfb02fa0b, 0xf503080a, 0xfe0a0004, \
  0xf2f7ff02, 0x03fd0102, 0x0100ff00, 0x00000000, 0x00000000, 0x00000000, 0x00000000, 0x000100fd, \
  0xfb0005fb, 0x08f0fffc, 0x03000205, 0x04fbfc00, 0xfe010000, 0x000000ff, 0xff00fe00, 0xfeff0000, \
  0x0001fe03, 0x00000101, 0xff040203, 0x100af6f9, 0x04f40efc, 0xf7fb0700, 0xf70b060a, 0x00000000, \
  0x00000000, 0x41000000, 0x00000000, 0x00000000, 0x00000000, 0x00000000, 0x00000000, 0x00000000, \
  0x00000000, 0x00000000, 0x00000000, 0x00000000, 0x00000000, 0x00000000, 0x00000000, 0x00000000, \
  0x00000000, 0x00000000, 0x00ff0000, 0x00000000, 0x00000000, 0x00000000, 0x00000000, 0x00000000, \
  0x00000000, 0x00000000, 0x00000000, 0x00000000, 0x00000000, 0x00000000, 0x00000000, 0x00000000, \
  0x00000000, 0x00000000, 0x00000000, 0x00000000, 0x00000000, 0x3e000000, 0x00000000, 0x00000000, \
  0x00000000, 0x00000000, 0x00000000, 0x00000000, 0x00000000, 0x00000000, 0x00000000, 0x00000000, \
  0x00000000, 0x00000000, 0x00000000, 0x00000000, 0x00000000, 0x09121b08, 0x04241105, 0x0e00fc1d, \
  0x0d0d100a, 0x42ff120b, 0x1d0307f0, 0x0b15ee0b, 0x0f110821, 0xf8230404, 0x06000e33, 0x1b151224, \
  0x0c0b14fc, 0x000f1bfa, 0x021d0f1b, 0x04090c24, 0x1e0d14fe, 0x1a0e090a, 0xfbfa12fe, 0x0d1d0b18, \
  0x25192a2d, 0xfb090707, 0x141d0afe, 0x020c050e, 0x1307fe21, 0x1e120511, 0x0c0f0e04, 0x0e1e0e0b, \
  0x0c11120a, 0x20090905, 0xfa082a10, 0x0f000bf9, 0xeb0f0000, 0x00000000, 0x00140a00, 0x50d842a0, \
  0x00000022, 0xf1f803e7, 0x03f3f7f6, 0x010708ec, 0x010603f7, 0xfc040606, 0xf4fefc09, 0x0ff20bff, \
  0x030d0308, 0x0df40304, 0xf8fffff1, 0x08ec1208, 0x060cf1fc, 0xf70cf3e1, 0x17f7fbf9, 0x020907f1, \
  0xfefaf600, 0x10fa0500, 0xfaf00e02, 0x0208f509, 0xf807f808, 0xfdf20d0a, 0xfd1ffa1e, 0xffea08f0, \
  0x030b0bf5, 0x110602fa, 0xf8fff800, 0xf3f4fe07, 0xf3fb070c, 0xfe0d00eb, 0xf8f3fa08, 0xf5fc00ef, \
  0x11030000, 0x00000000, 0x00f30600, 0x50d842e0, 0x00000058, 0x00000000, 0x00000000, 0x39000000, \
  0x00000000, 0x00000000, 0x00000000, 0x00000000, 0x00000000, 0x00000000, 0x00000000, 0x00000000, \
  0x00000000, 0x00000000, 0x00000000, 0x00000000, 0x00000000, 0x00000000, 0x00000000, 0x00000000, \
  0x00ec0000, 0x00000000, 0x00000000, 0x00000000, 0x00000000, 0x00000000, 0x00000000, 0x00000000, \
  0x00000000, 0x00000000, 0x00000000, 0x00000000, 0x00000000, 0x00000000, 0x00000000, 0x00000000, \
  0x00000000, 0x00000000, 0x00000000, 0x3e000000, 0x00000000, 0x00000000, 0x00000000, 0x00000000, \
  0x00000000, 0x00000000, 0x00000000, 0x00000000, 0x00000000, 0x00000000, 0x00000000, 0x00000000, \
  0x00000000, 0x00000000, 0x00000000, 0x10090b12, 0x00fff70c, 0x0a101b0c, 0x0b10171c, 0xfa03081f, \
  0x18090e1c, 0x1b2c1604, 0x0ffb2101, 0x1921fcfb, 0x0908fff8, 0x02fb1b1d, 0x0215f21d, 0x1dfc0c09, \
  0x1a09f818, 0x0801171e, 0xf8160f09, 0x110aeb19, 0x06012e0e, 0x0bfc071b, 0xfc08ff16, 0x081e1b10, \
  0x09010f11, 0x0a0e0309, 0x2c0d271a, 0xf5f2f2fa, 0xf8fb1103, 0x060d0f02, 0x160f1506, 0x091c0cee, \
  0x13fc0103, 0x0f0f190e, 0x20ff0000, 0x00000000, 0x0019ff00, 0x50d84380, 0x00000022, 0xe61aeb04, \
  0xc2fdfdf3, 0xee161f17, 0x1afd1505, 0xe802ddf9, 0xeffbf0ed, 0x1cf6eb02, 0x2f16cfe8, 0x28f40efc, \
  0x0a0cf115, 0xd8e2dfd9, 0x25044a0b, 0xd91e450a, 0xf1e8fa05, 0xf1121610, 0xe231fcd6, 0x1218dd1b, \
  0xeb0bd118, 0xfbebff1a, 0xf10df6e6, 0x3309e328, 0xc3f0c4eb, 0x24ed0ecf, 0x0aeb2917, 0xd6c609d8, \
  0xe90cd9d9, 0x020b22ce, 0xc5da0201, 0x11ee0cef, 0x1c4409fe, 0x2ce37d01, 0x271b0000, 0x00000000, \
  0x0033c400, 0x50d843c0, 0x00000058, 0x00000000, 0x00000000, 0x72000000, 0x00000000, 0x00000000, \
  0x00000000, 0x00000000, 0x00000000, 0x00000000, 0x00000000, 0x00000000, 0x00000000, 0x00000000, \
  0x00000000, 0x00000000, 0x00000000, 0x00000000, 0x00000000, 0x00000000, 0x00f10000, 0x00000000, \
  0x00000000, 0x00000000, 0x00000000, 0x00000000, 0x00000000, 0x00000000, 0x00000000, 0x00000000, \
  0x00000000, 0x00000000, 0x00000000, 0x00000000, 0x00000000, 0x00000000, 0x00000000, 0x00000000, \
  0x00000000, 0x40000000, 0x00000000, 0x00000000, 0x00000000, 0x00000000, 0x00000000, 0x00000000, \
  0x00000000, 0x00000000, 0x00000000, 0x00000000, 0x00000000, 0x00000000, 0x00000000, 0x00000000, \
  0x00000000, 0xea142018, 0xe90e0e15, 0x0d08f604, 0x12fd05fd, 0xe80a1cfc, 0x09120e1d, 0xee0202ea, \
  0x14f70302, 0x06fdde03, 0x0313eb08, 0x07ef1c08, 0x0104eafe, 0x02fc1015, 0x040b160c, 0x020d0bed, \
  0xfd0affff, 0x14001902, 0x01f30415, 0xf2f0f500, 0x0ffc0202, 0x080625fc, 0x1518fafb, 0xf6090515, \
  0x19f704f9, 0x2311e506, 0x0fe9f719, 0x14131a00, 0x04fc09fd, 0xfd1302f9, 0xfffeed10, 0x0103e6f8, \
  0x24150000, 0x00000000, 0x0004fb00, 0x50d84460, 0x00000022, 0xfeee1216, 0x0e101afd, 0x01e1eee4, \
  0x04eaed00, 0x080713fe, 0x041001fb, 0xff0effed, 0xf1f0090b, 0xfd16fa12, 0x250007fa, 0xec1a0e10, \
  0xfc0416de, 0xe7eefc03, 0xfa1807f9, 0xec070405, 0xf9e4f30e, 0xf7130af0, 0xff08f11b, 0xfbf8fbfb, \
  0x08060310, 0x05f40b10, 0x01110111, 0x0ae9fd0e, 0x09f2dbfa, 0xfbfcf00f, 0xf9140810, 0xedf718fa, \
  0x0604f5ef, 0xf505fc02, 0xfff6010c, 0xee09feff, 0xf1f90000, 0x00000000, 0x000d1d00, 0x50d844a0, \
  0x00000017, 0x00000000, 0x00000000, 0x55000000, 0x00000000, 0x00000000, 0x00000000, 0x00000000, \
  0x00000000, 0x00000000, 0x00000000, 0x00000000, 0x00000000, 0x00000000, 0x00000000, 0x00000000, \
  0x00000000, 0x00000000, 0x00000000, 0x11f23110, 0xf0def931, 0xf8000000, 0x00000000, 0x00e20000, \
  0x50d88000, 0x00000178, 0x00feffff, 0x01000100, 0x000d0904, 0xf5f9f2fc, 0xe7edee08, 0xfe070d0a, \
  0xeb091d08, 0xfe2407f0, 0xf012f5f2, 0xffff00ff, 0x00ff0000, 0x00151604, 0xf7f5e5fd, 0xfaccfe18, \
  0x0df2160e, 0xed0403f8, 0x040109fa, 0xf201fe03, 0xed03fe0f, 0x09eceef8, 0xeb02ec09, 0xfef81116, \
  0x11f0090f, 0xf7f8ffe3, 0x02e5fff2, 0xfff9f901, 0x00090503, 0x07ededfc, 0xec17ee0b, 0x13000000, \
  0x00000000, 0x0000eef7, 0xfaf1daed, 0xf4e0ee06, 0xf2f9ebff, 0x0503fa13, 0x0bfbfd02, 0xf6280404, \
  0xfb0304f8, 0x0c04e101, 0x03f001fd, 0x0405fd00, 0xf8fe0309, 0x0bfc0200, 0x0807f9fa, 0x1e1bd4e3, \
  0xe8f9e70c, 0x120006fa, 0xe8f1f112, 0xfbe6f600, 0x0d0edce1, 0x15edf1fd, 0x0e0801fd, 0xf10bfcd4, \
  0xdafce6de, 0xee0a0b09, 0x04ec0cfd, 0x08fe0d0e, 0xeb01f706, 0xffef0902, 0xfdfde9f4, 0xff00f0f8, \
  0xf8f2f7f8, 0x02fa0306, 0xf8f802f9, 0xfc080406, 0x080305e9, 0xec0901fa, 0xf7f8f5fa, 0xfef50106, \
  0xeaef07e0, 0xecf4eaf2, 0xf6f0ffee, 0xe7fce1f1, 0x11ede6f6, 0xeaf7f4da, 0xfdf3ec08, 0x04fef7f8, \
  0x0601fdf6, 0xf30df6fa, 0x07f90909, 0xf9f9f8f7, 0xf9fafcf7, 0xf7f5f1ef, 0xf6f2ecf5, 0xf5f000fe, \
  0xfd00f9f9, 0x01000001, 0x0612fb04, 0x1c0df219, 0x00000000, 0xffff00ff, 0x00e3f20d, 0x0cfb05f3, \
  0x0706fa06, 0xf5e0e4eb, 0x0d0d1408, 0x0107f0fe, 0xf0f6eb14, 0x00000000, 0x00000000, 0x0005fc05, \
  0xfcf8f800, 0xf7f8ffff, 0x06f905fb, 0x0006031b, 0xebfb00ee, 0x01f0f517, 0x00000000, 0x00ff0000, \
  0x00fefffe, 0x01010201, 0xfc030309, 0x0205f508, 0xf5f5fdfa, 0xeef9f0f4, 0xed0ffd0b, 0xf9090bf0, \
  0x04fdf9f6, 0x071e0127, 0x150705ef, 0x0e07fcec, 0xf8ef0305, 0xf5fc02fc, 0x0300fefc, 0xfefffffe, \
  0x0101ffff, 0x010001fe, 0x00f7f5f5, 0xf8f6fafa, 0xf7000fe4, 0xf4f30808, 0xf5e7dfff, 0x1cfdfb0e, \
  0x2306fa11, 0x08e2e102, 0xf1caf711, 0x07000000, 0x00000000, 0x0000fbf4, 0xf2f8fef8, 0xfcf6fd00, \
  0x00000000, 0x00000000, 0x06020507, 0x06fd0407, 0x02000100, 0x0101ff01, 0xffff0000, 0x00000000, \
  0x00000000, 0x00000000, 0x00000000, 0x00000000, 0x00000000, 0x00000000, 0x00000000, 0x01000001, \
  0xff000101, 0x0100ff00, 0x00000000, 0x00000000, 0x00000000, 0x00000001, 0x0000ffff, 0x00fe0302, \
  0xfe020000, 0x00000000, 0x00000000, 0x00000100, 0x00ffffff, 0xff0001fd, 0xfc030301, 0x02fb0101, \
  0xfafdfe01, 0xff0103fd, 0x00ff04ff, 0xff040400, 0x00000000, 0xff000000, 0x00000000, 0x00000000, \
  0x000000ff, 0x0001ff00, 0x0202ff00, 0x00000000, 0x0000ff03, 0x06020704, 0x0a0504fc, 0x00000000, \
  0x00000000, 0x00000000, 0x00000000, 0x00000003, 0x05fe02fb, 0x0109fc01, 0x0103ff02, 0x01ff03fd, \
  0x00000000, 0x00000000, 0x00000000, 0x00000000, 0x00000000, 0x00000000, 0x000000ff, 0x03fc0201, \
  0x010301fd, 0x00000000, 0x00000000, 0x000003ff, 0x010003ff, 0x01010000, 0x00000000, 0x00000000, \
  0x00000000, 0x00000000, 0x00000000, 0x00000000, 0x00fe0700, 0xfb02fafe, 0x07070000, 0x00000000, \
  0x00000000, 0x00ff00ff, 0xff0000ff, 0xfafc0100, 0x05050604, 0x08000000, 0x00000000, 0x00000000, \
  0x00000000, 0x00000000, 0x00000000, 0x00000000, 0x00000100, 0x01ff0002, 0x00000000, 0x00010000, \
  0xff000200, 0xfffe0305, 0xfdfefa00, 0x00000000, 0x00000000, 0x00000000, 0x00000000, 0x00060507, \
  0x070100ff, 0x0408ffff, 0x03fd00ff, 0x03040200, 0x00000000, 0x00000000, 0x00010000, 0x01000001, \
  0x01000000, 0x00000000, 0x00000000, 0x01000000, 0x00000008, 0x05fcfe09, 0x0b09f4fa, 0xffff02fe, \
  0x00fc04fc, 0xfd000000, 0x00000000, 0x000002fe, 0x00fdfefd, 0xfe02fd00, 0x00000000, 0x00000000, \
  0x00000000, 0x00000000, 0x00000000, 0x00000000, 0x00000000, 0x00000000, 0x00000000, 0x00000000, \
  0x00000000, 0x00000000, 0x00000000, 0x00000000, 0x00000000, 0x00000000, 0x00ff0000, 0x01000100, \
  0x00000000, 0x000000ff, 0x00000000, 0x00000000, 0x41000000, 0x00000000, 0x00000000, 0x00000000, \
  0x00000000, 0x00000000, 0x00000000, 0x00000000, 0x00000000, 0x00000000, 0x00000000, 0x00000000, \
  0x00000000, 0x00000000, 0x00000000, 0x00000000, 0x00000000, 0x00010000, 0x00000000, 0x00000000, \
  0x00000000, 0x00000000, 0x00000000, 0x00000000, 0x00000000, 0x00000000, 0x00000000, 0x00000000, \
  0x00000000, 0x00000000, 0x00000000, 0x00000000, 0x00000000, 0x00000000, 0x00000000, 0x00000000, \
  0x3f000000, 0x00000000, 0x00000000, 0x00000000, 0x00000000, 0x00000000, 0x00000000, 0x00000000, \
  0x00000000, 0x00000000, 0x00000000, 0x00000000, 0x00000000, 0x00000000, 0x00000000, 0x00000000, \
  0x0f1afe08, 0xf7ecfbeb, 0xfc092013, 0xf706fa0e, 0xfc00fe00, 0x04fe06fb, 0xf1f90b05, 0xfffafd0e, \
  0x1ef0f001, 0x05040bfe, 0xfaff0b03, 0xfef00004, 0x060efc12, 0xfb0ced0f, 0xfaf6000a, 0x100f0bf1, \
  0x04f9f0fc, 0x060ef31d, 0xf9040702, 0x0011e8f3, 0x0cfa150b, 0x0403fc05, 0x0901f6ff, 0xff050d17, \
  0xf81001f9, 0xff07fd10, 0x01f5f201, 0x06040df9, 0x0101effd, 0xf1f5f02d, 0x2d21ff1c, 0x0cfb0000, \
  0x00000000, 0x000a1500, 0x50d882a0, 0x00000022, 0xfff2fa1b, 0xfd120019, 0xf9f53304, 0xfff218f1, \
  0x0ff8f003, 0xf8ede7f2, 0xf908f1fa, 0x0501ddfb, 0x0bfc080f, 0xfffbf4f5, 0x1500ee0d, 0xeb14fc03, \
  0xfcf40801, 0x07f90f11, 0xfdfee000, 0xfb030b0d, 0xf5e6d71a, 0x0dfb1910, 0x000c06fc, 0xf3faf5e5, \
  0x0cf7ebfe, 0xef02e605, 0xf218f0fa, 0xee0b11f8, 0xee0b18f0, 0x0c14f20d, 0x09f216e7, 0xf20613e6, \
  0x0cfd0bf2, 0x190d05e8, 0xedf82113, 0xf9fc0000, 0x00000000, 0x0010e700, 0x50d882e0, 0x00000058, \
  0x00000000, 0x00000000, 0x3d000000, 0x00000000, 0x00000000, 0x00000000, 0x00000000, 0x00000000, \
  0x00000000, 0x00000000, 0x00000000, 0x00000000, 0x00000000, 0x00000000, 0x00000000, 0x00000000, \
  0x00000000, 0x00000000, 0x00000000, 0x00010000, 0x00000000, 0x00000000, 0x00000000, 0x00000000, \
  0x00000000, 0x00000000, 0x00000000, 0x00000000, 0x00000000, 0x00000000, 0x00000000, 0x00000000, \
  0x00000000, 0x00000000, 0x00000000, 0x00000000, 0x00000000, 0x00000000, 0x40000000, 0x00000000, \
  0x00000000, 0x00000000, 0x00000000, 0x00000000, 0x00000000, 0x00000000, 0x00000000, 0x00000000, \
  0x00000000, 0x00000000, 0x00000000, 0x00000000, 0x00000000, 0x00000000, 0xfbeff600, 0xfbfbf6f5, \
  0x0af3f203, 0x0bf61c02, 0xfdf3f402, 0xfffcf0f8, 0x08e8ee01, 0xf0f4f217, 0xf907fd0b, 0x0d0ef6e9, \
  0xfcea08fc, 0xf80afdfb, 0x1e3bfdfd, 0xea07f308, 0xfdf01c0e, 0x060b0ae8, 0x1913070c, 0x1cf817fc, \
  0x12fffa0a, 0xfdf314e9, 0xf41401f4, 0x00f91213, 0x05130d03, 0x03f9ea09, 0xfb0eed0b, 0xfc0bf80d, \
  0x321b0e1e, 0xec07ff04, 0xfaf2f603, 0xf300000b, 0x131afbf9, 0xf0010000, 0x00000000, 0x0001fc00, \
  0x50d88380, 0x00000022, 0xf4f40324, 0x31062df7, 0x111f1dee, 0xfa0f081c, 0x1ef01ac1, 0xc3de0be1, \
  0xd4090109, 0xfff4f0f3, 0xf31b2d1f, 0x1cdaf1ec, 0xcc09fcdc, 0xf9e70415, 0x2807c131, 0x27fc00ea, \
  0xe8ecf815, 0x1f0b07ff, 0xe3c7b718, 0x4119f6e5, 0x37eecefe, 0xed244101, 0xfb2219fa, 0x11120df3, \
  0x081bebfa, 0x19f7e721, 0x4701f3f0, 0xec3a3bdb, 0xedf811d5, 0xd7f6d9fc, 0xf40bf70d, 0xfe1616e1, \
  0xf4edfdf4, 0x14080000, 0x00000000, 0x000f1300, 0x50d883c0, 0x00000058, 0x00000000, 0x00000000, \
  0x7d000000, 0x00000000, 0x00000000, 0x00000000, 0x00000000, 0x00000000, 0x00000000, 0x00000000, \
  0x00000000, 0x00000000, 0x00000000, 0x00000000, 0x00000000, 0x00000000, 0x00000000, 0x00000000, \
  0x00000000, 0x00080000, 0x00000000, 0x00000000, 0x00000000, 0x00000000, 0x00000000, 0x00000000, \
  0x00000000, 0x00000000, 0x00000000, 0x00000000, 0x00000000, 0x00000000, 0x00000000, 0x00000000, \
  0x00000000, 0x00000000, 0x00000000, 0x00000000, 0x40000000, 0x00000000, 0x00000000, 0x00000000, \
  0x00000000, 0x00000000, 0x00000000, 0x00000000, 0x00000000, 0x00000000, 0x00000000, 0x00000000, \
  0x00000000, 0x00000000, 0x00000000, 0x00000000, 0x0ce41b04, 0xdb060e04, 0x2e46f9eb, 0x132cfc13, \
  0x32f41e08, 0x01fb071d, 0xeffbf5f5, 0x1bfc0426, 0xe5fc2c21, 0x29f90827, 0x14341803, 0x2803030f, \
  0x30030f1d, 0x380d121f, 0x161ff3ff, 0x0316fc1f, 0x25113018, 0xe9000913, 0x07360617, 0x15fc4bf8, \
  0x1e15ff23, 0x130d0e01, 0x293bf322, 0xea0d37f9, 0x02ec08f7, 0xfa111104, 0x00f3fd0a, 0x40ffe9f4, \
  0x100e0b0f, 0x0b15f110, 0xf6f00b1b, 0xfd070000, 0x00000000, 0x00f50b00, 0x50d88460, 0x00000022, \
  0xfd21f5f6, 0xf7fb07ec, 0xf2d50df3, 0xebef1606, 0x1911041c, 0x0e01f507, 0x10f1fd00, 0xea0aeb08, \
  0x1b0e1a02, 0x1acec8f3, 0xfc0d0d0c, 0x08eb05e7, 0xff190de4, 0xfe15eee7, 0xfbfcc52d, 0x0f090c0d, \
  0x0b0fd60a, 0x01f7dbc3, 0x100d1305, 0xdbf9f1ea, 0x1517ffee, 0xe105f204, 0xfaf02303, 0x2d0e3520, \
  0x040a1522, 0x1b1a02ee, 0xe4f6fb17, 0x00fa1a10, 0x1fe5e504, 0x1ee8eefd, 0x10e211f8, 0x18100000, \
  0x00000000, 0x00fcd400, 0x50d884a0, 0x00000017, 0x00000000, 0x00000000, 0x52000000, 0x00000000, \
  0x00000000, 0x00000000, 0x00000000, 0x00000000, 0x00000000, 0x00000000, 0x00000000, 0x00000000, \
  0x00000000, 0x00000000, 0x00000000, 0x00000000, 0x00000000, 0x00000000, 0xf02ce3cf, 0x080ef1f9, \
  0x26000000, 0x00000000, 0x00fb0000, 0x50d8c000, 0x00000178, 0x06f8f8fa, 0x0601090a, 0x06faeef2, \
  0xef00e708, 0x000dfded, 0xfb0afe0a, 0x09070bfd, 0xf40316f2, 0x0f170300, 0xfeff0000, 0xfffffffe, \
  0xfffdf117, 0xf9fa090e, 0x0f11fdfe, 0xf915ffea, 0x1bf4f7fe, 0xfffe02fc, 0x00f604f9, 0xf404fef9, \
  0xfcff0507, 0x0afef410, 0x07e8fff1, 0x000cf2e6, 0x0deee910, 0xe7fa04ff, 0xfcfbf9f6, 0xfb04fe03, \
  0x0af814fa, 0xf50b0016, 0xff0901fa, 0x0005fc01, 0xfffef9da, 0xdff5eee6, 0xf3e7fefd, 0x08f5ecf4, \
  0xf80707f8, 0x0ee9ea15, 0x08f3e8ea, 0xf2f7fcf6, 0xf40509fc, 0x03f20af8, 0x07040009, 0x00f60504, \
  0xf7f8f407, 0xfa0b08f4, 0xf20d10fa, 0xef141d16, 0x0c090c0b, 0xfd000a07, 0xfef50e16, 0x09e8f0f4, \
  0xdf010707, 0x04f4f8ee, 0xf7f708fe, 0xf7f9f006, 0xf916fbfc, 0x092418f2, 0x09f8e608, 0x11f0f4f1, \
  0x05e8ef12, 0x06f41903, 0x13fce80a, 0x04fb0a12, 0x050df601, 0xf606fe04, 0x03e8d8d2, 0x04f50614, \
  0x0c02fff2, 0xfc06fa03, 0x0af2fbf0, 0x1219f604, 0xff10ff03, 0x08f70a05, 0x130df7f7, 0xfcf2f3f3, \
  0x1efefb02, 0xf9e40e0a, 0xffed0100, 0xfb0c0b02, 0x0aee0903, 0x00f1fc0b, 0xebfbf2f8, 0xf903f8f9, \
  0xf6f7ee03, 0xf7fbfef8, 0xf8f1fdfe, 0x040200fd, 0xf602fafe, 0xfffaf8f9, 0x05f40afc, 0x000000ff, \
  0x00000100, 0x00cbd3e5, 0x0515f8f3, 0x19f40812, 0x14efe9e7, 0x0006f7dc, 0xe6fd0706, 0xe613e8f0, \
  0xfffffeff, 0xfefeffff, 0xfffd09fd, 0xf8faf8f4, 0xf7020000, 0x000000fd, 0x00fffc1b, 0x0f04fd09, \
  0xede7ffe3, 0xf200f705, 0xf801020b, 0xfdfafd03, 0xfc0c0806, 0x03fe0000, 0x00000000, 0x000000f5, \
  0xfbed07f8, 0x02fe04f1, 0xd2c9e9ed, 0xf11209f7, 0x02f8f505, 0xef08fe09, 0x0c1bf5f9, 0xcf0ffced, \
  0xfe18ebf7, 0xfe0af4f3, 0xfb0807fd, 0x000000fd, 0x0101f804, 0x03f3f6f6, 0xf7f7f7f7, 0xf7f30eff, \
  0x070519ec, 0x010d0005, 0xfdf91301, 0xff01f108, 0x1010fb05, 0x0d070ef3, 0xeb09f0fe, 0x010cf80d, \
  0xfef2fcf8, 0xf9fafafc, 0xf9f9000d, 0x0bf30506, 0x010108f7, 0x0af6f504, 0x04e80bf8, 0xe80f0404, \
  0x03fd0505, 0x0bfdf4ff, 0xf4120d13, 0x14fa0cec, 0xfa06f102, 0xf003edee, 0xfaff03fd, 0xfa00fa03, \
  0xff080207, 0x01fefef7, 0xf303f0ff, 0xf4ff11ee, 0xf0ecfcfa, 0x0b05f519, 0xf61318ef, 0x02fdf7fd, \
  0x03060107, 0x03fdfdf9, 0xfef80504, 0xf905fbe7, 0xfcffeaf5, 0x04fb07fa, 0x02f3eeff, 0xf0eefeeb, \
  0xf2f4f2f2, 0x0ef0f811, 0x02eff2fc, 0xfdeeeefd, 0x0002f508, 0xeef4ef0c, 0xf2f7fff9, 0x03060304, \
  0xfafaff03, 0x00000000, 0x00000000, 0x00f2f006, 0x12eceb12, 0x0a000bff, 0x1601f9f8, 0x0806070f, \
  0x02f8f611, 0xfef30bfb, 0x00fefefd, 0x03fffe03, 0x04110aff, 0x0d12f30c, 0xf3080c10, 0xfff108fb, \
  0xf504f611, 0x140ffdfb, 0xf610fe02, 0x03fdfef5, 0xffff0109, 0xfaf2f409, 0xfe08f201, 0x070d03f6, \
  0xf2f3fafa, 0x090efa06, 0x13f7f9ec, 0x0ef603ed, 0x0afff70c, 0xfff6eff9, 0xee01ec02, 0x0b0f01f8, \
  0x09090000, 0x01ffff02, 0xfcfefe04, 0xfffffdfd, 0xf404fbff, 0xf105f307, 0xfe02fb04, 0xf7f90504, \
  0xfbe9f2eb, 0xf0e607fe, 0xf5ecf5f7, 0xfff60503, 0x06fd02fa, 0xffff02ff, 0x09f800f3, 0x07f709f0, \
  0x08f40ffb, 0x1603ed05, 0xeef40000, 0x00000000, 0x000000f1, 0xf30dfff9, 0x10fbebf4, 0xf50decfe, \
  0xff09f0f7, 0xea15ff04, 0xfa08f6ef, 0xfbfb0200, 0x0909f3eb, 0x03fc0af6, 0x0506f602, 0x000907fe, \
  0x10f60efe, 0x0c0bfd00, 0xf30402f3, 0x11f70312, 0xf8f10af6, 0x080a0006, 0xf700f711, 0x03000bfe, \
  0xf70a09fe, 0xfe11f5ef, 0xf8feec0e, 0xf3ff0000, 0x00000000, 0x00001509, 0x030d1305, 0x0e0cf10d, \
  0xe8f40bfe, 0xeee90d02, 0xf504f3fe, 0x0705faea, 0x07000000, 0x0000fffe, 0xff0102fc, 0x0c04f9fb, \
  0xf400f600, 0x00000000, 0x00000000, 0xfc01fffb, 0x0600fdf0, 0xfc000000, 0x00000000, 0x0000e900, \
  0xf606f70b, 0x12f91000, 0x00000000, 0x00000000, 0x000000fc, 0xfbfc0000, 0xffff0ef9, 0x0206f5f9, \
  0x0cf10aea, 0xf800f1eb, 0xf6f9f7f8, 0xf70df3fb, 0x0dfeebfb, 0x00000000, 0x00000000, 0x3f000000, \
  0x00000000, 0x00000000, 0x00000000, 0x00000000, 0x00000000, 0x00000000, 0x00000000, 0x00000000, \
  0x00000000, 0x00000000, 0x00000000, 0x00000000, 0x00000000, 0x00000000, 0x00000000, 0x00000000, \
  0x00050000, 0x00000000, 0x00000000, 0x00000000, 0x00000000, 0x00000000, 0x00000000, 0x00000000, \
  0x00000000, 0x00000000, 0x00000000, 0x00000000, 0x00000000, 0x00000000, 0x00000000, 0x00000000, \
  0x00000000, 0x00000000, 0x00000000, 0x40000000, 0x00000000, 0x00000000, 0x00000000, 0x00000000, \
  0x00000000, 0x00000000, 0x00000000, 0x00000000, 0x00000000, 0x00000000, 0x00000000, 0x00000000, \
  0x00000000, 0x00000000, 0x00000000, 0x01d600f8, 0x01080be4, 0xe7e4e914, 0x07f7f516, 0xf1e2f507, \
  0x1805f7db, 0x11f0e2ec, 0xf712f10f, 0xedfff1eb, 0xefe6dcda, 0xf41a04ff, 0xd7f00120, 0x0bf6e5e3, \
  0x0900ebf1, 0x06070007, 0xf205edfb, 0x0bf80106, 0xed08ffe7, 0xf805e611, 0xf00ae8f6, 0xe50f11e8, \
  0xf304f1fa, 0xf3edf8ed, 0xfefc1a00, 0xf2f717f5, 0x0205f9de, 0xf9f8fdf9, 0xfc0604fd, 0xf91df501, \
  0xebecffee, 0xe403f9de, 0xfce90000, 0x00000000, 0x001d0900, 0x50d8c2a0, 0x00000022, 0xf4f3f520, \
  0x13fff60e, 0xe6f006fc, 0x000c0df5, 0x06f90006, 0x08f7e4f2, 0xf40310f1, 0x020c07e4, 0xf706ec1b, \
  0xfff8fd07, 0x0c27f713, 0x01f9e9fc, 0x0d06f808, 0x07fff5f6, 0x1804fe03, 0xfdf1000c, 0x0400f116, \
  0xfd181be8, 0xf20afb0a, 0xf2fb17f2, 0xfb0002e9, 0xf50b07f8, 0x04fd0af6, 0xfaf5fd14, 0x10001908, \
  0x00220a0f, 0x0aeff90b, 0xf4f912e6, 0x0a1c0a04, 0xfaeffcf3, 0x03e0f5ef, 0x06fd0000, 0x00000000, \
  0x0012f800, 0x50d8c2e0, 0x00000058, 0x00000000, 0x00000000, 0x3b000000, 0x00000000, 0x00000000, \
  0x00000000, 0x00000000, 0x00000000, 0x00000000, 0x00000000, 0x00000000, 0x00000000, 0x00000000, \
  0x00000000, 0x00000000, 0x00000000, 0x00000000, 0x00000000, 0x00000000, 0x00ff0000, 0x00000000, \
  0x00000000, 0x00000000, 0x00000000, 0x00000000, 0x00000000, 0x00000000, 0x00000000, 0x00000000, \
  0x00000000, 0x00000000, 0x00000000, 0x00000000, 0x00000000, 0x00000000, 0x00000000, 0x00000000, \
  0x00000000, 0x3f000000, 0x00000000, 0x00000000, 0x00000000, 0x00000000, 0x00000000, 0x00000000, \
  0x00000000, 0x00000000, 0x00000000, 0x00000000, 0x00000000, 0x00000000, 0x00000000, 0x00000000, \
  0x00000000, 0xfde307fd, 0xfa06e0f2, 0xfdfb0ce2, 0xdff4e2fb, 0xf3f4fcd9, 0xf90bfaf2, 0xeafe080d, \
  0x06e90ce4, 0xeef503ef, 0xcefa0dec, 0xece60b00, 0x0115fae7, 0xeef4e2fa, 0xf101e90d, 0x02f63611, \
  0x0d02f1ef, 0x07fdf30a, 0xe6f2061c, 0xf1feff05, 0xfee8dcfb, 0xfbf3fd04, 0xeb14f7f1, 0xf815fcff, \
  0xdf06fa0c, 0xec21e6fc, 0x0ee9eee9, 0x0923f005, 0xe600eff4, 0xf3f4fefe, 0xe90b00ed, 0xfc0310e2, \
  0x02e50000, 0x00000000, 0x0006f900, 0x50d8c380, 0x00000022, 0x2e0d2b24, 0x0bef2df9, 0x04fcebe7, \
  0xf70afcfd, 0xd70bd00f, 0x0406dcfe, 0x181beefd, 0xeeff0a16, 0x3ae20b16, 0x1adbb217, 0x100a190f, \
  0xd1e9f903, 0xf8fa3afd, 0xdf1db70e, 0xddfcdff6, 0xe704091c, 0x1c2f0bf7, 0x0af8e1f9, 0x11ff0e21, \
  0x0bde2dfc, 0xe3fe1bf4, 0xf71eca2c, 0xd9063fff, 0xf0fc1e1e, 0x271bd3f6, 0x051719fa, 0xe0e807f3, \
  0x3c00c3df, 0x30f7fced, 0x05041104, 0x11ead40a, 0xe7150000, 0x00000000, 0x0011f800, 0x50d8c3c0, \
  0x00000058, 0x00000000, 0x00000000, 0x69000000, 0x00000000, 0x00000000, 0x00000000, 0x00000000, \
  0x00000000, 0x00000000, 0x00000000, 0x00000000, 0x00000000, 0x00000000, 0x00000000, 0x00000000, \
  0x00000000, 0x00000000, 0x00000000, 0x00000000, 0x00fd0000, 0x00000000, 0x00000000, 0x00000000, \
  0x00000000, 0x00000000, 0x00000000, 0x00000000, 0x00000000, 0x00000000, 0x00000000, 0x00000000, \
  0x00000000, 0x00000000, 0x00000000, 0x00000000, 0x00000000, 0x00000000, 0x00000000, 0x3e000000, \
  0x00000000, 0x00000000, 0x00000000, 0x00000000, 0x00000000, 0x00000000, 0x00000000, 0x00000000, \
  0x00000000, 0x00000000, 0x00000000, 0x00000000, 0x00000000, 0x00000000, 0x00000000, 0xecfc110d, \
  0xd8f313f4, 0x2508fffa, 0x010ee302, 0x19ee0f0a, 0x0a050509, 0xd3f41be5, 0x0ac6fc10, 0xfff1f50e, \
  0x00100609, 0x021417f0, 0x1500f513, 0xf9230808, 0x12d2e91c, 0x112215e7, 0xfde5f40f, 0x1b031a06, \
  0x0f020c0e, 0xef15fc07, 0x04ed04f2, 0x1608ff0d, 0x06001a0b, 0xe017fe1b, 0x05f91803, 0x04e0eb0a, \
  0xd0e4f90a, 0xf809fbfa, 0x08fe09e1, 0xd80bf61b, 0xfe00e1ee, 0xf800ee13, 0x0ff40000, 0x00000000, \
  0x00e60700, 0x50d8c460, 0x00000022, 0xf614efde, 0x1508f5fd, 0x12f70de5, 0xffe3fbfa, 0x150306e5, \
  0xeb21fef3, 0xfa0e0407, 0xf0f202e3, 0xfdfcecdf, 0xf94c20f7, 0xf1e90fe7, 0x0925f0fd, 0x1100e608, \
  0x14050403, 0xef1f19fb, 0x02dd09f5, 0x0320011f, 0x11ea191c, 0xfce30031, 0xfe1a06f8, 0x0205f935, \
  0x03ec1212, 0x0b01e500, 0xfbd7f807, 0xeee402d6, 0xff0014e2, 0x0bf205d7, 0x01ea0701, 0xf1d006db, \
  0xf621fa28, 0xec0600ef, 0x160a0000, 0x00000000, 0x0028fc00, 0x50d8c4a0, 0x00000017, 0x00000000, \
  0x00000000, 0x53000000, 0x00000000, 0x00000000, 0x00000000, 0x00000000, 0x00000000, 0x00000000, \
  0x00000000, 0x00000000, 0x00000000, 0x00000000, 0x00000000, 0x00000000, 0x00000000, 0x00000000, \
  0x00000000, 0x2ce2f505, 0x01d3f3f8, 0x28000000, 0x00000000, 0x00e30000, 0x50d90000, 0x00000178, \
  0x00000000, 0x00000000, 0x00f60b03, 0xedf105f3, 0x08edfefc, 0x08fdfbf9, 0x01fafd03, 0xf4fce800, \
  0xfff203fd, 0x00000000, 0x00000000, 0x00fd0002, 0x0cf6ef0f, 0x0a04f0ee, 0xeaf2f600, 0xf7fc0900, \
  0x04fbfffc, 0x04fa06fb, 0xe80c0508, 0xe205fb05, 0xfc0106f4, 0xeff9f101, 0x02f90806, 0xed08fc0f, \
  0x04f809ff, 0xfff701ff, 0x04fb05f8, 0xecfdf4f2, 0xfef5f4f1, 0xfd000000, 0x00000000, 0x00002f04, \
  0xf51121fa, 0x0702100e, 0x10eafaf7, 0xdd0508f5, 0xfdfefcf8, 0xf2f4f20f, 0xecf50702, 0xf80102f5, \
  0x0afa0303, 0x0502fbff, 0xfb020403, 0xfffafb08, 0xfc06faf6, 0xf6f20604, 0xe0e4edea, 0xfae104f5, \
  0x06f4f3f2, 0xecff0e05, 0xfae8f9e4, 0xf5fee401, 0xf7050d0e, 0x060d05fe, 0x0b0712fb, 0x0c06f401, \
  0x15db0102, 0xf401effb, 0x11100403, 0xef0103f8, 0x07fbe301, 0xf8fdfb00, 0x07fc0002, 0xfd020201, \
  0x02fc0201, 0x0324110a, 0x1afd060e, 0xf0130302, 0xfafffc02, 0x0103fde4, 0xe30eeaf9, 0x00df03fd, \
  0xf5fb02ef, 0xfa03f2e2, 0xeb02fe0f, 0xedf9f1f6, 0xfefffe03, 0xfbfdf500, 0x04040401, 0xfc0df6f7, \
  0xf104f3fd, 0x000000ff, 0xff00ff00, 0xfffcfdfb, 0xf4f9fdf8, 0xf6f800ff, 0xfefffe00, 0x00ff010c, \
  0xfae509f3, 0xd2010e0b, 0x00000000, 0x00000000, 0x00f1f7f9, 0x09fa020a, 0x0000f6f1, 0x0df6f6fd, \
  0x100afbfe, 0xfe090306, 0xe70303f0, 0x00000000, 0x00000000, 0x00010201, 0x010100fe, 0x04fbff02, \
  0xfe01ff01, 0x0001ffef, 0xedf702f6, 0x0014020c, 0x00000000, 0x00000000, 0x00ff0101, 0x01fe01fe, \
  0xfffefb00, 0x03fff6f7, 0xfb02fd0e, 0xf60106f5, 0xf9f404f7, 0x0af6f5f4, 0xf6f813f2, 0xfafbe7d9, \
  0xfe0df6f8, 0x111d11eb, 0xfc0309fe, 0xf8f30a00, 0x00000000, 0x00000000, 0xff0100ff, 0x0100ff00, \
  0x01000000, 0x0100ff00, 0x01000f10, 0x11010305, 0xeddadb00, 0x07f8e0f7, 0x00f7e2fc, 0x0102f7ff, \
  0xfcfafb05, 0xe9000000, 0x00000000, 0x00000000, 0x00ff0000, 0xfdfeff00, 0x00000000, 0x00000000, \
  0x322d0f00, 0x181af4f9, 0xeee413f8, 0x10020b00, 0xefe2ffef, 0x0ef60701, 0x0c08f9f5, 0xf4eb01fe, \
  0xff07020c, 0xdcee10fe, 0x0f130114, 0xf70fd5d9, 0xefeafddb, 0xf4fa01fa, 0x2001fd06, 0xffed05fa, \
  0x092e10fd, 0xfc0cecea, 0xed0211df, 0x0608ecfb, 0x06faf5f5, 0xfef90410, 0xf8eaebf0, 0x3503f2f2, \
  0xf0f1e2f8, 0x1700f6f9, 0xf8e8d7ea, 0x0e0a0a0c, 0x0e091403, 0x091bddda, 0xeec9daf6, 0xe0dc070b, \
  0x1324ff25, 0x18f80f05, 0x0208f5fb, 0xfcf509f4, 0xfafbfffe, 0xfefeffed, 0xefedf3f8, 0x00030907, \
  0x120f17eb, 0x0e07fa10, 0x03ff1ee7, 0xfe0c0ae8, 0x0f080b0a, 0xf703fc00, 0xfaeff3fd, 0xed0205f7, \
  0xff0b0710, 0x19f7fcee, 0xed1c190d, 0x11fe07f6, 0x090d0909, 0xfb02ec14, 0xf0fffd03, 0xea0000e8, \
  0xf2fd032e, 0xffe20cf9, 0xceedeed7, 0xf5e5d3e2, 0xe5d6db0b, 0x11edeaee, 0xe5fffc08, 0x01fae6e0, \
  0xf703211a, 0xe916f7e7, 0x3d00ec0a, 0x0ce217eb, 0xeb07fff8, 0x0605e6fa, 0xf6e6f5fe, 0xe5e60500, \
  0xfede03f9, 0xf201fded, 0x0e1400f3, 0xfe1710fd, 0x000209f9, 0xee2bfdf8, 0xff140601, 0xfd0703f6, \
  0xf2f60206, 0xe00613d9, 0xee00ec03, 0x0a06f5f4, 0xf0e3fa18, 0x1903fa00, 0xff01fe00, 0xfe0000f4, \
  0xbcd2f5d4, 0xf318f4ea, 0xf4fdf2fb, 0x0b011110, 0xfbfaee0b, 0x0602fdf0, 0xe9eb21fd, 0xece4fde0, \
  0xd9e5e921, 0x0f14ffe3, 0x0bceebf9, 0xfbf61301, 0x0f030e12, 0xf92a0a17, 0xfd08ee02, 0xecf804f4, \
  0xee020ae9, 0x0debe9eb, 0x0df50602, 0xe0eaedf0, 0xe4d8eef3, 0xf50beef5, 0x00ea000b, 0xf9ee0f06, \
  0xf0fe06f9, 0xff0e0023, 0xeff3021d, 0x2c0a0f07, 0xe00c1f1a, 0x161fe61d, 0x0aeef7ef, 0xfa03f2f4, \
  0xf9e402fa, 0xf0de1318, 0x030a0614, 0x0a04f909, 0xfdfd07fa, 0xf3fbf9fe, 0x0cff0ffa, 0x0afbf7e7, \
  0xd8d4dee9, 0xfcf6ebf4, 0xf6edfeeb, 0xf4ea0a0d, 0xeef5ea00, 0x00000000, 0x00000001, 0xb7f2f8d3, \
  0xeffaefd7, 0xe90afc04, 0x0a0ff407, 0x0ae9dcf5, 0xf900ebef, 0xee0b09d9, 0xd3eb07f5, 0xf40616fd, \
  0x00000000, 0x00000000, 0x40000000, 0x00000000, 0x00000000, 0x00000000, 0x00000000, 0x00000000, \
  0x00000000, 0x00000000, 0x00000000, 0x00000000, 0x00000000, 0x00000000, 0x00000000, 0x00000000, \
  0x00000000, 0x00000000, 0x00000000, 0x00050000, 0x00000000, 0x00000000, 0x00000000, 0x00000000, \
  0x00000000, 0x00000000, 0x00000000, 0x00000000, 0x00000000, 0x00000000, 0x00000000, 0x00000000, \
  0x00000000, 0x00000000, 0x00000000, 0x00000000, 0x00000000, 0x00000000, 0x3f000000, 0x00000000, \
  0x00000000, 0x00000000, 0x00000000, 0x00000000, 0x00000000, 0x00000000, 0x00000000, 0x00000000, \
  0x00000000, 0x00000000, 0x00000000, 0x00000000, 0x00000000, 0x00000000, 0x0bfb0412, 0x0b05080d, \
  0x04f6f61c, 0xfeff03f8, 0x09f7f3f9, 0x0a14fc12, 0xf9020c00, 0xe4fbf7f4, 0x0afc2afe, 0x1208f003, \
  0x010406ff, 0x07fef9ea, 0x0a09f807, 0x07fc0602, 0x0f080ffe, 0xe8fbf004, 0xe90319ef, 0xf504f906, \
  0x01010eef, 0xf514f316, 0xed000d0f, 0x05f60309, 0x0af105f4, 0xf9f50608, 0xf6f10cfb, 0x0109fd09, \
  0xfef8fc03, 0xf3ed1c02, 0x01ef15fb, 0xfcf2f708, 0xe4080601, 0xf4000000, 0x00000000, 0x00000c00, \
  0x50d902a0, 0x00000022, 0xfcef00fd, 0x11ff0309, 0x0104f6f6, 0xff0bfbfb, 0xfdf91400, 0xfff008fd, \
  0x0208f707, 0x02080ff7, 0x0b190e0b, 0xf40bf800, 0x0b060afd, 0x0104fef1, 0xfcfefdf1, 0xf5f403ff, \
  0xfbf1fcf5, 0xfdfef907, 0x0504fcfa, 0xff0d01ff, 0xf50203f9, 0x010613fe, 0xf8f501f5, 0xfbf70cf1, \
  0x0c0503f6, 0x030104ec, 0x0309faeb, 0xebf81006, 0x02fff5f3, 0xfe080700, 0xf9fcf60c, 0xfb0df3f9, \
  0xfa06f010, 0x07fe0000, 0x00000000, 0x00f20800, 0x50d902e0, 0x00000058, 0x00000000, 0x00000000, \
  0x3d000000, 0x00000000, 0x00000000, 0x00000000, 0x00000000, 0x00000000, 0x00000000, 0x00000000, \
  0x00000000, 0x00000000, 0x00000000, 0x00000000, 0x00000000, 0x00000000, 0x00000000, 0x00000000, \
  0x00000000, 0x00060000, 0x00000000, 0x00000000, 0x00000000, 0x00000000, 0x00000000, 0x00000000, \
  0x00000000, 0x00000000, 0x00000000, 0x00000000, 0x00000000, 0x00000000, 0x00000000, 0x00000000, \
  0x00000000, 0x00000000, 0x00000000, 0x00000000, 0x3e000000, 0x00000000, 0x00000000, 0x00000000, \
  0x00000000, 0x00000000, 0x00000000, 0x00000000, 0x00000000, 0x00000000, 0x00000000, 0x00000000, \
  0x00000000, 0x00000000, 0x00000000, 0x00000000, 0xecfe00ee, 0x0afc08f7, 0x04f4ff05, 0x04270bfd, \
  0xf3fef70e, 0x010407de, 0xf90002f4, 0xec04f704, 0x01fef5f9, 0x1af3fbfe, 0x0111eff8, 0x05ec01e9, \
  0x03ea04fe, 0xf104fff8, 0xf0f41ff9, 0x0bfe07f8, 0xf2e10805, 0xe2fffd07, 0xebf7faef, 0x0c0eeefd, \
  0x08f8ff00, 0x03f8eaf7, 0xfe0605f8, 0xf6fceaf2, 0xfdedf8fb, 0xfe061003, 0xfefb0f14, 0x0afb09fc, \
  0xf00403fd, 0xf6ef09ea, 0x01fffbed, 0x1c030000, 0x00000000, 0x00fbfc00, 0x50d90380, 0x00000022, \
  0x0be4fde1, 0x14001bfa, 0xffeff5ff, 0x061a0de6, 0x15001627, 0xfd00ed18, 0x170edde4, 0xfd061e2e, \
  0x0c0fe0df, 0x37ee0c03, 0x0510e8fe, 0xd4f3f3fc, 0x1efe0ceb, 0x1c03e8f1, 0x131011fc, 0x03f4090a, \
  0xf7f7c6d4, 0x19fe01ff, 0x13250ff3, 0x0020f7f2, 0xf7f4130f, 0x02d8f2ef, 0x0ce90712, 0x0907fcf5, \
  0x00f2f8d2, 0x10dcf919, 0xfef72135, 0xe0f304fc, 0xeefdf6f1, 0x00f8ef4c, 0x0124f51c, 0xdf140000, \
  0x00000000, 0x00dcf000, 0x50d903c0, 0x00000058, 0x00000000, 0x00000000, 0x79000000, 0x00000000, \
  0x00000000, 0x00000000, 0x00000000, 0x00000000, 0x00000000, 0x00000000, 0x00000000, 0x00000000, \
  0x00000000, 0x00000000, 0x00000000, 0x00000000, 0x00000000, 0x00000000, 0x00000000, 0x00070000, \
  0x00000000, 0x00000000, 0x00000000, 0x00000000, 0x00000000, 0x00000000, 0x00000000, 0x00000000, \
  0x00000000, 0x00000000, 0x00000000, 0x00000000, 0x00000000, 0x00000000, 0x00000000, 0x00000000, \
  0x00000000, 0x00000000, 0x3e000000, 0x00000000, 0x00000000, 0x00000000, 0x00000000, 0x00000000, \
  0x00000000, 0x00000000, 0x00000000, 0x00000000, 0x00000000, 0x00000000, 0x00000000, 0x00000000, \
  0x00000000, 0x00000000, 0x0ef7edec, 0xf7100cd9, 0xeb0f07fd, 0xefe1f9e2, 0xfbff0700, 0x18041206, \
  0xfffff6fd, 0xf6effe02, 0xf5020005, 0xfff500f3, 0x0606feed, 0x04050002, 0xfa09fb0c, 0x0eeef309, \
  0xf4051116, 0x08010df4, 0xfa06d2f1, 0x160201fc, 0x0a030308, 0xf708e1ff, 0xf7fcfff7, 0xfdf809ed, \
  0x110504fa, 0x00fd0bf6, 0xf2fa00f4, 0x0bfe0602, 0x0f010003, 0x0e1afa10, 0xf5ef191a, 0x0803f40d, \
  0x020013f5, 0xf9050000, 0x00000000, 0x00f00700, 0x50d90460, 0x00000022, 0x0a020f07, 0x1ff504ff, \
  0x0112f802, 0xf1f4ec16, 0x000d0408, 0x030d06ef, 0x06f3f2f6, 0xf10bfa10, 0x02f20d10, 0x1120fccf, \
  0xe3000204, 0x06fbf5fb, 0xf6ed150c, 0xf80008fb, 0xee1d0510, 0x16e6e605, 0x0a1921ea, 0x07fdf10c, \
  0xfeed180c, 0xfe0b060c, 0x01050c0b, 0x0917f815, 0x03ec15f1, 0xfce7e3cd, 0x0212f30b, 0x0bf7071d, \
  0x071dfd03, 0xe910e5e8, 0xf80602fe, 0xf7daf8f0, 0x031af9fb, 0xe6e60000, 0x00000000, 0x00e60a00, \
  0x50d904a0, 0x00000017, 0x00000000, 0x00000000, 0x50000000, 0x00000000, 0x00000000, 0x00000000, \
  0x00000000, 0x00000000, 0x00000000, 0x00000000, 0x00000000, 0x00000000, 0x00000000, 0x00000000, \
  0x00000000, 0x00000000, 0x00000000, 0x00000000, 0x0bd4ed07, 0xe0271df7, 0xfd000000, 0x00000000, \
  0x00070000, 0x50d94000, 0x00000178, 0xfffc0303, 0x0000fe02, 0x03f20206, 0x0b04fd00, 0xfdf00d0f, \
  0xeb13eee0, 0x1000e911, 0x12f3ebeb, 0xee11fffd, 0x00000000, 0x00000000, 0xff09fb09, 0x11f91409, \
  0xf010fbf9, 0xfcfafefc, 0x0d03e200, 0xfefd0000, 0x01fdfdfb, 0x1afa0409, 0xfddcfde7, 0xf8f7ecfd, \
  0xfb1014f4, 0x0afe02ec, 0x06fef007, 0xebee0100, 0xfefdfd01, 0xfe010405, 0x0a0ae803, 0xeeeaf503, \
  0xf0f5fb02, 0x04ffff00, 0x01fdefe2, 0xfff0d9f7, 0xe906ecfd, 0x0a0f0803, 0xf30004ed, 0xf100030e, \
  0xf9f3f905, 0x0b09ef06, 0xf9fc01f8, 0x0904fe05, 0x05ff06f9, 0xf4faf202, 0xf9fc0004, 0xfe0802f9, \
  0xde02fbdb, 0x0910fdfc, 0xf7f30e08, 0xfb080ffd, 0x13fd1902, 0x1402ff06, 0xfa070be7, 0xea09040d, \
  0x12fa0e1f, 0xea03f602, 0xfd151e17, 0x110a12fb, 0x0606d9ec, 0xe4d7f3f0, 0x21170214, 0x1a0a08fb, \
  0x040ef305, 0xe704fadf, 0x0607ff07, 0xfdf5fffd, 0x04ecd6df, 0xede5f1f6, 0xf70df4f5, 0x0a02fc03, \
  0xfc07ff06, 0xf2ebfdf0, 0xf1f6f6f2, 0xf309f2fd, 0x15f314fb, 0x0debf2f1, 0xfd01df02, 0xfef4f4fe, \
  0xf2f6f3f4, 0xf20eed00, 0xf5f10406, 0xf9f2f801, 0xf6f004fc, 0xfffcf9fa, 0xf7f6f3f1, 0xfdfbf8f8, \
  0xf4f200fd, 0xfb00ff00, 0x03fe0210, 0xe5ec0c0e, 0xf809eb0a, 0x00000000, 0x00000000, 0x00daf9e8, \
  0xfd16fd00, 0x0ef60c1a, 0x0df9fd00, 0xf8e2e6e9, 0xfcea01f8, 0xf5eeec01, 0x00000000, 0x00000000, \
  0x0000fd06, 0xfb0204fe, 0x02fb0000, 0xff000002, 0x01fd0512, 0x1c14140e, 0xf710ebf6, 0xfcfcfff8, \
  0x020205f7, 0x03f909f4, 0x02f9f802, 0x03f40000, 0x010000ff, 0x000000fc, 0xf903f00b, 0xf1f8fd12, \
  0xfdda0cf8, 0x00fd1112, 0x0df0e9f8, 0x0910fffe, 0x141ff7f4, 0xe503fdee, 0x1502e70a, 0xfc0203fb, \
  0xf901f8f2, 0x00000000, 0x0000ff00, 0x00f6f5f7, 0xf6f7f7f7, 0xf6f8ebe8, 0xd20601f4, 0xf2f4ee0c, \
  0x00ec0ffc, 0xed12ff0d, 0x14f2190e, 0xf811fdeb, 0x1408f6fe, 0x07f70801, 0xfd08f9fa, 0xfaf9f6f8, \
  0xfb02ec01, 0x0303fcfa, 0xfdfd01ff, 0x01020d07, 0x0410e3fa, 0x04eae2e3, 0xf9e4ebfd, 0xebfaecf3, \
  0xe9dcf9df, 0x0310fc2b, 0x010a07ff, 0xebe4e6dc, 0x090df411, 0x15070c13, 0xfed1ef02, 0xe7f211ee, \
  0xf6c7dcfe, 0x1407fb13, 0xdaeff6e2, 0xd8f2f1d8, 0xede4fff9, 0x00f40ff5, 0x01e90c06, 0xf402f5fc, \
  0xfcfcfcf8, 0xf6f60e08, 0x181a0228, 0xf00714e3, 0xf5110508, 0xf5220c0e, 0x22effc0c, 0xe9e403fa, \
  0xdb1f0e1b, 0xfaf52105, 0x1321ff13, 0x1f090819, 0x2c010afe, 0x05f0faf1, 0xed0902fb, 0xf4f4fafc, \
  0xf0ecf903, 0x0b120014, 0x040e0405, 0x092401f9, 0x13f60121, 0xe0ff02c4, 0xcff0e6eb, 0xe805f2f0, \
  0xeaf1f2f0, 0xf2f4fafc, 0x07f3f0e7, 0xfde1f4f2, 0x04e8fbf9, 0x24fb1927, 0x06100eda, 0xedfaecdf, \
  0x05cfea07, 0xfeef02f8, 0xf7010115, 0x13f5e003, 0xe1d903f9, 0xe0d60920, 0x1e08150f, 0x14110ef5, \
  0xdeebfa0a, 0xee03060c, 0x06040d05, 0xf40710fb, 0xdfe4f5f0, 0x13ede5fd, 0x08fde1ce, 0xc1dbd8df, \
  0xdef3f602, 0xf3fff0ec, 0x0fe30c0f, 0x0908e9fd, 0xf600fcfb, 0xf2ed1210, 0xf9100d1b, 0x1305d100, \
  0x0df2f7ea, 0xecf70603, 0xf4fd0105, 0xfafefdf9, 0x1de3eef6, 0xd6dbefee, 0xf4f30d00, 0xf5ece0e9, \
  0xea0d0000, 0x00fffffe, 0xfffffe0e, 0x20132000, 0x13fffe10, 0xddf80007, 0x0e1b0c1f, 0x13ebfaf4, \
  0xfb03fbf8, 0xfdf1ffe2, 0xfc0209fb, 0xe8f61ae7, 0xd2d9f9dd, 0xd5f0f4d8, 0xe8d6c80a, 0xebd407fa, \
  0xfcf80a1d, 0xed0f0701, 0x180ff8ee, 0xf3edf3e9, 0xfffdec07, 0x19190025, 0x0b1f0f1f, 0x09120ffb, \
  0x0ce8fcf6, 0xfcef1c09, 0xe203fdfe, 0xf1e9f2da, 0xdd08f6e8, 0xfcd2defa, 0x19150916, 0xfdf9230b, \
  0x14f6f2fd, 0xe9e3f0e3, 0xe7e7e2e2, 0xd4eaf2d7, 0x0302eef4, 0x04f6f0f6, 0x171c2cf7, 0xf8faf8f8, \
  0xf6fafbf1, 0x11fa1113, 0x171919f9, 0x0d040b11, 0xf8e30507, 0xec00f8fd, 0x1c150522, 0x11f70e02, \
  0x02ff00ff, 0xfe000000, 0x01f0f814, 0x170af3ee, 0x0ae3cdd9, 0xd1c8d8d1, 0xc4ecfd0a, 0x030f05ff, \
  0x1a1418be, 0xe10aec02, 0x1cf92224, 0x00000000, 0x00000000, 0x3d000000, 0x00000000, 0x00000000, \
  0x00000000, 0x00000000, 0x00000000, 0x00000000, 0x00000000, 0x00000000, 0x00000000, 0x00000000, \
  0x00000000, 0x00000000, 0x00000000, 0x00000000, 0x00000000, 0x00000000, 0x000a0000, 0x00000000, \
  0x00000000, 0x00000000, 0x00000000, 0x00000000, 0x00000000, 0x00000000, 0x00000000, 0x00000000, \
  0x00000000, 0x00000000, 0x00000000, 0x00000000, 0x00000000, 0x00000000, 0x00000000, 0x00000000, \
  0x00000000, 0x3e000000, 0x00000000, 0x00000000, 0x00000000, 0x00000000, 0x00000000, 0x00000000, \
  0x00000000, 0x00000000, 0x00000000, 0x00000000, 0x00000000, 0x00000000, 0x00000000, 0x00000000, \
  0x00000000, 0x14030600, 0xfc15fafd, 0x071d00ed, 0x080d1604, 0x2cef041a, 0x172fff11, 0x0c08110f, \
  0x1e2b1801, 0xec1010fd, 0xf10a051e, 0x0a1c050a, 0x081817f6, 0x2f0e06ef, 0x140b0bf8, 0x03080612, \
  0x0efdf6f9, 0x1506110d, 0x02d71604, 0x0af90c0c, 0x0e1c1717, 0x12180308, 0x0a1b0505, 0xf610150d, \
  0x201212f5, 0x12131909, 0x0802f7fd, 0x0016110d, 0x09010008, 0xe917131b, 0x070d1909, 0x00f40302, \
  0x00140000, 0x00000000, 0x001dfa00, 0x50d942a0, 0x00000022, 0x040c0f0c, 0xfd06020a, 0x0c0d07f0, \
  0x0df6f101, 0x0bfafd00, 0xfbf80700, 0xfcfef9f9, 0xf20200ff, 0x070307f7, 0x00f2f502, 0x0c08070d, \
  0xf2f2f600, 0xf3f2fdfd, 0xf10500fd, 0xfb14f1ff, 0x15f7f9fe, 0x0105fbfe, 0x0bfb0af8, 0xeb0306fa, \
  0x0e0d0bf9, 0x00fd11f6, 0xf6020b00, 0x04f50bf4, 0x060107fa, 0xf8fcfefe, 0xfd0409ff, 0xfd040908, \
  0x0807fb04, 0x040cf5f5, 0x06f3ecfa, 0xf3faf5fb, 0x09e40000, 0x00000000, 0x0004fc00, 0x50d942e0, \
  0x00000058, 0x00000000, 0x00000000, 0x39000000, 0x00000000, 0x00000000, 0x00000000, 0x00000000, \
  0x00000000, 0x00000000, 0x00000000, 0x00000000, 0x00000000, 0x00000000, 0x00000000, 0x00000000, \
  0x00000000, 0x00000000, 0x00000000, 0x00000000, 0x00f70000, 0x00000000, 0x00000000, 0x00000000, \
  0x00000000, 0x00000000, 0x00000000, 0x00000000, 0x00000000, 0x00000000, 0x00000000, 0x00000000, \
  0x00000000, 0x00000000, 0x00000000, 0x00000000, 0x00000000, 0x00000000, 0x00000000, 0x3e000000, \
  0x00000000, 0x00000000, 0x00000000, 0x00000000, 0x00000000, 0x00000000, 0x00000000, 0x00000000, \
  0x00000000, 0x00000000, 0x00000000, 0x00000000, 0x00000000, 0x00000000, 0x00000000, 0x1afb0413, \
  0x0109fdfc, 0x0c0407fb, 0xff1e05fa, 0x0a07131a, 0x00160a13, 0xfd1a0e18, 0x190e000d, 0xf8330cfe, \
  0xfc111006, 0x09eb1521, 0x071a0108, 0x0706140b, 0x0904f516, 0x190afc11, 0x011d0407, 0x24001525, \
  0x081606fa, 0x00061512, 0x0bf90c0c, 0x1c1c0015, 0x09ec1709, 0x0b24040e, 0x0e1d3017, 0xf90e04fd, \
  0x06fefe1f, 0xf3090417, 0x06021b0c, 0x061603ff, 0x110a0413, 0x1c1c1811, 0xf9010000, 0x00000000, \
  0x0011fb00, 0x50d94380, 0x00000022, 0x1c15321f, 0x041e1225, 0xf9d502ff, 0x0e0bf6fc, 0xfef5001e, \
  0xee0eee1b, 0xd60ef8f8, 0xdc161c22, 0x1a1dfb11, 0x16e4ffee, 0x0626f00b, 0xe2f1eb0c, 0x1fe30df8, \
  0x1525fdf5, 0xe8e30f02, 0xe6eefd02, 0xdedb01f5, 0x0b0103f3, 0xf7f9f5eb, 0xf6281bda, 0xea0a15ed, \
  0x04f1e607, 0x002bfdf5, 0x0de3081c, 0xd9f6d90a, 0xee210405, 0xffed0c1a, 0x1ef5e6dc, 0x1402fef0, \
  0xfd0a11fc, 0x060df60e, 0x04ef0000, 0x00000000, 0x001e1200, 0x50d943c0, 0x00000058, 0x00000000, \
  0x00000000, 0x75000000, 0x00000000, 0x00000000, 0x00000000, 0x00000000, 0x00000000, 0x00000000, \
  0x00000000, 0x00000000, 0x00000000, 0x00000000, 0x00000000, 0x00000000, 0x00000000, 0x00000000, \
  0x00000000, 0x00000000, 0x00e50000, 0x00000000, 0x00000000, 0x00000000, 0x00000000, 0x00000000, \
  0x00000000, 0x00000000, 0x00000000, 0x00000000, 0x00000000, 0x00000000, 0x00000000, 0x00000000, \
  0x00000000, 0x00000000, 0x00000000, 0x00000000, 0x00000000, 0x3d000000, 0x00000000, 0x00000000, \
  0x00000000, 0x00000000, 0x00000000, 0x00000000, 0x00000000, 0x00000000, 0x00000000, 0x00000000, \
  0x00000000, 0x00000000, 0x00000000, 0x00000000, 0x00000000, 0xe6190d13, 0xde040402, 0x2d0ffcee, \
  0x0df2e5ec, 0x10f504ec, 0x0efef511, 0x0110f207, 0x0c0505f6, 0x17fdeef0, 0xee0c060b, 0x0be90202, \
  0xfffffb02, 0x1b090d02, 0xfbf90407, 0xea0af9f3, 0xf621f412, 0xecf9f408, 0xeb0402f9, 0x150ae611, \
  0x04fc01f5, 0xf0e1f509, 0x0f0cfcfb, 0xf0ef03f9, 0x12000ffb, 0x1319f30d, 0xeb00fc0b, 0xe302ebf4, \
  0x05d806ee, 0x06f7d8da, 0x05fcfd00, 0x051603e1, 0x05020000, 0x00000000, 0x00eaf400, 0x50d94460, \
  0x00000022, 0x091813e6, 0x0bf40c06, 0x00040107, 0xf505f6ed, 0x07fcf927, 0xf3f5fe04, 0xfeef04f8, \
  0xf1fef900, 0x030c09f1, 0x12fd0103, 0xfde40f01, 0xf9f40506, 0xf42bf00f, 0xfe0f031d, 0xe8e3102c, \
  0xef0bf302, 0x0ed00f19, 0xe2f2fedf, 0xe8e700ff, 0xf5f019e9, 0x080305ff, 0x07d706e0, 0x07290201, \
  0x1429f203, 0xfe07fe0b, 0x00fdfedd, 0x0e09f91d, 0x0217fefc, 0x09e601fb, 0x03e8fb05, 0x062203fb, \
  0xf0fc0000, 0x00000000, 0x00e71100, 0x50d944a0, 0x00000017, 0x00000000, 0x00000000, 0x52000000, \
  0x00000000, 0x00000000, 0x00000000, 0x00000000, 0x00000000, 0x00000000, 0x00000000, 0x00000000, \
  0x00000000, 0x00000000, 0x00000000, 0x00000000, 0x00000000, 0x00000000, 0x00000000, 0xf6ff12dd, \
  0x0cde1d29, 0x02000000, 0x00000000, 0x00fc0000, 0x50d98000, 0x00000178, 0x00000000, 0x00000000, \
  0x0008f604, 0x03fc03f6, 0x01f5ecfd, 0xf2f4f3f8, 0x1b030a1c, 0x26221301, 0x0df20b11, 0x00000000, \
  0x00000000, 0x000401f6, 0xe9fde2eb, 0xdef30bfd, 0xfa131bf6, 0x3324fc00, 0x00000000, 0x00000000, \
  0x08fde802, 0xeffa06ff, 0xfef200fb, 0x03f50b03, 0x15060ae8, 0x3b0df01b, 0x05f00c00, 0x00000000, \
  0x00000000, 0x0bfaf205, 0xdf0e0eff, 0x0f000000, 0x00000000, 0x000001f6, 0xf506e7ff, 0xed0d0701, \
  0xe7eee5fb, 0xf1f61721, 0x03fbeb10, 0xf7eeed15, 0x1d010d0f, 0xfc03fbf1, 0xf8ff0000, 0x000000fe, \
  0x0000fcff, 0x0000ff00, 0x00ff0000, 0x4633fa1e, 0xeefde707, 0x09300e14, 0x0b072018, 0x131ff9e5, \
  0x01d5fb0f, 0xfbf7250d, 0x252401f9, 0x0b0408fa, 0x08e9f4e9, 0xfbfb25ec, 0xfafbefdb, 0xffe1cf0e, \
  0x04e51004, 0x09040bfc, 0x0901fcfb, 0x04f40ef6, 0xf00c02fe, 0x00000000, 0x00000000, 0x000500ee, \
  0xf8f8ffe5, 0xed040000, 0x00000000, 0x00000014, 0xebfdf2de, 0xedf3ecd6, 0x0a0ffd08, 0xfcf3160c, \
  0xee0407e7, 0xfe00f60d, 0x26faf6ff, 0xfb01fefa, 0x04fc0002, 0xff00ff00, 0x00fe0000, 0xfaf9faf8, \
  0xf9fcfbfc, 0xfbf9f3f3, 0xf2eef1f3, 0xecf10204, 0x00000000, 0x00010026, 0x17240e1f, 0x090f2522, \
  0x00000000, 0x00000000, 0x00e0f9f5, 0xe1fdfaee, 0x02fbe9f1, 0xfb0e06f2, 0xfa112409, 0xfcd60703, \
  0xf0faf818, 0x00000000, 0x00000000, 0x00000000, 0x00000000, 0x00000000, 0x00000000, 0x00000002, \
  0xfbeff1f9, 0xd4dafae8, 0x00000000, 0x00000000, 0x00ff0000, 0x00000000, 0x00000000, 0x00000000, \
  0x00000000, 0x050b0008, 0xf303f206, 0x17182523, 0xff100cf1, 0xe5130226, 0x060b09fc, 0xfcfeece3, \
  0xf9f5ed00, 0xe3ed0800, 0x00000000, 0x00000000, 0x00000000, 0x00000000, 0x00f9fbfc, 0xf8f9fcf7, \
  0xfb00e3e0, 0x0308eef1, 0xebe4eaf7, 0x07090e0b, 0xfdf7ff06, 0xdde9f7e0, 0xd6f3dedc, 0xf7ff0000, \
  0x00000000, 0x0000fafb, 0xfcfafbfb, 0xfbfefb00, 0x00000000, 0x00000000, 0x07040301, 0xe2feeddf, \
  0x040eeb16, 0xfbfbfff6, 0x090cfffa, 0x000c030e, 0xe71317e8, 0xc4cfefea, 0xea08f5f9, 0x05f301fd, \
  0xfb1104fe, 0x1df500fc, 0xf603000a, 0xeffdeffd, 0xf2030ae0, 0x0e0ce11e, 0xf7071410, 0x0001f7f9, \
  0xf6f6eafc, 0xfee415fb, 0xd8ef0ff7, 0xfefdf8e1, 0xe9f6ecf7, 0xf1f807fe, 0xf8ee08f8, 0x05041606, \
  0xf5e6d1d4, 0x03fadaf2, 0xf5d2f000, 0xe5e3f6ee, 0x06e8f8f9, 0xd2d3f510, 0xdd17f2f2, 0x0411e601, \
  0xfb0a0a00, 0x08f8fdf8, 0x00fdf9f8, 0xf8fefafa, 0xfa04e1e0, 0x00f1ea01, 0x0411f211, 0x17021513, \
  0x110a19fa, 0x17040c09, 0xf20805f9, 0x0e0a04f4, 0x0609f8fc, 0xedfeeff9, 0x07e704ff, 0xf3f008ed, \
  0xea10fd0a, 0xee0ee713, 0xf111f610, 0xfa01000a, 0xedcdeeee, 0xdaebfcec, 0xd8eaf9e0, 0x0707de09, \
  0xfff0e6ea, 0xe7f1f3f3, 0x0010edf2, 0xf6f7fae2, 0xf406faf7, 0xed03f2f2, 0xed09f5f8, 0x16070fec, \
  0xe6fbf6cf, 0xddf40be8, 0xfdfff1f3, 0xf5f6eaf5, 0x02f4f5eb, 0xf50bedf3, 0xe5eae4f5, 0xf1fc07f2, \
  0x0c05efe8, 0xf904e5df, 0xebede4e9, 0xd80914eb, 0x041b13fb, 0x040ae1e3, 0xf202fcf1, 0xebece4ee, \
  0x0ce7fffe, 0xe90e07ed, 0xf4e7edf6, 0xf60d0000, 0x00000000, 0x000000f0, 0x1816f8f4, 0xfce1e0e6, \
  0x090bff0e, 0xf1fd08fa, 0xe9e5ebe1, 0xfff4ee0a, 0x0106ef02, 0xf50005f9, 0xfce5e7ee, 0x0208fe16, \
  0x0c101af5, 0x10f7040e, 0x08050e12, 0x1413080f, 0x13f9f70c, 0x140decee, 0x13efe507, 0xf10bfa01, \
  0x170a1105, 0xebe3f506, 0x00ececfb, 0x0fe3fef9, 0x02fef2ed, 0xfcfdf2f1, 0xf0f21e0a, 0x10030c08, \
  0x10060ffa, 0xecfa0100, 0xffebe301, 0xe2e1ccfa, 0xea0a0f05, 0x03e6fbeb, 0xf0ebd3f5, 0xf6d918fa, \
  0xe604fcff, 0xfdfeecfc, 0xefe6f304, 0xfd031a1a, 0x0a10ed13, 0x00f1080d, 0xe5f004e5, 0xfaf208ed, \
  0x08f813fd, 0xfd02f1f0, 0xf1f6e000, 0x00ff0000, 0xfd0001ff, 0xda0405d1, 0xefff0700, 0xf6faef00, \
  0xf00907f8, 0xf703fafe, 0xdc06f6ec, 0x0f0afcde, 0x07f7f0ef, 0x02ef0a09, 0x00000000, 0x00000000, \
  0x43000000, 0x00000000, 0x00000000, 0x00000000, 0x00000000, 0x00000000, 0x00000000, 0x00000000, \
  0x00000000, 0x00000000, 0x00000000, 0x00000000, 0x00000000, 0x00000000, 0x00000000, 0x00000000, \
  0x00000000, 0x00020000, 0x00000000, 0x00000000, 0x00000000, 0x00000000, 0x00000000, 0x00000000, \
  0x00000000, 0x00000000, 0x00000000, 0x00000000, 0x00000000, 0x00000000, 0x00000000, 0x00000000, \
  0x00000000, 0x00000000, 0x00000000, 0x00000000, 0x3f000000, 0x00000000, 0x00000000, 0x00000000, \
  0x00000000, 0x00000000, 0x00000000, 0x00000000, 0x00000000, 0x00000000, 0x00000000, 0x00000000, \
  0x00000000, 0x00000000, 0x00000000, 0x00000000, 0x12ff080c, 0xf511f6ed, 0x19030f02, 0x01050ff8, \
  0x14fb0411, 0x1720fe06, 0xf805f60f, 0x1712080f, 0xf819f5f5, 0x0404100a, 0x0b2b0d0b, 0x09120b22, \
  0x08100f18, 0x0d2a0504, 0xfd04f630, 0x29fc28fd, 0x1802000e, 0xf3d90fe8, 0x080b0620, 0x10191311, \
  0x0e150302, 0x0014f911, 0x000d040c, 0x140f0406, 0x06192013, 0x120c06fc, 0x0817041f, 0x0320fc0c, \
  0xf624150c, 0x01041c01, 0x0c07fe0a, 0x10190000, 0x00000000, 0x0020ff00, 0x50d982a0, 0x00000022, \
  0x0107ff01, 0x0b030b06, 0x090fea15, 0xf703e8ed, 0x0902fde8, 0x0cff0add, 0xf00efb0a, 0xdb0204fb, \
  0x0ae71303, 0x22f0e313, 0xfa0d0ef0, 0x20f1f21e, 0x0105ea08, 0xecf4f7f3, 0xf40afed8, 0xf903f7f3, \
  0x040f1d0a, 0xf70a00fd, 0xe8fa0cff, 0x06090d08, 0xf0f00efd, 0xeeed1dee, 0x18ed03ef, 0x0ffc0204, \
  0xfd0209f3, 0x04fe04f7, 0x0affeb05, 0xf906f9f4, 0x0d19090f, 0xf109dffb, 0xf9faeef1, 0x04f30000, \
  0x00000000, 0x00121200, 0x50d982e0, 0x00000058, 0x00000000, 0x00000000, 0x3c000000, 0x00000000, \
  0x00000000, 0x00000000, 0x00000000, 0x00000000, 0x00000000, 0x00000000, 0x00000000, 0x00000000, \
  0x00000000, 0x00000000, 0x00000000, 0x00000000, 0x00000000, 0x00000000, 0x00000000, 0x00fd0000, \
  0x00000000, 0x00000000, 0x00000000, 0x00000000, 0x00000000, 0x00000000, 0x00000000, 0x00000000, \
  0x00000000, 0x00000000, 0x00000000, 0x00000000, 0x00000000, 0x00000000, 0x00000000, 0x00000000, \
  0x00000000, 0x00000000, 0x3e000000, 0x00000000, 0x00000000, 0x00000000, 0x00000000, 0x00000000, \
  0x00000000, 0x00000000, 0x00000000, 0x00000000, 0x00000000, 0x00000000, 0x00000000, 0x00000000, \
  0x00000000, 0x00000000, 0x12ea05fc, 0x06f9f611, 0x030509f9, 0x0a0e00fc, 0xf1041216, 0x180e0a07, \
  0x050a0705, 0xfd0c06fc, 0xfb250310, 0xea18ff09, 0x06f81617, 0x0e01010d, 0x110b1816, 0xfd06f209, \
  0xfd050712, 0xfa14fcfc, 0x0c00ec2a, 0x07fd0af5, 0x0a0b0b04, 0xfef80d03, 0x15f1fefa, 0x06fb1310, \
  0x00090506, 0x000d0c13, 0xf3020011, 0x0cfcdc1b, 0x1c1cf914, 0x071403fe, 0xfb0cfff4, 0x0910fd12, \
  0x0f131017, 0xe9100000, 0x00000000, 0x000d0400, 0x50d98380, 0x00000022, 0xe10013c7, 0x3a2016bc, \
  0xf616e31a, 0xd815fae3, 0x140d33af, 0xff0316fe, 0xf6dd2635, 0xdfef04cc, 0x1ad0210d, 0x0f15e6e1, \
  0x16ba1599, 0x0a240b10, 0x1051c6d9, 0xfff5ec55, 0xfa30fcf9, 0x1d35e2d1, 0x0b1c0108, 0x07fafed1, \
  0x120be241, 0xff1e1b2e, 0xed302414, 0xf9ea1212, 0xffe7fcdd, 0x0be2f7f9, 0x0fe0ecc6, 0xf7f628dd, \
  0x18f7ccd7, 0x0fbbf54a, 0xcbd3e4ed, 0xf370ff14, 0xf0e4f6e2, 0xe3140000, 0x00000000, 0x00041400, \
  0x50d983c0, 0x00000058, 0x00000000, 0x00000000, 0x74000000, 0x00000000, 0x00000000, 0x00000000, \
  0x00000000, 0x00000000, 0x00000000, 0x00000000, 0x00000000, 0x00000000, 0x00000000, 0x00000000, \
  0x00000000, 0x00000000, 0x00000000, 0x00000000, 0x00000000, 0x000b0000, 0x00000000, 0x00000000, \
  0x00000000, 0x00000000, 0x00000000, 0x00000000, 0x00000000, 0x00000000, 0x00000000, 0x00000000, \
  0x00000000, 0x00000000, 0x00000000, 0x00000000, 0x00000000, 0x00000000, 0x00000000, 0x00000000, \
  0x3d000000, 0x00000000, 0x00000000, 0x00000000, 0x00000000, 0x00000000, 0x00000000, 0x00000000, \
  0x00000000, 0x00000000, 0x00000000, 0x00000000, 0x00000000, 0x00000000, 0x00000000, 0x00000000, \
  0x0d03050f, 0xf70103f4, 0x211bf5fe, 0x0e180e03, 0x020517ff, 0xecf80417, 0xcb0cf4f0, 0x072010fb, \
  0x100311fe, 0x10120612, 0x36fb07f0, 0x0a03fa0d, 0x1df6060d, 0x02f6eaf8, 0xf907f100, 0xf614f20b, \
  0x06f9140b, 0xeb070eff, 0x0af6ea1a, 0x06fd0f0b, 0x08f10301, 0x0708faff, 0xe3f3fb01, 0xfdef0705, \
  0x0211fb0e, 0xfaec0200, 0xec06f8ff, 0x0ad403f7, 0x0df6faf2, 0x0aeef113, 0xfdfb0602, 0x05060000, \
  0x00000000, 0x00fcff00, 0x50d98460, 0x00000022, 0xfa0908ff, 0x09ea05f8, 0x02dffe00, 0xe9f902ef, \
  0x0e0ff81b, 0xf5030b01, 0xf2f10505, 0x040be415, 0xf40a0a05, 0xfcf125f7, 0xf71af61b, 0xfa0d0aef, \
  0xfc0ef204, 0x10030c0e, 0xe8061f00, 0x05ebf90a, 0x031006fe, 0x04fef4da, 0xfbfee509, 0x26f51bec, \
  0xff040a0f, 0x0a0705fb, 0x0703f1f2, 0x1210f3fb, 0x0bf2f20f, 0xf50c08f7, 0xf7eefa23, 0x021504e8, \
  0x00dff1e2, 0xfded1f0d, 0xfdf00901, 0xf7fc0000, 0x00000000, 0x00101400, 0x50d984a0, 0x00000017, \
  0x00000000, 0x00000000, 0x51000000, 0x00000000, 0x00000000, 0x00000000, 0x00000000, 0x00000000, \
  0x00000000, 0x00000000, 0x00000000, 0x00000000, 0x00000000, 0x00000000, 0x00000000, 0x00000000, \
  0x00000000, 0x00000000, 0xeb1e08da, 0x15f81d16, 0x02000000, 0x00000000, 0x00e40000, 0x50d9c000, \
  0x00000178, 0x000002fc, 0xfef801fe, 0xf7fcf606, 0xe802f40c, 0xf70afdeb, 0xf00cf3e5, 0x090ddf0c, \
  0x0f141419, 0x04fd0313, 0x00000000, 0x00000000, 0x00feedf4, 0x13160301, 0xf3f206f1, 0xe7feffe8, \
  0x0e02dcfe, 0xff000000, 0x000100ff, 0xff10fc04, 0xebe00c05, 0x071002f2, 0xfbfcfef6, 0xf9f401ee, \
  0xfdfdf10b, 0x0ce6f1fd, 0xfefe05ff, 0x00040600, 0x090a0111, 0xfcfa1c0b, 0xe6fef903, 0xfafafb01, \
  0x0200f0e8, 0xf40ff5f2, 0xe8fc0603, 0x1e02e9fd, 0x01f8e60a, 0xf3de0403, 0xf5fa0714, 0x02f2e2f7, \
  0xee04f0fb, 0xff12f906, 0x04020905, 0x06fbfafd, 0xfffb01fe, 0xfb0406fc, 0x0e120f2b, 0x0cf8f106, \
  0xea04f912, 0xeafd0207, 0x15111af4, 0xf3e4f309, 0x03ec13ee, 0xccefeeee, 0xf9f0090c, 0xed0c05f4, \
  0xfbeff0fb, 0xfef0f6dc, 0xff08e006, 0x0ee8e1ee, 0x11fafd1d, 0xf4f2fe0d, 0xf8fa0103, 0x0efd0500, \
  0xf80af7fe, 0x05f50102, 0xfef9ead3, 0x03f8eaf7, 0xf405fc01, 0x020506ff, 0x0604faf3, 0x05f9070a, \
  0x1314eff8, 0xed0d1609, 0x03fbfb07, 0xecea09ed, 0xf2ffe4fd, 0xf9ed00f7, 0xf1faf20e, 0xfc08f6ff, \
  0xf3f6f707, 0xf906f601, 0xf2fdf0f6, 0xededf8fb, 0xf8f1fdf0, 0xf6f2eff5, 0xf1ee01ff, 0x04ff0000, \
  0xfefffeff, 0xe70709f4, 0x090c16f5, 0x00000000, 0x00000000, 0x00e2f7e8, 0x090de2f6, 0x01e90608, \
  0xf70ce5fa, 0xf9fcf205, 0xf6f0070a, 0xdbfffcfa, 0x00000000, 0x00000000, 0x00030306, 0x05fcfaf9, \
  0xfefb0000, 0x02000003, 0x000101f3, 0x081415f5, 0x01fff8cd, 0xfc000006, 0xfdfc0607, 0xfafa0703, \
  0x0607f504, 0xfcf70000, 0x00000000, 0x000000f7, 0xe8fff907, 0xebfdf3f1, 0xe4c4ebed, 0xf914f00e, \
  0x19ede5eb, 0xecee0efe, 0x0ffafafa, 0xcb0ef3e9, 0x0210fbfe, 0x05fa0102, 0xfefefff8, 0x00000000, \
  0x0000fe00, 0x00f8f8f8, 0xf7f6f7f7, 0xf6f70ff6, 0xe70d0ae2, 0x23f8d003, 0xfde31100, 0xd01515f4, \
  0x10fd1ff7, 0x111f01e6, 0xf30504f9, 0xfa0b04f4, 0x07f6f9f9, 0xfcfaf9f6, 0xfaf9f3fd, 0x01f90506, \
  0x01ff0100, 0x0a00f800, 0x0afd080b, 0x0afdfd01, 0x00ff05fc, 0x03ff0000, 0x00000000, 0x00000000, \
  0x00000000, 0x00000000, 0x00000000, 0x00000000, 0x000000ff, 0x0000ff00, 0x000209fc, 0x05fa0204, \
  0x00f80a00, 0x00000000, 0x00000000, 0x00000000, 0x00000000, 0xfffd0300, 0xfffdfd00, 0x00000002, \
  0xff010100, 0x000000fb, 0xfc01fdfc, 0x03fe0101, 0x06090304, 0xfd08f802, 0x03ff0106, 0x05fbfa02, \
  0x08fd01f6, 0x0708f303, 0xf508ff03, 0x05020607, 0x0700f9f7, 0x00000000, 0x00000000, 0x00fcfc02, \
  0x03000200, 0x04ff0000, 0x00ff0000, 0x00000003, 0xf8fbfb02, 0xfe0000fd, 0x00000000, 0x00000000, \
  0x00000000, 0x00000200, 0x00ff0000, 0x00000000, 0x00000000, 0xff000001, 0xff0000ff, 0x00000000, \
  0x00000000, 0x0001fdff, 0x0002ff00, 0x00000000, 0x00000000, 0x000000ff, 0x02ffff01, 0x01000001, \
  0xffff01ff, 0xff0302ff, 0x03040206, 0x01fdfc05, 0xfb030001, 0x0001ff00, 0x000000fb, 0xfef6ff00, \
  0xfdff04fa, 0x000000fd, 0xfd050402, 0x05ff00ff, 0x010001ff, 0xfe00fffe, 0x0000ffff, 0x00000000, \
  0x010100ff, 0x01000001, 0xfa0505fc, 0x0306fcff, 0x02000000, 0x00000000, 0x00010000, 0x00000000, \
  0x00000003, 0x00000000, 0x000000ff, 0x00000000, 0x00000000, 0x00ff0000, 0x0000ff00, 0x00fcf8fc, \
  0xfb0308fb, 0xf9f9fcfd, 0x02ff0202, 0xfe000401, 0xfbfe0000, 0x00000000, 0x00000000, 0x00000000, \
  0x0004fe03, 0x020001ff, 0xfffd0304, 0xfe05fffc, 0x0701fffb, 0xffff0002, 0x0003ff01, 0x00000000, \
  0x00000000, 0x00000000, 0x00000000, 0x0100ff0d, 0xfaff0cfc, 0x00f9faf8, 0xfe050601, 0x05ff0101, \
  0x0902fdfc, 0x060300f9, 0x01fe0000, 0x00000000, 0x00000000, 0x00000000, 0x00000000, 0x00000000, \
  0x00000000, 0x00000000, 0x00ff0002, 0x00010000, 0x00000000, 0x00000000, 0x00000000, 0x00000000, \
  0x00000000, 0x00000000, 0x00000000, 0x00000000, 0x0000fe01, 0x000203ff, 0xfcfdff00, 0x01040002, \
  0xfa02fdfc, 0x00000000, 0x00000000, 0x3e000000, 0x00000000, 0x00000000, 0x00000000, 0x00000000, \
  0x00000000, 0x00000000, 0x00000000, 0x00000000, 0x00000000, 0x00000000, 0x00000000, 0x00000000, \
  0x00000000, 0x00000000, 0x00000000, 0x00000000, 0x00f60000, 0x00000000, 0x00000000, 0x00000000, \
  0x00000000, 0x00000000, 0x00000000, 0x00000000, 0x00000000, 0x00000000, 0x00000000, 0x00000000, \
  0x00000000, 0x00000000, 0x00000000, 0x00000000, 0x00000000, 0x00000000, 0x00000000, 0x3e000000, \
  0x00000000, 0x00000000, 0x00000000, 0x00000000, 0x00000000, 0x00000000, 0x00000000, 0x00000000, \
  0x00000000, 0x00000000, 0x00000000, 0x00000000, 0x00000000, 0x00000000, 0x00000000, 0x0ce912f5, \
  0x100ffd01, 0xee01f50b, 0x05e5f212, 0x09f3f0ff, 0xfffeeed6, 0xf9ebd5ec, 0xe61cebf3, 0xe8e5ebe9, \
  0xe9fbf0ed, 0xfc0405ec, 0xfd01f702, 0xf0fff204, 0x02eeeb03, 0x00f9f7eb, 0xe206fbff, 0xedf5fff9, \
  0x0407f1cf, 0xfceaf218, 0xf2f1f409, 0xedfd18fb, 0x0bf8f5f2, 0x03f8e8e5, 0xf703fbf3, 0x10e609f2, \
  0xf6050feb, 0xe0f5fbeb, 0xfafff5fc, 0xfc06ffed, 0xf7f80bf5, 0xf2fafcef, 0xedf20000, 0x00000000, \
  0x00f70300, 0x50d9c2a0, 0x00000022, 0x03ea15f7, 0x0dfcfe03, 0x100bfffd, 0x0824fbf1, 0xfbf60023, \
  0xf8ece736, 0xf3ef01fe, 0xe91011fc, 0xfe0cfe1a, 0x07fd0ef0, 0x10e6f9f5, 0xfc12f403, 0x1310030a, \
  0x07fa0403, 0xfdee04fd, 0x04000d0e, 0xfbcaf6f5, 0x0e040e04, 0x140d12fe, 0xf409f207, 0xf0e70c07, \
  0x00ed04e6, 0x071e05ed, 0x001009dd, 0x12fd03fa, 0xffe0fef7, 0x0111ee0a, 0xf60700ef, 0xfef80807, \
  0xfdf7040c, 0xfd28f121, 0xfef80000, 0x00000000, 0x00ec0200, 0x50d9c2e0, 0x00000058, 0x00000000, \
  0x00000000, 0x37000000, 0x00000000, 0x00000000, 0x00000000, 0x00000000, 0x00000000, 0x00000000, \
  0x00000000, 0x00000000, 0x00000000, 0x00000000, 0x00000000, 0x00000000, 0x00000000, 0x00000000, \
  0x00000000, 0x00000000, 0x00010000, 0x00000000, 0x00000000, 0x00000000, 0x00000000, 0x00000000, \
  0x00000000, 0x00000000, 0x00000000, 0x00000000, 0x00000000, 0x00000000, 0x00000000, 0x00000000, \
  0x00000000, 0x00000000, 0x00000000, 0x00000000, 0x00000000, 0x3f000000, 0x00000000, 0x00000000, \
  0x00000000, 0x00000000, 0x00000000, 0x00000000, 0x00000000, 0x00000000, 0x00000000, 0x00000000, \
  0x00000000, 0x00000000, 0x00000000, 0x00000000, 0x00000000, 0xfaebfe07, 0xfef507ef, 0xf7f9efef, \
  0xcd04e8f1, 0xe211f9ec, 0xf8efeaf6, 0xfa0ee103, 0x05f1f9e0, 0xf50ee8e9, 0xf7e7f801, 0xebd2fcf4, \
  0x0505fae6, 0xd8e8f4fd, 0xf8eafbfd, 0xfbfe2200, 0x04e7eff5, 0x13fbfd0e, 0xf4ffee07, 0xfce0f706, \
  0xffe3fff3, 0xf9ecfaf2, 0xf0faf5f7, 0x0403f3f0, 0xfcfdfaf7, 0xf70dc8f1, 0xfdeff7ee, 0x042b0b11, \
  0xfdf5f2e7, 0x07effbff, 0xecec04f3, 0xe3f8f3e1, 0x07fe0000, 0x00000000, 0x00e8f900, 0x50d9c380, \
  0x00000022, 0x19f7111b, 0x1a1d0be4, 0xf509e2c0, 0xeefcf418, 0x0efdf2fb, 0x0afe10fa, 0x020df0d5, \
  0xf3150724, 0x3b0b1302, 0x15f6e8f1, 0xfd233208, 0xf8cdf018, 0x03f71cf7, 0xe52ad00d, 0xcf070511, \
  0x25fecd0e, 0xf8283c06, 0xed10f5e0, 0xeff7cff3, 0x14252913, 0x0a1919dc, 0x144f3c20, 0x47e118e5, \
  0x0a110329, 0x1e17f423, 0x0821ff18, 0xf8f8e906, 0xf1bcd9ed, 0x120af1f1, 0xdcd5b5ee, 0x090103f5, \
  0xff080000, 0x00000000, 0x002d1b00, 0x50d9c3c0, 0x00000058, 0x00000000, 0x00000000, 0x75000000, \
  0x00000000, 0x00000000, 0x00000000, 0x00000000, 0x00000000, 0x00000000, 0x00000000, 0x00000000, \
  0x00000000, 0x00000000, 0x00000000, 0x00000000, 0x00000000, 0x00000000, 0x00000000, 0x00000000, \
  0x00010000, 0x00000000, 0x00000000, 0x00000000, 0x00000000, 0x00000000, 0x00000000, 0x00000000, \
  0x00000000, 0x00000000, 0x00000000, 0x00000000, 0x00000000, 0x00000000, 0x00000000, 0x00000000, \
  0x00000000, 0x00000000, 0x00000000, 0x3e000000, 0x00000000, 0x00000000, 0x00000000, 0x00000000, \
  0x00000000, 0x00000000, 0x00000000, 0x00000000, 0x00000000, 0x00000000, 0x00000000, 0x00000000, \
  0x00000000, 0x00000000, 0x00000000, 0xfcf514f9, 0xf1f81cff, 0x2601fd02, 0xf4fcf2fe, 0x18d92106, \
  0x13e50603, 0xdcfffdee, 0x13de0500, 0xfb18df0d, 0xfce603f9, 0x230e0301, 0x1507fa27, 0x0405fa0a, \
  0x0ce40620, 0x1411080c, 0x001af618, 0x0c0114f7, 0x1d06150a, 0x021dfc3b, 0xe9022cfa, 0x160b0711, \
  0xebec090d, 0xda0f0b0d, 0xedf71003, 0x1df604f0, 0xe8effdf2, 0x02fd01f4, 0x0717f100, 0xf30ef81c, \
  0x0ded17e8, 0x03fcfe17, 0xfcef0000, 0x00000000, 0x00fa0d00, 0x50d9c460, 0x00000022, 0xe7f0f0f9, \
  0x0a09e8fe, 0xfafc00dd, 0xea050a09, 0x04ed02e8, 0xf50a041b, 0xf6fdf9f3, 0x0aeaf1fb, 0xee1f0701, \
  0x06fafa06, 0x0afa060d, 0xf7090ff7, 0xddedfa0b, 0x06062200, 0xfbe9110c, 0x0213f314, 0xf900edfd, \
  0x0e0408f6, 0xe60d02e4, 0x01fffcf7, 0x11fceedf, 0xf8fffde8, 0x0d0bf41d, 0x1cfbfb18, 0xfd062401, \
  0x0501ebfc, 0x00f70307, 0x120b110a, 0xfc030afd, 0x060704ed, 0x0d090e00, 0x16040000, 0x00000000, \
  0x00e7e800, 0x50d9c4a0, 0x00000017, 0x00000000, 0x00000000, 0x50000000, 0x00000000, 0x00000000, \
  0x00000000, 0x00000000, 0x00000000, 0x00000000, 0x00000000, 0x00000000, 0x00000000, 0x00000000, \
  0x00000000, 0x00000000, 0x00000000, 0x00000000, 0x00000000, 0x17ecfbe6, 0x16e810e6, 0x2c000000, \
  0x00000000, 0x00e10000, 0x50da0000, 0x00000178, 0x00fdfa01, 0xfafb06fc, 0xff0406e9, 0x11f9f110, \
  0x10071703, 0xf3040ef4, 0xfaf204f0, 0xf9f7f5e6, 0x0c02effc, 0x0000ff00, 0x00000000, 0xff0b12fe, \
  0x10fb0ff6, 0xee040b13, 0xed0703e5, 0x07fcfbfe, 0x00000200, 0x000305fd, 0xfe04defc, 0xf3fdfb00, \
  0x07f1fe16, 0xf606ed0b, 0x0600e6e6, 0xfa01f409, 0x0ce10903, 0xfdfffe00, 0x04fb01fb, 0x06eb0314, \
  0x0cf7f60b, 0x0af8f5fd, 0xfd000300, 0x00fd05ea, 0xf4e2e8e7, 0xfdf3f00a, 0xf6fcfa0b, 0xf9f20a0a, \
  0x15f7e506, 0x1917e6f2, 0xfbfcf9f7, 0xf4031306, 0xf5f605f9, 0x010703fe, 0x07f3f8ff, 0x02fbfdf5, \
  0x000304f8, 0xc6ef07eb, 0x0f0f0c16, 0x0a07ec0a, 0x14050218, 0x08140bfd, 0x05eefe17, 0xfff5f0fc, \
  0xe900100e, 0x0c0e0f11, 0x1503f726, 0x06fc0502, 0x04fbf5e8, 0xe80edefd, 0x0e08ee05, 0x01f81700, \
  0x050c1801, 0xf3f70ce7, 0xea0af0fb, 0x0800f9fe, 0xffffff00, 0xff04f2e7, 0xf10a0af9, 0xfdf7fa06, \
  0x0700fcf7, 0xfe00f9f7, 0x12f5140b, 0x0803ecec, 0xf7f0ffe8, 0x19f410f8, 0x01f6eeea, 0xfb00f106, \
  0xffefff03, 0x09f0efed, 0xf204ef05, 0x0405f208, 0xfcf5f903, 0xf8f100f8, 0xf8f0f9f8, 0xf8f5f6ea, \
  0xf5f4f2fa, 0xf7f2fffb, 0xff0103fd, 0xfc0401ed, 0xfc13ea0a, 0x06f5f2fc, 0x00000000, 0x00000000, \
  0x00dbece7, 0xf206effb, 0x07ef19fa, 0x09e1ec04, 0x0509e800, 0xe6dbe8f7, 0xe6f9fa01, 0x00000000, \
  0x00000000, 0x00fb03fe, 0xfcfdfa02, 0xf9fd0000, 0x01000000, 0x000201fe, 0x100a0f06, 0xf9fcfaee, \
  0x00faf9f7, 0xf801f706, 0xf20204f8, 0x09f0f908, 0x03fb0000, 0x00000000, 0x000000f9, 0xf80d04ed, \
  0x0307f606, 0x0b0ffffd, 0xfc14fe14, 0x13f40df6, 0x01131ef4, 0x1703eaed, 0xf1fb0cff, 0x1ff90302, \
  0xf70a02f8, 0xf706f603, 0x000000ff, 0x010002ff, 0x01f6f7f9, 0xf7f9faf6, 0xfbfb1502, 0xe6f3fdf3, \
  0x110304ff, 0x0ee8ec1d, 0xfff5061b, 0xfefe0ef5, 0x0104f8e9, 0xf70801f9, 0xfbfaf2fd, 0x0707f9f8, \
  0xf2f9fcf6, 0xf8faef06, 0x00060205, 0xfcfc01ff, 0xfffd0102, 0xff00fdff, 0x00000000, 0x00000000, \
  0x00000000, 0x00000000, 0x00000000, 0x00000000, 0x00000000, 0x00000000, 0x00000000, 0x00000000, \
  0x00000000, 0x00000000, 0x00000000, 0x00000000, 0x00000000, 0x00000000, 0x00000000, 0x00000000, \
  0x00000000, 0x00000000, 0x00000000, 0x00000000, 0x00000000, 0x00000000, 0x00000000, 0x00000000, \
  0x00000000, 0x000000ff, 0x010102ff, 0x00000000, 0x00000000, 0x00000000, 0x00000000, 0x00000000, \
  0x00000000, 0x00000000, 0x00000000, 0x00000000, 0x00000000, 0x00000000, 0x00000002, 0x02fd0303, \
  0x00ff01fd, 0x00000000, 0x00000000, 0x00000000, 0x00000000, 0x00000100, 0x01010100, 0x0100ff00, \
  0x00000000, 0x00000000, 0x00000000, 0x00000000, 0x00000000, 0x00000000, 0x00000000, 0x00000000, \
  0x00000000, 0x00000000, 0x00000000, 0x00000000, 0x00000000, 0x00000000, 0x00000000, 0x00000000, \
  0x00000000, 0x00000000, 0x00000000, 0x00000000, 0x00000000, 0x00000000, 0x00fefe00, 0xfe0200ff, \
  0xfe000000, 0x00000000, 0x00000000, 0x00000000, 0x00000000, 0x0000ff00, 0x0001ffff, 0x00000000, \
  0x00000000, 0x00000000, 0x00000000, 0x00000000, 0x00000000, 0x00000000, 0x00000000, 0x00000000, \
  0x00000000, 0x00000000, 0x00000000, 0x00000000, 0x00000000, 0x00000000, 0x00000000, 0x00000000, \
  0x00000000, 0x00ff00ff, 0x00ff0000, 0xff000000, 0x00000000, 0x00000000, 0x00000000, 0x00000000, \
  0x00000000, 0x00000000, 0x00000000, 0x00000000, 0x00000000, 0x00000000, 0x00000003, 0xfe040101, \
  0xfe0305fc, 0x00000000, 0x00000000, 0x00000000, 0x00000000, 0x00000000, 0x0000ff00, 0x00ff0000, \
  0x00000000, 0x00000000, 0x00000000, 0x00000000, 0x00000000, 0x00000000, 0x00000000, 0x00000000, \
  0x00000000, 0x00000000, 0x00000000, 0x00000000, 0x00000000, 0x00000000, 0x00000000, 0x00000000, \
  0x00000000, 0x00000000, 0x00000000, 0x00000000, 0x00000000, 0x00000000, 0x40000000, 0x00000000, \
  0x00000000, 0x00000000, 0x00000000, 0x00000000, 0x00000000, 0x00000000, 0x00000000, 0x00000000, \
  0x00000000, 0x00000000, 0x00000000, 0x00000000, 0x00000000, 0x00000000, 0x00000000, 0x00f30000, \
  0x00000000, 0x00000000, 0x00000000, 0x00000000, 0x00000000, 0x00000000, 0x00000000, 0x00000000, \
  0x00000000, 0x00000000, 0x00000000, 0x00000000, 0x00000000, 0x00000000, 0x00000000, 0x00000000, \
  0x00000000, 0x00000000, 0x3f000000, 0x00000000, 0x00000000, 0x00000000, 0x00000000, 0x00000000, \
  0x00000000, 0x00000000, 0x00000000, 0x00000000, 0x00000000, 0x00000000, 0x00000000, 0x00000000, \
  0x00000000, 0x00000000, 0x02f0fdf9, 0xf4f90efa, 0x11fbfbf5, 0xfe100bfd, 0xf0020711, 0xf5fefae9, \
  0x0cf1fd00, 0xfa0003ef, 0xed0ee707, 0xee0400e8, 0xebfa0102, 0xe1f903f2, 0xf600f7fe, 0xff13fa0e, \
  0xfcf30803, 0x02f616f8, 0x0705f71e, 0x03f4f7fb, 0xff03fe09, 0x000df9fb, 0x0600e6e9, 0xf0f7f403, \
  0xf4f9f906, 0x04fcfcf0, 0xea12f90a, 0xff0506f6, 0xf500f5f4, 0x0706dff6, 0xe604ed02, 0xf4f3ffe6, \
  0x0ed8fd0d, 0x14020000, 0x00000000, 0x000bf800, 0x50da02a0, 0x00000022, 0xff0bfef6, 0x19f91401, \
  0x10f704ff, 0xf5f80301, 0x0bfd0801, 0xf3020dff, 0xeb011105, 0xfa0b0602, 0xfffd07f8, 0x050ae00a, \
  0xe7fe1607, 0x17fffc06, 0xf208e4f9, 0xfe0905fd, 0xe7020c03, 0xf002e3f7, 0x14fe00ff, 0xed02f8fb, \
  0xfe07f509, 0xfc0114fc, 0x07050ffa, 0xebfa1d01, 0xf504fdfe, 0x0102f303, 0x1301f801, 0xfcfb06fe, \
  0xf7fdfcfa, 0xe6fefafc, 0x05080100, 0xf202e800, 0xf005e7fa, 0xf8fc0000, 0x00000000, 0x00010400, \
  0x50da02e0, 0x00000058, 0x00000000, 0x00000000, 0x3b000000, 0x00000000, 0x00000000, 0x00000000, \
  0x00000000, 0x00000000, 0x00000000, 0x00000000, 0x00000000, 0x00000000, 0x00000000, 0x00000000, \
  0x00000000, 0x00000000, 0x00000000, 0x00000000, 0x00000000, 0x00090000, 0x00000000, 0x00000000, \
  0x00000000, 0x00000000, 0x00000000, 0x00000000, 0x00000000, 0x00000000, 0x00000000, 0x00000000, \
  0x00000000, 0x00000000, 0x00000000, 0x00000000, 0x00000000, 0x00000000, 0x00000000, 0x00000000, \
  0x3f000000, 0x00000000, 0x00000000, 0x00000000, 0x00000000, 0x00000000, 0x00000000, 0x00000000, \
  0x00000000, 0x00000000, 0x00000000, 0x00000000, 0x00000000, 0x00000000, 0x00000000, 0x00000000, \
  0xf8eafced, 0xfcf7ef08, 0xfefd17f9, 0xf3f1ef00, 0x010ffbf3, 0x03000501, 0xfd03050d, 0xec19ece3, \
  0xe6e5ea0c, 0xfff5f4f3, 0xf3021404, 0xf518e6f5, 0xf6120801, 0xff0aed24, 0x06f8e106, 0x081ef207, \
  0x2d1303e6, 0xfcf20ef7, 0xf90706f5, 0xf2edf206, 0xfb0af404, 0xfdeafbee, 0xf7f9eff9, 0xfd0f01ff, \
  0xf318f4ea, 0x03f1fbf1, 0xf3ee08f7, 0xeefbeaf5, 0x210005fd, 0x070afffa, 0x09f9140b, 0xf3000000, \
  0x00000000, 0x000ef300, 0x50da0380, 0x00000022, 0x180f211e, 0x011fe700, 0xfccbedde, 0xfdede527, \
  0x02ecf92c, 0x144209e3, 0xfe0d05dd, 0xe0eb121d, 0x102314e9, 0x01e4f4dc, 0x030c1d06, 0xf3e7fc01, \
  0xf7e1ed0e, 0xe42303e9, 0xde080712, 0x05d6d627, 0x02152cf5, 0xe5f0ed01, 0xe1df0605, 0x0a1e1403, \
  0xf824fade, 0xeb1b0132, 0x0fe70706, 0x07eb0602, 0xeb00fe12, 0x0b25fa25, 0xfefaed10, 0x030506ee, \
  0x1c0c1210, 0xf9b9e4ec, 0x0d09ff05, 0x0ef90000, 0x00000000, 0x00ee0500, 0x50da03c0, 0x00000058, \
  0x00000000, 0x00000000, 0x7f000000, 0x00000000, 0x00000000, 0x00000000, 0x00000000, 0x00000000, \
  0x00000000, 0x00000000, 0x00000000, 0x00000000, 0x00000000, 0x00000000, 0x00000000, 0x00000000, \
  0x00000000, 0x00000000, 0x00000000, 0x00110000, 0x00000000, 0x00000000, 0x00000000, 0x00000000, \
  0x00000000, 0x00000000, 0x00000000, 0x00000000, 0x00000000, 0x00000000, 0x00000000, 0x00000000, \
  0x00000000, 0x00000000, 0x00000000, 0x00000000, 0x00000000, 0x00000000, 0x3e000000, 0x00000000, \
  0x00000000, 0x00000000, 0x00000000, 0x00000000, 0x00000000, 0x00000000, 0x00000000, 0x00000000, \
  0x00000000, 0x00000000, 0x00000000, 0x00000000, 0x00000000, 0x00000000, 0x0007e30d, 0x19f9fd13, \
  0x1dfcfaf4, 0x0c0afa11, 0x0b07f205, 0xe6eef50b, 0x03e4f7f0, 0xf80700f9, 0x0fef09f8, 0x0403f10a, \
  0xfbf6fb13, 0xf9f3fff7, 0x060001df, 0xfa100dee, 0x0deeea07, 0x0204ee0c, 0xf1f31a09, 0xe6f80cf9, \
  0x0aeee8fb, 0x070113f4, 0x1cfcfdf8, 0x00060909, 0xe9f305f1, 0xf7f9ffe6, 0xeefdf00a, 0xeaf9fa02, \
  0xfbfffafa, 0xfde006f0, 0xfa13daf5, 0xf9f9f0fe, 0x05f20dfc, 0xfcea0000, 0x00000000, 0x00eaf100, \
  0x50da0460, 0x00000022, 0x08300305, 0xf527faf2, 0xf206e71a, 0x09eeee05, 0x1309f30a, 0x0eed0afe, \
  0x03dfe9eb, 0xf225071b, 0x17f10e05, 0x0501e3d5, 0xdd0d16ed, 0x0ce4e805, 0xf5262ae8, 0xf70fe5f6, \
  0xf7f402f6, 0x170bf515, 0xfee50207, 0x0be9f5e4, 0x0000070d, 0x1510f80a, 0xfd1e1a14, 0x01e9f7e2, \
  0x0b0a20e7, 0xf5e1f412, 0x15eff10e, 0x101f0b02, 0xe618f908, 0xf1f3ea0e, 0xfffce604, 0xfaf6ed01, \
  0x05f7f4f0, 0x03f20000, 0x00000000, 0x00fcfb00, 0x50da04a0, 0x00000017, 0x00000000, 0x00000000, \
  0x4b000000, 0x00000000, 0x00000000, 0x00000000, 0x00000000, 0x00000000, 0x00000000, 0x00000000, \
  0x00000000, 0x00000000, 0x00000000, 0x00000000, 0x00000000, 0x00000000, 0x00000000, 0x00000000, \
  0xf722f8e8, 0x23edec17, 0xe5000000, 0x00000000, 0x000c0000, 0x50da4000, 0x00000178, 0xf8feff02, \
  0x01ff01fe, 0xfe06010f, 0x070cebfd, 0xfdf8f9fa, 0x2204e808, 0xf2f21613, 0x10feffef, 0xecf9f405, \
  0xff040002, 0x0200ff02, 0xfced00d7, 0xf9ead6ea, 0x07e90815, 0xfa1b0b15, 0x12f0fef9, 0x000c0cfc, \
  0x06fc0bf2, 0xe5f4f016, 0xeefeeeec, 0x0505f1d8, 0x0600e2ed, 0xedfcff16, 0x000903f4, 0xf515f305, \
  0xef050105, 0x03000cee, 0xfefd0e0d, 0xfcefe507, 0xe4000000, 0x00000001, 0xfffffa0b, 0xfdfcfef2, \
  0x11fcfee7, 0xf2f9150c, 0xf2f1fae4, 0x0feef4f9, 0xebe8e9e9, 0xfc0506f0, 0xfaedf5e7, 0x07fff701, \
  0x03080dfc, 0xf8f6f9f5, 0x090bf9fc, 0xeffb070a, 0xe007d901, 0xeaf70d02, 0xe2f1f2f0, 0xfce7fcf8, \
  0xf9eb02fb, 0xd50800e0, 0xedece412, 0xfcecfeeb, 0xf40f0aec, 0x19ef04fd, 0xe4e8def9, 0x030a0812, \
  0x12faf2fc, 0x0107fc09, 0xf31304e1, 0x05f1e2f1, 0xef03f9f9, 0x07f6fb0e, 0xf7f4fcfb, 0xfaf70c09, \
  0x03f8f203, 0xf8fc180f, 0x0eedf409, 0xf8f7020c, 0x0cfcfbfb, 0x11f7050f, 0x0500fc1b, 0x09f416eb, \
  0xf907f7e1, 0x0512edf6, 0x150ef80f, 0xfff7f8ec, 0x04fb040d, 0xf40df3f3, 0x0b05f900, 0x03fb0e0a, \
  0xfcf3f6fb, 0xebf7f5ed, 0xeff2f6f8, 0xf1f5f9f3, 0xf5f4fef9, 0xfefff305, 0xfb00fdf8, 0xf4e30505, \
  0xf4fde8eb, 0x0000fcff, 0x00feff01, 0x01f910f7, 0x01f6fcfa, 0xf3f9ef03, 0x04f706f3, 0xfcd8f4f0, \
  0xfafa17f6, 0xf6eaece4, 0x00000000, 0x00000000, 0x0004fa01, 0xff04fefb, 0x0a05f3f9, 0x060906fc, \
  0xfa000705, 0x01ecfcff, 0xf9fffdf4, 0x00000000, 0x00000000, 0x00fc0606, 0x02f80504, 0xf90208fe, \
  0xfa050bfe, 0x0202fa0b, 0xeaf40c01, 0xefff0a01, 0x0e0eed02, 0x00f6f0f3, 0x0af1f1f2, 0xe6c9b905, \
  0xe3dd1209, 0x021417fa, 0x0a05fc03, 0x000003f9, 0x020205fe, 0x02030806, 0x080204f8, 0xfbf4fd04, \
  0xf806fafc, 0xfaf7040e, 0xfceef716, 0xfd06f8e9, 0xfaf4d7fe, 0xdfefe8e0, 0xf7ebc10f, 0xeae70bff, \
  0xfa000000, 0x00000000, 0x0000faf7, 0xfaeff6fe, 0x00fcfa00, 0x00000001, 0x00fffcfd, 0x000408fe, \
  0x0105ff01, 0xfcfafbfc, 0xf4faf5f7, 0xfffd0000, 0x000000ff, 0xff00fb06, 0x08080205, 0x05000000, \
  0xf7fd00f6, 0xf8f5fcf7, 0xf70000fe, 0x0000fe00, 0xfffff9fc, 0xf7f9f5f9, 0xfef5f500, 0xff000000, \
  0x000000fb, 0xfcf8f8fe, 0xfefbfaf9, 0xf6000000, 0x00000000, 0x00000100, 0x03010004, 0x05060707, \
  0x03070808, 0x0909090a, 0xfb03f5fc, 0xfef802fe, 0xfd090603, 0x07090908, 0x07060201, 0x030200fd, \
  0xfdf8fa01, 0x0100ff00, 0x010202fb, 0x00000000, 0x00000000, 0x00050909, 0x02090b08, 0x090a0000, \
  0x00010002, 0x000004f7, 0xfdfefbff, 0xf6fff7f6, 0x000000ff, 0x000001ff, 0xfffe0007, 0xfb0000fa, \
  0x000200ff, 0xfefdf8f7, 0xfcf8f6fa, 0xfcfbfafd, 0xf8fcfdf6, 0xf7f6f4f9, 0xf4f3f8f7, 0xf4000000, \
  0x00000000, 0x00000707, 0x08050607, 0x060707fe, 0xfdf8fdfc, 0xf9f9f9fa, 0xfcfaf6f7, 0xf5f6f9f9, \
  0xfc01ff00, 0xff0000fc, 0xfffdfd01, 0x00000000, 0x0000f900, 0x00000000, 0x00000000, 0xffffff00, \
  0xff000000, 0x00040709, 0x00000800, 0xfe010505, 0x08020000, 0x00000000, 0x00000000, 0x00000000, \
  0xfafaf7f3, 0xfbf4fbfa, 0xf9040706, 0x07070008, 0x02fa0000, 0x00000000, 0x00000001, 0x02030000, \
  0x00020003, 0x0000ffff, 0xfdf9fdf9, 0xf7000004, 0x01000400, 0x02040607, 0x01040705, 0x00050600, \
  0xfdfd0000, 0x03000004, 0x00000000, 0x0000fe00, 0xfd000408, 0x00040700, 0x00fd0200, 0xff000102, \
  0x01030507, 0x060b0308, 0x0a070c0a, 0x0100fa00, 0xfcfbfcfb, 0xfd000000, 0x00000000, 0x0000fcfe, \
  0x00fb0108, 0xff000902, 0x01f903fa, 0xfafb0401, 0x05050602, 0x0202ffff, 0x00fffe01, 0xff00feff, \
  0x00fc01f7, 0xf505fcf8, 0x00fffa00, 0xfe00ff00, 0x00ff0002, 0xff0000ff, 0x00000002, 0x010000fe, \
  0x0000ff00, 0x00000406, 0x0a000006, 0x02040200, 0x00000000, 0x00000000, 0xf9f9f8fe, 0xfbf8fff8, \
  0xf7f9f7f5, 0xf8f7f6f7, 0xf7f70704, 0x06010403, 0x02040501, 0x00fafffe, 0xf9fffefd, 0x00000000, \
  0x00000000, 0x3f000000, 0x00000000, 0x00000000, 0x00000000, 0x00000000, 0x00000000, 0x00000000, \
  0x00000000, 0x00000000, 0x00000000, 0x00000000, 0x00000000, 0x00000000, 0x00000000, 0x00000000, \
  0x00000000, 0x00000000, 0x00f10000, 0x00000000, 0x00000000, 0x00000000, 0x00000000, 0x00000000, \
  0x00000000, 0x00000000, 0x00000000, 0x00000000, 0x00000000, 0x00000000, 0x00000000, 0x00000000, \
  0x00000000, 0x00000000, 0x00000000, 0x00000000, 0x00000000, 0x3d000000, 0x00000000, 0x00000000, \
  0x00000000, 0x00000000, 0x00000000, 0x00000000, 0x00000000, 0x00000000, 0x00000000, 0x00000000, \
  0x00000000, 0x00000000, 0x00000000, 0x00000000, 0x00000000, 0xfbf615fd, 0xe915ebfe, 0xf708fae4, \
  0xfa06fd0c, 0x25fffefc, 0x1d1011e9, 0x17faf511, 0x091a1a0f, 0xeffdf800, 0x05fd001a, 0x08fffbf7, \
  0x070803f1, 0xee07faf3, 0xeee1e301, 0xf001ff1e, 0x0f03fbfb, 0x07040cf7, 0x0cf20be8, 0x00e6081a, \
  0xfffe0e1d, 0x08f5e80d, 0x0602f806, 0x021004fd, 0x11071503, 0x0b040c04, 0x04e9fff1, 0x18020c10, \
  0x040502ea, 0x1214000e, 0xf7191df7, 0xffff01e6, 0xf9060000, 0x00000000, 0x00f6e400, 0x50da42a0, \
  0x00000022, 0xff02f8fc, 0x06f6f606, 0x0c1cccf1, 0xf417f2f5, 0xe8fb0202, 0x17e2fefb, 0x0203fe04, \
  0xf60200ee, 0xdc1108f6, 0x04f0d3f2, 0x0dea14fd, 0x20f70b00, 0x070cf10d, 0xf208dd03, 0x07db11fe, \
  0x081bfaff, 0x0ce50210, 0x08fd00fe, 0xfd031afd, 0xff06f10d, 0xe4fc09f9, 0x0de020ec, 0xfd1903fe, \
  0xe60101e9, 0x180805f3, 0xf6f01100, 0x1406d1fa, 0x110bf4ff, 0xf6030221, 0xef14eef7, 0xf81ad11c, \
  0x12eb0000, 0x00000000, 0x00da1500, 0x50da42e0, 0x00000058, 0x00000000, 0x00000000, 0x37000000, \
  0x00000000, 0x00000000, 0x00000000, 0x00000000, 0x00000000, 0x00000000, 0x00000000, 0x00000000, \
  0x00000000, 0x00000000, 0x00000000, 0x00000000, 0x00000000, 0x00000000, 0x00000000, 0x00000000, \
  0x00090000, 0x00000000, 0x00000000, 0x00000000, 0x00000000, 0x00000000, 0x00000000, 0x00000000, \
  0x00000000, 0x00000000, 0x00000000, 0x00000000, 0x00000000, 0x00000000, 0x00000000, 0x00000000, \
  0x00000000, 0x00000000, 0x00000000, 0x3f000000, 0x00000000, 0x00000000, 0x00000000, 0x00000000, \
  0x00000000, 0x00000000, 0x00000000, 0x00000000, 0x00000000, 0x00000000, 0x00000000, 0x00000000, \
  0x00000000, 0x00000000, 0x00000000, 0x16f3080e, 0x02fbf908, 0x03e5f70c, 0xe716ed04, 0xf100ff0b, \
  0x12fa0107, 0xf80decf6, 0x0ce51eef, 0xfd1ffef9, 0xe9f71106, 0xfff8f409, 0x0a19ef13, 0xfbfdfefc, \
  0x1efd050e, 0xf0feeefc, 0xfefe0518, 0x100bf519, 0xfb08ed03, 0x21f9090c, 0x10f80100, 0xfd0bf902, \
  0xfae00823, 0x03fcf7ef, 0x13fa1202, 0xfe11d901, 0xf6ef0c0a, 0xfe17fe17, 0x0c0f0d0b, 0xea01f303, \
  0x03ef02f7, 0xfbfbfb17, 0x0c140000, 0x00000000, 0x00f9fd00, 0x50da4380, 0x00000022, 0x09f4050a, \
  0x1afd20f3, 0xfc05bee7, 0xd721a028, 0x2aefe105, 0xf4030ee4, 0xce04f203, 0xd1201b04, 0x3de81914, \
  0x1eecfb06, 0x0e1023fc, 0x12e00410, 0x10f7f802, 0xe8ddf21a, 0xcb440c04, 0x1effc6fa, 0x0afa3d06, \
  0xf604e5eb, 0x03fff60c, 0x15021236, 0xfe052cd6, 0xf01c3502, 0x25defbd6, 0x1c18ea2a, 0xe1fce604, \
  0xf8162822, 0xf0e4fd0f, 0xe315e90e, 0x261901fd, 0x1322c2d7, 0x09dbf0ec, 0xf6120000, 0x00000000, \
  0x00f4fd00, 0x50da43c0, 0x00000058, 0x00000000, 0x00000000, 0x71000000, 0x00000000, 0x00000000, \
  0x00000000, 0x00000000, 0x00000000, 0x00000000, 0x00000000, 0x00000000, 0x00000000, 0x00000000, \
  0x00000000, 0x00000000, 0x00000000, 0x00000000, 0x00000000, 0x00000000, 0x00d70000, 0x00000000, \
  0x00000000, 0x00000000, 0x00000000, 0x00000000, 0x00000000, 0x00000000, 0x00000000, 0x00000000, \
  0x00000000, 0x00000000, 0x00000000, 0x00000000, 0x00000000, 0x00000000, 0x00000000, 0x00000000, \
  0x00000000, 0x3f000000, 0x00000000, 0x00000000, 0x00000000, 0x00000000, 0x00000000, 0x00000000, \
  0x00000000, 0x00000000, 0x00000000, 0x00000000, 0x00000000, 0x00000000, 0x00000000, 0x00000000, \
  0x00000000, 0xda0b280b, 0x01030d0b, 0x09020b1a, 0x11081413, 0xf6ea2702, 0x0f13ee08, 0xeb160e09, \
  0x2505fbf7, 0xf306e1f9, 0x13f703f7, 0x04f2f914, 0x1505ff08, 0x0e17ffe2, 0xff0e07f0, 0x090e19f4, \
  0xf502ff02, 0xea16faf4, 0x1203f6f9, 0x09170c1c, 0xfb2517fb, 0xfbf719f5, 0xf4f6fb0f, 0xfe01fae5, \
  0xfa0cf0ff, 0x152103ee, 0xfbf4fcfa, 0xfce4f2ec, 0x0401f603, 0x1508fcf1, 0x190206ed, 0x0106d90a, \
  0xf4150000, 0x00000000, 0x00080e00, 0x50da4460, 0x00000022, 0x0efe1a12, 0xf9061606, 0xf8fbebfd, \
  0x15f8ed10, 0xfb0005fd, 0x1b020af1, 0x0d0fdf01, 0xeaf41f0c, 0x1c09fd02, 0x2104ecfe, 0xda131e06, \
  0xff08faf1, 0x02e82b07, 0xd909e3ea, 0x0504ffef, 0x0f050205, 0x1c0df0fd, 0x13f5f917, 0xff050ff7, \
  0x18130201, 0x0a0414f8, 0x1912ed1b, 0x03da100f, 0xefded4e7, 0x0403e811, 0x150a0d0d, 0xe2020a02, \
  0xfcf3d7f6, 0x1b11e201, 0x09f7f9fc, 0x160401fc, 0xeaf50000, 0x00000000, 0x00fe1b00, 0x50da44a0, \
  0x00000017, 0x00000000, 0x00000000, 0x53000000, 0x00000000, 0x00000000, 0x00000000, 0x00000000, \
  0x00000000, 0x00000000, 0x00000000, 0x00000000, 0x00000000, 0x00000000, 0x00000000, 0x00000000, \
  0x00000000, 0x00000000, 0x00000000, 0xe8fe2e1c, 0xece01ef8, 0x1d000000, 0x00000000, 0x00e00000, \
  0x50da8000, 0x00000178, 0x01000001, 0xfefe00ff, 0xff0bfc06, 0xf305f9f1, 0xfaf9faf6, 0x03f7eded, \
  0xf6fffc0c, 0xf4151914, 0xfc090d00, 0x00000000, 0x00000000, 0x00fceff9, 0xee15faf1, 0xe6eafaf5, \
  0xfd1bfbea, 0x23120400, 0x00000000, 0x00000000, 0xf804f5fa, 0xf3f4f0f5, 0xf3ef0afb, 0xfdf10cf8, \
  0x0bf503f9, 0x11050312, 0xf90e1300, 0x000001fe, 0xff000000, 0xedf100ec, 0xfa0405f5, 0x09fefefe, \
  0x00000000, 0x0000eef2, 0xfbf4fd08, 0xf4ef03f4, 0x0511fff2, 0x05f0ed12, 0xf9f20b05, 0x0a0bf4f8, \
  0x070005f3, 0xfaf708f5, 0x080a0102, 0x0300fc04, 0xfb04fdfd, 0x02fe01fe, 0xffff0002, 0xef16ff1e, \
  0x070cfbf2, 0xecf21207, 0x050afc09, 0xfff3fd10, 0x0ee60cfd, 0xed00f9fc, 0x0711ff09, 0x0dfe0309, \
  0x1afdf81f, 0xf30d0011, 0x0105e606, 0x14ea0314, 0xe8e6f1fc, 0x16efeef6, 0x0105f5fc, 0xf60afe04, \
  0x0e0911f6, 0xfffd0300, 0x00000000, 0x00f8e605, 0xf8faef15, 0xeff2fb02, 0x02fdfe00, 0xff02fff0, \
  0xff06f000, 0xfaf410fb, 0xf2f60ff8, 0x04f70ff8, 0xf421fbf7, 0x24fefa20, 0x05fbf2f2, 0x0a0b0df8, \
  0xf6f9fff4, 0xff00fafc, 0x00f700ff, 0xfaf9f3fa, 0xf8f8fbfa, 0xfafcf9f8, 0xfcfaf8fc, 0xfafb00ff, \
  0xff0000fe, 0x000000f1, 0x0efd0b07, 0xfffd0c01, 0x00000000, 0x00000000, 0x00f601f6, 0xfaf700fe, \
  0x00010804, 0x1a08f7f0, 0x170e10f5, 0xf2ecf809, 0xe905f3f5, 0x00000000, 0x00000000, 0x00000001, \
  0x01fe0001, 0xfe010000, 0x00000000, 0x000001f6, 0x0402fa13, 0xf5f8fae2, 0xff020001, 0x00fc0201, \
  0xff05fe00, 0xfd00f806, 0xfffd0000, 0x00000000, 0x000000fc, 0xfdfd0000, 0xf8000103, 0xdee70be8, \
  0xf40df4ea, 0xfffceff9, 0x0a03fe08, 0x040d0d0c, 0x03051bee, 0xf8f40202, 0x05faff02, 0x010001fe, \
  0x00000000, 0x00000000, 0x00000000, 0x0000ffff, 0x0000fc04, 0x00140a04, 0x000ffe08, 0xed07e6ec, \
  0xf6ef0100, 0x060517fc, 0x110cfae2, 0xfdfffd01, 0xfffcf8fd, 0xf8f9fbfc, 0xfcfbfcfb, 0xfcfcfef8, \
  0xfdff02fe, 0x01fe0000, 0xd71014c7, 0xdffee0f5, 0xf2fc1d29, 0x0b0b0f1c, 0x2732f2e9, 0xf401f5eb, \
  0x0309fe15, 0x09d5ef01, 0xf8db05fa, 0x02f90807, 0x0e02fb02, 0xf00af6db, 0xeffefcfb, 0xf5f71312, \
  0x0efb1603, 0x0404f2d4, 0xfe10eb03, 0x0b15f70c, 0xafcecfc9, 0xeadbdde2, 0xddfaf5fc, 0xfffafe07, \
  0xfdf3f5fa, 0xeaffefeb, 0xfefc0b0f, 0x0d06f9eb, 0xdde2cff4, 0xd8dbc710, 0xebe600de, 0xf6e5e7dc, \
  0xe6f3d8f2, 0xe1e4dee1, 0xe207edf9, 0x0dece300, 0x00000000, 0x00000000, 0xfff8f2fc, 0xf8f2f8fc, \
  0xfb08e1ea, 0xf503e0f6, 0xe5fe19f4, 0xf11df101, 0x16e60f01, 0x030e060f, 0x00f5ecde, 0x040afceb, \
  0xf9f7eff7, 0xf819f8f8, 0x16100007, 0xf718041a, 0xfefd08f6, 0xe40df11a, 0x11231b0c, 0xfd21200a, \
  0x04fbf7e4, 0xf3e500f4, 0xfbe1fbff, 0x100c031f, 0x0ff2fddb, 0xf803e1fc, 0x0b12e507, 0x0e22ecf9, \
  0x001b0b2a, 0xf6f1eff6, 0x121b1036, 0x25bdd0ee, 0xe7f1eff1, 0xdccaf5fe, 0x19fd0b14, 0x0a080bff, \
  0xfdfdf3ed, 0xfbf4edfc, 0x020203df, 0xeff3cef1, 0xfbddefdb, 0xdfe1dbd2, 0xdcaa0ef9, 0xf217f600, \
  0xfb0deff7, 0xfdf7fbfe, 0x00fefd00, 0xef0b1ed9, 0xf520ec0c, 0x27d9dcee, 0xc8e10801, 0x06190000, \
  0xfe0000fe, 0x0000fefc, 0xd7f6e3e2, 0xf3070c09, 0x2707eb11, 0xf2f7d3f0, 0x02f40c00, 0xfb040be4, \
  0xf6ffc8f3, 0xf9f6fceb, 0xdfd9e71f, 0x12281b10, 0x07f0dee7, 0x0703fc19, 0x04f91d17, 0xf8f80bea, \
  0x1b0409fb, 0x0df00d1e, 0xf1e8ebd6, 0x14e7f3f2, 0xf8daefec, 0xf1e4dae3, 0x06f1e610, 0xf806fdf7, \
  0x00fafbf6, 0xf7fc07f2, 0xff031708, 0xfd09ff18, 0x1a05fcc9, 0xf605d0f1, 0xf8e6f4e6, 0x1619eff8, \
  0x00f8d5eb, 0xebfffbff, 0xf5f8feeb, 0xeeeef407, 0xdde0f5e1, 0xeeecf0f1, 0xfd040915, 0x0d161706, \
  0xdfeb0100, 0xf2e2edf3, 0xdb08f807, 0xf20cf602, 0x03fafc0f, 0xeb05efed, 0xd1ebe100, 0xfffd0000, \
  0x00000000, 0xfa020804, 0xf9e80aed, 0xdde10003, 0x05100206, 0x1824dffc, 0xfde8f4de, 0x07f1def0, \
  0xeff4ffe0, 0xe50fece7, 0x00000000, 0x00000000, 0x3f000000, 0x00000000, 0x00000000, 0x00000000, \
  0x00000000, 0x00000000, 0x00000000, 0x00000000, 0x00000000, 0x00000000, 0x00000000, 0x00000000, \
  0x00000000, 0x00000000, 0x00000000, 0x00000000, 0x00000000, 0x000a0000, 0x00000000, 0x00000000, \
  0x00000000, 0x00000000, 0x00000000, 0x00000000, 0x00000000, 0x00000000, 0x00000000, 0x00000000, \
  0x00000000, 0x00000000, 0x00000000, 0x00000000, 0x00000000, 0x00000000, 0x00000000, 0x00000000, \
  0x40000000, 0x00000000, 0x00000000, 0x00000000, 0x00000000, 0x00000000, 0x00000000, 0x00000000, \
  0x00000000, 0x00000000, 0x00000000, 0x00000000, 0x00000000, 0x00000000, 0x00000000, 0x00000000, \
  0xf001f503, 0x12ec0b0e, 0xfef8f3ed, 0xf3f403ef, 0xfe01f40c, 0xe2fcfc0f, 0x25f70102, 0xf4eceaf7, \
  0xf513fe02, 0xea0109f1, 0xfff20a06, 0x04f101e1, 0xf60afe0a, 0xf3ef1aee, 0x0f0309ed, 0xfff309fd, \
  0xec180518, 0x1bf412f1, 0x16ec06f5, 0xf8f5eff5, 0xfa16dafe, 0x0f0c20fc, 0xfbfa0806, 0xfc1af61c, \
  0xe6f7f1fe, 0xfd0d09fa, 0xfd030d06, 0xf9fc0212, 0xf2d8eefe, 0x1715fdea, 0x01e8091d, 0x17050000, \
  0x00000000, 0x0001ed00, 0x50da82a0, 0x00000022, 0xeef004ea, 0xfce5fcfd, 0xfb1209f4, 0xfb2bf3f4, \
  0x04f3fef2, 0x05fb0132, 0x0afe1004, 0x00effeff, 0xfd0905fb, 0xfaf307fb, 0x0df90700, 0xf61306f9, \
  0x052106ee, 0x08fefb02, 0xf7eb01fb, 0xf7081020, 0x0cd703f6, 0xfd0ffdfb, 0xf52504ee, 0x05ec1220, \
  0x04f200e4, 0x11eb0201, 0x0c130023, 0xfc0a01f7, 0xfd1300e4, 0xf7e10916, 0x011af5f7, 0x0e1b080d, \
  0xfbf00116, 0x03fef825, 0xff340217, 0x06020000, 0x00000000, 0x00d00200, 0x50da82e0, 0x00000058, \
  0x00000000, 0x00000000, 0x41000000, 0x00000000, 0x00000000, 0x00000000, 0x00000000, 0x00000000, \
  0x00000000, 0x00000000, 0x00000000, 0x00000000, 0x00000000, 0x00000000, 0x00000000, 0x00000000, \
  0x00000000, 0x00000000, 0x00000000, 0x00dc0000, 0x00000000, 0x00000000, 0x00000000, 0x00000000, \
  0x00000000, 0x00000000, 0x00000000, 0x00000000, 0x00000000, 0x00000000, 0x00000000, 0x00000000, \
  0x00000000, 0x00000000, 0x00000000, 0x00000000, 0x00000000, 0x00000000, 0x3f000000, 0x00000000, \
  0x00000000, 0x00000000, 0x00000000, 0x00000000, 0x00000000, 0x00000000, 0x00000000, 0x00000000, \
  0x00000000, 0x00000000, 0x00000000, 0x00000000, 0x00000000, 0x00000000, 0xfc06f1f2, 0x11fa0011, \
  0xf9201c00, 0xeee8f9f5, 0x1710f706, 0xe507f3f9, 0xf3e9fb0b, 0x0a1ff819, 0xebff0400, 0xf6fafc07, \
  0x0324f9fc, 0x0af80002, 0xfef30401, 0x00f30c06, 0xfc04d7f2, 0xff01f90b, 0x120116e4, 0xec1309f0, \
  0xee00010d, 0xf9f51003, 0x0107e9fa, 0xf41cfb04, 0x0afc0d07, 0xf309f4db, 0xfb002afb, 0xf5eff4e5, \
  0xe6c819e5, 0xf105fafc, 0x16fbec04, 0x0bffff08, 0x01f10105, 0xe7ef0000, 0x00000000, 0x00190300, \
  0x50da8380, 0x00000022, 0xe4030618, 0x330124ff, 0x35bdfcd3, 0x06dc2523, 0xf9242a11, 0x0b29f4f9, \
  0x1b2ffec7, 0xe2014e29, 0x2008f1f1, 0x080beee9, 0xfe273048, 0xeffbe8ff, 0x0cf4e816, 0x171f30cf, \
  0xea11fc3a, 0xe3e3e029, 0x0d25d0e6, 0xa9e20b19, 0x03f02508, 0xae13f110, 0xd410cae0, 0xde350921, \
  0xbef4342a, 0x110ffa00, 0xd1f11023, 0x0a4bdd23, 0x35f6241e, 0xf4d30add, 0x0c1949ef, 0x25cec2f3, \
  0xeadf471e, 0x0bda0000, 0x00000000, 0x00feeb00, 0x50da83c0, 0x00000058, 0x00000000, 0x00000000, \
  0x7c000000, 0x00000000, 0x00000000, 0x00000000, 0x00000000, 0x00000000, 0x00000000, 0x00000000, \
  0x00000000, 0x00000000, 0x00000000, 0x00000000, 0x00000000, 0x00000000, 0x00000000, 0x00000000, \
  0x00000000, 0x000c0000, 0x00000000, 0x00000000, 0x00000000, 0x00000000, 0x00000000, 0x00000000, \
  0x00000000, 0x00000000, 0x00000000, 0x00000000, 0x00000000, 0x00000000, 0x00000000, 0x00000000, \
  0x00000000, 0x00000000, 0x00000000, 0x00000000, 0x3d000000, 0x00000000, 0x00000000, 0x00000000, \
  0x00000000, 0x00000000, 0x00000000, 0x00000000, 0x00000000, 0x00000000, 0x00000000, 0x00000000, \
  0x00000000, 0x00000000, 0x00000000, 0x00000000, 0x11ebcced, 0x1a05f8ff, 0xfae4ff0e, 0xeeec0dfd, \
  0xfd0ee106, 0xeb08f6ea, 0x0ffd0105, 0xe014ece9, 0x0bf6feeb, 0xe6f3f6f6, 0xe7e3eafc, 0xe2f714eb, \
  0x00ee01e2, 0xe1070afc, 0xfed4e6f6, 0xf6fe0bf7, 0xfedbed03, 0xffe7edf9, 0x0cd1ffd7, 0x1df6ff04, \
  0xf702d3e2, 0x0d08fce9, 0xfeeeea05, 0x0501e5ef, 0xe2f6fbf2, 0x06fcef08, 0xf01202f7, 0xe50ae50d, \
  0xfb0202e5, 0xe5ee0200, 0xf10d0cd8, 0xfce20000, 0x00000000, 0x0019c300, 0x50da8460, 0x00000022, \
  0xf606e709, 0xe40400ff, 0xe40411fd, 0x06fe1106, 0x050008ff, 0xfa04f9ff, 0x15ffe3fb, 0x06070b06, \
  0xe407e802, 0x03ec06ef, 0xfd0f0109, 0xf0fdf7fd, 0x02033309, 0xee03effa, 0x1304fe0b, 0xf1f02604, \
  0xfa09e701, 0x10fcfcfb, 0x13f91104, 0x14f7f2fa, 0x160d0afe, 0xfdfaf4fc, 0xf308e607, 0x05fa1e09, \
  0xfcf4ff04, 0xf00ae5fb, 0xf20b0f0b, 0x0bfc02f1, 0x09f7e5fe, 0xf1fafef5, 0x170605fe, 0x0cf20000, \
  0x00000000, 0x000af500, 0x50da84a0, 0x00000017, 0x00000000, 0x00000000, 0x51000000, 0x00000000, \
  0x00000000, 0x00000000, 0x00000000, 0x00000000, 0x00000000, 0x00000000, 0x00000000, 0x00000000, \
  0x00000000, 0x00000000, 0x00000000, 0x00000000, 0x00000000, 0x00000000, 0x0012ef07, 0x1becf5f8, \
  0xcd000000, 0x00000000, 0x00270000, 0x50dac000, 0x00000178, 0xfb01fe03, 0x0002fffd, 0xfee80b0e, \
  0x0b09f1f9, 0x040b06f5, 0x0c0bfbfd, 0x02eeeaea, 0x0f1204ec, 0x0d09eb05, 0xfdfa00ff, 0xfa04ff00, \
  0x02e8ddf4, 0x0bf90414, 0x05ede6f0, 0xf8f9ee10, 0xfe070ced, 0x0205fe06, 0x0ef80001, 0x01ebedf6, \
  0x16ebf2f2, 0x0f0909e5, 0x0cdceded, 0xe0fcfcf0, 0xf5faf40b, 0xf1000ef7, 0x08fa0dff, 0x0c0dfaf0, \
  0x0ef506fa, 0x03010bf7, 0xfb000000, 0x000000ff, 0x00010302, 0x10f70f19, 0xe9090fe7, 0xeb0103ff, \
  0xf6f9f4fe, 0xf3171613, 0xf1effff7, 0xfefbfffe, 0xfaf802eb, 0x04e7fbfa, 0xf9f60103, 0xfa0004f0, \
  0xfa05f206, 0xee0df9fa, 0xf9df04fb, 0xf4edf108, 0x10fdee03, 0x03eff70a, 0xf9f9f1f3, 0xee0d0d02, \
  0xfa07ec09, 0x0aec0aed, 0xf2fcf7fa, 0xf507f2f8, 0x0cf500dc, 0xe5eb130f, 0xfefffdbd, 0xe8f804fe, \
  0xec07fe06, 0x02f6f0f2, 0x070901ff, 0x0bebffeb, 0x06fcf30a, 0xf3fefcf4, 0xffecfff0, 0xea0cfbf3, \
  0x010401fa, 0xfff8f901, 0xf4f8f6df, 0xf2f4db05, 0x0dece816, 0x0200f810, 0x0deaebfc, 0xf7e701ff, \
  0xedf7eef0, 0xf21002fd, 0xf902edf6, 0xed0d03ee, 0x0901020e, 0x07f5f5ff, 0x0202fe00, 0x03ffeffe, \
  0xfde8f0f3, 0xebf0f3ed, 0xf1f3f902, 0x00f9f9fa, 0xfa0102ea, 0x09040303, 0xecdee2e9, 0x0000fcff, \
  0xff03ff01, 0xfe07f8fb, 0x0d121306, 0x0f09ede8, 0x110b0df5, 0xebeddff2, 0xfb07f0fc, 0x12fcd6f9, \
  0x00000000, 0x00000000, 0x00fc0af2, 0x0d0005f9, 0xf4f1f3f1, 0xff08fdf2, 0x04f6faff, 0x12f9fc06, \
  0x15ee03fd, 0x00000000, 0x00000000, 0x0001fc07, 0xff00fb01, 0xf701f7f6, 0x0bf2f508, 0xeff6ee0c, \
  0xf4fe0d10, 0xf002fbee, 0x0cf20c03, 0x0502fc08, 0xf40e07f2, 0x080b1bfc, 0x2635fc15, 0x0dfbf902, \
  0xfff616fc, 0x010007fa, 0xfe000605, 0xf6f6fafa, 0xf5020a00, 0x01fbfa09, 0xf8fefaf6, 0x00fde0ff, \
  0xfbe7fa11, 0x0bfb14ec, 0x020a0705, 0x10e9fcfc, 0x0712060e, 0xfd0cfd0d, 0xfb000000, 0x00000000, \
  0x0000fd05, 0xfdf6fd00, 0xfbf9fb00, 0x00000000, 0x010002fe, 0xfc04eee6, 0xe1e0f204, 0x130512ef, \
  0xeeffed0a, 0x0c0fdbf0, 0xddf1eaef, 0xf5f1f203, 0xf1f8faef, 0xf0d8f1e0, 0xf9eef012, 0x08eef80a, \
  0xfddbfe1c, 0xeef3f5f3, 0xeefc0d01, 0x02f5ebf2, 0x02ed04e3, 0x13eef605, 0xec010f07, 0xf12114fc, \
  0x052801e5, 0xf9fb02f2, 0xf0fff20b, 0xedf300f7, 0xfaf607fb, 0xf7100f0c, 0x1509fef6, 0xe81a04ef, \
  0xc4ebebe8, 0xeb0aefe7, 0xf1fadff4, 0xf6f7fd1b, 0x1d08d5f1, 0xeee5f6fb, 0x140805f3, 0xf3f9fc03, \
  0x00f6f4f5, 0xf2e9ebfa, 0xf0e8fc02, 0xf600041a, 0x18151112, 0x1ef5f606, 0xfae4ea05, 0x0df8f5e2, \
  0xf9e802e4, 0xdae000db, 0x06fdfd07, 0x03f8f40d, 0xee15eff0, 0x13f8f302, 0x08e9dfe3, 0x07f2ef04, \
  0xec04f8ff, 0x0aeb08fc, 0xdfe3f5e8, 0xe9f70011, 0x150b0f1d, 0x10011201, 0xfc0106df, 0xf6f700fb, \
  0x11fd0603, 0x1a0910f9, 0xfb05090c, 0x050b0510, 0xf80dff06, 0x1c0c1805, 0x21f6ec13, 0xebf1eb1f, \
  0x0c1700e5, 0x02f0edf2, 0x04f90b0b, 0xf2f6f2f5, 0xf6fef405, 0xf3feecfb, 0x04fdf9f6, 0xf3dddff9, \
  0xdcfff7f1, 0x0ffc0105, 0x0e18fee5, 0xfc03d4f0, 0xf900030c, 0xf0f8f703, 0x1c140c12, 0x290eff13, \
  0x1314fb01, 0xfb20f9fd, 0x0a1bff00, 0xf30406f6, 0xf505f6dd, 0x0c0bfaf8, 0xf9300ef9, 0xfcea00f0, \
  0xf6f7f004, 0x09fcee0a, 0xf1f9f50d, 0x06050200, 0x0a0df0f9, 0x06011008, 0x1ce1f90b, 0xf410f5e5, \
  0x03f80d10, 0x020bec0a, 0x0eedd3ec, 0xedeafe0a, 0xfef4fcff, 0x0bff0d0c, 0x0fed0804, 0xf812130f, \
  0x19111603, 0xf1faee04, 0xf8df09ec, 0xf1f628fa, 0xe30609f4, 0xf6fefe05, 0xdf0b00f7, 0xfcf10e0a, \
  0xf70804ff, 0x020b0f05, 0x09fb02ed, 0x0b06e5e3, 0xdff9e2d9, 0xfafde3f5, 0xfdd3f3fe, 0xf0f41301, \
  0x1f0f17ef, 0xeeecfdfa, 0xebf0f7f6, 0x06e4dff7, 0xf4f4f304, 0xe919090d, 0xeff9f6f1, 0xebf4ed0f, \
  0xf1020302, 0x190c0200, 0xfd01ff03, 0x0302fbfb, 0xf3ffed04, 0x080ee70d, 0x15fdf413, 0xf5f7eb07, \
  0xfee7060e, 0x191e1505, 0x1c26f50e, 0x28230202, 0x0fffe2e4, 0x00000000, 0x00000000, 0x3c000000, \
  0x00000000, 0x00000000, 0x00000000, 0x00000000, 0x00000000, 0x00000000, 0x00000000, 0x00000000, \
  0x00000000, 0x00000000, 0x00000000, 0x00000000, 0x00000000, 0x00000000, 0x00000000, 0x00000000, \
  0x000d0000, 0x00000000, 0x00000000, 0x00000000, 0x00000000, 0x00000000, 0x00000000, 0x00000000, \
  0x00000000, 0x00000000, 0x00000000, 0x00000000, 0x00000000, 0x00000000, 0x00000000, 0x00000000, \
  0x00000000, 0x00000000, 0x00000000, 0x3e000000, 0x00000000, 0x00000000, 0x00000000, 0x00000000, \
  0x00000000, 0x00000000, 0x00000000, 0x00000000, 0x00000000, 0x00000000, 0x00000000, 0x00000000, \
  0x00000000, 0x00000000, 0x00000000, 0x09fcfe01, 0xf8fcea0b, 0xeaf20009, 0xfefdf8fb, 0xecf0ffdb, \
  0x07f6fefb, 0xf7f3e9ff, 0xfdf8fdff, 0xfcf1e3fa, 0xf8140aee, 0xfe070a03, 0xfe08f9f5, 0x0208f6f0, \
  0x02fffd0e, 0x01ed02fd, 0xff08fdfe, 0xf70414d8, 0xf60700ff, 0xf0f3071c, 0xecfbec01, 0xf7f0fd0a, \
  0xfe04060f, 0x0e03f5ff, 0x00fbfbe8, 0x090404f7, 0x00fffdf7, 0xecf9f40b, 0xf7110beb, 0x130ef8ed, \
  0x050fedf9, 0xffe901fb, 0xed020000, 0x00000000, 0x00eb0800, 0x50dac2a0, 0x00000022, 0xfcf20904, \
  0xfd0cfdff, 0x071809e8, 0xeb15fcf8, 0xedf1fafb, 0x0af71704, 0xfaf90a19, 0xff0207e8, 0xfffe0406, \
  0xf7f2f7ea, 0x04fb0dfe, 0xfe05000d, 0xf0120701, 0xf9fa030d, 0xf6ea02ff, 0x0206f41e, 0x0af502f8, \
  0xfc06fefd, 0xf90201f3, 0xfff203fc, 0xf1f705f1, 0xf6f201ec, 0xff170f0a, 0x00f20dfb, 0x130400f4, \
  0xfbf0fafb, 0xf50beeee, 0x1310fffd, 0x0a1008fa, 0x0a13fcf9, 0xf310ef1f, 0xef0a0000, 0x00000000, \
  0x00e4f700, 0x50dac2e0, 0x00000058, 0x00000000, 0x00000000, 0x3b000000, 0x00000000, 0x00000000, \
  0x00000000, 0x00000000, 0x00000000, 0x00000000, 0x00000000, 0x00000000, 0x00000000, 0x00000000, \
  0x00000000, 0x00000000, 0x00000000, 0x00000000, 0x00000000, 0x00000000, 0x00100000, 0x00000000, \
  0x00000000, 0x00000000, 0x00000000, 0x00000000, 0x00000000, 0x00000000, 0x00000000, 0x00000000, \
  0x00000000, 0x00000000, 0x00000000, 0x00000000, 0x00000000, 0x00000000, 0x00000000, 0x00000000, \
  0x00000000, 0x3d000000, 0x00000000, 0x00000000, 0x00000000, 0x00000000, 0x00000000, 0x00000000, \
  0x00000000, 0x00000000, 0x00000000, 0x00000000, 0x00000000, 0x00000000, 0x00000000, 0x00000000, \
  0x00000000, 0x01f206f5, 0xfff51300, 0xf3daf112, 0xeaf3f201, 0xe2ef01f4, 0xf4fdfae9, 0xf101f3fd, \
  0xeac6f101, 0x0301f4fb, 0xff01f3fe, 0xfc07e8f9, 0xfd0605e5, 0x00fc04f8, 0xf3fef9ec, 0xf80013f6, \
  0x05cc0601, 0xd104f804, 0x02fcf0f8, 0xfef702f4, 0x0914effb, 0xfffdf9fc, 0xfff108fe, 0xfcff06f9, \
  0xeaf2d7e9, 0x1100ecfa, 0xf7f60802, 0x1603ec07, 0x0dfc03ed, 0xf1040afc, 0xf6faf2ff, 0xf002f6f9, \
  0x04fe0000, 0x00000000, 0x00e9eb00, 0x50dac380, 0x00000022, 0x02fe0500, 0x07e901fe, 0xfe12eafc, \
  0xe600ed0c, 0x110c05fe, 0x04e20f11, 0xff1af504, 0xe20efafc, 0x19ee0ff0, 0xfacbe70a, 0xfc1928f5, \
  0x0c0ce7e8, 0xd7e80bee, 0xd001cff9, 0xe9ddf9ea, 0x29f91b0d, 0x2410fd07, 0x0cf6e7ee, 0x01fd0af9, \
  0x1509e608, 0x0505250c, 0xfcf23a0a, 0x3fe60100, 0xfd120f0b, 0xe7062aee, 0x1ef900fe, 0xf4dfd6fc, \
  0x15ebf72e, 0x06e70110, 0xfbffe504, 0xfbf8f1fc, 0x01160000, 0x00000000, 0x00041700, 0x50dac3c0, \
  0x00000058, 0x00000000, 0x00000000, 0x7a000000, 0x00000000, 0x00000000, 0x00000000, 0x00000000, \
  0x00000000, 0x00000000, 0x00000000, 0x00000000, 0x00000000, 0x00000000, 0x00000000, 0x00000000, \
  0x00000000, 0x00000000, 0x00000000, 0x00000000, 0x00f30000, 0x00000000, 0x00000000, 0x00000000, \
  0x00000000, 0x00000000, 0x00000000, 0x00000000, 0x00000000, 0x00000000, 0x00000000, 0x00000000, \
  0x00000000, 0x00000000, 0x00000000, 0x00000000, 0x00000000, 0x00000000, 0x00000000, 0x3c000000, \
  0x00000000, 0x00000000, 0x00000000, 0x00000000, 0x00000000, 0x00000000, 0x00000000, 0x00000000, \
  0x00000000, 0x00000000, 0x00000000, 0x00000000, 0x00000000, 0x00000000, 0x00000000, 0xf202fbf9, \
  0xfef0fb02, 0xe7fefd11, 0x03fd0af7, 0xf6e109f8, 0x11fffb01, 0xea11fc14, 0xfaf603ff, 0x060afefe, \
  0x0df508f5, 0xee040b05, 0x0f07021c, 0x11f6f100, 0x150fe908, 0x07f2050b, 0xfcfc0607, 0x000403f2, \
  0x1901f906, 0xe5f6fb07, 0xea08f614, 0xf2230b07, 0xe7ec0503, 0xe30007f3, 0xfbf4fc0c, 0xfe10f9f6, \
  0xe1e5f0e2, 0x09ed1ce9, 0x0517f608, 0x04130802, 0x01fa1aef, 0xf1f9e518, 0xfde00000, 0x00000000, \
  0x00080500, 0x50dac460, 0x00000022, 0x0104f4f5, 0xfc060f13, 0x12061905, 0x0a0e01f6, 0x05ec0a16, \
  0x0204fc0b, 0xeb00eb01, 0xf90f0d0c, 0x19ffe013, 0x061532df, 0xdbfbf1f3, 0xf6fdfa04, 0x0dfce90f, \
  0x05081202, 0xfa051002, 0xfdfbe702, 0x03e6fa1a, 0xf3f70d14, 0xe8ece8fc, 0xf700170d, 0x18f80407, \
  0x1beafef9, 0x0700f3fd, 0xf204dae9, 0xd2def6f1, 0x05f0f906, 0x1b2720fb, 0xe3140eee, 0xf31415fd, \
  0x0205ebef, 0xef202204, 0xfbe90000, 0x00000000, 0x00feed00, 0x50dac4a0, 0x00000017, 0x00000000, \
  0x00000000, 0x4c000000, 0x00000000, 0x00000000, 0x00000000, 0x00000000, 0x00000000, 0x00000000, \
  0x00000000, 0x00000000, 0x00000000, 0x00000000, 0x00000000, 0x00000000, 0x00000000, 0x00000000, \
  0x00000000, 0x1014f41d, 0xe00116ed, 0x09000000, 0x00000000, 0x00fa0000, 0x50db0000, 0x00000178, \
  0x040303fc, 0x04fffcfb, 0x03eeff07, 0xedfdfcf8, 0x08f31600, 0xddf1fdf4, 0x011714f4, 0x011cf20a, \
  0xf204efef, 0x00000000, 0x00000000, 0x000cfe14, 0xfe17f8f0, 0xedfd11ec, 0xd206f104, 0x0508f100, \
  0x0000ff00, 0x0000fbf9, 0xe6fbeff7, 0xf0ff00f1, 0xf5f9e5f9, 0xee0c09f2, 0xf1fff7e9, 0xfe010707, \
  0x0cf80b01, 0xfd02fbfb, 0x0404fe00, 0x1014e611, 0xfa060e0e, 0xfa04fc01, 0x00010000, 0xffffdcdf, \
  0xdeebf5e5, 0xee0a010d, 0xf6e0ebf1, 0xec07fd00, 0x14f9eeea, 0xfdfde3ef, 0x0f000c11, 0xfefd10fb, \
  0x12f707fe, 0xf605fff2, 0x06f307fa, 0x08f709f6, 0x08070506, 0x1513081a, 0xfe0803f8, 0xeaeded06, \
  0x00f7fdf4, 0xeff1fbfb, 0x0ff7f5f4, 0xfae510eb, 0x0914f6ff, 0x1afa091a, 0x0dfdfdfc, 0xee0a0811, \
  0x08120beb, 0xf8f8e20d, 0xe8000a07, 0x16fafb17, 0x141c15ef, 0x0f1006f8, 0x02f614e8, 0x05080400, \
  0x02fc0000, 0xfd07ffea, 0x0806f013, 0xf2f7fbf9, 0xfbff0303, 0xfdf7090b, 0xf4140e05, 0xe8f7f704, \
  0x0719eff7, 0x0bfd06fd, 0x1702fde8, 0x0b0202e1, 0xeb16ee07, 0xf3030d01, 0xfc0500f7, 0x00f3fdf3, \
  0xf502f901, 0xf2f8fdf6, 0xf9f0f9f9, 0xf8f8f1fa, 0xf8f3effa, 0xf3eeffff, 0xfffe0000, 0xfb050613, \
  0x01060c14, 0xfe09ea03, 0x00000000, 0x00ff00ff, 0xff060ae6, 0x020de509, 0x0cdf09fd, 0x00e7edea, \
  0xebfe1ad6, 0xdedce9f3, 0xe9fcfa16, 0xffff0000, 0x00000000, 0x00fc0506, 0x0206fe02, 0xf8060000, \
  0x03000005, 0xffff0904, 0xf9e10cee, 0xd6edd7d8, 0xf90105f7, 0x05f70802, 0xfdf005f6, 0xf9f50608, \
  0xff020000, 0x00000000, 0x000000fb, 0xedfd010a, 0xfb01090e, 0xfaf60616, 0x031b0405, 0x01100e01, \
  0x0dfd1af0, 0xf41603f7, 0xe3faece1, 0xe9f7fa0a, 0x00fdf5fd, 0xf6060500, 0x00000001, 0x01000000, \
  0x00f6f6f7, 0xf7f7f7f6, 0xf6f906ea, 0xcd02e5e0, 0x08f8c610, 0xfaf5041f, 0x090a18fc, 0x0911070b, \
  0xf5fceeda, 0xe8f8fa08, 0x0a0802f8, 0xfaf4faf9, 0xfaf9f6f2, 0xf8f00202, 0x080101fa, 0x000100ff, \
  0x11e71310, 0x11070dee, 0x1702fef1, 0xe4f2eee9, 0xfae0dce4, 0xf1fc05f1, 0xe6ddeaf5, 0x171a12ea, \
  0xf4f0e4e6, 0xdace04d5, 0xe9fd0510, 0xfd0def0e, 0xf4f91efe, 0xfe140fdd, 0xd7e7e4e4, 0xe4ffffd0, \
  0x03f2da09, 0xf9d8d9fe, 0x0c0ffd12, 0x0df2f0e3, 0xe3edf3f8, 0xf6ff05ef, 0xfae6fef5, 0x0c07ef0e, \
  0xea0005f4, 0xec060304, 0x081610ec, 0xf823ff15, 0x01f20205, 0xdce7e0f5, 0x05f1f70f, 0x03e8fed7, \
  0xdfd0e111, 0xf2f61204, 0x04fef3f1, 0xfd00f7f3, 0xf6fdf0f1, 0xf2edf4f2, 0xf215201a, 0xfe13f8e9, \
  0x05fce5eb, 0xd4e309e9, 0xf3fbef0b, 0x02b50617, 0xdb0908cb, 0xf9f006e9, 0xfbfcdcf1, 0xf9dd0300, \
  0xd1f407cf, 0xdcd91be1, 0xe1fced03, 0xeefe1cfd, 0xc8cafff3, 0x0d1a08ff, 0xfbf9fcf6, 0xfbd7e4ec, \
  0x06f0dae9, 0x01e906ee, 0x1116010b, 0x0711fe26, 0xfa03070f, 0xfaff03ed, 0xf907070f, 0x1812dffb, \
  0x13f7f60d, 0x030a0b13, 0xf806f1ec, 0xf7fc160b, 0xf01512e5, 0x14f3ec07, 0xf9ea03f3, 0x05f7fafd, \
  0xf106fa12, 0x0711f0f3, 0xe0f50df8, 0xf5f401db, 0x02150d1a, 0x23f7090f, 0xef10fb02, 0xfbfaf304, \
  0xfa05fb02, 0x0e04fcf7, 0xe4f9fbda, 0xe5e1f8fa, 0xf1de08ef, 0xf2d70000, 0x00000000, 0x0000000d, \
  0xeaf6f6f3, 0xe5f1eeeb, 0xe4bddbdf, 0xdbd4c9dc, 0x060ff412, 0xfe000f0e, 0x0c1cf4fb, 0x05f3fe08, \
  0xf2f8d50a, 0xfee6140e, 0xd20f02c8, 0x000407eb, 0x0cfd00f2, 0x0b00e9f0, 0xe7ff0df0, 0xfe13ed05, \
  0xdd00eef4, 0xedfe0d08, 0x0f1af617, 0x1704f006, 0x070c070b, 0x121b121d, 0x10f4daf2, 0xfcf1d8ea, \
  0xe9f3d0dd, 0xbff709c5, 0x00f6b8f3, 0x17011808, 0xf509f603, 0x0b021e17, 0x1511f504, 0xf8f3e4f0, \
  0xe8fde3d5, 0xf106f7ef, 0xfcfff60e, 0x00201fef, 0xf4fef7f7, 0xf6f7faf9, 0xecc805de, 0xe30afb17, \
  0x1a0beb10, 0xf0f1fa03, 0xff02e8ff, 0xed02091f, 0x14051900, 0xff0101ff, 0x01ff0000, 0x0c0dff0f, \
  0xf7eafaf7, 0xe01110ed, 0x08f80cf1, 0xe808f308, 0xf4f910f8, 0xe7e50311, 0xf8d8edd4, 0xe2e9e1e1, \
  0x00000000, 0x00000000, 0x3f000000, 0x00000000, 0x00000000, 0x00000000, 0x00000000, 0x00000000, \
  0x00000000, 0x00000000, 0x00000000, 0x00000000, 0x00000000, 0x00000000, 0x00000000, 0x00000000, \
  0x00000000, 0x00000000, 0x00000000, 0x00ef0000, 0x00000000, 0x00000000, 0x00000000, 0x00000000, \
  0x00000000, 0x00000000, 0x00000000, 0x00000000, 0x00000000, 0x00000000, 0x00000000, 0x00000000, \
  0x00000000, 0x00000000, 0x00000000, 0x00000000, 0x00000000, 0x00000000, 0x42000000, 0x00000000, \
  0x00000000, 0x00000000, 0x00000000, 0x00000000, 0x00000000, 0x00000000, 0x00000000, 0x00000000, \
  0x00000000, 0x00000000, 0x00000000, 0x00000000, 0x00000000, 0x00000000, 0x0f1e2a0e, 0xf20201f8, \
  0x032e1d0c, 0x1b18051b, 0x24f410fb, 0x16ff0400, 0x0616f3f5, 0x07031509, 0xf90fee1b, 0x01ff1434, \
  0x2a17fd04, 0x0c0f0812, 0xe50c2216, 0x0d03e204, 0xfd0e0429, 0xfc17151a, 0x170308ff, 0x160b02f3, \
  0x04050126, 0x19114125, 0x1bf41311, 0x0103f011, 0x08110101, 0x12fd0e08, 0x0e0f07fd, 0x01f5ff0d, \
  0x08181d12, 0x1b2e0cf6, 0x3e190616, 0x0cfc2c1e, 0x1f120cf8, 0x17030000, 0x00000000, 0x00141000, \
  0x50db02a0, 0x00000022, 0x000c05f2, 0xfffd0a01, 0xfcdd0d0f, 0xfb0b0bec, 0x08fa0b1d, 0xf9ec041d, \
  0x06eefefa, 0xf330fe21, 0x00000303, 0x0cf4ebed, 0xf8fc080c, 0xfafc0a17, 0xf126070b, 0xfb020609, \
  0xf6e90424, 0xfb1cfafe, 0x08e1f2fb, 0xfa14faea, 0xf80c09ff, 0x02ebfeec, 0x02fffeef, 0xf5dafbe2, \
  0x0f370203, 0x0a2a0002, 0xf704fe00, 0x001c02f6, 0x06041007, 0xfe15fbfb, 0x01f801f1, 0xfcfa04fc, \
  0xfb0906fc, 0x07f30000, 0x00000000, 0x00f5fa00, 0x50db02e0, 0x00000058, 0x00000000, 0x00000000, \
  0x3b000000, 0x00000000, 0x00000000, 0x00000000, 0x00000000, 0x00000000, 0x00000000, 0x00000000, \
  0x00000000, 0x00000000, 0x00000000, 0x00000000, 0x00000000, 0x00000000, 0x00000000, 0x00000000, \
  0x00000000, 0x00070000, 0x00000000, 0x00000000, 0x00000000, 0x00000000, 0x00000000, 0x00000000, \
  0x00000000, 0x00000000, 0x00000000, 0x00000000, 0x00000000, 0x00000000, 0x00000000, 0x00000000, \
  0x00000000, 0x00000000, 0x00000000, 0x00000000, 0x43000000, 0x00000000, 0x00000000, 0x00000000, \
  0x00000000, 0x00000000, 0x00000000, 0x00000000, 0x00000000, 0x00000000, 0x00000000, 0x00000000, \
  0x00000000, 0x00000000, 0x00000000, 0x00000000, 0x1904282b, 0x02190721, 0x0b09fa06, 0x0f1e0528, \
  0xe50a14fe, 0x12080433, 0x033407f8, 0x09e537fc, 0x221eff03, 0x120c0903, 0xf515150d, 0x0400fd2b, \
  0x1f1d0213, 0x1be413f0, 0x06030115, 0x07fb1e12, 0xfe32e312, 0x23111917, 0x40fd0810, 0x11031b00, \
  0xe6120a01, 0x11ef1523, 0x0c05110f, 0x3bfa2202, 0xf715ef19, 0xfef03000, 0x2417001f, 0x16080ef0, \
  0xf7151b04, 0x05f9071d, 0x050c081f, 0x221b0000, 0x00000000, 0x00080600, 0x50db0380, 0x00000022, \
  0xfc0e16f5, 0x16fe1202, 0x1100fdfb, 0xe20517fa, 0xfbf6081f, 0xfdff0404, 0x0dffff04, 0xe0090d0d, \
  0x1600fb0c, 0x0404fcfc, 0xfb0114f1, 0x2704f402, 0xfb05fe19, 0x09fcec06, 0xeefe39f7, 0xf400f6fd, \
  0x0214fdf6, 0x0010ccf2, 0x11ffec04, 0xfb05ef08, 0xe1f7ea0c, 0xe6002a07, 0x0efcfd27, 0x0508ef01, \
  0x2cf81dff, 0x0ffd1305, 0x360f0502, 0x10f30ff7, 0xf80d100e, 0xfff1dcfd, 0x050c1503, 0x1af30000, \
  0x00000000, 0x00072100, 0x50db03c0, 0x00000058, 0x00000000, 0x00000000, 0x76000000, 0x00000000, \
  0x00000000, 0x00000000, 0x00000000, 0x00000000, 0x00000000, 0x00000000, 0x00000000, 0x00000000, \
  0x00000000, 0x00000000, 0x00000000, 0x00000000, 0x00000000, 0x00000000, 0x00000000, 0x00e10000, \
  0x00000000, 0x00000000, 0x00000000, 0x00000000, 0x00000000, 0x00000000, 0x00000000, 0x00000000, \
  0x00000000, 0x00000000, 0x00000000, 0x00000000, 0x00000000, 0x00000000, 0x00000000, 0x00000000, \
  0x00000000, 0x00000000, 0x42000000, 0x00000000, 0x00000000, 0x00000000, 0x00000000, 0x00000000, \
  0x00000000, 0x00000000, 0x00000000, 0x00000000, 0x00000000, 0x00000000, 0x00000000, 0x00000000, \
  0x00000000, 0x00000000, 0xe8f52a1c, 0xfefff812, 0x040dfc1d, 0x164b2335, 0x04e90109, 0x140a1b14, \
  0xe0200bf9, 0x2ff60714, 0xf118091e, 0x28050c09, 0x0f100d03, 0x2d19ee1d, 0x18f0fa25, 0x0ffb0410, \
  0x162909ea, 0xf0070902, 0x19011ff0, 0x11070a1a, 0xf50e0702, 0x07150104, 0x0811121f, 0xfd04fd18, \
  0xf533fe10, 0xfffb0114, 0x212107f1, 0xf7e40c02, 0x1c011805, 0x1822ee12, 0xfe1c120d, 0x02ecf9f9, \
  0x00f2df2a, 0xfe2d0000, 0x00000000, 0x00f52500, 0x50db0460, 0x00000022, 0x00fe090c, 0x080d1000, \
  0xf1e40bf1, 0xf5e5f808, 0x09f604f6, 0xf51002fa, 0xfb0702f4, 0xf0f70109, 0x04fff9f8, 0x110206fa, \
  0xf3150309, 0xfa0002f1, 0xfce4f602, 0x041202e2, 0xf70b0405, 0xfcf3f724, 0x1216f711, 0x02fdeb0b, \
  0x05f7fcfc, 0x011b0d06, 0x07140ef2, 0x0005f605, 0x03e6fa0c, 0x0dfaf912, 0xfee9f1fe, 0x0002f900, \
  0xf8f21af7, 0xfc0bf9ee, 0xfff90a09, 0x1eeb0dfb, 0xfbfb16fb, 0x00f10000, 0x00000000, 0x0011f000, \
  0x50db04a0, 0x00000017, 0x00000000, 0x00000000, 0x57000000, 0x00000000, 0x00000000, 0x00000000, \
  0x00000000, 0x00000000, 0x00000000, 0x00000000, 0x00000000, 0x00000000, 0x00000000, 0x00000000, \
  0x00000000, 0x00000000, 0x00000000, 0x00000000, 0xe91f2d1d, 0xe5f9f1ec, 0x2d000000, 0x00000000, \
  0x00cc0000, 0x50db4000, 0x00000178, 0x00000000, 0x00000000, 0x00f7fc00, 0x02f00b05, 0xf4f7ee09, \
  0xfed5fc17, 0xf80a1c14, 0xfe0ded06, 0xf6fcfef9, 0x00000000, 0x0000ffff, 0x00f4f0f6, 0x02fa02fa, \
  0xfa250607, 0xf4fdf205, 0x02081e09, 0xfbf50506, 0xf6f4faff, 0x08e3eff2, 0x0afc120c, 0xe900f90b, \
  0x0efefcef, 0x0bf1edfd, 0xe40df1fc, 0x06f8e4f4, 0xff01faf4, 0xfafcfa01, 0x08032519, 0x0207090e, \
  0x15000000, 0x00000000, 0x000005f9, 0x0010030d, 0x11f3f6f7, 0xff000bf4, 0xf2fcf2d9, 0x0305f6ea, \
  0xf6e6f70d, 0x1102ecff, 0xf1ee0700, 0xf6fafe07, 0xf8f8fdf8, 0x00fcfbfb, 0xfbfff504, 0x0407fefb, \
  0x1721f72f, 0x1fe024df, 0xd4fb04ff, 0xfbeb06fd, 0x030cdfd8, 0xe107e4e1, 0xf30c0314, 0x05dfeff4, \
  0xeff503e3, 0xede8e1e5, 0xe2f6e8e7, 0xf7e7d60b, 0xe2d4fbd7, 0xe1ee0ff6, 0xd3f7fce9, 0xf5e10af9, \
  0x06f60cf3, 0xf2fe0a13, 0xfafefafd, 0x030606fd, 0xf7ea0de4, 0x1fede0ec, 0xc4d60204, 0xfe0506fa, \
  0x030301fd, 0x0df705ef, 0x0ce9f9fb, 0xfdf822f1, 0xe8fa00d7, 0x03fc0b03, 0xfd08140b, 0xf81402fc, \
  0xfbf8faee, 0xf5ec0205, 0x0905fe08, 0xf608f605, 0xfbf9f8f8, 0xfafcf5fd, 0xf4f8f5f5, 0xf8f5f4f2, \
  0xf5f100fe, 0x010101fd, 0xffffff1a, 0x0a1e0713, 0xff120a0a, 0x00000000, 0x00000000, 0x00f5fafd, \
  0xf80600fc, 0xf4fd0dfa, 0x09faf600, 0xebe302ee, 0x08eff7f2, 0xffd9d9d8, 0x00000000, 0x00000000, \
  0x00000304, 0x06fefefb, 0x040104fc, 0xfdfdfc05, 0xfc0205ed, 0xf002f60e, 0x15f4120f, 0x00000000, \
  0x00000000, 0x00fffe00, 0xfffeffff, 0x00fef7fc, 0xfcfb0606, 0xfcfefb09, 0x0907ebff, 0xf4090c0e, \
  0x05f7f4e7, 0xfcfd06f0, 0xf006f4fd, 0x04e400f6, 0xecfafaed, 0x0a130b13, 0x02021b00, 0x00000200, \
  0x000003ff, 0xffff01fd, 0x01ff01fd, 0xfff7f9f9, 0xfbf7f7fd, 0xf9f8fb01, 0xf5100b0c, 0x03121eda, \
  0x00f3fbd9, 0xe2efed07, 0xeae903e7, 0xf8f2eff3, 0x0a000000, 0x00000000, 0x0000fbfa, 0xfafcfdfc, \
  0xfffdfa00, 0x00000000, 0x00000000, 0xff070302, 0x06050004, 0x04fc0201, 0x08030405, 0x07060000, \
  0x00000000, 0x0000ff00, 0x00000000, 0x00000000, 0x00000000, 0x00000000, 0x00000000, 0x00000000, \
  0x0000fdfb, 0xf90503fd, 0x0206fa00, 0x00000000, 0x00000000, 0x0000ff00, 0x000003fd, 0x01000000, \
  0x000000ff, 0x00010200, 0x00000000, 0x000000fe, 0xfd010302, 0x02050202, 0xfdf5fc07, 0xf6080508, \
  0xf6fffc04, 0xfc03fb07, 0x0706040b, 0x0c0b0af0, 0xfffc0101, 0xfa06fe01, 0x0701fe02, 0x00000000, \
  0x00000000, 0x000001ff, 0x00000000, 0x00000000, 0x00000000, 0x000000ff, 0xfd020204, 0x02020102, \
  0x00000000, 0x0000ff00, 0x00000001, 0x00000300, 0x01010000, 0x00000000, 0x00000000, 0x00000000, \
  0xff000403, 0x00000000, 0x00000100, 0x00000000, 0x00000000, 0x00000000, 0x00000000, 0x00000001, \
  0xfefefefe, 0x00ff0201, 0x02000201, 0xfe010200, 0x01000001, 0x02020000, 0xff010201, 0x00000000, \
  0x000000fe, 0xfbffff03, 0xf6fcf6fc, 0xfefe04fd, 0x010400ff, 0xfcfd0501, 0xfbfa060a, 0xf9fb0000, \
  0x00000000, 0x00000000, 0x00010000, 0x00000000, 0x0303f9fc, 0x05fd06fe, 0x05000000, 0x00000000, \
  0x00000000, 0x00000000, 0x00000000, 0x00000000, 0x00000000, 0x00000000, 0x00000000, 0x01000000, \
  0x0000ff00, 0x0000fa03, 0x03050200, 0xfffb00ff, 0x000202fe, 0xfefffaff, 0x00000000, 0x00000000, \
  0x000000ff, 0x00000000, 0x00000000, 0xfefe0100, 0x00fdff04, 0xfd080701, 0x07ff0103, 0xff000000, \
  0x00000000, 0x00000000, 0x00000000, 0x00000100, 0x00000000, 0x000000f8, 0x0104fc01, 0x0b04fbfd, \
  0xfafe07fe, 0x0300fcfb, 0x04060201, 0x06f8fe03, 0x03020000, 0x00000000, 0x00010000, 0x00000000, \
  0x00000000, 0x00000000, 0x00000000, 0x0003fd00, 0xfffcfffc, 0x01000000, 0x00000000, 0x00000000, \
  0x00000000, 0x00000000, 0x00000000, 0x00000000, 0x00000000, 0x00000000, 0x00fffc01, 0x0004ff01, \
  0xfd0002ff, 0xff050005, 0x0102fdff, 0x00000000, 0x00000000, 0x41000000, 0x00000000, 0x00000000, \
  0x00000000, 0x00000000, 0x00000000, 0x00000000, 0x00000000, 0x00000000, 0x00000000, 0x00000000, \
  0x00000000, 0x00000000, 0x00000000, 0x00000000, 0x00000000, 0x00000000, 0x00fa0000, 0x00000000, \
  0x00000000, 0x00000000, 0x00000000, 0x00000000, 0x00000000, 0x00000000, 0x00000000, 0x00000000, \
  0x00000000, 0x00000000, 0x00000000, 0x00000000, 0x00000000, 0x00000000, 0x00000000, 0x00000000, \
  0x00000000, 0x40000000, 0x00000000, 0x00000000, 0x00000000, 0x00000000, 0x00000000, 0x00000000, \
  0x00000000, 0x00000000, 0x00000000, 0x00000000, 0x00000000, 0x00000000, 0x00000000, 0x00000000, \
  0x00000000, 0xff0aedf9, 0xe4e1fffc, 0xfb0a1efb, 0xff13f108, 0xf1eff2f3, 0xf2f6faed, 0xfaf8e9f9, \
  0x09fae903, 0xf806e5ef, 0xedf81701, 0x00fdffff, 0xe8f20005, 0xf7f8f6e8, 0xfa04f5fb, 0xf6faf4f3, \
  0x01ea03fd, 0x09f5f114, 0xea20f60a, 0xecfffef3, 0x08fb00f4, 0xfe01f0ee, 0xf9f6e4f7, 0xeef5f7f0, \
  0xf4ff0704, 0xe303fbfa, 0xf7e5e6fb, 0xf200f3e7, 0xfa00f3f7, 0xfdfaee06, 0x01f5fa0c, 0x190b0712, \
  0x06f70000, 0x00000000, 0x0008e700, 0x50db42a0, 0x00000022, 0x09eafb16, 0x01f00708, 0x00e50cfc, \
  0xf802f0fb, 0xf5e2ee03, 0x0213f60b, 0x0614ecff, 0xf604f0fb, 0x0c0813f6, 0x0600010c, 0xfe0ef40b, \
  0xfbfe09fd, 0x03f4f4ed, 0xe2fb0d02, 0x091619ef, 0xeeeafe1c, 0xf7fb10f4, 0xee0dfbf8, 0xfffb05fa, \
  0x00ff0304, 0x05eef000, 0x070ef4fc, 0x05100114, 0xeffcf800, 0x0405fcfe, 0x09f9fe09, 0x0de60200, \
  0xf7f309fa, 0x0af304f8, 0x04f9fd0d, 0x0914010a, 0xf7000000, 0x00000000, 0x00f8ff00, 0x50db42e0, \
  0x00000058, 0x00000000, 0x00000000, 0x40000000, 0x00000000, 0x00000000, 0x00000000, 0x00000000, \
  0x00000000, 0x00000000, 0x00000000, 0x00000000, 0x00000000, 0x00000000, 0x00000000, 0x00000000, \
  0x00000000, 0x00000000, 0x00000000, 0x00000000, 0x00ff0000, 0x00000000, 0x00000000, 0x00000000, \
  0x00000000, 0x00000000, 0x00000000, 0x00000000, 0x00000000, 0x00000000, 0x00000000, 0x00000000, \
  0x00000000, 0x00000000, 0x00000000, 0x00000000, 0x00000000, 0x00000000, 0x00000000, 0x3f000000, \
  0x00000000, 0x00000000, 0x00000000, 0x00000000, 0x00000000, 0x00000000, 0x00000000, 0x00000000, \
  0x00000000, 0x00000000, 0x00000000, 0x00000000, 0x00000000, 0x00000000, 0x00000000, 0xf6f90505, \
  0xfd0cfcf6, 0xf912fcf4, 0x05f40b03, 0x0c1f00e9, 0xfb0cf509, 0x18f908fb, 0x010af3ec, 0xfada040b, \
  0x06f408ef, 0xf50a1010, 0xfe0b0407, 0x0316e707, 0x01f1f50e, 0xf6ef010f, 0x020ff908, 0x0708f2de, \
  0x0707130b, 0x20030519, 0xfbe708fc, 0xf400f0fa, 0xef06050d, 0xfaf80f0b, 0x0605160b, 0x06ff11f8, \
  0x0100f2f0, 0x06f20ae8, 0x0f05fc02, 0x09f2eafd, 0xf5f70014, 0x0df616f1, 0xd7ee0000, 0x00000000, \
  0x0006ff00, 0x50db4380, 0x00000022, 0x10f9290b, 0x191b2a09, 0xdfc352fc, 0x40e4fb06, 0x23f3d400, \
  0xea10f323, 0xc0ef01f4, 0xfd0d080f, 0xfd16ea0a, 0xe9e11609, 0x38fbcf05, 0xbef0e5fb, 0x2710e700, \
  0x0af134d1, 0xe9fc1440, 0xc8fe2803, 0xbf110de2, 0x000819e1, 0xfff6f7f3, 0xf3f64404, 0xfd32f3d7, \
  0x2026e01f, 0xf2f8e3fb, 0xf605c900, 0x2a00e734, 0xd709deff, 0x11df10ed, 0x1edee60d, 0xfcf33700, \
  0x01c25f21, 0xfe020df8, 0xe5f10000, 0x00000000, 0x00104000, 0x50db43c0, 0x00000058, 0x00000000, \
  0x00000000, 0x7b000000, 0x00000000, 0x00000000, 0x00000000, 0x00000000, 0x00000000, 0x00000000, \
  0x00000000, 0x00000000, 0x00000000, 0x00000000, 0x00000000, 0x00000000, 0x00000000, 0x00000000, \
  0x00000000, 0x00000000, 0x00130000, 0x00000000, 0x00000000, 0x00000000, 0x00000000, 0x00000000, \
  0x00000000, 0x00000000, 0x00000000, 0x00000000, 0x00000000, 0x00000000, 0x00000000, 0x00000000, \
  0x00000000, 0x00000000, 0x00000000, 0x00000000, 0x00000000, 0x3e000000, 0x00000000, 0x00000000, \
  0x00000000, 0x00000000, 0x00000000, 0x00000000, 0x00000000, 0x00000000, 0x00000000, 0x00000000, \
  0x00000000, 0x00000000, 0x00000000, 0x00000000, 0x00000000, 0xf4eff908, 0xf6fa060f, 0x03e10901, \
  0xfb090e0f, 0xf60be0f7, 0xf0070afd, 0x11f7f808, 0x0401fdf3, 0x11f30bf7, 0x11fffa08, 0xdefb07f8, \
  0xf7f803e4, 0x0cfe02fe, 0xec1af8f5, 0x07e4e2df, 0xf5e8f0f5, 0x04eb190b, 0xebe7f211, 0xf9d5dfd7, \
  0x03eb1504, 0x101401d6, 0x0907f0f2, 0x0008f4f5, 0xfa02d3ef, 0xf2eff60a, 0x0400f114, 0x030918f3, \
  0xe8da06ed, 0xf110f1d8, 0xe3e7eb01, 0xf8fdf60c, 0x02090000, 0x00000000, 0x00fedd00, 0x50db4460, \
  0x00000022, 0xeffef508, 0x1314f3f7, 0x12fefe1b, 0x08071707, 0xfe0b1b02, 0x14f3f208, 0x23f307f8, \
  0xf1111126, 0x18e7fe12, 0x13f0eadd, 0xfc0814f7, 0xfbf4050a, 0xeb1fde0c, 0x010a1a0d, 0x08fd1504, \
  0xea14ee00, 0x24f2021a, 0xe9f11cef, 0x01060d12, 0xd302eff8, 0xfc03e411, 0xe6ea10e1, 0xe40903de, \
  0x0efbfb1a, 0x04f31605, 0xf90bf0fc, 0x1a1810ff, 0xedf211f4, 0xf2e91711, 0xeffde905, 0xf3f71bed, \
  0x0ff40000, 0x00000000, 0x0002e900, 0x50db44a0, 0x00000017, 0x00000000, 0x00000000, 0x50000000, \
  0x00000000, 0x00000000, 0x00000000, 0x00000000, 0x00000000, 0x00000000, 0x00000000, 0x00000000, \
  0x00000000, 0x00000000, 0x00000000, 0x00000000, 0x00000000, 0x00000000, 0x00000000, 0x0c1e0111, \
  0x0ce7d505, 0xd6000000, 0x00000000, 0x00150000, 0x50db8000, 0x00000178, 0xff02f9fd, 0x010200fe, \
  0x0104f70a, 0x08eb02e8, 0xea071114, 0xe50af3d8, 0xfff1e8f8, 0xffeb00fd, 0x05ea0910, 0x010103ff, \
  0x01ff0000, 0x01fa04fd, 0xf3f6fe0e, 0x0afbdaea, 0xefe7e8f5, 0xcbdb0af0, 0xf4f4fb03, 0x03040307, \
  0x1e0e1e11, 0xe2e1f5fd, 0x0bedf20c, 0xf800f810, 0x0dfc0008, 0xed020818, 0x000a12f5, 0x0cf402fc, \
  0x0601f302, 0xfbead8f6, 0xe8eaf7de, 0xeb0401fe, 0x0606fcfa, 0x03fc0700, 0xf500e9e8, 0xe0d70e0e, \
  0x1c040017, 0xf5fd04fe, 0xf807fef5, 0x0a01f6fa, 0x08000bfd, 0x0711efea, 0x04f30609, 0x0402f7fc, \
  0x030906f1, 0xeffaf6fb, 0xfffdf2fd, 0xfbcf0bcc, 0xe61ccfe7, 0x0004f31c, 0xe0fc0b01, 0xe308071d, \
  0x12f30214, 0x0dff02fc, 0xf70bfbfd, 0x11fbebf4, 0xd4f1dde1, 0xf4ff141e, 0xf5d61907, 0xe4e5efc1, \
  0xd4ce0eef, 0x14fcfe10, 0x0d0203f4, 0x0feaf8f2, 0xf0e7e3dc, 0x08f3fe00, 0xfff8fb01, 0xf6f4f6e3, \
  0xe0efd8f4, 0x10ee0907, 0x02f2fcf3, 0xf504f80c, 0xe4e20500, 0xecf7e1f3, 0xfffb0ef3, 0x18fdf50b, \
  0x05e7e7e9, 0xea070bdb, 0xeaeefe09, 0xfff907fd, 0x0405e901, 0x03f8f904, 0xfff1fcf7, 0xfcecf002, \
  0xfdfdfefc, 0xfcefeaea, 0xebf5f6f4, 0xeef507f7, 0x02fcf903, 0xfb0502ea, 0xf5f8e709, 0xfb0002f5, \
  0x00ff0000, 0xffff0000, 0xfffceefc, 0x02fff0f4, 0x0aec1004, 0xeb12180a, 0x02e4faec, 0x0409f505, \
  0x08eff709, 0x00000000, 0x00000000, 0x0004f600, 0x0002f3f7, 0xfef5fbf8, 0x0af609f5, 0xfcfbf703, \
  0xf40915f4, 0xf70515f4, 0x00000002, 0x0100ff00, 0x010300fb, 0xfefd0200, 0xfef70208, 0x0903fb0b, \
  0xf1f50bf9, 0x0606f3ff, 0xfcfb0112, 0xf4f7efec, 0xf4f30b0d, 0x11efeffc, 0x07fc03fa, 0xfd1ce806, \
  0xff08fe0e, 0x0d0b02f7, 0x080a060b, 0xfbf40bf2, 0xfbfb02fa, 0x06fafd06, 0x02f1f1ff, 0xf0f200fa, \
  0xfefdf1dd, 0xf5ecf5f1, 0xcbf8ec16, 0x07dd150c, 0xfbf7f401, 0xf200ffff, 0xf3fb0316, 0x1205feff, \
  0xfffffffc, 0x04fcf8f5, 0xf9f4f8ee, 0xf9f1f300, 0x020002ff, 0xfe0101fd, 0x000302fd, 0xfffcfbfa, \
  0xfa050606, 0x080b120c, 0x0f11fffd, 0xfafffffd, 0x02020102, 0x0100fffd, 0xfefdfcfc, 0x0402fe03, \
  0x00ff0300, 0x01fbf8f8, 0xfcf9fbfe, 0xfdfaf5f9, 0xfbf7fdfd, 0xfaff0207, 0x07070607, 0x07060707, \
  0x04080503, 0x06050403, 0x02000000, 0x00000000, 0x00000200, 0xff0201ff, 0x030403fc, 0xfbf9fdfb, \
  0xfafbfafa, 0x0702060a, 0x06070607, 0x06fe0408, 0x00040702, 0xfcfef2f6, 0xf5f7faff, 0xfcfdfb00, \
  0x00000000, 0x00000000, 0x00000000, 0x00000000, 0x00f9f9f8, 0xf8f5f4f6, 0xf5f30506, 0xfe0405fc, \
  0x0404fc0b, 0x0c0c0c0c, 0x09080907, 0x00000000, 0x00000000, 0x00070708, 0x07070806, 0x0708fafa, \
  0xfafafafa, 0xf9fafafa, 0xfcfbfafc, 0x00fbfefa, 0x02020202, 0x02020302, 0x02000000, 0x00000000, \
  0x0001f9fa, 0xfcfcfbfd, 0xfefcfc04, 0x06070407, 0x08060708, 0xfbfcfdfb, 0xfcfdfdfc, 0xfbfffefe, \
  0x00fefdff, 0xfefe0001, 0x02ff0002, 0xfe0000ff, 0x00000000, 0x000000fe, 0xfcfbfbfc, 0xfcfcfcfd, \
  0xfdfefefc, 0xfefefdfd, 0xfefc0304, 0x05050607, 0x07080800, 0x00000000, 0x00000000, 0x07030c06, \
  0x080b0b0a, 0x0f030506, 0x04050604, 0x04060000, 0x00000000, 0x000000fa, 0xfbf9fbfc, 0xfffbfd01, \
  0xfffffcfd, 0xfbfbfafc, 0xfdfaf7f6, 0xfafaf7fa, 0xfafa01fc, 0xfcf9fdfc, 0xfaf8f5ff, 0x0001fafb, \
  0xfcf6f7f7, 0x08070608, 0x08090909, 0x08f9faf9, 0xf8f8fcf9, 0xf8f80607, 0x04020201, 0x010100fe, \
  0xfaf8fdfa, 0xf8fbf9f9, 0xfefefefd, 0xfdfdfcfd, 0xfe000002, 0x00010400, 0x02040b0b, 0x0a0b0a0b, \
  0x0a0807fd, 0xf8f6f4f3, 0xeef3edf5, 0xf7f8fdfa, 0xf9faf6fa, 0xf80301ff, 0x0301fe02, 0x0201f8fe, \
  0x07f9fc07, 0xfbf90200, 0x00000000, 0x00000000, 0xfcfcfbfd, 0xfcfbfdfc, 0xfa050300, 0x02030002, \
  0x0202faf5, 0xf3f8f7f6, 0xf9f8f700, 0x00000000, 0x00000000, 0x09080808, 0x05040504, 0x03060607, \
  0x06060706, 0x06070607, 0x07050607, 0x040506fb, 0xff00fe00, 0xfb02fff8, 0x00000000, 0x00000000, \
  0x40000000, 0x00000000, 0x00000000, 0x00000000, 0x00000000, 0x00000000, 0x00000000, 0x00000000, \
  0x00000000, 0x00000000, 0x00000000, 0x00000000, 0x00000000, 0x00000000, 0x00000000, 0x00000000, \
  0x00000000, 0x00ee0000, 0x00000000, 0x00000000, 0x00000000, 0x00000000, 0x00000000, 0x00000000, \
  0x00000000, 0x00000000, 0x00000000, 0x00000000, 0x00000000, 0x00000000, 0x00000000, 0x00000000, \
  0x00000000, 0x00000000, 0x00000000, 0x00000000, 0x3f000000, 0x00000000, 0x00000000, 0x00000000, \
  0x00000000, 0x00000000, 0x00000000, 0x00000000, 0x00000000, 0x00000000, 0x00000000, 0x00000000, \
  0x00000000, 0x00000000, 0x00000000, 0x00000000, 0xf017f009, 0x11ef0d12, 0xe8fb06ee, 0x0c08f0f8, \
  0xe408eaeb, 0xda050e05, 0x04ee0217, 0xf8fef3d7, 0x05ee0df2, 0x13050aea, 0xe7dcfa05, 0x03edf7f4, \
  0x10fe0813, 0xf4e306fa, 0x05fafef9, 0xeffae609, 0xdbea1118, 0xfdfaf11d, 0xf90fefe2, 0xe0de06eb, \
  0xf9faf704, 0x00cd0003, 0x18f5f7f3, 0xe4f805f9, 0xe3e6f5f5, 0xedff0e12, 0xf3e2fa0f, 0x03f4fdfa, \
  0xf2f90200, 0x0803f6f1, 0xf808f312, 0x0cf20000, 0x00000000, 0x00dbf600, 0x50db82a0, 0x00000022, \
  0xfa10f4fc, 0x1f06160a, 0x000806fd, 0xfc1703e3, 0x25ef0416, 0xf907110e, 0x15f7f606, 0xf80f050b, \
  0x04fb1e03, 0x0ff5ee00, 0x07fa1cfc, 0x0714fef5, 0xe6f5ebfc, 0xfc11fa0a, 0xec0bedf7, 0x07e5f10e, \
  0x03ebf3f7, 0xff00f505, 0xf809fbe9, 0x00ff0afc, 0xf6fdfd10, 0xf4fff81a, 0x03f2f50d, 0x15ef07d5, \
  0x0102fdf3, 0x0c02030f, 0x0013ff13, 0xef0df0f6, 0x011c00f3, 0x12fcfffb, 0xea191015, 0xfeff0000, \
  0x00000000, 0x00fbf000, 0x50db82e0, 0x00000058, 0x00000000, 0x00000000, 0x3c000000, 0x00000000, \
  0x00000000, 0x00000000, 0x00000000, 0x00000000, 0x00000000, 0x00000000, 0x00000000, 0x00000000, \
  0x00000000, 0x00000000, 0x00000000, 0x00000000, 0x00000000, 0x00000000, 0x00000000, 0x00e60000, \
  0x00000000, 0x00000000, 0x00000000, 0x00000000, 0x00000000, 0x00000000, 0x00000000, 0x00000000, \
  0x00000000, 0x00000000, 0x00000000, 0x00000000, 0x00000000, 0x00000000, 0x00000000, 0x00000000, \
  0x00000000, 0x00000000, 0x3f000000, 0x00000000, 0x00000000, 0x00000000, 0x00000000, 0x00000000, \
  0x00000000, 0x00000000, 0x00000000, 0x00000000, 0x00000000, 0x00000000, 0x00000000, 0x00000000, \
  0x00000000, 0x00000000, 0xe00efa01, 0xfa021401, 0xf7f8e611, 0x35f51706, 0x03140310, 0xeae504ff, \
  0xf3e1f1f6, 0xe2270400, 0x06f91213, 0x08f5f70c, 0x07f5efe1, 0x04fa14f3, 0x0ff8f600, 0x070cfa19, \
  0xf2e400dc, 0x0aecfbfc, 0x0f04f8e1, 0x0509dbf3, 0x0ce604f8, 0x061bfeee, 0x1cf31bf6, 0x0e1efff0, \
  0x04f2fc04, 0x00e605db, 0x05fa0d0a, 0xf01eff03, 0x08e212f4, 0xfaf2fff2, 0x21f41108, 0xf9020e07, \
  0xe6e2e0f1, 0x0e050000, 0x00000000, 0x00dcfb00, 0x50db8380, 0x00000022, 0x1b1e3d1a, 0x05f50bfd, \
  0x14f1fa04, 0xfefdd2f8, 0x1d16fdfe, 0xf9f5f903, 0xfcfb0ce9, 0xfb06f105, 0x06e6080e, 0x0ef60415, \
  0x0d0a07fc, 0xedef01f7, 0xfd02e714, 0x07f8e716, 0xc3ee1dfe, 0x0104d7f9, 0x1df81615, 0xdde10a10, \
  0xf2e8fe18, 0xdb12380a, 0x1d120f00, 0xf6f61619, 0xf2fb010b, 0x0608d105, 0x1b03ef05, 0x04f80fee, \
  0x12f8f617, 0xf6010f06, 0xef1610fa, 0x0cdc0df3, 0x1f06fe01, 0xc1040000, 0x00000000, 0x00030400, \
  0x50db83c0, 0x00000058, 0x00000000, 0x00000000, 0x73000000, 0x00000000, 0x00000000, 0x00000000, \
  0x00000000, 0x00000000, 0x00000000, 0x00000000, 0x00000000, 0x00000000, 0x00000000, 0x00000000, \
  0x00000000, 0x00000000, 0x00000000, 0x00000000, 0x00000000, 0x000b0000, 0x00000000, 0x00000000, \
  0x00000000, 0x00000000, 0x00000000, 0x00000000, 0x00000000, 0x00000000, 0x00000000, 0x00000000, \
  0x00000000, 0x00000000, 0x00000000, 0x00000000, 0x00000000, 0x00000000, 0x00000000, 0x00000000, \
  0x3f000000, 0x00000000, 0x00000000, 0x00000000, 0x00000000, 0x00000000, 0x00000000, 0x00000000, \
  0x00000000, 0x00000000, 0x00000000, 0x00000000, 0x00000000, 0x00000000, 0x00000000, 0x00000000, \
  0x33bee2d4, 0x2e060708, 0x04db1100, 0x0207030a, 0xff21dd01, 0x09fb0fde, 0xff11f905, 0xef21f9eb, \
  0xdaf4fefa, 0x0dd000e7, 0xf5f6f4d7, 0xf70103e2, 0xee07f3f2, 0xed08fe15, 0x0ce2ff17, 0xeee708e6, \
  0xf2fb00f3, 0xff04fcf9, 0x23d823e2, 0xdb0c2ffe, 0x16f1ee02, 0xe4effcfa, 0x1401e900, 0xe208e8fc, \
  0xe4dd13de, 0x18ea0fd2, 0x0700ee13, 0xeb08e3fc, 0x0b051d1f, 0xfb131609, 0x00011aff, 0xdbfd0000, \
  0x00000000, 0x0014f500, 0x50db8460, 0x00000022, 0xf61b190e, 0xfe050c05, 0x00110b10, 0xf005f20a, \
  0x05f3f1fa, 0xddecf8f2, 0xedfe0d05, 0xff0af5e7, 0x05f50b03, 0x120009f6, 0x23f8fdf4, 0xeeecf722, \
  0x0b1de60f, 0x05fa1cfc, 0xf3f0ed0d, 0xf21113d8, 0xe6f1ec2e, 0x1d1701f9, 0x1ffff20c, 0x00010ff1, \
  0xfe0a0204, 0x12ebd8e9, 0x012bfb01, 0x07fdf62d, 0xfff6e909, 0xfe1fedd5, 0x0002f7e1, 0x00f7fa09, \
  0x05110f04, 0x291f1fec, 0xf9cd0302, 0xe60b0000, 0x00000000, 0x00091400, 0x50db84a0, 0x00000017, \
  0x00000000, 0x00000000, 0x53000000, 0x00000000, 0x00000000, 0x00000000, 0x00000000, 0x00000000, \
  0x00000000, 0x00000000, 0x00000000, 0x00000000, 0x00000000, 0x00000000, 0x00000000, 0x00000000, \
  0x00000000, 0x00000000, 0x0111f10a, 0x2c27eed7, 0xd0000000, 0x00000000, 0x000d0000, 0x50dbc000, \
  0x00000178, 0x0000ffff, 0x00ffffff, 0xffeaf2fe, 0x03fdf50c, 0xebfbfcff, 0x100ff60c, 0x1a0becf7, \
  0x04171602, 0x081cfc07, 0x00000100, 0x00000001, 0x0000f0fe, 0xe9010e14, 0xfbfeeefa, 0xe8f2fafb, \
  0xecf9ff07, 0x020707f2, 0xfb03fd04, 0xfbf4f10c, 0x0f021309, 0x09090201, 0xedffe1f6, 0xf2f9ede6, \
  0xfe0f0516, 0x05ed0104, 0xf2fd05f3, 0xf2ff0afa, 0x09070e07, 0x0e0609fb, 0xfe000000, 0x00000000, \
  0x00002408, 0x012c05f1, 0x1809050f, 0xfbed0ee4, 0xf303f000, 0xff12fb00, 0xf8040911, 0x08040804, \
  0x00ef0a09, 0xe8f8f905, 0x0303fb00, 0xfefcfb03, 0xf7fc0303, 0xf7f30c04, 0x2c14e823, 0xe1f0e0d8, \
  0xf916f80c, 0x081cfcf4, 0x142aeafa, 0xe70507f4, 0x04100ae4, 0xeefdf9fc, 0xf70afc00, 0x150601f8, \
  0xfc11f722, 0x11e2ef03, 0xffecf613, 0x1c00f2f5, 0xe50ae300, 0xfef10b00, 0x06fdff0a, 0xf6f200f6, \
  0x08060001, 0xf605faf5, 0x07010a1a, 0x1a08e3fe, 0xecf6fb00, 0x0009fefd, 0xf6fdfaef, 0x05f9ec06, \
  0x0ae4ec00, 0xeefe0ff3, 0xeef405fc, 0xfb080ef7, 0x030c06e4, 0xf40206f0, 0xef06f008, 0x06f9f600, \
  0xfe0a01fc, 0x08f70bf7, 0xfaf8faf6, 0x01f6fbfb, 0xf7f7f8f5, 0xf2f5f7ee, 0xf0f403fb, 0x00f80200, \
  0xfffbfeff, 0x0b101601, 0x012f08f7, 0x00000000, 0x00000000, 0xff0709f0, 0x0cfcfc03, 0xf217ef03, \
  0x04ef06f4, 0x0dfc0701, 0x18f30ff3, 0xe4010ff4, 0x00000000, 0x00000000, 0x00fb0101, 0xfdf8f900, \
  0xfbfbfc01, 0xff0102fb, 0xfcfdfbed, 0xf90a02f1, 0x0c1603ed, 0x00000000, 0x00000000, 0x00030102, \
  0x0101fffe, 0xfe0103f4, 0xf7f804fb, 0x07fd00fa, 0x0efaf9f7, 0x0b0600ea, 0x06ebf305, 0xe4e608e5, \
  0x01f602f4, 0xf7f00d19, 0x070f0100, 0xfdf4f300, 0x12f605fc, 0xff00fdff, 0xff050002, 0xfdfd01fd, \
  0x01fe03fe, 0x01fd00fd, 0xfffe0000, 0x0100ea01, 0x16ed14f0, 0xf2e1f6eb, 0x0d100ced, 0x0cfcfaee, \
  0x0efd0201, 0xf71ceff2, 0x0c000000, 0x00000000, 0x0000fafc, 0xfdfbfbfb, 0xfaf8f900, 0x00000000, \
  0x00000000, 0x0afbf8fb, 0xfdfd01fd, 0x01000000, 0x01000000, 0x02fe0000, 0x00000000, 0x00000000, \
  0x00000000, 0x00000000, 0x00000000, 0x00000000, 0x00000000, 0x00000000, 0x0000fcff, 0x05040402, \
  0xfffffe00, 0x00000000, 0x00000000, 0x00000000, 0x0000fe02, 0x02f9fffc, 0xfdfefe00, 0x00000000, \
  0x00000000, 0x000000fa, 0xfdf905ff, 0x0105ffff, 0xf5070800, 0xf3f8f5f7, 0xf5ffff03, 0xff0301fe, \
  0xff0006fb, 0xfafe0503, 0x01fe00fd, 0xfc0202ff, 0x02fd0104, 0x00000000, 0x00000000, 0x00ff0102, \
  0x00010000, 0x0000fcff, 0xff0303ff, 0x0300fcff, 0x010400ff, 0x00ff0103, 0x00000000, 0x00000000, \
  0x00000000, 0x00000000, 0x00000000, 0x00000000, 0x000000ff, 0x00000000, 0x00000000, 0x00000000, \
  0x00000000, 0x00000000, 0x00000000, 0x00000000, 0x00000000, 0x00000000, 0x00000000, 0x00000100, \
  0x00000100, 0x00020000, 0x000009f9, 0x07000005, 0xfd020000, 0x00010000, 0x00000004, 0xfe000000, \
  0x00000000, 0x01040103, 0x050301fe, 0xff000000, 0x000000fd, 0xfe050000, 0x00000000, 0x00000000, \
  0x00000200, 0x010100ff, 0x00ff0101, 0x0002fe02, 0xfd000000, 0x00000000, 0x00000000, 0x00000000, \
  0x00000000, 0x00000000, 0x00000000, 0x00000000, 0x00000000, 0x0000ffff, 0x00000000, 0x0000ff00, \
  0x00000000, 0x000000fe, 0xfe0300fd, 0xfcfe00fe, 0x00000100, 0x00000000, 0x00000000, 0x00000000, \
  0x00000000, 0x00000000, 0x000000f9, 0x0202fafa, 0x09ff0405, 0x01030002, 0x02ff0000, 0x00000000, \
  0x00000000, 0x00000000, 0x00000000, 0x00000000, 0x05fd0301, 0x02fd0200, 0x00000000, 0x01000000, \
  0x01ff0201, 0x01fdffff, 0x05ff0000, 0x00000000, 0x00000000, 0x00000000, 0x00000000, 0x00000000, \
  0x00000000, 0x00000000, 0x0202ff00, 0x04000000, 0x00000000, 0x00000000, 0x00000000, 0x00000000, \
  0x00000000, 0x00000000, 0x00000000, 0x00000000, 0x00000103, 0x03050605, 0xfe030100, 0x00000000, \
  0x00000100, 0x00000000, 0x00000000, 0x3d000000, 0x00000000, 0x00000000, 0x00000000, 0x00000000, \
  0x00000000, 0x00000000, 0x00000000, 0x00000000, 0x00000000, 0x00000000, 0x00000000, 0x00000000, \
  0x00000000, 0x00000000, 0x00000000, 0x00000000, 0x00190000, 0x00000000, 0x00000000, 0x00000000, \
  0x00000000, 0x00000000, 0x00000000, 0x00000000, 0x00000000, 0x00000000, 0x00000000, 0x00000000, \
  0x00000000, 0x00000000, 0x00000000, 0x00000000, 0x00000000, 0x00000000, 0x00000000, 0x41000000, \
  0x00000000, 0x00000000, 0x00000000, 0x00000000, 0x00000000, 0x00000000, 0x00000000, 0x00000000, \
  0x00000000, 0x00000000, 0x00000000, 0x00000000, 0x00000000, 0x00000000, 0x00000000, 0xf6ecfa09, \
  0xff0c0a05, 0xe9f6c20b, 0xf7dcf5f5, 0xf5e6f9f2, 0xecdef616, 0x07f0f302, 0xe10a02e8, 0xe0ea0cec, \
  0xf9f8bdec, 0x0ae302f5, 0xfbefe8eb, 0xf603ec04, 0xecd90cf3, 0x09f0fee3, 0xdff9ec08, 0xe002070a, \
  0xf01df415, 0xed0b10d9, 0xe3f6e9f5, 0xcafb0c07, 0xf9f30f08, 0xe6fa02f3, 0xe9060efb, 0x0dc6efe9, \
  0xfc07fffe, 0x05e8fae3, 0xedf0fcfe, 0xe7e0f010, 0x07eaefdc, 0xb6f801cc, 0x1ef10000, 0x00000000, \
  0x00ed0900, 0x50dbc2a0, 0x00000022, 0x03111218, 0x1411fff7, 0x08f208ee, 0xf3df0308, 0xf2160200, \
  0xfd100702, 0x02fff3f6, 0x00050e16, 0x1415fc16, 0x06edfc03, 0xec130d17, 0xf0f3ff06, 0x0deafbde, \
  0x110efde7, 0xfef507f8, 0x01f502fb, 0x010fdcfd, 0x1fe007e5, 0x14f8f514, 0x070a11fa, 0xe811fe04, \
  0x0512da19, 0xe2f9ec01, 0x0609f5eb, 0x10fee503, 0xea122df8, 0xefeefb23, 0xfaede902, 0xddf80703, \
  0xfce50805, 0xe7f2fdeb, 0xeff70000, 0x00000000, 0x00fa0100, 0x50dbc2e0, 0x00000058, 0x00000000, \
  0x00000000, 0x3b000000, 0x00000000, 0x00000000, 0x00000000, 0x00000000, 0x00000000, 0x00000000, \
  0x00000000, 0x00000000, 0x00000000, 0x00000000, 0x00000000, 0x00000000, 0x00000000, 0x00000000, \
  0x00000000, 0x00000000, 0x000a0000, 0x00000000, 0x00000000, 0x00000000, 0x00000000, 0x00000000, \
  0x00000000, 0x00000000, 0x00000000, 0x00000000, 0x00000000, 0x00000000, 0x00000000, 0x00000000, \
  0x00000000, 0x00000000, 0x00000000, 0x00000000, 0x00000000, 0x41000000, 0x00000000, 0x00000000, \
  0x00000000, 0x00000000, 0x00000000, 0x00000000, 0x00000000, 0x00000000, 0x00000000, 0x00000000, \
  0x00000000, 0x00000000, 0x00000000, 0x00000000, 0x00000000, 0xfb03fcfb, 0xfc0bffeb, 0x0301fc0c, \
  0x0e000312, 0x0b0ff7ff, 0xeaf9fada, 0x0302f90c, 0x0417fdde, 0xfbe9fb01, 0x03f50202, 0x050ee2f5, \
  0x02fe06d7, 0x06d800f0, 0x051df90e, 0xf602fafb, 0x0ae604e9, 0x21db19c7, 0xde02e9e8, 0xdf07f4f4, \
  0xfe18eb07, 0x00f40bf2, 0x090affdd, 0x02f706fa, 0xe0fcf1d1, 0x00f21101, 0xf9000300, 0xedf41a08, \
  0xede509fb, 0x0bfb1701, 0x08f4fee7, 0xfbd702f7, 0x35ff0000, 0x00000000, 0x00fa1100, 0x50dbc380, \
  0x00000022, 0xfd0a1c07, 0x191e0532, 0x24de09c9, 0xe6e0ea1d, 0x11171801, 0x1627fc10, 0xf51515d8, \
  0xf9e6f624, 0x17f304e1, 0x18e7f6e4, 0x09240b16, 0xd3f214fb, 0x19e3e0d1, 0x073ad6c5, 0xe3090d28, \
  0xe4d3e108, 0x1e1e11d9, 0x0bd520c5, 0xebf40df4, 0xcf0a29fd, 0x141bf7bf, 0x0d1afb31, 0xf7dd182b, \
  0x25e7ef04, 0x06ff0c44, 0x23f3ee05, 0x11def31e, 0x19db140d, 0xfdca12ff, 0x1de81013, 0xdff3fe07, \
  0xe8ed0000, 0x00000000, 0x0006e400, 0x50dbc3c0, 0x00000058, 0x00000000, 0x00000000, 0x7a000000, \
  0x00000000, 0x00000000, 0x00000000, 0x00000000, 0x00000000, 0x00000000, 0x00000000, 0x00000000, \
  0x00000000, 0x00000000, 0x00000000, 0x00000000, 0x00000000, 0x00000000, 0x00000000, 0x00000000, \
  0x00140000, 0x00000000, 0x00000000, 0x00000000, 0x00000000, 0x00000000, 0x00000000, 0x00000000, \
  0x00000000, 0x00000000, 0x00000000, 0x00000000, 0x00000000, 0x00000000, 0x00000000, 0x00000000, \
  0x00000000, 0x00000000, 0x00000000, 0x42000000, 0x00000000, 0x00000000, 0x00000000, 0x00000000, \
  0x00000000, 0x00000000, 0x00000000, 0x00000000, 0x00000000, 0x00000000, 0x00000000, 0x00000000, \
  0x00000000, 0x00000000, 0x00000000, 0x1cfad8eb, 0xfe0514ed, 0xe2ff0aff, 0x08df05dd, 0xff06f405, \
  0x170714f7, 0xfdeff205, 0xe3f1120a, 0xf0fefdf5, 0xf3f6f6e1, 0xe302f704, 0xf7060202, 0xf105eff8, \
  0x010404fa, 0x02ee1c1a, 0x15fd0ed7, 0x0300d7f9, 0x3319fcea, 0x1be426f4, 0xf80df4fa, 0x1802f702, \
  0xeae112ea, 0x05f50bfc, 0x08fb0111, 0xe6d61106, 0x15f703eb, 0x00ff0d1b, 0xff3c060d, 0x06f32b2c, \
  0xfb18fe0f, 0x0a0518dd, 0xfaf60000, 0x00000000, 0x00130e00, 0x50dbc460, 0x00000022, 0xff050433, \
  0x1e0a0b05, 0xfff9f6f6, 0xfadef80a, 0xfef801f7, 0x0305eeff, 0x00fc10f7, 0xe707fe10, 0x12f81007, \
  0x0f14fdf5, 0xf60d1810, 0xf7fe00f7, 0xf8f5ee09, 0xff0f05ed, 0xe6fffb03, 0x00eef006, 0x0cfaf610, \
  0xf7f0ef08, 0x030afb11, 0xea17100c, 0x0d0f03fd, 0xe701fff6, 0xfa02151f, 0x1ee1f702, 0xfbf202f2, \
  0x0c00f506, 0x060405fc, 0xf8100bfe, 0xfffe0e0e, 0x11fff6f1, 0xf70712fa, 0xf2f70000, 0x00000000, \
  0x000bf900, 0x50dbc4a0, 0x00000017, 0x00000000, 0x00000000, 0x56000000, 0x00000000, 0x00000000, \
  0x00000000, 0x00000000, 0x00000000, 0x00000000, 0x00000000, 0x00000000, 0x00000000, 0x00000000, \
  0x00000000, 0x00000000, 0x00000000, 0x00000000, 0x00000000, 0x18bce825, 0x1026f1f7, 0xe1000000, \
  0x00000000, 0x00110000, 0x00000000 \
}
