:020000041000EA
:1000000000000220251A001079170010631A001052
:10001000651A0010671A0010691A0010000000002D
:100020000000000000000000000000006B1A00103B
:100030006D1A0010000000006F1A0010711A0010F5
:10004000751A0010771A0010791A00107B1A001028
:100050007D1A00107F1A0010811A0010831A0010F8
:10006000851A0010871A0010891A00108B1A0010C8
:100070008D1A00108F1A0010911A0010931A001098
:10008000951A0010971A0010991A00109B1A001068
:100090009D1A00109F1A0010A11A0010A31A001038
:1000A00085160010A71A00107D160010AB1A00105C
:1000B000AD1A0010AF1A0010B11A0010B31A0010D8
:1000C000B51A0010B71A0010B91A0010BB1A0010A8
:1000D000BD1A0010BF1A0010C11A0010C31A001078
:1000E000C51A0010C71A0010C91A0010CB1A001048
:1000F000CD1A0010CF1A0010D11A0010D31A001018
:10010000D51A0010D71A0010D91A0010DB1A0010E7
:10011000DD1A0010DF1A0010E11A0010E31A0010B7
:10012000E51A0010E71A0010E91A0010EB1A001087
:10013000ED1A0010EF1A0010F11A0010F31A001057
:10014000F51A0010F71A0010F91A0010FB1A001027
:10015000FD1A0010FF1A0010011B0010031B0010F5
:10016000051B0010071B0010091B00100B1B0010C3
:100170000D1B00100F1B0010111B0010131B001093
:10018000151B0010171B0010191B00101B1B001063
:100190001D1B00101F1B0010211B0010231B001033
:1001A000251B0010271B0010291B00102B1B001003
:1001B0002D1B00102F1B0010311B0010331B0010D3
:1001C000351B0010371B0010391B00103B1B0010A3
:1001D0003D1B00103F1B0010411B0010431B001073
:1001E00010B5054C237833B9044B13B10448AFF371
:1001F00000800123237010BD000C002000000000CF
:1002000088FD021008B5034B1BB103490348AFF347
:10021000008008BD00000000040C002088FD0210D2
:100220000D480E49026808B50D4B1A4002600A6875
:1002300000F500001A400A60026801F500011A404A
:1002400002600A6813400B60012001F039FB054B86
:1002500001221A6008BD00BF00001050000050507D
:10026000FEEFFFFF1C0C0020002A02F1FF3307DD28
:10027000043851F8042B40F8042F013B5A1CF8D1E4
:10028000704700BF104B30B5104D19464FF0010EAE
:1002900041F0010105F1080C81F800E06D686A1E6B
:1002A00085B16146013A51F8044B1C60501C03F1C2
:1002B0000403F7D10CEB850529680B460029E7D12B
:1002C000012030BD6546F7E70000185018A1001066
:1002D0001649174B1748FB2201E011F8012F43F88C
:1002E000042B8342F9D11449144B1548FC2201E038
:1002F00011F8012F43F8042B8342F9D11149124B15
:100300001248FB2201E011F8012F43F8042B83422D
:10031000F9D10F490F4B10481A2201E011F8012FB3
:1003200043F8042B8342F9D1012070474C9D001003
:1003300000801050008410504C9E001000805050DF
:10034000008450504C9F00100080905000849050CA
:100350004CA000100080D0502883D050F0B40E483C
:100360000E4E0F4D0F4C104F104940F20E4213230A
:100370004FF0000CC7F800C031607260B3602960B4
:100380006A60AB600160426083602160012062604E
:10039000A360F0BC704700BF0000905000001050F8
:1003A000000050500000D050001000500800100015
:1003B000F74AF848F8492DE9F04F4FF400634FF43D
:1003C0000056DFF8E4E3C2F810E048F620354FF4B9
:1003D000FC3CC2F890E0F14FC2F81033C2F8106450
:1003E000C2F890551B25C2F810CAC2F81076C2F8A0
:1003F00090564FF00115C2F810574FF40065C0F841
:1004000010E0C0F890E0C0F810534FF43265C0F827
:100410001064C0F890551B25C0F810CAC0F81076BB
:10042000C0F890564FF40065C1F810E0C1F890E0B4
:10043000C1F810534FF43265D94BC1F81064C1F8BC
:1004400090551B25C1F810CAC1F81076C1F8905616
:100450004FF40065C3F810E0C3F890E0C3F8105300
:100460004FF43265C3F81064C3F890551B25C3F8E8
:1004700010CAC3F81076C3F890564FF48055C3F8ED
:1004800090574FF40065C2F814E0C2F894E0C2F847
:100490001464C2F814554EF62035C2F894554FF442
:1004A000FC75C2F814CAC2F814561B25C2F894563B
:1004B0004FF0FF35C2F814574FF40065C0F814E050
:1004C000C0F894E0C0F81464C0F814554FF43265D5
:1004D000C0F894554FF4FC75C0F814CAC0F814560F
:1004E0001B25C0F894564FF0FF35C0F814574FF451
:1004F0000065C1F814E0C1F894E0C1F81464C1F8D3
:1005000014554FF43265C1F894554FF4FC75C1F899
:1005100014CAC1F814561B25C1F894564FF0FF3584
:10052000C1F814574FF40065C3F814E0C3F894E021
:10053000C3F81464C3F814554FF43265C3F89455E6
:100540004FF4FC75C3F814CAC3F814561B25C3F83E
:1005500094564FF48255C3F894574FF0FF35C3F8C3
:1005600014570225C2F818E0C2F898E0C2F8985172
:10057000C2F81852C2F898524FF40065C2F81853E6
:100580004EF6A0250824C2F81864864FC2F8985584
:100590004FF48455C2F818CAC2F81876C2F89846C3
:1005A000C2F898574FF0FF35C2F818570225C0F827
:1005B00018E0C0F898E0C0F89851C0F81852C0F898
:1005C00098524FF40065C0F818534FF42A65C0F8EC
:1005D0001864C0F898554FF0FF35C0F818CAC0F835
:1005E0001876C0F89846C0F818570225C1F818E0E8
:1005F000C1F898E0C1F89851C1F81852C1F8985262
:100600004FF40065C1F818534FF42A65C1F8186417
:10061000C1F898554FF0FF35C1F818CAC1F81876DF
:10062000C1F89846C1F818570225C3F818E0C3F876
:1006300098E0C3F89851C3F81852C3F898524FF491
:100640000065C3F818534FF42A65C3F81864C3F85B
:1006500098554FF0FF35C3F818CAC3F81876C3F899
:100660009846C3F818574FF40065D461C2F89C400F
:10067000C2F81C64C2F81C554EF62015DFF82C8118
:10068000C2F89C554FF0FF35C2F81CCAC2F81C8650
:10069000C2F89C46C2F81C574FF400654FF412692B
:1006A000C461C0F89C40C0F81C64C0F81C554FF0F1
:1006B000FF35C0F89C95C0F81CCAC0F81C86C0F86D
:1006C0009C46C0F81C574FF40065CC61C1F89C40B3
:1006D000C1F81C64C1F81C554FF0FF35C1F89C955A
:1006E000C1F81CCAC1F81C86C1F89C46C1F81C5749
:1006F0004FF40065DC61C3F89C40C3F81C64C3F888
:100700001C554FF0FF35C3F89C95C3F81CCAC3F8BD
:100710001C86C3F89C46C3F81C574FF4006514624E
:1007200007F11157C2F8A040C2F820534EF6201529
:10073000C2F8206407F51157C2F8A0554FF0FF35F5
:10074000C2F820CAC2F82076C2F8A046C2F82057E4
:100750004FF400650462C0F8A040C0F820534FF485
:100760008455C0F82064C0F8A095C0F820CAC0F82D
:100770002076C0F8A046C0F8A0574FF0FF35C0F86B
:1007800020574FF400650C62C1F8A04010E000BF94
:10079000000010500000505000009050180A20082F
:1007A0000000D050F80300021D000100F8250024CD
:1007B000C1F820534FF0FF35C1F82064C1F8A0956F
:1007C000C1F820CAC1F82076C1F8A046C1F8205768
:1007D0004FF400651C62C3F8A040C3F820534FF0EB
:1007E000FF35C3F82064C3F8A095C3F820CAC3F846
:1007F0002076C3F8A046C3F820574FF40065546232
:10080000C2F8A440C2F82464C2F824554EF620155C
:10081000C2F8A4554FF0FF35C2F824CAC2F82486A6
:10082000C2F8A446C2F824574FF400654462C0F8E9
:10083000A440C0F82464C0F824554FF0FF35C0F838
:10084000A495C0F824CAC0F82486C0F8A446C0F80D
:1008500024574FF400654C62C1F8A440C1F82464E9
:10086000C1F824554FF0FF35C1F8A495C1F824CA4A
:10087000C1F82486C1F8A446C1F824574FF4006596
:100880005C62C3F8A440C3F82464C3F824554FF055
:10089000FF35C3F8A495C3F824CAC3F82486C3F867
:1008A000A446C3F824574FF400654FF0010B94623F
:1008B000EC4FC2F8A840C2F828534EF62035C2F8D3
:1008C000A8B34FF4807AC2F82864C2F8A8B4C2F87A
:1008D000A855C2F8287A4FF48055E34FC2F828761D
:1008E000C2F828A1C2F8A8574FF0FF35C2F8285720
:1008F0004FF400658462DB4FC0F8A840C0F828536D
:100900004FF43265C0F8A8B3C0F82864C0F8A8B4A2
:10091000C0F8A855C0F8287A4FF0FF35D24FC0F87C
:100920002876C0F828A1C0F828574FF400658C62DB
:10093000CC4FC1F8A840C1F828534FF43265C1F834
:10094000A8B3C1F82864C1F8A8B4C1F8A855C1F883
:10095000287A4FF0FF35C44FC1F82876C1F828A196
:10096000C1F828574FF400659C62BE4FC3F8A840F9
:10097000C3F828534FF43265C3F8A8B3C3F828640A
:10098000C3F8A8B4C3F8A855C3F8287A4FF0FF35C8
:10099000B54FC3F82876C3F828A1C3F828574FF4F9
:1009A0000065D462C2F8AC40C2F8ACB3C2F82C64A3
:1009B000C2F82C554EF62015C2F8AC55AB4FAC4DD5
:1009C000C2F82C7AC2F82C564FF0FF35C2F82CA191
:1009D00083B0C2F82C574FF40065C462C0F8AC4035
:1009E000C0F8ACB3C0F82C64C0F82C55A04DC0F8CA
:1009F000AC95C0F82C7A0195C0F82C564FF0FF3515
:100A0000C0F82CA1C0F82C574FF40065CC62C1F897
:100A1000AC40C1F8ACB3C1F82C64C1F82C55019DB1
:100A2000C1F8AC954FF4845EC1F82C7AC1F82C560D
:100A30004FF0FF35C1F82CA1C1F8ACE7C1F82C5735
:100A40004FF40065DC62C3F8AC40C3F8ACB3C3F844
:100A50002C64C3F82C55864DC3F8AC95C3F82C7A9A
:100A6000C3F82C564FF0FF35C3F82CA1C3F82C5710
:100A70004FF400651463C2F8B040C2F830534EF62C
:100A80002015C2F83064C2F8B0554FF0FF35C2F8F7
:100A900030CAC2F83086C2F8B046C2F830574FF4B8
:100AA00000650463C0F8B040C0F830534FF0FF3524
:100AB000C0F83064C0F8B095C0F830CAC0F83086CD
:100AC000C0F8B046C0F830574FF400650C63C1F869
:100AD000B040C1F830534FF0FF35C1F83064C1F871
:100AE000B095C1F830CAC1F83086C1F8B046C1F837
:100AF00030574FF400651C63C3F8B040C3F830535F
:100B00004FF0FF35C3F83064C3F8B095C3F830CA6E
:100B1000C3F83086C3F8B046C3F830574FF40065C9
:100B20005463C2F8B440C2F83464C2F834554EF687
:100B30002015C2F8B4554FF0FF374E4DC2F834CAF5
:100B4000C2F83456C2F8B446C2F834774FF400679E
:100B50004463C0F8B440C0F83464C0F834754FF052
:100B6000FF37C0F8B495C0F834CAC0F83456C0F89E
:100B7000B446C0F834774FF400674C63C1F8B44012
:100B8000C1F83464C1F834754FF0FF37C1F8B4953B
:100B9000C1F834CAC1F83456C1F8B446C1F8347744
:100BA0004FF400675C63C3F8B440C3F83464C3F81F
:100BB0003475C3F8B495C3F834CAC3F834564FF04B
:100BC000FF35C3F8B446C3F8B4E7C3F834574EF65C
:100BD00020159463C2F8B840C2F83873C2F838647C
:100BE000C2F8B8554FF0FF35C2F838CAC2F8388697
:100BF000C2F8B846C2F838574FF0FF358463C0F8E2
:100C0000B840C0F83873C0F83864C0F8B895C0F878
:100C100038CAC0F83886C0F8B846C0F838574FF020
:100C2000FF358C63C1F8B840C1F83873C1F8386437
:100C3000C1F8B895C1F838CAC1F83886C1F8B846C5
:100C4000C1F838574FF0FF359C63C3F8B840C3F87C
:100C50003873C3F83864C3F8B895C3F838CAC3F812
:100C6000388609E010F80100782C802801F801008E
:100C7000F830002D78338031C3F8B846C3F83857C0
:100C8000D4634EF62035C2F8BC40C2F8BCB3C2F8FB
:100C90003C64C2F8BCB4C2F83C75EE4FC2F8BC5517
:100CA000C2F83C7AEC4DC2F83C564FF0FF37C2F820
:100CB0003CA1C2F83C774FF40067C4634FF4326E36
:100CC000C0F8BC40C0F8BCB3C0F83C64C0F8BCB4C9
:100CD000C0F83C75DF4FC0F8BCE5C0F83C7A4FF473
:100CE000805E4FF0FF37C0F83C56C0F83CA1C0F81A
:100CF000BCE7C0F83C774FF40067CC634FF4326E2A
:100D0000C1F8BC40C1F8BCB3C1F83C64C1F8BCB484
:100D1000C1F83C75CF4FC1F8BCE5C1F83C7A4FF043
:100D2000FF37C1F83C56C1F83CA1C1F83C774FF4FD
:100D30000067DC63C3F8BC40C3F8BCB3C3F83C64D1
:100D4000C3F8BCB4C3F83C75C24FC3F8BCE5C3F8E4
:100D50003C7AC3F83C564FF0FF35C3F83CA1C3F8CA
:100D60003C574FF400651464C2F8C040C2F84053C9
:100D70004EF62015C2F8C0B30F3FC2F84064C2F867
:100D8000C055B64DC2F8407AC2F840564FF4865569
:100D9000C2F840A1C2F8C0574FF0FF35C2F8405723
:100DA0004FF400650464C0F8C040C0F84053AB4D38
:100DB000C0F8C0B3C0F84064C0F8C095C0F8407A2D
:100DC000C0F840564FF0FF35C0F840A1C0F840577A
:100DD0004FF400650C64C1F8C040C1F840539F4D0A
:100DE000C1F8C0B3C1F84064C1F8C095C1F8407AF9
:100DF0000195C1F840564FF0FF35C1F840A1C1F848
:100E000040574FF400651C64C3F8C040C3F840531A
:100E1000019DC3F8C0B3C3F84064C3F8C095C3F8DC
:100E2000407AC3F840564FF0FF35C3F840A1C3F8ED
:100E300040574FF400655464C2F8C440C2F844649B
:100E4000C2F844554EF62015C2F8C4554FF0FF3590
:100E5000C2F844CAC2F84486C2F8C446C2F844572D
:100E60004FF400654464C0F8C440C0F84464C0F85E
:100E700044554FF0FF35C0F8C495C0F844CAC0F8D7
:100E80004486C0F8C446C0F844574FF400654C642B
:100E9000C1F8C440C1F84464C1F844554FF0FF356F
:100EA000C1F8C495C1F844CAC1F84486C1F8C44623
:100EB000C1F844574FF400655C64C3F8C440C3F8FC
:100EC0004464C3F844554FF0FF35C3F8C495C3F8E4
:100ED00044CAC3F84486C3F8C446C3F844574FF421
:100EE00000659464C2F8C840C2F848534EF6201515
:100EF000C2F848644FF0FF37C2F8C855584DC2F8E1
:100F000048CAC2F84856C2F8C846C2F848774FF4F3
:100F1000006784644FF4865EC0F8C840C0F8487328
:100F20004FF0FF37C0F84864C0F8C895C0F848CA09
:100F3000C0F84856C0F8C846C0F8C8E7C0F84877B7
:100F40004FF400678C64C1F8C840C1F848734FF093
:100F5000FF37C1F84864C1F8C895C1F848CAC1F85C
:100F60004856C1F8C846C1F848774FF400679C64FA
:100F7000C3F8C840C3F84873C3F84864C3F8C895B9
:100F8000C3F848CAC3F848564FF0FF35C3F8C846FF
:100F9000C3F848574EF62015D464C2F8CC40C2F8C6
:100FA0004C64C2F84C75C2F8CC554FF0FF35C2F80E
:100FB0004CCAC2F84C86C2F8CC46C2F84C574FF027
:100FC000FF35C464C0F8CC40C0F84C64C0F84C7520
:100FD000C0F8CC95C0F84CCAC0F84C86C0F8CC46D6
:100FE000C0F84C574FF0FF35CC64C1F8CC40C1F885
:100FF0004C64C1F84C75C1F8CC95C1F84CCAC1F825
:101000004C86C1F8CC46C1F84C574FF0FF35DC6434
:10101000C3F8CC40C3F84C64C3F84C75C3F8CC9506
:10102000C3F84CCAC3F84C86C3F8CC46C3F84C5737
:1010300014654EF62035C2F8D040C2F85073054F03
:10104000C2F8D0B3C2F85064C2F8D0B4C2F8D055D8
:1010500008E000BF10F80100B837C033383C403812
:10106000B83EC03CC2F8507ACD4DC2F850564FF051
:10107000FF37C2F850A1C2F850774FF400670465FB
:101080004FF4326EC0F8D040C0F85073C54FC0F86E
:10109000D0B3C0F85064C0F8D0B4C0F8D0E5C0F800
:1010A000507A4FF0FF37C0F85056C0F850A1C0F842
:1010B00050774FF400670C65C1F8D040C1F8507309
:1010C000B84FC1F8D0B3C1F85064C1F8D0B4C1F87A
:1010D000D0E5C1F8507A4FF4805E4FF0FF37C1F889
:1010E0005056C1F850A1C1F8D0E7C1F850774FF47D
:1010F00000671C654FF4326EC3F8D040C3F85073DC
:10110000A84FC3F8D0B3C3F85064C3F8D0B4C3F841
:10111000D0E5C3F8507AC3F850564FF0FF35C3F806
:1011200050A1C3F850574FF400655465C2F8D4403D
:10113000C2F8D4B3C2F85464C2F854554EF6201520
:10114000C2F8D4550F3F984DC2F8547AC2F854569D
:101150004FF0FF35C2F854A1C2F854574FF4006560
:101160004465C0F8D440C0F8D4B3C0F85464C0F8A3
:1011700054558D4DC0F8D495C0F8547A0195C0F8F7
:1011800054564FF0FF35C0F854A1C0F854574FF4EF
:1011900000654C65C1F8D440C1F8D4B3C1F85464BB
:1011A000C1F85455019DC1F8D495C1F8547AC1F8DD
:1011B00054564FF48655C1F854A1C1F8D4574FF096
:1011C000FF35C1F854574FF400655C65C3F8D4404F
:1011D000C3F8D4B3C3F85464C3F85455724DC3F87C
:1011E000D495C3F8547AC3F854564FF0FF35C3F87A
:1011F00054A1C3F854574FF400659465C2F8D84021
:10120000C2F858534EF62015C2F85864C2F8D855A3
:101210004FF0FF35C2F858CAC2F85886C2F8D8460F
:10122000C2F858574FF400658465C0F8D840C0F83C
:1012300058534FF0FF35C0F85864C0F8D895C0F83F
:1012400058CAC0F85886C0F8D846C0F858574FF466
:1012500000658C65C1F8D840C1F858534FF0FF3590
:10126000C1F85864C1F8D895C1F858CAC1F8588671
:10127000C1F8D846C1F858574FF400659C65C3F8CB
:10128000D840C3F858534FF0FF35C3F85864C3F83B
:10129000D895C3F858CAC3F85886C3F8D846C3F8D7
:1012A00058574FF48065D465C2F8DC40C2F85C53EF
:1012B0004FF40065C2F8DCB3C2F85C64C2F85C5558
:1012C0003A4DC2F8DC554FF49045C2F85C5A4FF0E5
:1012D000FF37374DC2F85C56C2F85CA1C2F85C77A4
:1012E0004FF48062C465C0F8DC40C0F85C234FF462
:1012F0000062C0F8DCB32F4FC0F85C64C0F85C2516
:101300004FF49042C0F8DC75C0F85C2AC0F85C5617
:101310002A464FF0FF35C0F85CA1C0F85C574FF487
:101320008060CC654FF49045C1F8DC40C1F85C03A7
:101330004FF40060C1F8DCB3C1F85C64C1F85C052F
:10134000C1F8DC75C1F85C5A4FF0FF35C1F85C2676
:10135000C1F85CA1C1F85C574FF48061DC65C3F84B
:10136000DC40C3F85C134FF40061C3F8DCB3C3F88E
:101370005C64C3F85C154FF49041C3F8DC755846C3
:10138000C3F85C1AC3F85C264FF48652C3F85CA11C
:10139000C3F8DC27C3F85C5703B0BDE8F08F00BF8B
:1013A000F842003F10F801007847804320E901002F
:1013B0004848004820090100F8B50A490A4C0B4A80
:1013C0000B4E0C480C4B0D4D002737602560036019
:1013D0000B600120136000F053FA094B23600120D9
:1013E000F8BD00BF00009050000010500000D05029
:1013F0001C0C0020000050500908100008081000C4
:10140000090010004B4910B5844600F1200300F597
:10141000A464091AC85843F8200CCA18203350682D
:1014200043F83C0C906843F8380CD06843F8340C0F
:10143000106943F8300C506943F82C0C906943F85C
:10144000280CD26943F8242CA342E3D13A4B3B4900
:10145000D3F80025CCF80025D3F80425CCF80425D2
:10146000D3F80825CCF80825D3F80C35CCF80C3582
:101470000CF5236E0CF5A663A1EB0C01C85843F8DC
:10148000200CCA182033506843F83C0C906843F88D
:10149000380CD06843F8340C146943F8304C546964
:1014A00043F82C4C946943F8284CD26943F8242C17
:1014B0007345E3D1224B2349D3F80025CCF8102AF9
:1014C000D3F80425CCF8142AD3F80825CCF8182A28
:1014D000D3F80C35CCF81C3A0CF54C640CF52463AD
:1014E000A1EB0C01C85843F8200CCA1820335068EF
:1014F00043F83C0C906843F8380CD06843F8340C3F
:10150000106943F8300C506943F82C0C906943F88B
:10151000280CD26943F8242CA342E3D10A4BD3F818
:101520008022CCF8A02CD3F88432CCF8A43C012043
:1015300010BD00BFE00F405000104050D08A405016
:1015400000904050C0054150001041500C4B0F22FC
:1015500010B5DA6000245A601A604FF080429C6037
:10156000DC60936923F470330343194391611920BC
:1015700000F0AAFC0349652000F05CFC012010BDCE
:10158000005800402102001008B5192000F07AFC34
:10159000064B0F22DA609968002241F00F01996032
:1015A00001201A605A60DA6008BD00BF0058004090
:1015B00070B52348234C01F057F8042000F024FDB7
:1015C00000F0FAFA204801F0D7FF204800F0F8FBBD
:1015D0004FF480310020FFF7B9FF1D4801F0CCFF28
:1015E000FEF7BCFEFEF74EFEFEF772FEFEF7E0FED3
:1015F000184919484FF44472FEF736FEFFF7DCFE37
:10160000236823B901F04AF82368002BFAD0134865
:10161000124D134EFFF7F6FE124801F0ADFF002405
:10162000214655F8042B3046013401F043FF0A2CC3
:10163000F6D10D4801F0A0FFFFF7A6FF002070BD16
:1016400000A002401C0C002064EA021080841E00EE
:1016500070EA0210CCEA021000004050200C00207A
:10166000A8EA021098EA0210BCEA021008B5034684
:10167000014801F01FFFFEE70CF70210022000F006
:1016800021BF00BF002000F01DBF00BF2DE9F041C9
:10169000002096B000F018FC012000F015FC40205E
:1016A00000F012FC2E4B022218684FF4E13101F0D9
:1016B000E5F8051E46DB2B4AD2F8C03043F00F0395
:1016C000C2F8C03000F01CF900283FD100F0B8F893
:1016D000054600283FD1244B244C4322DA600FCC2E
:1016E0000DF1280CACE80F0094E8030004F10803A6
:1016F0008CE8030093E8070001AE86E80700314656
:101700002A460AA800F030F904F1140EBEE80F00D2
:101710000DF1400CACE80F009EE8030004F12C082A
:101720008CE8030098E8070004AE383486E8070028
:1017300094E8070007AF87E807003A46314610A84B
:1017400000F04EF9284616B0BDE8F0810849094876
:10175000B922FFF78BFF06490648BE22FFF786FF36
:1017600000000020008000400044004080F702108C
:1017700028F7021078F7021000BF70474FF0FF30D3
:10178000704700BF4FF0FF30704700BF4FF0FF3091
:10179000704700BF4FF0FF30704700BFF8B5E0B9A9
:1017A000002A1746054615DD0F4E0C4602E00135AE
:1017B000AF4210D0304601F0B5F8C1B221703046CA
:1017C00001F0B2F8224614F8013B0D2BEFD10A23A9
:1017D0001370681CF8BD3846F8BD01F091FA092372
:1017E00003604FF0FF30F8BD00200440F8B5431E01
:1017F000012B1CD8002A174617DD551E0F4E4C1E14
:101800000D4404E0304601F08FF8AC420DD014F8DE
:10181000011F0A29F6D10D21304601F085F8217803
:10182000304601F081F8AC42F1D13846F8BD01F004
:1018300067FA092303604FF0FF30F8BD0020044031
:10184000F8B50D4B1F68A7B100250C4C2E46D4E906
:10185000000100F005FE204600F0E8FC01350028FC
:1018600018BF6FF00706AF4204F10C04EFD1304609
:10187000F8BD3E463046F8BDECF70210D4F7021032
:101880000B4B1B68834210B504460BD9094B04EB84
:10189000440403EB840253F824005168BDE810406F
:1018A00000F0F6BD044905482E22FFF7DFFEEDE704
:1018B000ECF70210D4F702100CF8021048F80210EE
:1018C0000B4B1B68834210B504460BD9094B04EB44
:1018D000440403EB840253F824005168BDE810402F
:1018E00000F0BEBD044905483922FFF7BFFEEDE711
:1018F000ECF70210D4F702100CF8021048F80210AE
:10190000F8B5164B1F68FFB10024154D2646284632
:1019100000F08CFC0134002818BF6FF00706BC42B1
:1019200005F10C05F3D10F4C206840B1002F14BF16
:101930003A460122002101F05FFD3046F8BD3846ED
:1019400001F008FA2060F1E7064C26680EB13E4629
:10195000F3E7304601F0FEF92060EEE7F0F7021001
:10196000F4F70210C818002030B448B31346164AE2
:10197000164D0C4601681160154A41691160154AFF
:1019800001691160043007C885E8070074B194E864
:101990000700114C84E8070063B193E807000F4B80
:1019A00083E807000024204630BC70470A4A1460D0
:1019B000002BF2D1094A1C462046136030BC704708
:1019C0004FF0FF34EFE700BFF0180020D8180020D8
:1019D000F4180020F8180020E4180020CC1800208B
:1019E00010B4B9B1B0B1134607C90C4C84E8070074
:1019F0004BB193E807000A4B83E807000024204618
:101A00005DF8044B7047064A1C46204613605DF89B
:101A1000044B70474FF0FF34F1E700BF0819002076
:101A2000FC180020474885464748804780B9474909
:101A3000474A484B9B1A03DD043BC858D050FBDC97
:101A40004549464A00209142BCBF41F8040BFAE7E1
:101A5000434880474348804743488047FFF7FEFF9D
:101A6000FEE7FEE7FEE7FEE7FEE7FEE7FEE7FEE74E
:101A7000FEE7FEE7FEE7FEE7FEE7FEE7FEE7FEE73E
:101A8000FEE7FEE7FEE7FEE7FEE7FEE7FEE7FEE72E
:101A9000FEE7FEE7FEE7FEE7FEE7FEE7FEE7FEE71E
:101AA000FEE7FEE7FEE7FEE7FEE7FEE7FEE7FEE70E
:101AB000FEE7FEE7FEE7FEE7FEE7FEE7FEE7FEE7FE
:101AC000FEE7FEE7FEE7FEE7FEE7FEE7FEE7FEE7EE
:101AD000FEE7FEE7FEE7FEE7FEE7FEE7FEE7FEE7DE
:101AE000FEE7FEE7FEE7FEE7FEE7FEE7FEE7FEE7CE
:101AF000FEE7FEE7FEE7FEE7FEE7FEE7FEE7FEE7BE
:101B0000FEE7FEE7FEE7FEE7FEE7FEE7FEE7FEE7AD
:101B1000FEE7FEE7FEE7FEE7FEE7FEE7FEE7FEE79D
:101B2000FEE7FEE7FEE7FEE7FEE7FEE7FEE7FEE78D
:101B3000FEE7FEE7FEE7FEE7FEE7FEE7FEE7FEE77D
:101B4000FEE7FEE700000220211C001098FD0210B5
:101B500000000020240A0020000C0020302000207B
:101B6000291C00100D2D0010B11500100B4A08B5EE
:101B70000346106828B10A4903448B4207D8136012
:101B800008BD08480649106003448B42F7D901F0AC
:101B9000B7F80C2303604FF0FF3008BD1419002084
:101BA00000F00120382000206FF01000704700BFC7
:101BB0006FF01000704700BF4FF080439A6802F446
:101BC0006062B2F5206F20D010D8CAB1104B47F236
:101BD0003051B2F5C06F08BF0B464FF080420D493F
:101BE0009268C2F38212D3400B607047B2F5406F27
:101BF00008D0074B0849B2F5606F08BF0B46ECE709
:101C0000064BEAE74FF40043E7E74FF4E103E4E76C
:101C100000E1F50530200020C068780400879303B8
:101C200000207047704700BF10B50B4C0B4BA360F2
:101C30000B4800F019FDD4F8883043F47003C4F861
:101C40008830BFF34F8FBFF36F8FFFF7B5FFFFF7FC
:101C5000E9FFFFF71BFD10BD00ED00E000000010E4
:101C600000A0024038B54FF0E02318499C691A697A
:101C700022F480320A601A69D20723D46FF07F44BD
:101C800005225C614FF080759C611A61104B114A0E
:101C900019680023A0FB010107F0D6FE0E4BB0FB34
:101CA000F5F205FB120084421A6007D81A68013267
:101CB0001A602C44094B201A186038BD074B201AB3
:101CC000186038BD5D690135E0E700BF1C190020D0
:101CD0003020002040420F00040000202019002086
:101CE00010B50C4C0C4B22681960002A0FDC08B9A7
:101CF000002010BDFFF7B6FF2368002BF8DD4FF082
:101D0000E0220020136943F00203136110BD6FF05D
:101D1000050010BD0400002018190020F8B5174C6C
:101D20002368002B1EDB26682EBB154B4FF0E025E9
:101D30001B68AA699A421ED8124F3B685BB16FF0CC
:101D40000F009847104B3E601A682A614FF0FF332E
:101D500023600020F8BD0C4A4FF0FF3312682A615F
:101D60002360F6E7074C2368002BF2D00020984749
:101D700000202060F8BD6FF00500F8BD04000020D1
:101D800020190020181900201C19002010B5094C3A
:101D9000236823B16FF00F00984700232360064AA1
:101DA000064B10684FF0E0214FF0FF3208611A60D7
:101DB00010BD00BF181900201C19002004000020CD
:101DC00038B5184C2268002A29DC00B938BDFFF765
:101DD00049FF4FF0E02202E01369DB031BD42368C4
:101DE000002BF9DC104B1A684FF0E0218B6993420D
:101DF000FCD80E4D2B6823B16FF00F0098470023DD
:101E00002B600B4B4FF0E022196811614FF0FF334C
:101E10000020236038BD2368013B2360DFE76FF0BB
:101E2000050038BD040000202019002018190020EA
:101E30001C190020F8B50F4E0F4BB2689A420446A9
:101E40000D4600F1100707D018460C494FF4F07208
:101E500001F038FA0346B060002C43F8275008DB45
:101E6000074B6209012004F01F0400FA04F443F850
:101E70002240F8BD00ED00E0001A00200000001034
:101E800000E100E03F2809D90E4A4038D168C0B2CD
:101E9000012303FA00F00843D06070471F284FF079
:101EA000804208D92038916CC0B2012303FA00F0B7
:101EB000084390647047516A012303FA00F0084315
:101EC00050627047000008403F280AD91049403846
:101ED000CB68C0B2012202FA00F023EA0000C86019
:101EE00070471F284FF0804109D920388B6CC0B251
:101EF000012202FA00F023EA0000886470474B6A6E
:101F0000012202FA00F023EA00004862704700BF95
:101F10000000084010B507280AD8DFE800F00C09D7
:101F2000092333475B04BDE81040364800F07EB912
:101F30006FF0020010BD4FF080440021A36843F40D
:101F40008023A3604FF47A70FFF7CAFE03E0FFF727
:101F5000E5FE063052D1A3685901F8D5FFF716FF08
:101F6000002010BD00214FF47A70FFF7B9FE4FF04A
:101F7000804403E0FFF7D2FE06303FD1A3689A0009
:101F8000ECD4F7E74FF080440021A36843F400232A
:101F9000A3604FF47A70FFF7A3FE03E0FFF7BEFEE5
:101FA00006302BD1A3681B01F8D5D7E74FF080444A
:101FB0000021A36843F48013A3604FF47A70FFF705
:101FC0008FFE03E0FFF7AAFE063017D1A368D80002
:101FD000C4D4F7E74FF080440021A36843F40033F2
:101FE000A3604FF47A70FFF77BFE03E0FFF796FEE5
:101FF000063003D1A3689B01B0D4F7E76FF0090066
:1020000010BD00BF58F8021038B54FF080439D68EE
:10201000072824D8DFE800F0262323333C4B5A045A
:102020005D4800F003F9C8B94FF08042936843F46B
:102030006063936000214FF47A70FFF751FE4FF018
:10204000804403E0FFF76AFE06304ED1A3689B048C
:10205000F8D5FFF79BFEFFF7AFFD002038BD6FF00E
:10206000020038BD4FF08044A16811F4802146D0B1
:102070004FF08042936823F460639360DAE74FF097
:102080008042936823F4606343F4C0639360D1E7B4
:102090004FF08044A16811F4002169D04FF08042D4
:1020A000936823F4606343F400639360C2E74FF0E6
:1020B0008044A16811F4801147D04FF080429368AA
:1020C00023F4606343F420639360B3E74FF08044EC
:1020D000A16811F4003125D04FF08042936823F4B9
:1020E000606343F440639360A4E7A36805F460650C
:1020F00023F460632B43A3606FF0090038BDA3682D
:1021000043F48023A3604FF47A70FFF7E9FD03E006
:10211000FFF704FE0630EFD1A3685801F8D5FFF7AA
:1021200035FEA5E7A36843F40033A3604FF47A704B
:10213000FFF7D6FD03E0FFF7F1FD0630DCD1A36821
:102140009A01F8D5FFF722FEC6E7A36843F480138F
:10215000A3604FF47A70FFF7C3FD03E0FFF7DEFDE5
:102160000630C9D1A368D900F8D5FFF70FFEA4E760
:10217000A36843F40023A3604FF47A70FFF7B0FD27
:1021800003E0FFF7CBFD0630B6D1A3681B01F8D5FD
:10219000FFF7FCFD82E700BF58F802103F280AD97C
:1021A0004038114AC0B2012303FA00F090609368EE
:1021B0001842FCD170471F280BD92038C0B2012328
:1021C0004FF0804203FA00F05064536C1842FCD187
:1021D000704701234FF0804203FA00F050605368CB
:1021E0001842FCD1704700BF00000840C10710B57D
:1021F000044608D4A2070BD463070ED42046BDE8DA
:10220000104000F021BD0020FFF75EFEA207F3D5CD
:102210000120FFF759FE6307F0D54020FFF754FE79
:102220002046BDE8104000F00FBD00BFF8B5894B57
:1022300005689D42044638D003F580539D4212D074
:1022400003F5EE2303F580639D423CD003F5007354
:102250009D423AD00020FFF7C9FF00F04BFD012856
:1022600008D10020F8BD0220FFF7C0FF00F042FDBA
:102270000128F6D06268A17A284600F047F90028C4
:10228000F0D1754B22689A4211D06268217A2846B3
:1022900000F05CF90028E5D1637A042B00F2D680C7
:1022A000DFE803F0554D3D351E000120D3E7237ACA
:1022B000012B00F0BD80022B54D0002B00F0A08039
:1022C0006FF01000F8BD0420C5E70820FFF78EFF6F
:1022D00000F010FD0128C4D0A37A002BD1D1EFE784
:1022E0002A6E636822EA03022A666A6E1A436A66E5
:1022F000D5F8B8201343C5F8B830237A002BB0D0F6
:102300006268E17A2846BDE8F84000F05DB92A6EBF
:1023100063681A432A666A6E22EA0302E7E72B6EB5
:10232000626823EA02032B666B6E13436B66D5F873
:10233000B83023EA0203C5F8B830237ADEE72B6E03
:10234000626813432B666B6E23EA0203EEE72A6E84
:10235000616822EA01022A666B6E23EA01036B665A
:10236000237ACBE762683D484FEA420C1101066AC6
:102370000CF0020C01F0200141EA0C013143016232
:102380008168C2F3400242EA0C020A438260627A28
:10239000042A95D8DFE802F0271C031C03006268BA
:1023A0002E48D100066A01F0100102F0010C41EA4A
:1023B0000C0126EA010101629100520101F00401C1
:1023C00002F040020A43016A21EA0202026295E732
:1023D00022486268076AD10002F0010601F010018C
:1023E0003E433143E7E761681C488A004901066AB9
:1023F00002F0040201F040010A43324302627DE729
:10240000626816484FEA420C1101066A0CF0020C91
:1024100001F0200141EA0C0126EA01010162816814
:10242000C2F3400242EA0C0221EA02028260AEE7F5
:1024300062680A484FEA420C1101066A0CF0020C6D
:1024400001F0200141EA0C013143E7E76FF002009F
:10245000F8BD00BF0080004000060840006C00404E
:10246000094A904201D000F049B8084810B4046A03
:10247000CA0001F00101214302F0100319435DF885
:10248000044B0162704700BF00060840006C00402A
:102490000A4A904201D000F033B810B4084C0B4601
:1024A000C900206A01F0100203F00101114320EA83
:1024B000010121625DF8044B704700BF000608402F
:1024C000006C004000F0D2BB034A904201D000F003
:1024D00019B8024AD1617047000608400068004000
:1024E000034B984201D000F00FB8024BD8697047F7
:1024F000000608400068004000F0FCBBC161704766
:102500000162704781647047006C704770B5054682
:102510000C461646FFF7F0FF012814D05CB1012CE1
:1025200002D06FF0020070BDD5F8C0203243002009
:10253000C5F8C02070BDD5F8C02022EA06022046AA
:10254000C5F8C02070BD002070BD00BF70B5044646
:102550000E461546FFF7D0FF01280AD0236B2B4308
:1025600023636560052E2CD8DFE806F00C14161DD9
:102570002405002070BDC4F888500020A567E566DA
:10258000A56070BD6561656000202567E567C4F8DA
:10259000885070BD2561F6E7C4F888500020E567D3
:1025A0002567A56070BDC4F888500020E567E56622
:1025B000A56070BDC4F888500020A5672567A56098
:1025C00070BD6FF0020070BD70B504460D46164632
:1025D000FFF792FF012810D0032D37D8DFE805F070
:1025E0001B02290FD4F8B0303343C4F8B030D4F80C
:1025F000B42022EA0606C4F8B460002070BDD4F806
:10260000B0303343C4F8B030D4F8B4201643C4F823
:10261000B460002070BDD4F8B03023EA0603C4F8DB
:10262000B030D4F8B42022EA0606C4F8B460002022
:1026300070BDD4F8B03023EA0603C4F8B030D4F843
:10264000B4201643C4F8B460002070BDD4F8B03094
:1026500023EA0603C4F8B030D4F8B43023EA0606FF
:10266000C4F8B460C9E700BF00F000B8D0F800318A
:10267000012223F00103C0F80031C0F80027D0F890
:102680000031DA03FBD5D0F8003143F00103C0F884
:102690000031D0F80031DB03FBD57047074B084908
:1026A0004FF0FF325A60DA605A61DA611A630B69DF
:1026B00023F004030B6130BF704700BF0068004087
:1026C00000ED00E008B5174B984210D0164B984229
:1026D00015D0164B98421AD0154B98421FD1442062
:1026E000FFF75CFD4420FFF7CDFB002008BD0B2069
:1026F000FFF754FD0920FFF7C5FB002008BD0C20A3
:10270000FFF74CFD0A20FFF7BDFB002008BD1C2091
:10271000FFF744FD2120FFF7B5FB002008BD6FF057
:10272000020008BD00200440003004400040044086
:1027300000140840214B10B504469C42084629D09D
:1027400003F580539C4225D003F580539C4221D051
:1027500003F575339C4222D10523042A636121D1FC
:102760002368B0F5166F43F4001323608CBF002379
:10277000012363614FF480310246204600F066F980
:10278000002806DD236843F40043236023681B030D
:10279000FCD510BD052363615AB1022A06D06FF043
:1027A000020010BDFBD822B1022AF8D14FF4E1019A
:1027B000E2E7034B19684908DEE700BF0020044048
:1027C0003020002000F050B900F05EB900F070B980
:1027D000164B984210B5044612D003F58053984228
:1027E0000ED003F5805398420AD003F57533984212
:1027F00003D1022907D0042910D06FF0020010BDC8
:1028000039B10229F9D10520FFF784FB0221002804
:10281000F5D12046BDE8104000F094B90620FFF73E
:1028200079FB03210028F4D0E9E700BF0020044031
:1028300010B5044600F0DAF90F4B9C420DD003F5B9
:1028400080539C4209D003F580539C4205D003F588
:1028500075339C4208D0FD2010BD0028FCD0022812
:1028600014BFF920022010BD0228F5D0032814BFA0
:10287000F920042010BD00BF0020044070B50446BC
:102880000E461546FFF71EFF10BB1C4B9C4227D07F
:102890001B4B9C421DD01B4B9C4228D01A4B9C4288
:1028A00014D11A48FFF7C2FC4420FFF70DFB29465C
:1028B0002046FFF78DFF58B92046FFF7B9FF314694
:1028C00002462046BDE8704000F050B86FF00200AC
:1028D00070BD0F48FFF7AAFC0A20FFF7F5FAE6E7FC
:1028E0000C48FFF7A3FC0920FFF7EEFADFE70A48E0
:1028F000FFF79CFC2120FFF7E7FAD8E7002004400F
:1029000000300440004004400014084088F80210E1
:1029100070F8021064F802107CF8021000F06AB936
:1029200000F070B900F008B800F012B800F074B907
:1029300000F076B900F07AB910B504462046FFF7EA
:10294000F5FF0028FAD02046BDE81040FFF7E6BFAB
:1029500038B504460D462046FFF7EAFF0028FAD0B6
:1029600029462046BDE83840FFF7DABFF8B5324CBB
:10297000A04205460F4616460FD0304B98420CD069
:1029800003F58053984208D003F57533984204D07C
:102990002B492C488622FEF769FE01212846FFF7C5
:1029A000C9FF044608B12046F8BD08212846FFF7B4
:1029B00009FF04460028F6D101462846FFF706FF26
:1029C00004460028EFD101462846FFF7FDFE0446E5
:1029D0000028E8D1324639462846FFF7ABFE0028EA
:1029E00021DB154B9D4220D003F580539D421ED024
:1029F00003F580539D421CD003F575339D420CBFF7
:102A000003234FF0FF33104803EB430300EBC302F3
:102A10004FF0FF31DB00C2E902110021C1505160CB
:102A200011745161BFE70446BDE72346EBE701237C
:102A3000E9E70223E7E700BF00200440003004403C
:102A400094F80210E8F80210080000209142B1FB4F
:102A5000F2F304D302FB1311B1EB520F00D901338F
:102A600003611046704700BF05390329024607D8A5
:102A7000036823F4406343EA81210020116070471A
:102A80006FF00200704700BF61B1012906D10368F1
:102A9000002143F480530360084670476FF0020141
:102AA00008467047036823F4805303600846704764
:102AB0000346042942D8DFE801F01117253303004B
:102AC000026842F010021A601A6842F020021A608E
:102AD0001A6842F0400200201A607047026822F033
:102AE000100200201A607047026842F010021A605B
:102AF0001A6822F020021A601A6822F040020020B0
:102B00001A607047026842F010021A601A6822F0D8
:102B100020021A601A6842F0400200201A607047D2
:102B2000026842F010021A601A6842F020021A602D
:102B30001A6822F0400200201A6070476FF002000D
:102B4000704700BF032938B50D46044630D8234BE3
:102B50009C4236D003F580539C4227D003F5805326
:102B60009C4238D003F575339C420CBF03234FF0D1
:102B7000FF331B4AD35CBBB9236813F4004F4FEA01
:102B8000054523681FD023F400432360236805F420
:102B9000403523F440331D432560236843F400434C
:102BA000236023681B03FCD5002038BD0123E0E728
:102BB0000C490D4840F23312FEF758FD074B9C427A
:102BC000C8D10023D5E723F4403305F440351D4335
:102BD0002560002038BD0223CBE700BF0020044061
:102BE000E01B002094F8021018F902100068C0F3EE
:102BF000014070474368DB0654BF006A6FF00C0069
:102C0000704700BF436813F0800306BF0162184697
:102C10006FF00B00704700BF4068C0F3032070479F
:102C20004068C0F30330C0F1080070474B1E072B0B
:102C3000024606D8036823F00F03194300201160F1
:102C400070476FF00200704710B5064C217831B91B
:102C500005484FF4007200F0CFFB012323700020E1
:102C600010BD00BFE51F0020E41B0020032870B545
:102C7000054625D8E0B9174E3046FFF731FC04462B
:102C800001463046FFF720FC8CB1134E134B06EB88
:102C9000C51603EBC515E30703D52B680BB13068E8
:102CA0009847640806F1040605F10405F3D170BDE8
:102CB00001280CD00A4E0B4B022818BF1E46DBE73A
:102CC00009490A484E22FEF7D1FC0026D4E7084EF7
:102CD000D2E700BF00800040E41D0020E41B00207C
:102CE000000408400006084040F9021098F902105C
:102CF00000900040014B1878704700BFE41F00208F
:102D0000014B1868704700BF6800002070B50D4E79
:102D10000D4D761BB61006D0002455F8043B013447
:102D20009847A642F9D1094E094D761B2DF020F89F
:102D3000B61006D0002455F8043B01349847A6424B
:102D4000F9D170BD180A0020180A0020200A0020BE
:102D5000180A0020024B0146186800F003B800BFB3
:102D6000680000202DE9F04F01F10B06162E83B00C
:102D7000044624D8102900F2BA8000F08FFB1026F8
:102D800018220220B54F3A44A2F1080153688B4241
:102D900000F0BA805A68D96822F003021A449D688C
:102DA000E9608D60516841F001012046516003F1F6
:102DB000080500F079FB284603B0BDE8F08F36F037
:102DC000070600F19480B14200F2918000F066FBAA
:102DD000B6F5FC7FC0F09A81730A00F08F80042B57
:102DE00000F26F81B30903F1390003F1380CC3001D
:102DF0009A4F3B44A3F108055B689D4206D10CE065
:102E0000002980F22781DB689D4206D05A6822F0B3
:102E10000302911B0F29F3DD60463D69DFF850C2C4
:102E200065457CD06A6822F00302931B0F2B00F3E8
:102E30007B81002BC7E904CC80F26C81B2F5007F66
:102E400080F01A81D308796801334FEA521E0122BB
:102E500002FA0EF20A4357F833E0C5F808E007EB30
:102E6000C3010839E9607A6047F83350CEF80C5056
:102E7000831001219940914257D8114206D120F088
:102E800003004900114200F10400FAD007EBC00929
:102E90004D468646D5F80C80454508D11DE1002BEE
:102EA00080F22481D8F80C80454500F01681D8F8CE
:102EB000042022F00302931B0F2BF0DD2046D8E9FB
:102EC000025408EB060146F00106C8F80460EC6005
:102ED000A56043F00104C7E90411C1E902CC4C60CC
:102EE00048F8023000F0E0FA08F1080502E00C238F
:102EF00023600025284603B0BDE8F08F4FF400732F
:102F000040204FF03F0C73E7D3689A4208BF02306D
:102F10007FF440AF3D69DFF858C1654582D17A68DA
:102F20008310012199409142A7D9BD686B6823F0B5
:102F300003094E4503D8A9EB06030F2B7ADCDFF813
:102F400034B1474BDBF800201B680132334405EBFA
:102F5000090A00F0338103F580530F3323F47F68AF
:102F600028F00F084146204600F00EFB411C0246A7
:102F700000F0F380824500F2EE803A4B196841443C
:102F80001960084600F04E81DBF800100193013112
:102F90001BBFA2EB0A0A5044CBF80020186012F0C5
:102FA000070B00F01781CBF108010A44CBF58051E3
:102FB00090440831A1EB0801C1F30B0A51462046A9
:102FC000009200F0E1FA421CDDE9002300F04F819D
:102FD000801A00EB0A081968BA6048F001005144F1
:102FE000BD425060196000F02981B9F10F0F40F225
:102FF00027816868A9F10C0C2CF0070C00F0010087
:1030000040EA0C0068604FF0050E05EB0C00BCF1C7
:103010000F0FC0E901EE00F2328150681546124BE5
:103020001A688A4238BF1960104B1A688A4238BF42
:10303000196094E0AA1943F0010346F001066E609E
:103040002046BA60536000F02FFA0835284603B0D6
:10305000BDE8F08FD9681A44A1E600BF98040020AB
:1030600018200020E81F002010200020142000203D
:10307000A0040020A0080020B2F5206F4FEA5223E0
:1030800063D3142B00F2B78003F15C01C9005B33FA
:1030900007EB010E7958AEF1080E8E4500F09180D5
:1030A0004B6823F00303934202D989688E45F7D118
:1030B000D1F80CE07A68C5E9021ECEF80850CD6060
:1030C000D6E6142B59D9542B00F29D80330B03F113
:1030D0006F0003F16E0CC3008AE60EF1010E1EF0C4
:1030E000030F05F108057FF4D5AE51E04244454693
:1030F0005368D8F80C1043F00103536055F8083FAB
:103100002046D9608B6000F0CFF9F3E6F00806F1B5
:10311000080237E62A442046536843F0010353600F
:10312000083500F0C1F9E5E6A919204646F0010688
:1031300043F001046E60C7E90411C1E902CC4C60A0
:10314000AB5000F0B1F90835D4E6930903F1390129
:10315000C90038339CE7BD425FD0BD68686820F085
:1031600003084645A8EB060302D80F2B3FF762AFD2
:10317000204600F099F90025BCE603F15C0003F15C
:103180005B0CC30034E659F808394B4540F0968093
:1031900010F0030F00F1FF30F5D17B6823EA010343
:1031A0007B60490099423FF6C0AE19B9BDE64900BF
:1031B0000EF1040E1942FAD0704667E603F11008CA
:1031C000D0E69A104FF001087B6808FA02F21A4321
:1031D0007A6070E702EB08014942C1F30B0A5146DD
:1031E0002046009200F0D0F9431CDDE900237FF473
:1031F000EFAEDA46EFE6542B25D8130B03F16F013F
:10320000C9006E3344E7B3F5AA7F25D8F30B03F169
:10321000780003F1770CC300EAE5294B18684044B5
:103220001860B1E6CAF30B0CBCF1000F7FF4ACAE32
:10323000BD68C84448F001006860F0E61546EEE657
:103240000123536094E7B3F5AA7F23D8D30B03F18E
:103250007801C90077331BE740F25452934223D8D8
:10326000B30C03F17D0003F17C0CC300C0E5ABF1AE
:10327000080BD844A8EB02084FF0000AABE605F1B2
:1032800008012046009303F07DFABD68009B686842
:103290001968C4E640F254518B420BD8930C03F1E9
:1032A0007D01C9007C33F3E64FF47E737F204FF03D
:1032B0007E0C9DE54FF47E717E23E9E67B6870E726
:1032C000E81F0020844641EA000313F003036DD198
:1032D000403A41D351F8043B40F8043B51F8043BD9
:1032E00040F8043B51F8043B40F8043B51F8043BE0
:1032F00040F8043B51F8043B40F8043B51F8043BD0
:1033000040F8043B51F8043B40F8043B51F8043BBF
:1033100040F8043B51F8043B40F8043B51F8043BAF
:1033200040F8043B51F8043B40F8043B51F8043B9F
:1033300040F8043B51F8043B40F8043B51F8043B8F
:1033400040F8043B51F8043B40F8043B51F8043B7F
:1033500040F8043B403ABDD2303211D351F8043B1F
:1033600040F8043B51F8043B40F8043B51F8043B5F
:1033700040F8043B51F8043B40F8043B103AEDD2CE
:103380000C3205D351F8043B40F8043B043AF9D21F
:10339000043208D0D2071CBF11F8013B00F8013BF2
:1033A00001D30B8803806046704700BF082A13D3FF
:1033B0008B078DD010F003038AD0C3F10403D21A17
:1033C000DB071CBF11F8013B00F8013B80D331F84B
:1033D000023B20F8023B7BE7043AD9D3013A11F8CB
:1033E000013B00F8013BF9D20B7803704B78437036
:1033F0008B78837060467047830730B548D0541E81
:10340000002A3FD0CAB2034601E0013C3AD303F898
:10341000012B9D07F9D1032C2DD9CDB245EA052505
:103420000F2C45EA054536D9A4F1100222F00F0C05
:1034300003F1200EE6444FEA121C03F1100242E9A8
:10344000045542E9025510327245F8D10CF10102DF
:1034500014F00C0F03EB021204F00F0C13D0ACF1BC
:10346000040323F003030433134442F8045B934240
:10347000FBD10CF003042CB1CAB21C4403F8012B9D
:103480009C42FBD130BD64461346002CF4D1F9E7D1
:1034900003461446BFE71A46A446E0E7014803F096
:1034A0001BBC00BF20200020014803F017BC00BF58
:1034B000202000200FB400B5074983B004AB086892
:1034C00053F8042B8168019300F0EAF803B05DF82B
:1034D00004EB04B0704700BF6800002070B50546DB
:1034E00088B008460C4600F06BF8224EAA6B059097
:1034F00001214318CDE9066104A802210494039335
:10350000AC680190029122B3636E13F0010FB4F91D
:103510000C309AB201D1980525D5910406D4626E7B
:1035200043F4005322F40052A3816266284601AAA4
:10353000214603F02DFA636E002814BF4FF0FF35CB
:103540000A25DA0702D4A3899B0506D5284608B0C8
:1035500070BD284603F01EF8D6E7A06D03F0BEFB51
:10356000284608B070BDA06D03F0B6FBB4F90C306E
:103570009AB2D2E7BCF90210024B01461868FFF775
:10358000ADBF00BF6800002038B5074D00220446DB
:1035900008462A60FEF7EAFA431C00D038BD2B68C3
:1035A000002BFBD0236038BD2C2000200000000041
:1035B000000000000000000000000000000000000B
:1035C00090F800F06DE9024520F007016FF0000C63
:1035D00010F0070491F820F040F049804FF000040B
:1035E0006FF00700D1E9002391F840F000F10800E6
:1035F00082FA4CF2A4FA8CF283FA4CF3A2FA8CF31E
:103600004BBBD1E9022382FA4CF200F10800A4FA84
:103610008CF283FA4CF3A2FA8CF3E3B9D1E90423D8
:1036200082FA4CF200F10800A4FA8CF283FA4CF30F
:10363000A2FA8CF37BB9D1E9062301F1200182FAC9
:103640004CF200F10800A4FA8CF283FA4CF3A2FACF
:103650008CF3002BC6D0002A04BF04301A4612BADD
:10366000B2FA82F2FDE8024500EBD2007047D1E9E0
:10367000002304F00305C4F100004FEAC50514F06F
:10368000040F91F840F00CFA05F562EA05021CBF40
:1036900063EA050362464FF00004A9E7000000005A
:1036A0002DE9F04F2DED0A8BD3B01C4609EE101A10
:1036B000914609EE900A054603F006FB036817934E
:1036C00018460D94FFF77CFF16901DB1AB6B002BD5
:1036D00000F0488219EE102A536EDB0740F1478153
:1036E000B2F90C309AB2960409D419EE101A43F4C8
:1036F00000538B819AB24B6E23F400534B6615072F
:1037000040F1CC8019EE103A1B69002B00F0C68006
:1037100002F01A030A2B00F0D2804D469FED9C7BED
:103720002B78002429AACDE92744CDE91944CDE915
:103730001B448DED147B19EE909A129426929046BC
:1037400018940A94002B00F0B081AB4604E01BF8FB
:10375000013F002B00F0CD80252BF8D1BBEB0506F7
:1037600040F0CB809BF80030002B00F09E810023BE
:103770004FF0FF329BF801708DF87B3009930BF10D
:10378000010B08929A462B2420210BF1010BA7F183
:1037900020035A2B00F20081DFE813F00A03FE0039
:1037A000FE000503FE00FE00FE006A00FE00FE00B3
:1037B00076029E02FE008102A802FE00A3025B00C8
:1037C0005B005B005B005B005B005B005B005B0021
:1037D000FE00FE00FE00FE00FE00FE00FE008E0168
:1037E000FE001602ED018E018E018E01FE00FE002C
:1037F000FE00FE000003FE00FE004502FE00FE008B
:10380000FE002002FE00C202FE00FE009A07FE003B
:10381000FE00FE00FE00FE00FE00FE00FE008E0127
:10382000FE001602EF018E018E018E01E602EF010D
:10383000E801FE00F302FE0086024702D402E8011E
:10384000FE0020027D007607FE00FE007A07FE00E3
:103850007D00A7F1300300221BF8017B02EB8202FE
:1038600003EB4202A7F13003092BF5D909928EE749
:10387000484603F029FA43681B931846FFF7A0FE59
:103880001C900646484603F01FFA836819932021CE
:10389000002E40F0EA869BF8007076E719EE101AC9
:1038A00019EE900A19EE105A01F000FD002841F0BF
:1038B0002483AA8902F01A030A2B7FF42EAF19EE93
:1038C000101AB1F90E30002BFFF627AF4B6ED90757
:1038D00002D4920541F1568119EE101A19EE900AA0
:1038E00023464A4653B0BDEC0A8BBDE8F04F01F0C9
:1038F0009DBCBBEB050600F0D880289B3344289381
:10390000279B0133072BC8E90056279305DC08F1F4
:1039100008080A9B33440A9324E719EE101A26AAD2
:10392000484604F0A3F990B90DF1A408F1E719EEA7
:10393000101A26AA484604F099F9002800F0A6803B
:103940000C9B23B119EE900A194602F01BFF19EEE9
:10395000102A536ED80740F1FA8093895A0601F174
:10396000D5820A9853B0BDEC0A8BBDE8F08FB2F94E
:103970000C309F059AB23FF5B6AE19EE105AA86DFD
:1039800003F0AAF9B5F90C309AB2ACE6AFF30080B7
:103990000000000000000000002F00F086800023DF
:1039A0008DF8E4708DF87B300122CDE90B2307926E
:1039B000089310931393119339AD1AF002020E92EB
:1039C00002D0079A023207921AF084020F9205D1B0
:1039D000099A0799561A002E00F36883289C8BB128
:1039E000279B0DF17B0201330134C8F80020072B1F
:1039F0004FF0010228942793C8F8042000F39F8316
:103A000008F108080E9B83B1279B1FAA01330234DB
:103A1000C8F80020072B4FF0020228942793C8F81B
:103A2000042000F3998308F108080F9B802B00F015
:103A30006A82089B0B9A9E1A002E00F3AB821AF43E
:103A4000807F40F006820B9BC8F804301C44279B03
:103A5000C8F800500133072B2894279300F31983EB
:103A600008F108081AF0040F05D0099B079A9D1A5F
:103A7000002D00F38583DDE9092307998A42ACBF55
:103A80009B185B180A93002C7FF451AF00232793F7
:103A90000C9B1BB10C99484602F074FE0DF1A40872
:103AA0005D462B78002B7FF450AE289B002B41F015
:103AB0001882002327934AE70D9B073323F007035F
:103AC000B3EC027B8DED147BDDE914120D9322F033
:103AD00000430AEE101A0AEE903A4FF0FF32B0EEB1
:103AE0004A8AF0EE6A8AB74B51EC180B05F06EFF6C
:103AF000002840F0E884B34B51EC180B4FF0FF3234
:103B000005F046FF002840F0DE84DDE914010022C4
:103B1000002305F033FF002840F067879DF87B30D5
:103B2000A94DAA4A2AF0800A0321472FC8BF15468B
:103B300000220C9207910B9108921092139211920D
:103B4000002B3FF43AAF079A0132079235E7938989
:103B500099053FF503AF19EE104A906D03F0BEF8DA
:103B6000A389FBE6284602F015FDB3E59BF800703B
:103B70004AF0200A09E64AF0100A1AF0200F0D9BBD
:103B800000F04084073323F007031A465B6852F8BD
:103B9000084B0D921E46002BC0F24384089B013354
:103BA00000F0BC822AF08003079354EA060340F039
:103BB000B782089B002B40F0B882DDF81CA00023E0
:103BC00008930B9352AD1FE10D9A002352F8041B8A
:103BD0008DF87B308DF8E4100D92E5E60D9C54F8DD
:103BE000045B00268DF87B60002D00F09085089B1B
:103BF0005A1C00F051861A463146284603F0E0F878
:103C00000C90002801F02C810C9B0896591B0B91FD
:103C100021EAE1719DF87B300D9407910C96109686
:103C2000139611968CE74AF0100A1AF0200600F05D
:103C3000C9830D9B073323F007035E6853F8084BD5
:103C40000D932AF480630793002300228DF87B20D4
:103C5000089A551C00F0C080079921F0800A54EAA8
:103C6000060140F0B780002A40F00786002BA6D15D
:103C7000079B13F001030B9300F0148430238DF89D
:103C800047310DF24715BFE00D9B53F8042B099205
:103C9000002A80F2D583099A0D93524209929BF82B
:103CA00000704AF0040A70E51AF0200F40F0D28448
:103CB0001AF0100F40F0E7851AF0400F40F0A98687
:103CC0001AF4007F00F0DF850D9B0A9953F8042B4E
:103CD0000D9311705D46E4E69BF800708DF87B4013
:103CE00053E59BF800704AF0800A4EE55A4612F8F8
:103CF000017B2A2F01F06D82A7F13003092B934637
:103D000098BF002201F2E9801BF8017B02EB8202DE
:103D100003EB4202A7F13003092BF5D9089236E5EF
:103D20004AF010030793079B13F0200600F0598315
:103D30000D9B073323F007035E6853F8084B0D9380
:103D4000012382E70D9B53F8044B0D9330234AF077
:103D5000020278278DF87C301D4B189307928DF85E
:103D60007D700026022370E79BF80070682F03BF68
:103D70009BF801704AF4007A0BF1010B4AF0400AFB
:103D800003E59BF800706C2F03BF9BF801704AF0AD
:103D9000200A0BF1010B4AF0100AF6E49BF80070C0
:103DA0004AF0080AF1E49BF800704AF0010AECE4DA
:103DB0009DF87B30002B7FF46EAD9BF800708DF882
:103DC0007B10E2E4FFFFEF7FC0F90210C4F902109C
:103DD000D0F90210CDF81CA0012B00F0A181022B1C
:103DE00052AD20D1189A04F00F032409D35C05F8D2
:103DF000013D44EA0674360954EA0603F3D152AB96
:103E00005B1BDDF81CA00B9308990B989DF87B3089
:103E100081424FF00002B8BF01460C920791109208
:103E2000139211928CE604F00703E40844EA467406
:103E3000F608303354EA06012A4605F8013DF2D16E
:103E40000799CC0700F1758252AB5B1B8A460B9336
:103E5000DAE7652F40F3D780DDE914010022002363
:103E600005F082FD002800F0C681279BC14AC8F8F2
:103E70000020013301340122072B28942793C8F82E
:103E8000042000F3DE8408F10808209B129A934274
:103E900080F2D182169B179A1C44C8E90023279B05
:103EA00028940133072B279300F3238408F1080893
:103EB000129B5D1E002D7FF7D5AD102D279B41F382
:103EC0006781AD4F0E972246102619EE104A05E085
:103ED00008F10808103D102D40F3C1840133103261
:103EE000072BC8E90076CDE92732F1DD26AA214665
:103EF000484603F0BBFE00287FF422ADDDE92732FF
:103F00000DF1A408E6E7099B079A9E1A002E7FF799
:103F100090AD102E279B41F33C8097490F95224688
:103F200019EE105A0E910C4604E0103E102E08F1C6
:103F3000080819DD013310321021072BCDE9273293
:103F4000C8F80040C8F80410EFDD26AA2946484604
:103F50000DF1A40803F08AFE00287FF4F1AC103EB6
:103F6000102EDDE92732E5DC0F9D144601330E9A51
:103F7000C8F800203444072BCDE92734C8F8046082
:103F800000F3A983089B0B9A9E1A002E08F10808DB
:103F90007FF755AD102E279B40F30F8576480E9086
:103FA0004246214619EE108A044604E0103E102EC7
:103FB00002F1080216DD013310311020072BCDE984
:103FC000273114605060F1DD26AA4146484603F0CF
:103FD0004DFE00287FF4B4AC103E102EDDE92731F1
:103FE00029AAE8DC90460C4601330E9AC8F8002056
:103FF0003444072BCDE92734C8F8046000F3D4819A
:1040000008F108081BE5129B012B40F37381279EE2
:10401000C8F80050013601340123072E2894279652
:10402000C8F8043000F3968308F10808169B179A25
:1040300001361C44072EC8E90023CDE9276400F3AC
:10404000978308F10808DDE914010022002305F038
:104050008BFC002840F07B81129B0136013B01352F
:104060001C44072EC8F800502796C8F8043028943E
:1040700000F3518108F108081A9BC8F80430013692
:104080001C44072E22ABCDE92764C8F800307FF727
:10409000E7AC19EE101A26AA484603F0E7FD0028FF
:1040A0007FF44EAC289C0DF1A408DBE4102EDDE972
:1040B000273222DD1D95102419EE105A04E0103E1F
:1040C000102E08F1080817DD01332C491032072B98
:1040D000C8E90014CDE92732F1DD26AA2946484671
:1040E0000DF1A40803F0C2FD00287FF429AC103EB6
:1040F000102EDDE92732E7DC1D9DC8F8046001338E
:10410000B418072B1D4AC8F80020CDE9273400F366
:104110007D839DF87B3008F1080860E4CDF81CA091
:104120000A2C76F1000380F0318330340123DDF86E
:104130001CA08DF847410B930DF2471564E619EE6C
:10414000101A26AA484603F091FD00287FF4F8AB28
:10415000289C0DF1A40855E419EE101A26AA484629
:1041600003F084FD00287FF4EBAB289C0DF1A4083C
:104170005BE400BF00FA021014FA021004FA021005
:10418000102D279B20DD19EE107A102604E0103D3B
:10419000102D08F1080817DD0133AC4A1034072B45
:1041A000C8E90026CDE92734F1DD26AA394648467C
:1041B0000DF1A40803F05AFD00287FF4C1AB103DB7
:1041C000102DDDE92734E7DC0133A04AC8F804509C
:1041D0002C44072BCDE92734C8F800207FF74BACDF
:1041E00019EE101A26AA484603F040FD00287FF475
:1041F000A7AB289C3FE4209A002A40F32B81DDE9FD
:1042000011739F42A8BF1F46002F0BDD279B013370
:104210003C44072BC8E900572894279300F3D18525
:1042200008F10808119E002FA8BFF61B002E00F30E
:104230004483119B1AF4806F2B440B9340F0DF846E
:10424000209B129A934203DB1AF0010F00F0D283F5
:10425000169A17991444C8E90012279A2894013233
:10426000072A279200F3BB8508F10808129A0B99D8
:10427000AE18761AD51AAE42A8BF2E46002E0DDD16
:10428000279BC8F8001001333444072BC8F804609A
:104290002894279300F3068608F10808002EA8BF8B
:1042A000AD1B002D7FF7DEAB102D279B40F37087F1
:1042B000674F0E972246102619EE104A05E008F1C6
:1042C0000808103D102D40F3CA8201331032072B2D
:1042D000C8E90076CDE92732F1DD26AA2146484615
:1042E00003F0C4FC00287FF42BABDDE927320DF18D
:1042F000A408E6E71AF0010F7FF489AE279EC8F8FC
:104300000050013601340123072E28942796C8F85F
:1043100004307FF7AFAE19EE101A26AA484603F014
:10432000A5FC00287FF40CABDDE927640DF1A4089F
:10433000A2E6302B3FF463AD3023023A05F8013C8E
:1043400052AB9B1ADDF81CA00B9315465CE5129B43
:104350005D1E002D7FF790AE102D40F31F873C4A65
:10436000CDF820A0234619EE10AA0E92102714466D
:1043700005E008F10808103D102D40F3E3820136F6
:104380001033072EC8E90047CDE92763F1DD26AADF
:104390005146484603F06AFC00287FF4D1AADDE9C3
:1043A00027630DF1A408E6E719EE101A26AA48467D
:1043B00003F05CFC00287FF4C3AA289C0DF1A4083C
:1043C000FFF73DBB1AF0100340F03E811AF04002A7
:1043D00000F0C8820D9A52F8044B0D921E46A4B20A
:1043E0002FE4079B13F0100366D1079A12F04002E6
:1043F00000F0C6820D9A52F8044B0D921E46A4B2EC
:10440000012322E453F8044B0D931AF0100F4FD1FF
:104410001AF0400F48D044F3C036334624B2FFF7B9
:10442000BABB2D2364428DF87B3066EB4606CDF88F
:104430001CA001230CE41AF0010F3FF413AB29E593
:104440009BF800700D93FFF7A0B900BF04FA0210AB
:1044500014FA0210279BB649C8F800100133013442
:104460000121072B28942793C8F8041000F38084B7
:1044700008F10808002A40F04682129A0AF0010367
:1044800013433FF4EFAA169B179A1C44C8E9002374
:10449000279B28940133072B279300F3648308F1AB
:1044A000080841E252ADAFE41AF4007F40F0AB825D
:1044B000E6173346FFF76FBB0D9B53F8044B0D9384
:1044C0000123FFF7C2BBDDE9140102460B4605F0EC
:1044D0007DFA002840F02C86612F00F07D85412F69
:1044E00000F0A082089B013327F02003079300F01F
:1044F000C285472B00F0A985DDE914014AF48072DA
:1045000000290B924FF00003C0F2418441EC1B0BD9
:104510000E930C93079B462B00F07084452B00F004
:104520002285089B019324AB049321AB039320AB1A
:10453000029302230093484653EC1B2B00F0C4FF68
:10454000079B472B054640F05B861AF0010F564645
:10455000DDF82CA040F0DF84249B5B1B1293079BAB
:10456000472B00F01683079B462B00F08584209B89
:104570001193119B079A013B412A209300F0E68595
:10458000FAB20021002BB8BF119B8DF88820BABF6A
:10459000C3F101032D222B22092B8DF8892040F332
:1045A0006E850DF19704DFF898C1224610468CFB0A
:1045B0000321DA17C2EBA10202EB8201A3EB410156
:1045C000303100F8011C19466329134600F1FF320F
:1045D000ECDC3033D9B2831E9C4202F8011C40F25D
:1045E0000B8613460DF18A0201E013F8011B02F855
:1045F000011B9C42F9D10DF199030DF18A021B1A9E
:10460000134422AA9B1A1A93129B1A9A012B1A443A
:104610000B9240F3AF850B9B169A13440B930B9AA6
:10462000002326F4806622EAE27246F4807A109330
:104630000792139311930E9B002B40F0D98208939D
:104640009DF87B30FFF77CBA0D9B53F8044B0D931C
:10465000FFF7F7BA0D9B0A9853F8041B0D93C21786
:10466000C1E900025D46FFF71CBA199B002B3FF41D
:1046700012A9199B1B78002B3FF40DA99BF8007021
:104680004AF4806AFFF781B8CDF81CA0FFF74BBB56
:10469000284B18931AF0200654D00D9B073323F0B3
:1046A00007035E6853F8084B0D931AF0010F09D009
:1046B00054EA060306D030238DF87D704AF0020AD2
:1046C0008DF87C302AF4806307930223FFF7BDBA8C
:1046D000194B1893DEE719EE101A26AA484603F084
:1046E000C5FA00287FF42CA9289C0DF1A408FFF737
:1046F000A0B919EE101A26AA484603F0B7FA002806
:104700007FF41EA9289C0DF1A408FFF7D1BB089ADD
:104710000C95062A294628BF062208952B460792A3
:10472000064D0D940B92109113911191FFF708BA59
:1047300000FA0210D0F90210E4F90210F8F90210A0
:10474000676666661AF0100370D00D9B53F8044B31
:104750000D93AAE719EE101A26AA484603F086FA26
:1047600000287FF4EDA8DDE927640DF1A4085DE4DD
:1047700019EE101A26AA484603F078FA00287FF4AA
:10478000DFA8DDE927640DF1A4085CE4079B0022A3
:1047900003F48063CDE90B7808EE109A0DF5A47A46
:1047A000DDF86490174698460CE000232046314619
:1047B0000A2205F049F90A2C76F100031CD30446BD
:1047C0000E46AA4620460A220023314605F03CF94F
:1047D00030320AF1FF3501370AF8012CB8F1000F29
:1047E000E3D099F800309F42DFD1FF2FDDD00A2CB3
:1047F00076F1000380F0E580CDF864901297DDF843
:1048000030800B9F18EE109AFFF7F9BA19EE101AC4
:1048100026AA484603F02AFA00287FF491A89DF8BA
:104820007B30289C0DF1A408FFF7D9B81AF040029C
:1048300000F0B6800D9A52F8044B0D921E46A4B2B9
:1048400033E719EE101A26AA484603F00FFA00289B
:104850007FF476A8289C0DF1A408FFF716BB144638
:1048600001330E9AC8F800202C44072BC8F80450D6
:10487000CDE927347FF7F4A80BE4012BCDF81CA079
:104880007FF4ADAA51E40D9B0A9953F8042B5D46C1
:1048900011600D93FFF705B9284608960D94FEF7B1
:1048A0008FFE20EAE0719DF87B300B9007910C960B
:1048B000109613961196FFF743B9102E279B40F3DD
:1048C0009484BA480E904246214619EE108A102769
:1048D000044604E00832103E102E40F337820133C4
:1048E0001031072BC2E90047CDE92731F2DD26AAB6
:1048F0004146484603F0BAF900287FF421A8DDE9D3
:10490000273129AAE7E7169B17991C44C8E9001329
:10491000279B28940133072B279300F3248108F168
:104920000808002AC0F2FA82129AC8F8005001332F
:104930001444072BCDE92734C8F804207FF790A84A
:10494000FFF7A7BBDDF820A01C4601360E9BC8F878
:1049500000302C44072ECDE92764C8F804507FF7B7
:1049600089ABD8E40D9B1AF4007614BF53F8044BBE
:1049700053F8044B0D931CBF1646E4B2FFF761B920
:10498000079B13F400760D9B14BF53F8044B53F8A8
:10499000044B0D931CBF1646E4B20123FFF755B933
:1049A0000D9B1AF4007614BF53F8044B53F8044BD4
:1049B0000D931CBF1646E4B277E67C4A0E92FFF7D1
:1049C00013BB1C9B1B99ED1A1A46284603F0E0F80E
:1049D00099F801300BB109F10109204631460A224C
:1049E0000023002705F030F8E9E62D238DF87B3011
:1049F000FFF796B8129A0B99AE18761AD51AAE42EE
:104A0000A8BF2E464AE444F3C016334664B2FFF70B
:104A1000C2B80D9B0A9953F8042B0D9311805D4683
:104A2000FFF73FB830238DF87C3058238DF87D3068
:104A3000089B632B4AF0020400F3D38200230C93FB
:104A400039ADDDE914124AF481730B93002A27F083
:104A50002003A2460793C0F29B81002342EC1B1B5C
:104A60000E93612F00F04C83412F7FF453AD20AAA9
:104A700051EC1B0B03F00EF800224FF07F5304F0B3
:104A80000BFD02460B4643EC182B0022002304F0DA
:104A90006BFF08B101232093454B0F93089B1D9595
:104AA000CDE9107BCDE912A80CEE109ADDF83CB0F0
:104AB00059EC188B5E1E2C4605E000220023013EB7
:104AC00004F052FFE0B93B4B00224046494604F057
:104AD000E3FC8946804604F08FFF054604F072FC33
:104AE0000B4602464946404604F01EFB1BF80530C3
:104AF000A24604F8013B731C374680468946DCD148
:104B000049EC188B2C4BDDF84C8051EC180B002233
:104B10003E461CEE109ADDE9107BCDF840A01195C1
:104B2000DDF848A01D9D04F047FF002840F03882C2
:104B300051EC180B204B002204F016FF18B1119B0A
:104B4000D90700F12D82002E334606DB01332344C2
:104B5000302204F8012BA342FBD1631B564612936B
:104B6000DDF82CA0FBE419EE101A26AA484603F043
:104B70007DF800287EF4E4AEDDE92734209A0DF1BB
:104B8000A408CEE619EE103A986D02F0A7F8FEF7E9
:104B9000A3BE209B1193DA1C02DB089A93420DDD21
:104BA000023F27F020030793E3E400BF14FA02104A
:104BB000E4F90210000030400000E03FDDE911326E
:104BC0009342C0F28081F00740F19782169A134415
:104BD0000B93710503D5119B002B00F360820B9B97
:104BE00023EAE3730793672700231093139322E5C7
:104BF0002D2300228DF87B300892FEF7A4BF129B74
:104C0000CDF838B0DDF84CB00B9E199FCDF82CA034
:104C1000EB1808934246DDF870A0109B0F9519EE33
:104C2000108AA446BBF1000F30D0002B71D1013F98
:104C30000BF1FF3B1B9BC2E9003A279B0133D44495
:104C4000072BCDF8A0C0279367DC0832089B387883
:104C50009B1B8342A8BF0346002B1C460BDD2798F5
:104C600001309C440728C2E90063CDF8A0C027901A
:104C70005FDC38780832002CACBF051B0546002DE0
:104C800017DC0644109BBBF1000FCED1002B40D1A6
:104C90000F9D129BDDF82CA0DDF838B01997EB18AA
:104CA0009E429046324628BF1A4664460B92FFF752
:104CB000C7BA102D27981FDD1024634604E0103D6D
:104CC000102D02F1080216DD0130B4491033072817
:104CD000C2E90014CDE92703F1DD26AA4146484682
:104CE00002F0C4FF00287EF42BAE103D102DDDE94C
:104CF000270329AAE8DC9C460130A84B5560AC4448
:104D00000728CDE9270C13604DDC387808320644BB
:104D1000B8E7109B013B10938CE726AA4146484612
:104D200002F0A4FF00287EF40BAEDDF8A0C029AA93
:104D30008CE726AA4146484602F098FF00287EF4F8
:104D4000FFAD3878DDF8A0C029AA94E790460C465C
:104D500001330E9AC8F800203444072BCDE92734DC
:104D6000C8F8046000F3638108F10808FFF761BA2E
:104D700019EE101A26AA484602F078FF00287EF4A1
:104D8000DFAD209A289C0DF1A408FFF773BB0C93AC
:104D9000DDE9141202F100430BEE903A2D230BEEE5
:104DA000101A0E935DE626AA4146484602F05EFFC1
:104DB00000287EF4C5AD3878DDF8A0C029AA0644E5
:104DC00060E719EE101A26AA484602F04FFF0028A5
:104DD0007EF4B6AD289C0DF1A408FFF723BA19EEB6
:104DE000101A26AA484602F041FF00287EF4A8AD1A
:104DF000209B289C0DF1A408FFF738BA089B01936B
:104E000024AB049321AB039320AB029303230093C1
:104E1000484653EC1B2B00F057FB0378302B05461C
:104E200000F09A81209B089A56461344DDF82CA086
:104E3000EC1851EC1B0B0022002304F095FD10B17F
:104E40002346FFF78ABB249BA342BFF486AB3021E5
:104E50005A1C24921970249B9C42F9D8FFF77DBB01
:104E6000089B07930B930D949DF87B30089010904E
:104E700013901190FEF764BE209A1192002A40F31D
:104E80009181089906F001030B4340F03081119B9A
:104E90000B936627730500F103810B9B23EAE373F1
:104EA0000793A1E619EE101A26AA484602F0DEFE84
:104EB00000287EF445AD209D129B289C5D1B0DF1C2
:104EC000A408FFF7EBB9129B169A9A18119B0B9244
:104ED000002B40F354816727DCE700230893FEF79B
:104EE00056BC19EE101A19EE900A26AA02F0BEFE60
:104EF00000283EF4DEADFEF72ABD6B6EDC0705D45C
:104F0000AB89980502D4A86D01F0E8FE4FF0FF339D
:104F10000A93FEF726BD089BEC188AE7564210322A
:104F200080F270811D480E904246214619EE108A8B
:104F30001027044603E00832103E102E5BDD0133DB
:104F40001031072BC2E90047CDE92731F3DD26AA4E
:104F50004146484602F08AFE00287EF4F1ACDDE9C5
:104F6000273129AAE8E7089B5C1C24AB049321ABFA
:104F7000039320AB029302230093019453EC1B2B69
:104F8000484600F0A1FA054656462C44DDF82CA010
:104F90004FE7024A0E92FEF7E9BF00BF14FA021073
:104FA000109B24930F9B14F8012CD97B8A42234633
:104FB00009D1302003F8010C249B5A1E249213F8C7
:104FC000012C9142F6D0392A0BBF0F9A0132927A06
:104FD000D2B203F8012CC0E530238DF87C30782361
:104FE00024E5591C4846FDF7BDFE0546002800F0A3
:104FF0000C810C9025E590460C4601330E9AC8F8BA
:1050000000203444072BCDE92734C8F804607FF72B
:1050100046AA19EE101A26AA484602F027FE0028D2
:105020007EF48EACDDE927340DF1A4087CE419EEA2
:10503000101A26AA484602F019FE00287EF480AC19
:10504000289C0DF1A408FFF7F4B8089B002B08BFBB
:1050500001230893159B4AF48072002B0B92C0F237
:105060009B809DED147B0E900C90B0EE47BAF0EE55
:1050700067BAFFF756BA06230893FFF73DBA00292F
:1050800040F0A48030228DF88A200DF18B0230335D
:1050900002F8013B22ABD31A1A93FFF7B5BA672780
:1050A00019990B78FF2B00F0A3800024119A204659
:1050B00003E001300131FF2B08D0934206DAD21A07
:1050C0004B78002BF5D10B780134F4E7199111924C
:1050D00013901094109A139B1C9913440B9A01FB84
:1050E00003230B9323EAE3730793FFF7A4BA169BFA
:1050F000D31819440B916627CCE6119B0B9368E5F6
:1051000020AA51EC1B0B02F0C5FC00224FF07F538C
:1051100004F0C2F902460B4643EC182B0022002390
:1051200004F022FC08B1012320933C4B0F93B5E41B
:10513000159B3B4D3B4A002BB6BF2D239DF87B3082
:105140008DF87B302AF0800AFEF7EEBC07F10F02E3
:10515000D2B20121FFF716BA51EC1B0B002200233B
:1051600004F002FC00287FF45DAE089BC3F101034C
:10517000209358E6F4077FF552AAFFF74CBAC3F123
:1051800001031A4422EAE2730B92079367272BE587
:10519000254A0E92FFF764BB0C90F9E5224B0E9363
:1051A000FFF7D3BB089A06F0010656EA020304D1C2
:1051B0000123079366270B9316E5169B01331A44C8
:1051C00022EAE2730B92079366270DE50DF18A023E
:1051D0005DE70D9B9BF80170934653F8042B0D93EC
:1051E00042EAE2720892FEF7D0BA0F4A0E92AFE599
:1051F0000023109313936DE702231A93FFF704BA69
:10520000089CC1E6084A0E92F7E619EE102A938927
:1052100043F040039381FEF79ABB00BFD0F9021020
:10522000C8F90210CCF9021014FA021070B50C463D
:105230008989ADF58E6D21F00201ADF81410616E13
:105240001B91E189ADF81610E1690991616A0B9132
:105250001CA9029106914FF48061064604910791C2
:1052600018A80021CDE90032089101F031FDDDE9F7
:10527000003202A93046FEF713FA051E07DB02A929
:10528000304601F053F9002818BF4FF0FF35BDF844
:1052900014305B0603D5A38943F04003A38118981B
:1052A00001F018FD28460DF58E6D70BD38B5334BF5
:1052B0001B6805460C460BB19A6B12B3B4F90C305F
:1052C00018079AB225D5216900292DD012F00100C6
:1052D00007D00020A06060694042A06139B1002081
:1052E00038BD950758BF6069A0600029F7D1120644
:1052F00058BF0846F4D543F04003A3814FF0FF3078
:1053000038BD184601F046F9B4F90C3018079AB2C6
:10531000D9D4D1062AD5520714D4216943F0080301
:10532000A3819AB20029D1D102F42070B0F5007F98
:10533000CCD02146284601F0D3FCB4F90C302169C9
:105340009AB2C3E7216B51B104F14002914204D0FB
:10535000284601F017FAB4F90C30002222632169C3
:105360000022C4E9001223F02403D7E7092243F006
:1053700040032A604FF0FF30A38138BD6800002051
:10538000024B13B1024800F005B87047000000005E
:10539000B9660010002301461A46184603F0C6BB42
:1053A0002DE9F04F03690C69A34283B0C0F28780F6
:1053B000013C01F11405A30000F11408009355F815
:1053C000243058F82420013381469A4208EB8400A7
:1053D00005EB84070190B2FBF3F63BD30023AE4606
:1053E00040469B465EF804AB02681FFA8AFC06FB47
:1053F0000C334FEA134C4FEA1A4A06FB0ACA1FFA4B
:1054000083FCABEB0C0C1FFA8AF31CFA82FCC3EB97
:10541000124202EB2C421FFA8CFC4CEA0243774505
:1054200040F8043B4FEA224B4FEA1A43DAD2009B82
:1054300058F8033073B9019B043B984504D307E047
:10544000984504F1FF3403D253F80429002AF7D019
:10545000C9F81040484602F007F800282BDB013657
:105460004046002355F8041BD0F800C08AB29A1AAF
:105470000B0C12FA8CF2C3EB1C4303EB224392B2E7
:1054800042EA0342AF4240F8042B4FEA2343E9D2F9
:1054900058F8242008EB84036AB9043B984504D3E8
:1054A00007E0984504F1FF3403D253F80429002A99
:1054B000F7D0C9F81040304603B0BDE8F08F0020A7
:1054C00003B0BDE8F08F00BF2DE9F04F2DED068B46
:1054D000016C95B090469946CDE90489279D044614
:1054E00041B1426C4A60012393408B6001F05AFD48
:1054F00000232364B9F1000AB4BF012300232B6009
:105500007B4BBCBF2AF0004ACDF814A033EA0A0353
:1055100000F0B2809DED047B002251EC170BB0EE41
:10552000479AF0EE679A002304F01EFA074680B10E
:10553000269A01231360289B002B00F0DA826D4825
:105540001860431E0393039815B0BDEC068BBDE8AD
:10555000F08F12AB019313AB0093204653EC192B41
:10556000B0EE498AF0EE698A02F046F85FEA1A5610
:10557000054640F09980DDE912763E4406F232405D
:10558000202840F3AA83C0F140000AFA00FA06F28C
:10559000124028FA00F04AEA000003F003FF01235A
:1055A000013E0D93A1F1F871534B002203F0BCFDB5
:1055B00049A3D3E9002303F06FFF49A3D3E90023F4
:1055C00003F0B4FD80463046894603F0FBFE46A357
:1055D000D3E9002303F060FF02460B4640464946EC
:1055E00003F0A4FD8046894604F006FA00228346B3
:1055F00000234046494604F0C1F9002840F06C827F
:10560000BBF1160F00F25B823C4B03EBCB03D3E9FB
:10561000002351EC190B04F0B1F9002874D00023D9
:10562000BE1B0C93731E0BF1FF3B069300F14E82E1
:1056300000230993BBF1000F6DDA099BCDF81CB074
:10564000A3EB0B030993CBF100030B93249B092BD2
:105650004FF0000B68D8052B40F33D83043B2493A7
:105660000026249B023B032B00F29886DFE813F010
:105670004D044A0441042404269A42F20F73CAF3EB
:10568000130A13605AEA08031DD1289B002B00F06F
:105690007C861B4B03930833289A0398136015B03C
:1056A000BDEC068BBDE8F08F18EE903AC3F3130300
:1056B00051EC190B43F07F510D97A6F2FF36129F64
:1056C00041F4401170E7289B002B40F0D9830D4B2B
:1056D000039338E7AFF3008061436F63A787D23F3E
:1056E000B3C8608B288AC63FFB799F501344D33FD1
:1056F0000000F07F01FA02100000F83F28FB0210C2
:1057000028FA021024FA0210BE1B731E069300F141
:105710009A840C900990069B5B44CDE9063B0023DC
:105720000B93249B092B96D90023CDE92433012622
:105730004FF0FF330A960893089B0F930021616492
:10574000204601F009FC0390002800F02F86039BFF
:105750002364089B0E2B00F2F980002E00F0F680E7
:105760000799002940F37184BD4B01F00F0203EB50
:10577000C2034FEA2118C905D3E9006740F1038449
:10578000B84B51EC190BD3E9082303F0AFFF41EC00
:10579000180B08F00F084FF0030AB8F1000F13D0F0
:1057A000DFF8C09218F0010F09D030463946D9E928
:1057B000002303F071FE0AF1010A06460F465FEA74
:1057C000680809F10809EDD151EC180B32463B4647
:1057D00003F08CFF41EC1A0B0C9B5BB157EC1A6B7E
:1057E000A14B1AEE100A0022394604F0C7F800282F
:1057F00040F05285504603F0E5FD53EC1A2B03F0C0
:105800004BFE9A4B002203F091FC089B8046A1F1CD
:105810005079002B00F0F383079B1093089B0E93A5
:105820000A9B002B00F0C0840E9A8D4B9049DDF846
:105830000CA003EBC20353E90223002003F056FF40
:1058400042464B4603F070FC59EC1A8B41EC180BA6
:1058500049461AEE100A04F0CFF8074603F0B2FDED
:1058600002460B461AEE100A494603F05DFC30373B
:105870000AF8017B53EC182B06460F4604F07EF81D
:10588000002840F055854FF000080AEE105ACDF878
:1058900044B055465BEC18AB08EE104A44462AE08B
:1058A0000E9B01349C424BDA724B50465946002203
:1058B00003F0F2FD6F4B002282468B46304639469C
:1058C00003F0EAFD8946804604F096F8074603F0A7
:1058D00079FD02460B464046494603F025FC303729
:1058E00005F8017B52465B4606460F4604F046F833
:1058F000002840F0188532463B465B49002003F003
:1059000013FC52465B4604F039F80028C8D0109BBF
:10591000039A0793AA4618EE104A1AEE105A02E0AC
:10592000924500F0EA84D1461AF8013D392BF7D0B0
:105930000133DBB28AF80030079B01330793ABE1F8
:10594000DDF844B01AEE105A18EE104A139B002BE3
:10595000C0F29480079A0E2A00F39080404B03EB2C
:10596000C203D3E90089259B002B1BDA089B002B7F
:1059700018DC40F05D83404B00224046494603F06E
:105980008BFD02460B4651EC190B04F001F8DDF8D3
:1059900020A05646002800F0D082259BDDF80C8020
:1059A000DF43D2E242464B4651EC190B03F09EFE18
:1059B00004F022F80646834603F004FD42464B46B7
:1059C00003F06AFD0B46024651EC190B03F0ACFBE9
:1059D000DDF80CA0334630330AF8013B089B012B5D
:1059E00000F08E834FF0010B08EE105A08EE904A3B
:1059F0001D465446DA461DE042464B46304639467F
:105A000003F074FE03F0F8FF834603F0DBFC42462C
:105A10004B4603F041FD0AF1010A0B4602463946A6
:105A2000304603F081FB0BF13003AA4504F8013B3B
:105A300000F061830F4B002203F02EFD00220023B3
:105A400006460F4603F090FF0028D5D0A24618EE78
:105A5000105A18EE904A079B01330793D1461BE179
:105A600028FB021000FB02100000F03F00001C4069
:105A70000000E03F00002440000014400A9A002A81
:105A80003FD0249A012A40F39C82089B03F1FF38FF
:105A90000B9B4345C0F26E82A3EB0808089B002BCA
:105AA000C0F26683069A1A440692099A17461A4467
:105AB00009920121204601F023FB064625E001233F
:105AC000BE1B0C93731E06937FF5B2ADC6F10103A6
:105AD000099300230693ADE5584603F073FC424654
:105AE0004B4603F041FF00287FF48AAD0BF1FF3BEA
:105AF00086E5874B0393039815B0BDEC068BBDE894
:105B0000F08FDDE90976DDF82C80002F0CDD069A98
:105B1000002A09DD0999BA421346A8BF3B46C91AB3
:105B2000FF1AD31A099106930B9BDBB10A9B002B3A
:105B300000F08282B8F1000F0FDD31464246204668
:105B400001F0BAFB2A4601460646204601F006FB54
:105B500029460546204601F025FA0B9BB3EB0802C7
:105B600040F000830121204601F0CAFABBF1000F8A
:105B7000824600F3B780249B012B40F385814FF0D0
:105B800000090120BBF1000F40F0B880069A1044D4
:105B900010F01F0000F09680C0F12003042B40F3AA
:105BA000F883099BC0F11C00034402440993074495
:105BB0000692099B002B05DD29461A46204601F076
:105BC000DBFB0546069B002B05DD51461A462046A9
:105BD00001F0D2FB82460C9B002B40F03681089BE3
:105BE000002B40F31D810A9B002B40F0A080079BF7
:105BF00001330793DDF80C80DDF82090012707E0E2
:105C0000294600230A22204601F0D6F9013705462D
:105C100051462846FFF7C4FB4F4500F1300008F815
:105C2000010BEDDB089A002AC8BF9346039AD8BF40
:105C30004FF0010B034693440027294601222046DA
:105C4000049301F099FB5146054601F00DFC002834
:105C500040F3A5811BF8013C039A0BF1FF3B04E0E4
:105C60005A4500F0A7811BF8013D392B0BF10109C2
:105C7000F6D001338BF800305146204601F092F9FE
:105C800056B12FB1B74203D03946204601F08AF908
:105C90003146204601F086F92946204601F082F976
:105CA000002389F80030269B079A1A60289B002B56
:105CB0003FF449AC0398C3F8009015B0BDEC068BD7
:105CC000BDE8F08F1C20099B03440993069B034405
:105CD000074406936DE70126C3E4C0F1200008FAEB
:105CE00000F05AE401465A46204601F0E5FA249BAA
:105CF000012B824640F3D5814FF00009DAF81030CD
:105D00000AEB8303186901F0ABF9C0F120003DE70D
:105D100000FA0210314600230A22204601F04CF915
:105D20000F9B002B064640F32383CDE90783002F0A
:105D300000F31981B9F1000F40F0FD81B046049BDA
:105D4000039F089903F001027B1E1944249B0B92C8
:105D5000134309910A9351462846FFF721FB314628
:105D60008346284601F080FB424651468146204644
:105D700001F09CFBC26801460BF13003002A42D1BE
:105D800006902846089301F06FFB06990490204680
:105D900001F008F9049A089B1AB90A99002900F041
:105DA000D782B9F1000FC0F28881249949EA01092C
:105DB0000B9951EA090100F08081002A00F3E88183
:105DC000099A3B7007F101099742CB4600F0E68142
:105DD000294600230A22204601F0EEF846450546F2
:105DE00031464FF000034FF00A02204612D001F076
:105DF000E3F84146064600230A22204601F0DCF87B
:105E00004F468046A7E72046049301F0CBF8049B59
:105E10000122C6E701F0D0F84F46064680469AE7D1
:105E2000249B022B78DC0A9B002B80D1079B5146D8
:105E3000013328460793FFF7B3FADDF80CB000F101
:105E400030030BF8013B0027F7E65146284601F0E6
:105E50000BFB0028BFF6C3AE294600230A222046CA
:105E600001F0AAF8079B03F1FF380A9B0546002BB7
:105E70007FF450AF0F9B002B40F371820893B9E67B
:105E8000BD4B0393033307E4DDE9041200297FF4DB
:105E900076AEC2F31303002B7FF471AEB74B134001
:105EA000002B00F03E82099B01330993069B0133CE
:105EB00006934FF0010964E601230A93259B079A94
:105EC00013440F930133012B1F460893B8BF0127DA
:105ED0000021172F61647FF733AC012204235B009C
:105EE00003F11400B842114602F10102F7D96164CE
:105EF00026E401230A93259B002B4BDD0F93089387
:105F00001F46E5E700230A93D8E700230A93F2E748
:105F10000F9BCDF81C800893089B002B7FF43DADB0
:105F200051460522204601F047F8014682462846A0
:105F300001F09AFA00287FF730AD0398079F3123CC
:105F4000804600F8013B013703905146204601F09E
:105F500029F87B1CDDF80C900793CDF80C80002EFF
:105F60007FF496AE98E631463A46204601F004FAB0
:105F70000646DFE60B9BCDF82C80A8EB03039B4481
:105F80004FF000088AE54FF0020AB0EE498AF0EEC1
:105F9000698A02E4012325930893FFF7CDBB03D15F
:105FA000049BDB073FF556AED9461BF8013D302B6D
:105FB000FAD061E6079B039A0133079331231370EC
:105FC0005AE60D9A002A00F0638103F23343069AE1
:105FD000DDF82C801A440692099A17461A44099251
:105FE00067E5504603F0EEF953EC1A2B03F054FA30
:105FF000634B002203F09AF88046A1F15079614B7F
:10600000002251EC1A0B03F08FF842464B4606462D
:106010000F4603F0D1FC002840F07F81304639461E
:10602000424609F1004303F0A9FC00283FF48EAC7E
:106030004FF0000A5646B0E429460B9A204601F07C
:106040003BF905468EE50C9040E500F04E81079A3D
:106050004D4B564206F00F0203EBC203D3E9002377
:1060600051EC190B03F018FA361141EC1A0B00F041
:106070008881464F00234FF0020AF20706D5D7E980
:10608000002303F009FA0AF1010A0123761007F14F
:106090000807F2D1002B3FF49FAB41EC1A0BFFF73E
:1060A0009BBB049B002B7FF427AEDDE90412C2F3F7
:1060B0001303002B3FF4F2AE1EE6002A12DD294640
:1060C00001222046049301F057F95146054601F09C
:1060D000CBF90028049B40F33581392B00F0138164
:1060E0000BF13103B94609F8013B079B01333746F1
:1060F00007934646C0E5A24618EE105A18EE904A9D
:1061000002460B4603F012F842464B4606460F463F
:1061100003F052FC60B942464B463046394603F024
:1061200023FC00283FF497AC5FEACB717FF593AC7A
:10613000039AFFF7F8BB7168204600F00DFF074691
:10614000002800F03A81336902339A0006F10C010D
:106150000C30FDF7B7F839460122204601F00CF962
:106160008046ECE52946204601F0A6F80546F9E40C
:10617000DDE908239F1A9CE424FA02100000F07F56
:1061800000001C400000144028FB021000FB02101D
:10619000392B00F0B880B9460133A4E7079A0132E1
:1061A00037460792464648E50E988D4901EBC001F7
:1061B00042464B4651E9020103F06EF95AEC1A9B34
:1061C00041EC180B51461AEE100A03F015FC074675
:1061D00003F0F8F802460B461AEE100A514602F098
:1061E000A3FF06460E98DDF80C803037012808F82A
:1061F000017B0F4600F0BA800E9B039ACDF838B0B1
:1062000013449B46C246774B00223046394603F082
:1062100043F98946804603F0EFFB074603F0D2F8C6
:10622000303702460B464046494602F07DFF0AF8E9
:10623000017BDA4506460F46E5D1DA46DDF838B08F
:10624000694B59EC188B002218EE100A494602F0EF
:106250006DFF32463B4603F091FB00286DD118EEEE
:10626000102A4B466049002002F05EFF32463B4652
:1062700003F0A2FB00283FF469ABD1460AF1FF3AD4
:1062800019F8013C302BF8D0109B0133079303E53C
:10629000129BC3F136039AE6089B002B3FF4A1AE94
:1062A0000F9B002B7FF752AB079A0E93013A4D4B91
:1062B00010921AEE100A3946002203F0EDF8024659
:1062C00016460F460AF1010003F07CF832463B46C1
:1062D00003F0E2F8454B002202F028FF47EC1A6B6E
:1062E0008046A1F15079FFF79BBA4FF0020AB0EE59
:1062F00049AAF0EE69AAFFF76FBA079B013307932B
:106300003123FFF717BB079BBB46013307933923A4
:1063100037460BF8013B46469EE44FF0000A5646CE
:106320000BE699462DE4AA4618EE104A1AEE105ACA
:10633000109B01330793D146AEE4109B039A079359
:10634000FFF7F1BA7FF4CEAEDA077FF5CBAEC4E645
:10635000392BD8D0B9F1000F3FF7C2AEC2E6249B6B
:10636000022B3FF7D5ADCDF81C805FE5C24667E74D
:10637000249B022B3FF7CCAD0F9BCDF81C800893DC
:10638000D5E44FF0020AFFF727BA194B0393FFF742
:10639000DAB83FF40EACC0F13C0094E40026666429
:1063A0003146204600F0D8FD039068B9114B1248E1
:1063B00000224FF4D57102F0FFFB0E4B0E483A4617
:1063C00040F2EA2102F0F8FB039B236401224FF024
:1063D000FF3325960F930A920893FFF7B7BA00BFD1
:1063E00028FB0210000024400000E03F00001C4099
:1063F00028FA021034FA021048FA0210B1F90C20FF
:106400002DE9F0410C461107804647D4636842F4F9
:106410000062002BA2815EDDA56A002D58D000230A
:10642000D8F80060C8F8003093B212F4805256D108
:106430000123E1694046A847431C67D0A389A56AA8
:106440005F0705D56368C01A236B0BB1E36BC01AF5
:10645000E169024600234046A847411C41D1D8F8D3
:106460000030002B3DD01D2B01D0162B56D1A38917
:106470002269226023F4006300216160A381216B03
:10648000C8F8006021B304F14003994202D04046AD
:1064900000F078F900202063BDE8F0812669BEB1E4
:1064A00093B2256826609A070CBF63690023AD1B71
:1064B000A3600BE02B463246E169676A4046B84765
:1064C000B0F1000CA5EB0C05664417DD002DF1DCE6
:1064D0000020BDE8F081E36B002B9DDCF8E7206D28
:1064E000AEE7B4F90C302269226023F40063A38183
:1064F0000022DB046260C2D52065C0E7A38943F0B7
:1065000040034FF0FF30A381BDE8F081D8F80030A0
:10651000002B93D01D2B06D0162B04D0A38943F05B
:106520004003A381D5E7C8F80060D1E738B50C4631
:10653000054608B1836BA3B1B4F90C00B8B1636E22
:10654000DB0701D4810515D528462146FFF756FF04
:10655000636EDA07054602D4A3899B050ED528464B
:1065600038BD00F017F8B4F90C000028E7D1054653
:10657000284638BDA06D00F0AFFBE5E7A06D00F048
:10658000ADFB284638BD00BF014900F079BB00BF14
:10659000958C00102DE9F0478246394800F09CFBAD
:1065A000DAF83840002C66D1DAF80450354ACAF8D7
:1065B0003C200323CAE9B843DFF8DC90DFF8DC8035
:1065C000314F324E04230AF53B72CAF8E8222146C5
:1065D000C5E90243C5E90044C5E904446C660822E4
:1065E000AC6105F15C00FCF707FFC5E90759C5E997
:1065F0000987EE6205F1580000F06AFBDAF80850EE
:10660000234BEB602146C5E90044C5E904446C66B0
:10661000AC60AC61082205F15C00FCF7EDFEC5E959
:106620000759C5E90987EE6205F1580000F050FBF3
:10663000DAF80C50174BEB602146C5E90044C5E978
:1066400004446C66AC60AC61082205F15C00FCF7A8
:10665000D3FE05F15800C5E90759C5E90A76C5F822
:10666000248000F035FB0123CAF838300448BDE827
:10667000F04700F033BBBDE8F047014800F02EBB07
:106680002820002089650010697B0010897B00109C
:106690000900010012000200057B0010297B001098
:1066A000014800F019BB00BF24200020014800F081
:1066B00015BB00BF2420002038B5084B084D5B1BDC
:1066C0009C1007D0043B1D44013C55F80439984701
:1066D000002CF9D1BDE8384029F050BB240A002035
:1066E000200A0020F8B5244F0C460646FCF7D6FEDB
:1066F000BA685568C4F57E630F3325F003052B4453
:1067000023F47F6323F00F03A3F58054B4F5805F77
:1067100007DB00213046FCF737FFBB682B4498426B
:1067200004D03046FCF7C0FE0020F8BD6142304680
:10673000FCF72AFF01300DD0104ABB682D1B45F035
:1067400001055D60136830461B1B1360FCF7ACFE4F
:106750000120F8BD00213046FCF716FFBA68831A05
:106760000F2BDEDD43F001035360054B03491B682B
:10677000C01A0860D5E700BF98040020E81F002079
:10678000A0080020002961D0F8B50C460646FCF7A9
:1067900085FE54F8042C7B4FA4F1080522F001017A
:1067A00005EB010CB868DCF80430604523F0030306
:1067B00000F08B80D207CCF8043032D454F8082C87
:1067C000AD1A1144AA6807F1080082426AD00CEBA6
:1067D0000304D4F804E0EC68D4601EF0010FA2605A
:1067E00000F0978041F001036B60CCF80010B1F528
:1067F000007F35D27A68CB084809012101338140F6
:106800001143796007EBC30257F83310083AC5E922
:10681000021247F83350CD603046BDE8F840FCF72F
:1068200043BE0CEB03025268D00710D4194407F1A1
:106830000800DCF80830834273D0DCF80C20DA6002
:10684000936041F001036B606950D0E7704741F0FD
:106850000103B1F5007F44F8043CCCF80010C9D323
:10686000B1F5206F4FEA512348D28B0903F139006B
:1068700003F13802C300F818FB580838984259D081
:106880005A6822F003028A4202D99B689842F7D1E3
:10689000D868C5E902308560DD603046BDE8F84063
:1068A000FCF702BE0CEB03025268D20763D40B4420
:1068B000DCE90212CA60916043F001026A6030466E
:1068C000EB50BDE8F840FCF7EFBD0B44D10707D40F
:1068D00054F8082CAD1A1344D5E90212CA6091602D
:1068E00043F001026A60284ABD6012689A4293D858
:1068F000264B30461968FFF7F5FE8DE7142B0AD9B1
:10690000542B1FD80B0B03F16F0003F16E02C30071
:10691000B1E719448DE703F15C0003F15B02C300AA
:10692000A9E741F00103C7E90455C5E902006B601E
:10693000695071E779689210012404FA02F20A435F
:106940007A60A6E7B3F5AA7F06D8CB0B03F17800EF
:1069500003F17702C3008EE740F25452934206D807
:106960008B0C03F17D0003F17C02C30083E74FF43D
:106970007E737E227FE741F001036B60CCF800104C
:106980004AE700BF98040020A40800201820002037
:106990009368002B00F085802DE9F04FB1F90C30A1
:1069A0000C461907804683B0174698B225D523694F
:1069B0001BB310F002033D682DD04FF0000ADFF842
:1069C000BCB25646B9465E453346524628BF5B4682
:1069D0004046002E52D0E169676AB847002856DD6C
:1069E000D9F808301B1A8244361AC9F80830002B2F
:1069F000E9D1002003B0BDE8F08F21464046FEF704
:106A000055FC002840F03681B4F90C303D6898B24E
:106A100010F00203D1D110F0010944D14E46009785
:106A200046B38205D4F808B040F18380B3455A4696
:106A300000F2B28010F4906F40F0BF8020680192A5
:106A4000494600F00DFAA368019AA3EB0B012368F5
:106A5000A1601344B24623600026009B9868A0EB17
:106A60000A00D14498600028C3D0B4F90C0080B269
:106A7000002ED6D1D5E900960835D1E7D5E900A694
:106A80000835A0E721464046FFF750FD80B3B4F932
:106A90000C3043F040034FF0FF30A38103B0BDE85A
:106AA000F08F002070471E46AA46994618461D469C
:106AB000009756B388B34A46D4E904132068B2421B
:106AC00028BF3246884205D9A16803EB010B5A451D
:106AD00000F3A680934263DCE169676A2A46404678
:106AE000B847B0F1000BD2DDB9EB0B09CAD00120D9
:106AF000009A9368A3EB0B035D44A6EB0B0693602F
:106B0000002B3FF476AF002ED4D10AF1080353E9ED
:106B100002569A460833002EF9D032460A212846FA
:106B200000F04EF9002800F09C800130A0EB050930
:106B3000C1E720682369984216D86369B34213D825
:106B40006FF00042B24228BF3246E16992FBF3F295
:106B5000676A02FB03F340464A46B847B0F1000AB1
:106B600095DDA6EB0A0678E7B345DA4628BFB246BC
:106B70005246494600F074F9A3682268A3EB0A0361
:106B80005244A3602260002BEBD121464046FFF720
:106B9000CDFC0028E5D07AE72068B34632464EE7C0
:106BA0002946019200F05CF9019AA3689B1AA36040
:106BB000236813442360934696E723682169A3EB77
:106BC000010B636903EB430A0AEBDA7A0BF1010369
:106BD0004FEA6A0A33445345524684BF9A465246A6
:106BE00043052CD511464046FCF7BCF800283BD0A5
:106BF0005A4621690190FCF765FBA289019B22F4AA
:106C0000906242F08002A28103EB0B002361AAEBA9
:106C10000B03C4F814A0A3602060B34632460EE70D
:106C200029465A4600F01CF923685B44236021463C
:106C30004046FFF77BFC00283FF456AF27E740466D
:106C400000F03CFD03460028DED121694046FFF7F5
:106C500099FDB4F90C300C2223F08003C8F8002011
:106C600017E7721C914627E70C22B4F90C30C8F8DC
:106C700000200EE74FF0FF30BCE600BF00FCFF7FB6
:106C80002DE9F8430746884600F538764FF00009AD
:106C9000D6E90154013D11D4A389012B05F1FF353B
:106CA00008D9B4F90E300133214603D03846C04725
:106CB00049EA00096B1C04F16804EDD13668002E26
:106CC000E6D14846BDE8F883004870479C0900209B
:106CD000704700BF704700BF704700BF704700BFDC
:106CE0002DE9F0418B890C46990796B008D504F13F
:106CF00043030122C4E90432236016B0BDE8F081E9
:106D0000B4F90E100029064627DB6A4602F0C4F8E3
:106D1000002821DB019D05F47045A5F50055B5FA65
:106D200085F54FF480686D094FF4006741463046A1
:106D3000FCF718F8B4F90C30F0B1204AF26343F0D4
:106D40008003C4F81480A3812060206135BB3B43DD
:106D5000A38116B0BDE8F081A38913F0800519D096
:106D60004FF0400841463046FBF7FCFF0025B4F9E0
:106D70000C302F460028E0D19A05BED423F003033F
:106D800004F1430243F002030121C4E90421A38179
:106D90002260B2E74FF480682F46C7E7B4F90E10BF
:106DA000304602F08FF810B9B4F90C30CFE7A38960
:106DB00023F0030343F001031BB2C8E78965001009
:106DC00001F0FF01102A2BDB10F0070F08D010F89C
:106DD000013B013A8B422DD010F0070F42B3F6D1A0
:106DE000F0B441EA012141EA014122F007047FF0B9
:106DF00000070023F0E80256083C85EA010586EA10
:106E0000010685FA47F5A3FA87F586FA47F6A5FA4B
:106E100087F68EB9EED1F0BC01F0FF0102F0070257
:106E200032B110F8013B013A83EA010313B1F8D102
:106E30000020704701387047002D06BF35460338E3
:106E4000073815F0010F07D1013015F4807F02BF1C
:106E5000013015F4C03F0130F0BC0138704700BF6D
:106E600088420DD98B1883420AD900EB020CBAB1C3
:106E7000624613F801CD02F801CD9942F9D170476D
:106E80000F2A0ED8034602F1FF3C4AB10CF1010C67
:106E9000013B8C4411F8012B03F8012F6145F9D116
:106EA000704740EA01039B0750D1A2F1100370B56F
:106EB00001F1200C23F00F0501F1100E00F1100478
:106EC000AC441B095EF8105C44F8105C5EF80C5C86
:106ED00044F80C5C5EF8085C44F8085C5EF8045CFE
:106EE00044F8045C0EF1100EE64504F11004E9D1FB
:106EF000013312F00C0F01EB031102F00F0400EB51
:106F0000031327D0043C24F003064FEA940C1E44DC
:106F10001C1F8E465EF8045B44F8045FB442F9D14E
:106F20000CF1010402F0030203EB840301EB840182
:106F300002F1FF3C4AB10CF1010C013B8C4411F809
:106F4000012B03F8012F6145F9D170BD02F1FF3C1F
:106F500003469BE72246EBE7C36C70B505460C463B
:106F60004BB153F8240080B1026843F82420002379
:106F7000C0E9033370BD2122042101F03DFE034628
:106F8000E8640028EDD1002070BD012101FA04F66B
:106F9000721D9200284601F02FFE0028F3D0C0E9B0
:106FA0000146E4E731B1C36C4A6853F82200086037
:106FB00043F82210704700BFF0B50C69064683B055
:106FC0000D4601F1140E0020DEF800101FFA81FCBE
:106FD00002FB0C334FEA134C090C02FB01CC0130CD
:106FE0009BB203EB0C4384424EF8043B4FEA1C4334
:106FF000EADC3BB1AA68A24207DD05EB840201345A
:1070000053612C61284603B0F0BD696801930131DA
:107010003046FFF7A1FF019B0746B8B12A690193EB
:10702000023205F10C0192000C30FCF74BF9F26CC6
:107030006968019B52F82100286042F821503D46C2
:1070400005EB8402013453612C61DBE7024B0348FA
:107050003A46B52101F0B0FD34FA0210A4FA02104C
:10706000030C1B04D3B90004102310F07F4F04BF9E
:107070000002083310F0704F04BF0001043310F019
:10708000404F04BF80000233002805DB10F0804F22
:1070900003F1010308BF2023184670470023E4E7EB
:1070A000036813F00702014607D0DA071FD49807D8
:1070B00021D55B080B600120704798B2A0B1104643
:1070C000DAB20AB908301B0A1A0704BF1B090430D8
:1070D0009A0704BF9B080230DA0703D45B0800F16B
:1070E000010006D00B6070471B0C1020E8E7002061
:1070F0007047202070479B080B600220704700BF3C
:1071000038B5C36C04460D464BB15868B0B102683F
:107110005A6000220123C0E90435C26038BD212233
:10712000042101F069FD0346E0640028EDD1094B1C
:10713000094800224FF4A07101F03EFD1C220121FC
:10714000204601F059FD0028F1D001220223C0E9B8
:107150000123DEE734FA0210A4FA02102DE9F04F01
:107160000E691569AE4285B08846144605DB2A468D
:10717000234635460C4616469846A3686168AF1903
:10718000BB42B8BF0131FFF7E7FE0190002800F0D5
:107190008780019B03F1140909EB870AD14505D2C9
:1071A0004B46002243F8042B9A45FBD808F11408FB
:1071B00008EB860B04F11403D8451A4603EB85054A
:1071C0005FD22B1B153B23F0030304331534A54278
:1071D00038BF0423CDE902A7AC461F46924605E01E
:1071E000000C29D1C34509F1040948D958F8040B0A
:1071F00085B2002DF4D056464C46002356F8040BB9
:10720000216882B21FFA81FE05FB02EE000C0A0C17
:10721000734405FB002202EB13429BB243EA024394
:10722000B44544F8043B4FEA1243E7D849F8073025
:1072300058F8040C000CD5D0D9F800305446194643
:107240004D4600222688090C00FB06110A449BB219
:1072500043EA024345F8043B54F8046B2968360CB2
:107260008BB200FB063303EB1243A4454FEA1342F3
:10727000E8D8C34549F8073009F10409B6D8DDE973
:1072800002A7002F02DC05E0013F03D05AF8043DBD
:10729000002BF9D0019B18461F6105B0BDE8F08FA7
:1072A000034B0448019A40F25D1101F085FC00BFD8
:1072B00034FA0210A4FA021012F003032DE9F0418F
:1072C0001446064632D10D46A41020D0D6F8488088
:1072D000B8F1000F33D0E3074FF0000707D4641074
:1072E00015D0D8F80000A8B18046E307F7D542468C
:1072F00029463046FFF732FFB5B16968F36C641078
:1073000053F821202A6043F821500546E9D1284648
:10731000BDE8F081424641463046FFF71FFFC8F8FE
:10732000000007608046E0E70546D8E7013B0F4ACA
:1073300052F823200023FFF73FFE0546C4E7012152
:107340003046FFF709FE804640B1012340F271222A
:10735000C0E904320023B0640360BCE7044B054875
:1073600042464FF4A07101F027FC00BFF0FB021071
:1073700034FA0210A4FA02102DE9F0470C469046A8
:107380002669A368496806EB6216751C9D4207468C
:107390004FEA621904DD5B009D4201F10101FADC54
:1073A0003846FFF7D9FD8446002851D0B9F1000FC7
:1073B00000F114000EDD09F105024FEA820E0346CA
:1073C0000CEB8202002143F8041B9342FBD1AEF187
:1073D00014031844216904F1140318F01F0803EB87
:1073E00081012DD0C8F1200986464FF0000A1A68A5
:1073F00002FA08F242EA0A024EF8042B53F8042B70
:10740000994222FA09FAF2D80B1B153B23F0030329
:10741000043304F11502914238BF0423BAF1000F7E
:1074200018BF2E4640F803A0FB6C6268CCF81060D1
:1074300053F822102160604643F82240BDE8F087EF
:10744000043853F8042B40F8042F9942F9D8EBE79D
:10745000034B0448624640F2D91101F0ADFB00BF76
:1074600034FA0210A4FA02100B6984460069C01AAB
:1074700016D10CF1140C14310CEB830210B401EB97
:10748000830301E0944508D252F8044D53F8041DDB
:107490008C42F7D005D24FF0FF305DF8044B7047B7
:1074A000704701205DF8044B704700BF2DE9F84F8D
:1074B0000F691369FF1A002F0E4690467AD101F129
:1074C0001405143202EB830205EB830301E09D42B5
:1074D00073D253F8041D52F8044DA142F7D064D37F
:1074E0007168FFF739FD8146002872D03569D8F8F8
:1074F0001020C76008F1140E06F1140009F1140AF7
:1075000006F1100C0EEB820200EB850756460021B7
:107510005EF8044B5CF804BFA3B211FA8BF1CB1AEE
:10752000210CC1EB1B4101EB23419BB243EA014318
:10753000724546F8043B4FEA2141E9D8A2EB080422
:10754000153C08F11508424524F0030606F104062F
:1075500038BF0426304424F0030238BF002287429B
:107560005244B24416D95646044654F8043B11FA24
:1075700083F10A1402EB134289B241EA0243A742A3
:1075800046F8043B4FEA2241EFD87A1E101A20F049
:107590000302524423B952F8043D013D002BFAD0B6
:1075A000C9F810504846BDE8F88F334601274646D3
:1075B000984695E7F9DB002792E70021FFF7CCFC1E
:1075C000814668B101220023C9E904234846BDE889
:1075D000F88F074B07484A464FF4107101F0ECFA58
:1075E000034B04484A4640F2322101F0E5FA00BF5D
:1075F00034FA0210A4FA0210F0B5012183B0164645
:107600001F46FFF7A9FC054600284CD0C7F30A54D3
:10761000C7F313030CB143F48013002E019323D05E
:1076200068460096FFF73CFD0346002837D0019AD4
:10763000C0F1200102FA01F1C24000980192014319
:107640006961002A14BF02210121AA612961B4B134
:10765000089AA4F233441C441460099AC3F1350318
:107660002846136003B0F0BD01A8FFF719FD019B88
:107670000121C5E9041300F12003002CE8D105EB3A
:107680008102A3F232431069089A1360FFF7E8FC05
:10769000099BC0EB41101860284603B0F0BDDDE93E
:1076A00000126961CDE7034B03482A4640F20A31D4
:1076B00001F082FA34FA0210A4FA02102DE9F84F10
:1076C0001746002900F0988007F10B0580460C460C
:1076D000FBF7E4FE162D5DD810252A46AF425ED892
:1076E00054F8041C21F003069642A4F1080962DA5A
:1076F000BC4BD3F808C009EB0600844500F0978026
:10770000D0F804C02CF0010303445B68DB0768D4A5
:107710002CF0030C06EB0C03934247DACB0710D492
:1077200054F8083CA9EB030ADAF8043023F003010B
:107730008C44B444944580F211817318934280F2D2
:10774000E88039464046FBF70DFB0746E0B154F8A8
:10775000043C23F001034B44A0F10802934200F0E3
:10776000D280321F242A00F2F580132A00F2AC8066
:1077700003462246116819605168596092689A6000
:1077800021464046FEF7FEFF4046FBF78DFE384699
:10779000BDE8F88F25F00705002D2A469EDA0C2358
:1077A000C8F8003000273846BDE8F88F1E46D0E9FB
:1077B0000223D3609A60731B0F2B22D8D9F80430B0
:1077C00003F0010333434E44C9F80430736843F0B7
:1077D0000103736040462746FBF766FE3846BDE866
:1077E000F88FC907ADD454F8083CA9EB030ADAF8BE
:1077F000041021F00301A0E7BDE8F84F1146FBF7A4
:10780000B1BAD9F8041001F001012943C9F80410F4
:1078100009EB05014E4443F001034B60736843F0EC
:107820000103083173604046FEF7ACFFD2E7DCF895
:10783000040020F0030B06EB0B0C05F1100084454F
:107840004DDAC9073FF57DAF54F8081CA9EB010AD2
:10785000DAF8041021F003018B44B34458453FF794
:107860006CAF5746DAF80C1057F8080F321F242A6D
:10787000C160886000F2DB80132A40F2D680216864
:10788000CAF808106168CAF80C101B2A00F2DF80E1
:1078900008340AF110022168116061685160A16822
:1078A00091600AEB0501ABEB050242F00102996021
:1078B0004A60DAF8043003F001031D434046CAF879
:1078C0000450FBF7F1FD6EE72368036063684360D3
:1078D0001B2A68D804F1080200F108034AE709EB03
:1078E00005029A60ACEB050343F00103536054F8C2
:1078F000043C03F001031D43404644F8045CFBF7DD
:10790000D3FD27464FE750F8043C23F003031E4401
:1079100051E75746DAF80C1057F8080F321F242A9F
:10792000C16088604CD8132A48D92168CAF8081069
:107930006168CAF80C101B2A56D808340AF11002E4
:107940001E462368136063685360A3689360D14642
:107950003C4630E72146FFF783FA11E7D0E90213EE
:107960005746CB60996057F8081FDAF80C30CB60A7
:10797000321F242A99602DD8132A29D92368CAF8DE
:1079800008306368CAF80C301B2A42D808340AF160
:10799000100322681A6062685A60A2689A6066469C
:1079A000D1463C4607E7A3688360E368C360242AA6
:1079B00026D004F1100200F11003DBE63A46BFE7DF
:1079C000214638461E46D146FFF74AFA3C46F2E6C3
:1079D0003B46DEE7214638466646D146FFF740FA89
:1079E0003C46E8E698040020A168CAF81010E16857
:1079F000CAF81410242A20D010340AF118029FE784
:107A0000236903616169416104F1180200F11803FF
:107A1000B0E6A368CAF81030E368CAF81430242A24
:107A200021D010340AF11803B3E73A4633E7214670
:107A30003846FFF715FA164B33E72269CAF81820C3
:107A40006269CAF81C2018340AF1200278E7A1689C
:107A5000CAF81010E168CAF81410242A0DD01034A6
:107A60000AF1180217E72369CAF818306369CAF8DF
:107A70001C3018340AF120038BE72269CAF8182059
:107A80006269CAF81C2018340AF1200203E700BF1B
:107A900098040020DFF864C0F8B521F00043002707
:107AA000634504460D461646176022DC844653EAB9
:107AB0000C0C1ED0DFF848C001EA0C0C0A46BCF1E1
:107AC000000F09D10C4B002201F0E6FC6FF03507E6
:107AD00004460A4621F0004322F0FF421B1522F41F
:107AE000E002A3F2FE3342F07F553B4445F400151B
:107AF000336020462946F8BD00005043FFFFEF7F6A
:107B00000000F07F10B50C46B1F90E1001F01EFA1E
:107B1000002803DB236D0344236510BDA38923F4F0
:107B20008053A38110BD00BF2DE9F0410C46B1F98F
:107B30000C101F46CB05054616460BD421F4805188
:107B4000A1813B46B4F90E1032462846BDE8F0410B
:107B500000F0D6BFB4F90E100223002201F0CAF9DA
:107B6000B4F90C10EAE700BF10B50C46B1F90E10DD
:107B700001F0C0F9A389421C0EBF23F4805343F4E3
:107B800080532065A38110BDB1F90E1001F070B8CB
:107B900030B540EA0104A30701D1032A0FD8844677
:107BA00001F1FF3E07E01EF8011F03F8011B541E00
:107BB000C1B19C4622466346002AF4D130BD0B4633
:107BC0008446194653F8045BA5F1013424EA050400
:107BD00014F0803FE4D1043A032A4CF8045B1946C0
:107BE000EFD8DDE76244002CE8D003F8011B934294
:107BF000FBD130BD2DE9F84F4B6E9C0490462DD53E
:107C00009368126843B38B46064602F1080959E9A6
:107C1000025A5FEA9A0715D0043D002401E0A7420A
:107C20000ED055F8041F5A46304601F001F9431CA6
:107C300004F10104F3D10023C8E90133BDE8F88F52
:107C4000D8F808302AF0030AA3EB0A03C8F8083072
:107C500009F10809002BDAD10020ECE7FEF798FEC5
:107C60000023C8E90133BDE8F88F00BF10B4946861
:107C70001CB15DF8044BFFF7BDBF204654605DF8B2
:107C8000044B70472DE9F04F2DED028BBBB008EE91
:107C9000101A08EE900A1C461746039318B1836B1E
:107CA000002B00F09C8218EE102A536EDE0740F184
:107CB0009E81B2F90C108AB2900409D441F40052AA
:107CC00018EE101A4B6E8A8123F4005392B24B6661
:107CD000110740F1F88018EE103A1B69002B00F0F4
:107CE000F28002F01A030A2B00F0FE8011AB0E9313
:107CF0000023CDE90F33CDE9083306930DF1440994
:107D0000079302933B78002B00F05B813C4604E034
:107D100014F8013F002B00F03481252BF8D1E51B2E
:107D200040F031812378002B00F04B814FF00003AD
:107D300000258DF83330671C637801954FF0FF3BC9
:107D40002B240137A3F120025A2A00F26181DFE8D7
:107D500012F0AB025F015F01A7025F015F015F01EB
:107D60006A005F015F0149027E025F015402B902AD
:107D70005F01B5025B005B005B005B005B005B00CA
:107D80005B005B005B005F015F015F015F015F0102
:107D90005F015F015F015F01360284005F015F01E7
:107DA0005F015F015F015F015F015F015F015F01D3
:107DB000E5005F015F015F011A025F016C025F0174
:107DC0005F014C055F015F015F015F015F015F01C2
:107DD0005F015F015F015F01360286005F015F01A5
:107DE0005F016202860080005F0158025F01940219
:107DF000E700820280005F011A027E006C055F01CD
:107E00005F016E055F017E00A3F13002002117F8CB
:107E1000013B01EB810102EB4101A3F13002092A90
:107E2000F5D901918EE718EE900AFEF74DFF4368F1
:107E300008931846FBF7C4FB0990064618EE900A13
:107E4000FEF742FF83680793002E40F0A9843B7839
:107E500077E73B7845F0200573E745F01005AC0661
:107E6000039E40F18281073626F00706324673688A
:107E700052F8086B03929846002BC0F25984BBF16C
:107E8000FF3F00F03E8556EA080325F0800A00F027
:107E900034840A2E78F1000380F0EB84303601231D
:107EA0008DF8E760554600930DF1E704009A9DF8C0
:107EB00033305A45B8BF5A469046002B00F0B78081
:107EC00002F10108B3E018EE101A18EE900A18EE4D
:107ED000105AFDF7EBF9002840F0AC85AA8902F0B2
:107EE0001A030A2B7FF402AF18EE101AB1F90E3004
:107EF000002BFFF6FBAE4B6EDE0702D4950540F17A
:107F0000778518EE101A18EE900A23463A463BB0D1
:107F1000BDEC028BBDE8F04F00F0B2BD45F010059E
:107F200015F0200800F01281039E073626F00706A0
:107F30003346D6F8048053F8086B039325F4806A1F
:107F400000234FF000028DF83320BBF1FF3F00F01B
:107F5000D38156EA08022AF0800540F0CC81BBF1BB
:107F6000000F40F0D184002B40F0CC831AF00103C5
:107F7000009300F0FC8330238DF8E7300DF1E70427
:107F800094E7E51B1DD00F9B109A01332A44072B61
:107F9000C9E9007510920F9305DC09F10809029BED
:107FA0002B440293BEE6002A00F0A38318EE101AB9
:107FB00018EE900A0EAAFFF71DFE40B90DF1440914
:107FC000EDE7109B002B40F0248500230F9318EE63
:107FD000102A536ED90740F1AE8093895B0600F1F9
:107FE000328502983BB0BDEC028BBDE8F08FB2F950
:107FF0000C108D0518EE103A8AB23FF55DAE18EE02
:10800000105A986DFEF768FEB5F90C108AB253E667
:10801000002BD6D08DF884304FF001084FF00003CC
:108020008DF83330CDF8008021AC4FF0000B15F007
:108030000203049318BF08F1020815F084030593A6
:1080400005D1019BA3EB0806002E00F37F82DDE93A
:108050000F21501C9DF833608EB10DF133020131B8
:10806000C9F8002007284FF00102CDE90F01C9F837
:10807000042000F34C82024609F108090130049BF8
:10808000EBB10DAB0231C9F8003007284FF0020305
:10809000CDE90F01C9F8043040F35382002900F004
:1080A000238318EE101A18EE900A0EAAFFF7A2FD0D
:1080B00000288CD1DDE90F210DF14409501C059BEE
:1080C000802B00F05A81009BABEB0306002E00F3DF
:1080D000BD81009BC9F8004019440728CDE90F0174
:1080E000C9F8043040F34681002900F0898218EE77
:1080F000101A18EE900A0EAAFFF77CFD00287FF4F4
:1081000066AF10990DF14409680705D5019BA3EBF3
:108110000804002C00F37E82DDE901234245ACBF58
:108120009B1843440293002940F0E08100230F9301
:108130000DF14409E6E593899A053FF54FAF18EE36
:10814000104AA06DFEF7CAFDA38947E715F010039A
:1081500040F03E8315F0400200F0FD83039A52F890
:10816000046B03929846B6B2E8E656F8043B0396D1
:10817000E80600F10883690640F1028343F3C03842
:108180001EB2434678E6039E56F8044B4FF00003B8
:108190008DF83330002C00F0C583BBF1FF3F00F0B9
:1081A00049835A4600212046FEF70AFE002800F0C7
:1081B0002484031B009303964FF0000B76E6039E86
:1081C0004FF000038DF833304FF0010856F8043BB0
:1081D0008DF884300396CDF8008021AC25E7FEF7BA
:1081E000D9F960E5039B53F8042B0192002A80F231
:1081F000BA82019A0393524201923B7845F00405FA
:108200009FE53B786C2B03BF7B7845F02005013759
:1082100045F0100595E53B78682B03BF7B7845F466
:108220000075013745F040058BE545F0100A1AF05E
:10823000200800F06E82039E073626F007063346BC
:10824000D6F8048053F8086B0393012379E63B7852
:108250008DF8334075E5039B53F8046B039330238B
:108260008DF8343078238DF83530C24B069345F0C5
:10827000020A4FF00008022363E6AE0600F19E8278
:10828000EC0600F14783680600F1A483A90540F1DC
:108290004183039E029A56F8043B03961A7031E517
:1082A0003B7845F001054CE59DF83330002B7FF419
:1082B000CEAD20238DF833303B7842E53B7845F056
:1082C00080053EE5394611F8013B2A2B00F0C483B6
:1082D000A3F13002092A0F464FF0000B3FF632ADF2
:1082E00017F8013B0BEB8B0B02EB4B0BA3F13002AE
:1082F000092AF5D926E5AA46012B3FF4CAAD022B7F
:108300003AAC12D1069A06F00F033609D35C04F892
:10831000013D46EA08764FEA181856EA0803F2D1FA
:108320003AAB1B1B55460093C0E506F00703F60861
:1083300046EA48764FEAD808303356EA0801224622
:1083400004F8013DF1D11AF0010FE9D0302BE7D04C
:108350003023023A04F8013C3AAB9B1A554600938D
:108360001446A3E5009911940123129110910F93E3
:108370000DF1440909F10809C6E6019BA3EB0806C3
:10838000002E7FF7A0AE102E40F36283DFF8E8A145
:108390005346CDE90445BA4618EE904A18EE105AF5
:1083A000084696461F4607E00EF1020C09F108093F
:1083B0009646103E102E1FDD0EF1010210301023E4
:1083C000072ACDE90F20C9F80070C9F80430EBDDA9
:1083D0000EAA002800F09580294620460DF1440998
:1083E000FFF708FC00287FF4F2ADDDE90FE0103E56
:1083F000102E0EF1010CDFDCDDE904453B460146A1
:1084000057469A463144BCF1070FCDE90FC1C9F870
:1084100000A0C9F8046040F3AD81002900F0CA82D1
:1084200018EE101A18EE900A0EAAFFF7E3FB0028C8
:108430007FF4CDAD009BDDE90F21ABEB0306002EF1
:1084400002F101000DF144097FF743AE102EDFF871
:1084500028A137DD5346CDE90445BA4618EE904AC7
:1084600018EE105A4FF0100B084694461F4607E0CE
:108470000CF1020E09F108099446103E102E1ADD87
:108480000CF101021030072AC9E9007BCDE90F2069
:10849000EEDD0EAA20B3294620460DF14409FFF770
:1084A000A9FB00287FF493ADDDE90FC0103E102E2C
:1084B0000CF1010EE4DCDDE904453B46014657467C
:1084C00070469A4631440728CDE90F01C9F800A04B
:1084D000C9F8046000F3F28009F108090130F8E5F9
:1084E0004FF0010E84460DF14409C6E718EE101A4C
:1084F00018EE900A0EAAFFF77DFB00283FF416AE97
:1085000065E54FF0010C86460DF1440951E700295D
:1085100000F0E78018EE101A18EE900A0EAAFFF786
:1085200069FB00287FF453ADDDE90F210DF144090B
:10853000501CA4E502210DAB1291119301200DF105
:108540004409024609F10809501CB8E5102E40F311
:108550005A82DDE90FC1DFF824A0CDF828B00B95D1
:10856000A34618EE105A5446102318EE90AA084657
:108570000EE000BFD0F902100CFC0210FCFB021050
:108580000CF1020E09F108099446103E102E1CDD74
:108590000CF101021030072AC9E90043CDE90F2090
:1085A000EEDD0EAA30B3294650460DF14409FFF71F
:1085B00021FB00287FF40BADDDE90FC0103E102E2B
:1085C0000CF1010E4FF01003E2DCA2460B9D5C465D
:1085D000DDF828B0014672463144072ACDE90F2163
:1085E000C9F800A0C9F8046000F3AB8009F10809DC
:1085F000501C2FE584464FF0010E0DF14409C4E7ED
:108600006C070F9152D5019BA3EB0804002C4DDDA4
:108610000DF14409102C40F30882DFF85CA40F9A96
:108620000B46BB464946574618EE109A18EE90AADC
:10863000102505E0901C08313246103C102C18DD46
:10864000561C1033072EC1E90075CDE90F63F1DD2B
:108650000EAA3BB349465046FFF7CCFA00287FF4F8
:10866000B6ACDDE90F23103C102C02F1010011A97A
:10867000E6DC8946BA4619465F4621440728C9E91F
:1086800000A4CDE90F017FF747AD79B118EE101ABC
:1086900018EE900A0EAAFFF7ADFA00287FF497AC07
:1086A000109939E501201A4611A9C6E7DDE9012331
:1086B0004245ACBF9B184344029337E500293FF481
:1086C00051AE18EE101A18EE900A0EAAFFF792FAA1
:1086D00000287FF47CAC0F98109901300DF144090B
:1086E000F7E4049B002B79D101200A460DF14409DF
:1086F000E5E40F920DF1440951E4BBF1000F7FF462
:10870000CDAB55464FF0000BCDF800B03AACFFF7BB
:10871000CDBB1AF010033CD11AF0400200F00C81DE
:10872000039A52F8046B03929846B6B2012308E408
:108730002D2376428DF8333068EB4808AA46012392
:1087400003E400297FD018EE101A18EE900A0EAA42
:10875000FFF750FA00287FF43AACDDE90F210DF164
:108760004409501C76E403933B78FFF7EABA3AAC2D
:10877000FFF79CBB09F108090CF101006246A2E475
:10878000AA0500F12F814FEAE3781E464346FFF722
:1087900073BB039B53F8046B03930123FFF7D1BB17
:1087A000079B002B3FF453AB079B1B78002B3FF438
:1087B0004EAB3B7845F48065FFF7C3BADDE902169E
:1087C00056F8042B0396CB17C2E90013FFF79ABAA9
:1087D000039B53F8046B0393FFF7B0BB02210DAB6F
:1087E000129111930DF14409ACE6A04A069215F0DE
:1087F000200836D0039E073626F007063246D6F804
:10880000048052F8086B0392EA0709D556EA080279
:1088100006D08DF83530302345F002058DF8343020
:1088200025F4806A0223FFF78CBBAA46FFE4904A36
:108830000692DCE720460396FAF7C2FE4FF0000BE3
:108840000090FFF733BB9DF83320002A00F0B8807A
:1088500001200DF13302129011920DF144090146ED
:1088600009E415F0100242D0039A52F8046B039207
:10887000CAE70AF48063CDF800B0CDF81090BB468B
:10888000DDF81C9000253AAC1F4609E03046414611
:1088900001F0DAF80A2E78F100031BD30646884669
:1088A000304641460A22002301F0CEF8114630310D
:1088B00004F8011C0A220023013C0135002FE5D0F9
:1088C00099F80010A942E1D1FF2DDFD00A2E78F1EE
:1088D00000035BD23AAB1B1BCDF81C905F46DDF862
:1088E0001090DDF800B000935546FFF7DFBA15F0A1
:1088F00040013ED0039951F8046B03919046B6B203
:1089000082E7AA46FFF7C5BA012BAA467FF4F7AC67
:10891000FFF7C4BA039E029A56F8043B1A60039606
:10892000FFF7F0B95B46062B28BF0623514C009396
:1089300003969846FFF779BB039B1AF4007814BF9F
:1089400053F8046B53F8046B03931CBF9046F6B2C4
:108950000123FFF7F6BA039B15F4007814BF53F810
:10896000046B53F8046B03931CBF9046F6B2FFF7F9
:10897000E5BA039A15F4007814BF52F8046B52F864
:10898000046B03921CBF8846F6B23DE7099B089929
:10899000E41A1A462046FFF7FBF899F801300BB1AC
:1089A00009F10109304641460A220023002501F061
:1089B0004BF873E701200A460DF14409FFF783BB2A
:1089C000049B002B7FF4B6AD0A4601200DF144094B
:1089D000FFF779BB039E029A56F8043B03961A8070
:1089E000FFF790B943F3C0185EB24346FFF744BAAD
:1089F000886DFEF773F9FFF784BACDF800B00396DF
:108A00008346FFF753BA0F9A1099DFF86CA0013232
:108A1000E2E518EE101A18EE900A0EAAFFF7EAF82F
:108A200000283FF4D2AAFFF7D2BA0F98DFF848A087
:108A3000013022E66B6EDB0705D4AB899F0502D4BB
:108A4000A86DFEF74BF94FF0FF330293FFF7C9BA59
:108A5000DFF828A08446D5E4039A7B780F4652F8C5
:108A6000041B039241EAE17BFFF76BB9E4F90210C2
:108A7000D0F90210F8F90210FCFB02100CFC0210F5
:108A800070B50C468989ADF58E6D21F00201ADF807
:108A90001410616E1B91E189ADF81610E16909911E
:108AA000616A0B911CA9029106914FF48061064600
:108AB0000491079118A80021CDE900320891FEF732
:108AC00007F9DDE9003202A93046FFF7DBF8051EA1
:108AD00007DB02A93046FDF729FD002818BF4FF03B
:108AE000FF35BDF814305B0603D5A38943F040037E
:108AF000A3811898FEF7EEF828460DF58E6D70BD2F
:108B000038B50C46084D8446114620461A460023C7
:108B10002B606446F8F76AFE431C00D038BD2B6812
:108B2000002BFBD0236038BD2C2000202DE9F0471E
:108B3000DFF880A00646DAF8000098460F46914616
:108B4000FEF7CAF81A4B1B68D3F8484124B365688E
:108B50001F2D26DC5EB96B1C0235DAF8000063605D
:108B600044F82570FEF7BAF80020BDE8F08704EB62
:108B700085010123C1F88890D4F88821AB401A43BD
:108B8000022EC4F88821C1F80881E4D1D4F88C21E0
:108B90001343C4F88C31DEE703F5A674C3F84841EB
:108BA000D5E7DAF80000FEF799F84FF0FF30DCE780
:108BB000B8F90210A808002000B50B4C256814462F
:108BC000EE681A4685B003460D464CB1074900953C
:108BD000CDE901143046064900F0C2F800F050FA21
:108BE00004490C46F3E700BF680000201CFC02109B
:108BF0002CFC021024F7021038B5A1FB02148CBB28
:108C0000FAF7B0F80546E0B150F8042C22F0030260
:108C1000043A242A17D8132A1AD91B2AC0E9004477
:108C20001DD9242A14BF00F1100200F118024FF0E0
:108C30000003C0E9024404BF04614461C2E9003397
:108C40009360284638BD2146FAF7D6FB284638BD42
:108C500002460023C2E900339360284638BD00F184
:108C60000802F6E7FAF74CF80C2300250360E8E762
:108C700038B5074D0022044608462A60F8F77EFD05
:108C8000431C00D038BD2B68002BFBD0236038BDBF
:108C90002C20002070B500294BD006460C4610B1A0
:108CA000836B002B48D0636ED80734D5B4F90C30F1
:108CB000002B3ED021463046FDF7A0FBE36A054677
:108CC00033B1E169304698470028B8BF4FF0FF350F
:108CD000A3891A063BD4216B41B104F140039942A8
:108CE00002D03046FDF74EFD00232363616C21B1B5
:108CF0003046FDF747FD00236364FDF7D1FC636E4A
:108D00000022DB07A28127D5A06DFDF7E3FFFDF769
:108D1000CDFC284670BDA3899905CBD4A06DFDF785
:108D2000DBFFB4F90C30002BC4D1656E15F00105E2
:108D300008D00025284670BDFDF72CFC636ED807CF
:108D4000B4D4E8E7A06DFDF7C9FF284670BD2169DE
:108D50003046FDF717FDBEE7A06DFDF7BFFFD3E777
:108D60000EB410B583B005AB064C53F8042B019339
:108D700001462068FEF786FF03B0BDE8104003B04F
:108D8000704700BF680000202DE9F04782B082469E
:108D90008846144600F0A8F8012803D108F1FF33F3
:108DA000FE2B36D9424604F15C0301A9504600F07F
:108DB0003BF9421C064632D030B39DF804C00DF199
:108DC0000509002509E023685A1C226083F800C0C9
:108DD0000135B54218D219F801CBA368013B002B2D
:108DE000A360F0DAA769BB4261462246504602DB27
:108DF000BCF10A0FE7D100F0BFF8431CE8D10646EA
:108E0000304602B0BDE8F0874646304602B0BDE8C5
:108E1000F0875FFA88FC8DF804C00646CFE7A38987
:108E2000304643F04003A38102B0BDE8F08700BFA5
:108E300030B5536E13F0010FB2F90C30144683B005
:108E400005469AB201D198051CD5900406D4626EED
:108E500043F4005342F40052A3816266224628463E
:108E6000FFF792FF636EDA07054602D4A3899B05DC
:108E700002D5284603B030BDA06DFDF72FFF284670
:108E800003B030BDA06D0191FDF726FFB4F90C30A1
:108E900001999AB2D9E700BF70B50C46084D034658
:108EA0000026204611461C462E60F8F773FC431C32
:108EB00000D070BD2B68002BFBD0236070BD00BFBD
:108EC0002C20002038B5074D0022044608462A60B1
:108ED000F8F758FC431C00D038BD2B68002BFBD0A2
:108EE000236038BD2C200020014B93F828017047E7
:108EF000AC08002038B50C46084D84461146204683
:108F00001A4600232B606446F8F740FC431C00D04F
:108F100038BD2B68002BFBD0236038BD2C200020EF
:108F200082B049B15AB16BB113780B601278101E40
:108F300018BF012002B0704701A9002AF3D11046E2
:108F400002B070476FF00100F4E700BF38B50C467F
:108F5000084D8446114620461A4600232B6064467D
:108F6000F8F71CFC431C00D038BD2B68002BFBD04D
:108F7000236038BD2C200020F8B50D461446064667
:108F800010B1836B002B43D0B4F90C20A369A3600C
:108F9000170790B21BD52369CBB1EDB281042F46E0
:108FA00022D522686169D31A994229DD0133A1686B
:108FB0000139A160511C2160157062699A422AD062
:108FC000A389DB0701D50A2D25D03846F8BD2146F7
:108FD0003046FCF76BF920BBB4F90C20236990B242
:108FE000EDB281042F46DCD442F40052A281626EBD
:108FF000616922F4005262662268D31A9942D5DC74
:1090000021463046FDF792FA58B922680123CEE78F
:10901000FDF7C0FAB8E721463046FDF787FA002889
:10902000D3D04FF0FF37D0E770B5054684B01C466B
:1090300039B10B4ED6F8E060B047431C09D004B0FC
:1090400070BD0A460649D1F8E06001A9B047431C4B
:10905000F5D100228A2322602B6004B070BD00BFCE
:10906000AC08002049B1FF2A02D80A7001207047DD
:109070008A2303604FF0FF3070470846704700BFF7
:1090800008B5062000F004F8012000F047F800BF02
:1090900038B5154B1F281D6820D8D5F8DC220446AA
:1090A00062B152F820304BB1012B15D0591C0FD0B2
:1090B000002542F820509847284638BD284600F041
:1090C0002BF8224601462846BDE8384000F00EB88D
:1090D00016232B60012038BD002038BD16232B60DD
:1090E0004FF0FF3038BD00BF6800002070B50C465F
:1090F000084D03460026204611461C462E60F8F710
:1091000057FD431C00D070BD2B68002BFBD02360A3
:1091100070BD00BF2C200020F8F746BDFEE700BF61
:1091200081F0004102E000BF83F0004330B54FEA18
:1091300041044FEA430594EA050F08BF90EA020F85
:109140001FBF54EA000C55EA020C7FEA645C7FEA18
:10915000655C00F0E2804FEA5454D4EB5555B8BF3B
:109160006D420CDD2C4480EA020281EA030382EAAC
:10917000000083EA010180EA020281EA0303362D3E
:1091800088BF30BD11F0004F4FEA01314FF4801C11
:109190004CEA113102D0404261EB410113F0004F23
:1091A0004FEA03334CEA133302D0524263EB4303DA
:1091B00094EA050F00F0A780A4F10104D5F1200E78
:1091C0000DDB02FA0EFC22FA05F2801841F10001D3
:1091D00003FA0EF2801843FA05F359410EE0A5F1A7
:1091E00020050EF1200E012A03FA0EFC28BF4CF0D8
:1091F000020C43FA05F3C01851EBE37101F000458E
:1092000007D54FF0000EDCF1000C7EEB00006EEB9A
:109210000101B1F5801F1BD3B1F5001F0CD3490824
:109220005FEA30004FEA3C0C04F101044FEA44527B
:1092300012F5800F80F09A80BCF1004F08BF5FEA02
:10924000500C50F1000041EB045141EA050130BDE2
:109250005FEA4C0C404141EB0101013C28BFB1F5F4
:10926000801FE9D291F0000F04BF01460020B1FA3F
:1092700081F308BF2033A3F10B03B3F120020CDA12
:109280000C3208DD02F1140CC2F10C0201FA0CF0F0
:1092900021FA02F10CE002F11402D8BFC2F1200C55
:1092A00001FA02F120FA0CFCDCBF41EA0C0190400B
:1092B000E41AA2BF01EB0451294330BD6FEA040454
:1092C0001F3C1CDA0C340EDC04F11404C4F120023F
:1092D00020FA04F001FA02F340EA030021FA04F351
:1092E00045EA030130BDC4F10C04C4F1200220FAA8
:1092F00002F001FA04F340EA0300294630BD21FAE6
:1093000004F0294630BD94F0000F83F4801306BFAB
:1093100081F480110134013D4EE77FEA645C18BF9F
:109320007FEA655C29D094EA050F08BF90EA020F36
:1093300005D054EA000C04BF1946104630BD91EA2E
:10934000030F1EBF0021002030BD5FEA545C05D131
:109350004000494128BF41F0004130BD14F5800470
:109360003CBF01F5801130BD01F0004545F0FE41E4
:1093700041F470014FF0000030BD7FEA645C1ABF19
:10938000194610467FEA655C1CBF0B46024650EA50
:10939000013406BF52EA033591EA030F41F400217C
:1093A00030BD00BF90F0000F04BF0021704730B502
:1093B0004FF4806404F132044FF000054FF00001D7
:1093C00050E700BF90F0000F04BF0021704730B598
:1093D0004FF4806404F1320410F0004548BF40426D
:1093E0004FF000013EE700BF42004FEAE2014FEAC2
:1093F00031014FEA02701FBF12F07F4393F07F4F9D
:1094000081F06051704732F07F4208BF704793F09F
:109410007F4F04BF41F40021704730B54FF46074B2
:1094200001F0004521F000411CE700BF50EA0102B5
:1094300008BF704730B54FF000050AE050EA01025E
:1094400008BF704730B511F0004502D5404261EBCE
:1094500041014FF4806404F132045FEA915C3FF40F
:10946000D8AE4FF003025FEADC0C18BF03325FEAAC
:10947000DC0C18BF033202EBDC02C2F1200300FA5D
:1094800003FC20FA02F001FA03FE40EA0E0021FA82
:1094900002F11444BDE600BF70B54FF0FF0C4CF470
:1094A000E06C1CEA11541DBF1CEA135594EA0C0F22
:1094B00095EA0C0F00F0DEF82C4481EA030621EA5D
:1094C0004C5123EA4C5350EA013518BF52EA033598
:1094D00041F4801143F4801338D0A0FB02CE4FF04A
:1094E0000005E1FB02E506F00042E0FB03E54FF07A
:1094F0000006E1FB03569CF0000F18BF4EF0010E72
:10950000A4F1FF04B6F5007F64F5407404D25FEA6D
:109510004E0E6D4146EB060642EAC62141EA555120
:109520004FEAC52040EA5E504FEACE2EB4F1FD0C62
:1095300088BFBCF5E06F1ED8BEF1004F08BF5FEAE0
:10954000500E50F1000041EB045170BD06F0004692
:1095500046EA010140EA020081EA0301B4EB5C043F
:10956000C2BFD4EB0C0541EA045170BD41F4801137
:109570004FF0000E013C00F3AB8014F1360FDEBF5C
:10958000002001F0004170BDC4F10004203C35DA38
:109590000C341BDC04F11404C4F1200500FA05F3BB
:1095A00020FA04F001FA05F240EA020001F000425C
:1095B00021F0004110EBD37021FA04F642EB0601D2
:1095C0005EEA430E08BF20EAD37070BDC4F10C04FC
:1095D000C4F1200500FA04F320FA05F001FA04F2C0
:1095E00040EA020001F0004110EBD37041F10001AC
:1095F0005EEA430E08BF20EAD37070BDC4F12005B7
:1096000000FA05F24EEA020E20FA04F301FA05F21E
:1096100043EA020321FA04F001F0004121FA04F2C6
:1096200020EA020000EBD3705EEA430E08BF20EA96
:10963000D37070BD94F0000F0FD101F000464000D0
:1096400041EB010111F4801F08BF013CF7D041EA52
:10965000060195F0000F18BF704703F00046520056
:1096600043EB030313F4801F08BF013DF7D043EA27
:109670000603704794EA0C0F0CEA135518BF95EADD
:109680000C0F0CD050EA410618BF52EA4306D1D164
:1096900081EA030101F000414FF0000070BD50EA83
:1096A000410606BF1046194652EA430619D094EA0D
:1096B0000C0F02D150EA013613D195EA0C0F05D1F7
:1096C00052EA03361CBF104619460AD181EA03014B
:1096D00001F0004141F0FE4141F470014FF0000003
:1096E00070BD41F0FE4141F4780170BD70B54FF09E
:1096F000FF0C4CF4E06C1CEA11541DBF1CEA13551E
:1097000094EA0C0F95EA0C0F00F0A7F8A4EB0504FF
:1097100081EA030E52EA03354FEA013100F08880F6
:109720004FEA03334FF0805545EA131343EA1263BF
:109730004FEA022245EA111545EA10654FEA002674
:109740000EF000419D4208BF964244F1FD0404F52D
:10975000407402D25B084FEA3202B61A65EB030589
:109760005B084FEA32024FF480104FF4002CB6EB46
:10977000020E75EB030E22BFB61A754640EA0C00C6
:109780005B084FEA3202B6EB020E75EB030E22BF06
:10979000B61A754640EA5C005B084FEA3202B6EB47
:1097A000020E75EB030E22BFB61A754640EA9C0006
:1097B0005B084FEA3202B6EB020E75EB030E22BFD6
:1097C000B61A754640EADC0055EA060E18D04FEA94
:1097D000051545EA16754FEA06164FEAC30343EA34
:1097E00052734FEAC2025FEA1C1CC0D111F4801F01
:1097F0000BD141EA00014FF000004FF0004CB6E7FA
:1098000011F4801F04BF01430020B4F1FD0C88BF98
:10981000BCF5E06F3FF6AFAEB5EB030C04BFB6EBA3
:10982000020C5FEA500C50F1000041EB045170BD96
:109830000EF0004E4EEA113114EB5C04C2BFD4EBC3
:109840000C0541EA045170BD41F480114FF0000E47
:10985000013C90E645EA060E8DE60CEA135594EAC3
:109860000C0F08BF95EA0C0F3FF43BAF94EA0C0FC6
:109870000AD150EA01347FF434AF95EA0C0F7FF43B
:1098800025AF104619462CE795EA0C0F06D152EA8F
:1098900003353FF4FDAE1046194622E750EA410673
:1098A00018BF52EA43067FF4C5AE50EA41047FF484
:1098B0000DAF52EA43057FF4EBAE12E74FF0FF3CE9
:1098C00006E000BF4FF0010C02E000BF4FF0010CBA
:1098D0004DF804CD4FEA410C7FEA6C5C4FEA430C33
:1098E00018BF7FEA6C5C1BD001B050EA410C0CBF82
:1098F00052EA430C91EA030F02BF90EA020F0020E4
:10990000704710F1000F91EA030F58BF994208BF4A
:1099100090422CBFD8176FEAE37040F00100704707
:109920004FEA410C7FEA6C5C02D150EA013C07D15E
:109930004FEA430C7FEA6C5CD6D152EA033CD3D0A9
:109940005DF8040B704700BF8446104662468C46A3
:109950001946634600E000BF01B5FFF7B7FF0028D6
:1099600048BF10F1000F01BD4DF808EDFFF7F4FFFF
:109970000CBF012000205DF808FB00BF4DF808ED8A
:10998000FFF7EAFF34BF012000205DF808FB00BFAD
:109990004DF808EDFFF7E0FF94BF012000205DF8CF
:1099A00008FB00BF4DF808EDFFF7CEFF94BF012084
:1099B00000205DF808FB00BF4DF808EDFFF7C4FF7D
:1099C00034BF012000205DF808FB00BF4FEA410CC6
:1099D0007FEA6C5C02D150EA013C0AD14FEA430CA9
:1099E0007FEA6C5C02D152EA033C02D14FF00000E6
:1099F00070474FF0010070474FEA410212F5001224
:109A000015D211D56FF47873B3EB625212D94FEAC5
:109A1000C12343F0004343EA505311F0004F23FAAF
:109A200002F018BF404270474FF00000704750EA04
:109A3000013005D111F0004008BF6FF000407047C1
:109A40004FF00000704700BF53B94AB9002908BF62
:109A500000281CBF4FF0FF314FF0FF3000F074B909
:109A6000ADF1080C6DE904CE00F006F8DDF804E075
:109A7000DDE9022304B070472DE9F047089D044654
:109A80008E46002B4DD18A42944669D9B2FA82F2B1
:109A900052B101FA02F3C2F1200120FA01F10CFAED
:109AA00002FC41EA030E94404FEA1C48210CBEFB25
:109AB000F8F61FFA8CF708FB16E341EA034306FBAE
:109AC00007F199420AD91CEB030306F1FF3080F03D
:109AD0001F81994240F21C81023E63445B1AA4B28A
:109AE000B3FBF8F008FB103344EA034400FB07F72C
:109AF000A7420AD91CEB040400F1FF3380F00A816D
:109B0000A74240F207816444023840EA0640E41B61
:109B100000261DB1D4400023C5E900433146BDE80D
:109B2000F0878B4209D9002D00F0EF800026C5E9AF
:109B3000000130463146BDE8F087B3FA83F6002EC7
:109B40004AD18B4202D3824200F2F980841A61EB3F
:109B5000030301209E46002DE0D0C5E9004EDDE75D
:109B600002B9FFDEB2FA82F2002A40F09280A1EB45
:109B70000C014FEA1C471FFA8CFE0126200CB1FB9A
:109B8000F7F307FB131140EA01410EFB03F0884293
:109B900008D91CEB010103F1FF3802D2884200F220
:109BA000CB804346091AA4B2B1FBF7F007FB1011B2
:109BB00044EA01440EFB00FEA64508D91CEB040450
:109BC00000F1FF3102D2A64500F2BB800846A4EBAB
:109BD0000E0440EA03409CE7C6F12007B34022FA96
:109BE00007FC4CEA030C20FA07F401FA06F31C43C5
:109BF000F9404FEA1C4900FA06F3B1FBF9F8200CD2
:109C00001FFA8CFE09FB181140EA014108FB0EF017
:109C1000884202FA06F20BD91CEB010108F1FF3A67
:109C200080F08880884240F28580A8F10208614473
:109C3000091AA4B2B1FBF9F009FB101144EA014181
:109C400000FB0EFE8E4508D91CEB010100F1FF342C
:109C50006CD28E456AD90238614440EA0840A0FBC4
:109C60000294A1EB0E01A142C846A64656D353D09A
:109C70005DB1B3EB080261EB0E0101FA07F722FABE
:109C800006F3F1401F43C5E9007100263146BDE8E7
:109C9000F087C2F12003D8400CFA02FC21FA03F34A
:109CA000914001434FEA1C471FFA8CFEB3FBF7F0CB
:109CB00007FB10360B0C43EA064300FB0EF69E42F0
:109CC00004FA02F408D91CEB030300F1FF382FD289
:109CD0009E422DD9023863449B1B89B2B3FBF7F631
:109CE00007FB163341EA034106FB0EF38B4208D90A
:109CF0001CEB010106F1FF3816D28B4214D9023E4B
:109D00006144C91A46EA004638E72E46284605E768
:109D10000646E3E61846F8E64B45A9D2B9EB020839
:109D200064EB0C0E0138A3E74646EAE7204694E7C9
:109D30004046D1E7D0467BE7023B614432E73046FC
:109D400009E76444023842E7704700BFFB00FAFCB1
:109D5000FEFFFBFCFDFBFAF8FCF8FCFBFCFFFAFB4A
:109D6000F5FBFDFBFCFCFBF9FEF8F9FAFDFCFCFE43
:109D7000FDFFF8F9F8FAFEFCFCFCF9F7FCFCFDFB32
:109D8000FCFCFDFEFEF7FEFCF7FCFBFAFCFCFBFB1B
:109D9000FCF9FAF7FC00FBFDFBFEFBFCFEF6FEFD0A
:109DA000FEF6F8FFFBFAFBFFFCFDFEFDFAF7FCFCFC
:109DB000FAFAFDFCFDFCF9FEFEFEF8FDFCFCFBF9E9
:109DC000FDFFFCFCFCFDFCFDFDFBFCFF030301FAB9
:109DD000FBFC02FE050002FE0503050400FF05FF73
:109DE000FEF6FAFAFE01FE0AFA070404FBFAF8018D
:109DF0000001FE04FBFDFC0000FC0101020002FE6C
:109E000004FDFEFAFFFF02000001F8FA00FF020164
:109E1000FFFE000201FF00000201010001FFFFFD43
:109E200000000002FF00000000FFFF01FF01000032
:109E30000101010000FF01FF00FEFFFF0001FF0024
:109E400000000202FFFF00FFFE010001FCFBFBFB24
:109E5000FA00FCFBFEF7FBFDFCFFFBFAFCFBFDFC44
:109E6000FEFCFA00F9FEF7FBFDFDFAFDFCFCFCF937
:109E7000FCFAFDFBFDFEF6FCFCFCFDF8FCFCFDF92C
:109E8000FCFDFCFDFAFCF9FCFCFCFAFEFEFEFDFC10
:109E9000FBFEFBFBFBFEF9FAFAFCFBFBFDFDF8FD0C
:109EA000FAFDFEFAFCFDFCFCF4FFFCFDFCF9FAFBFC
:109EB000FAFCFBFAFCFBFFFDFAFBFDFAFDFAF9FEEA
:109EC000F9FDFCFAFAFAFAFDFAFDFCFFFFFFFFFFCD
:109ED000000000FFFF00FF0000FFFFFF000000FF89
:109EE000FF00FF0000FFFF00FF0000FF0000000078
:109EF000FF000000FF00FF0000FF00FFFFFF00FF6A
:109F000000000000FFFF0000FFFFFFFF000000FF58
:109F1000FF0000FF00FF00FFFF00FF0000FF000048
:109F2000000000FF00000000000000FFFFFFFF0036
:109F3000FF00FFFF0000FF00FF00FF000000FFFF29
:109F4000FF0000000000FFFF00FF00FFFB00FEFF1E
:109F5000FDFDFDFAFAFDFDF8FBFAFEFDF8FAFFF94A
:109F6000FDFBFFF8FDFDF9FCFFFDFBFD00F9F9FE2F
:109F7000F8F7FEFCFCF7FBFAFFFCF9FBF8FFF9F53C
:109F8000F9FCFCFEFCFAFDFCFAFDFBF9FCFEF8F71F
:109F9000FDFEFDFBFCFEFBFDFDF9F9FDFCFBFBFC02
:109FA000F9F9FDFCFDFAFEFB00FCFDFCFAF900FAF4
:109FB000FFFCFDF8FEFBF8FCFBF8FBFEFDFCF8FBEC
:109FC000FDFEFCFDFDFDFAFBF7FBFCFC0102FE00C3
:109FD0000000FFFF00010100020000020001FFFF7E
:109FE000010100FE02FF00FEFF0200FD01FF02FF73
:109FF000000001FF01010101010101FE00FFFEFF60
:10A0000001FF0100FF010001020100FFFFFE02024B
:10A010000100000205FF01FFFC00030001FC01003C
:10A02000FD02FF01FF00FE02FF0000FFFF02FEFF36
:10A03000FDFE0002FCFDFFFFFEFE0003000502FE28
:10A04000FB0305020400FF01000301021ADE0223E4
:10A05000DCFA17DC07DAD8F4D2E72017EA130FDFAF
:10A0600007DC03DB10F819ED04FFD5DDEDD5121880
:10A07000FA0B220216161803DC15EE170F02F02851
:10A0800002DDE4DBE0E61FF523FDFEE1050405FB50
:10A0900000000403FEFF040103FB03FEFEFFFAFAC7
:10A0A000000201FDFD03FE0304FF00FE00FCFEFEB6
:10A0B000FD03F903FBFB000000FE02FB00FD02FCB8
:10A0C000FBFDFEFAFB04FB02FDFCFCFB00FFFF00B6
:10A0D000000000FF0000FF000000FFFFFFFF000086
:10A0E000FF00FFFF00FFFF00FF000000FFFFFFFF7A
:10A0F000FF0000000000FF00FFFFFFFFFF0000FF68
:10A1000000FFFFFF000000000000FF00FFFF000055
:10A11000FF00FFFF00000000000018506601000073
:10A12000FDFE0204FFFE040205FF0400FF0401041B
:10A130000101FE01FB0200FF0003FC0001FDFB002A
:10A14000FE02FFFFFD0001FE0303FF01FEFFFCFC1A
:10A150000102FF01FE01000300FAFEFD00020404FB
:10A16000000001FF02FF010001020501FCFFFB00EE
:10A1700003FFF905F700FFF4FC0303F900FC01FEFF
:10A18000FFFC02FE0101F602FF0001FCFEF9F7F9F7
:10A19000FD02FFFB03FF02FE0001FD02020100FDC4
:10A1A000FC02FD0300FBFE0200FF01FF00000000B7
:10A1B00000000000000000000402FD000400FDFE9D
:10A1C000FEFF03FF01FFFFFB00FD02FDFB0202FE9D
:10A1D000FEFDFAFAFD05FD0202000501FD0200FE8A
:10A1E000FD0303FEFC020200010103FD000302FF68
:10A1F000000100000000FF01FFFEFFFFFEFDFEFF6B
:10A2000000FFFF0001FEFDFEFE00FDFF00FFFF005E
:10A210000001010002FE050002FF020300FDFBFD3C
:10A22000FB0001FBFB0300F8FCFD0000FF01FC004C
:10A2300000FCFC01FEFD010100FD03020302FEFC27
:10A240000000FC0201FCFE030C080102FA04FEFC03
:10A2500000FFFDFEFFFEFEFF0001FFFE000000000C
:10A2600000000000FDFFFEFEFBFDFEFDFDFE020105
:10A27000FEFF01FEFD020002FCFCFCFCFFFD03FBF7
:10A28000FE0201FEFE0200FFFE0201FEFF040505C4
:10A2900004FF03FE0301FB010401FD0003040201AE
:10A2A000FAFDFFFDF901FDF8FAFCFEF40201FD03E1
:10A2B000FF0300FC0500F9FCFFFEFBFCFF000602AB
:10A2C000000403FEFC01FEFC04FB02040200030385
:10A2D00002F9F8FCF9FDF9FAFE0305FE03FB02039F
:10A2E00000FD010300FD02FFFDFFFB02FEFEFEFE7E
:10A2F000FEFEFEFE02FAFCFF0101FEFC0100FF0271
:10A3000000FF00000000000000000000030000004B
:10A310000409FFF701080701FEFE00FF00FDFEFE35
:10A3200004FEFC02FB010202FE0002FC03FFFC0033
:10A33000FF0102FE01FFFDFEFC02FEFEFEFEFEFE30
:10A34000FEFEFEFE0201FFFEFBFEFE01FF00F90025
:10A350000301FC0101FF00FEFE020101FCFFFF0002
:10A3600001FEFF0401FEFC02050205FCF60102FBF2
:10A3700003FE00F903040405000102FEFC01FF01D5
:10A38000FBFDFBFD020202FF0001FBFD000000FDE2
:10A3900000000000FEFD000000FEFC02FEFE0200C8
:10A3A000FAF9F9FCFFFCFDFF04FD040205050100BC
:10A3B000FEFAF805FEFEFEF90201F9000106FF03B0
:10A3C000FF020303FC07FCFBF9FD01F700FF00009F
:10A3D000FBFB00FB04FEFC03FB03FAFC04FEFCFE9B
:10A3E00000020204000205020203FBFBFD0202FE62
:10A3F000FFFF00FF00FFFEFE02FCFCFC02FC00FC75
:10A40000FF03FBFEFD03000102010104FEFEFDFC53
:10A41000FE0404FFFF00FE0200FE02FFFCFEFC0043
:10A42000FBFFFF000100FF010101FCFCFE02FC0438
:10A430000301FFFD0200000304FAF8FE0302F9FF26
:10A44000FAF9FB02FCFFFBF8FD01FBFD02FFFF0236
:10A4500000FFFEFC0102070206FF0606FC0000FBEF
:10A46000FCFAFAFC040706FB04FDFE0503FBFF07EC
:10A47000FFFE010301FA01F80202FAFFF9FFFFFAF9
:10A48000FC07030002FFFEFDFFFFFFF7FDFEFEFDE0
:10A49000FCFCFDFDFDFDF8FEF8FDFCFAFAFB00FEFC
:10A4A00004FD0203020604FE0106FD00FFFAFD039F
:10A4B000FE0000FF0000010100000000FD000000A0
:10A4C0000402030006050503FDFCF7F9040502FF7D
:10A4D00004FBFB0401FFFD030000FEFC0000000084
:10A4E000FE000000FCFEFFFEFEFEF8FDFFFFFE0585
:10A4F000040105020104FC04FBF5FFFC00FAF3F97A
:10A500000101FFFCFDFFFEFDFEFD04FF00FDF9045F
:10A5100000FDFB01FC010404F7FCF60400F7010256
:10A52000FE00FB000103010301050105FF00FEFC25
:10A53000FE02FAFCFFF7FF00FA02FA000302F9F943
:10A54000FBFAFD02FEFF02FFFFFDFBFA0000FFFC2D
:10A55000FDFEFFFAF902FDF900FEFE0002FE020216
:10A56000FB02FC03FEFEFE01FEFAFDFDFEFEFD0504
:10A57000FBFEFDFF0002F701FFFEFBF800020000FA
:10A5800005040304FDFF0406FFFBFBFCFEFDFDFAD2
:10A59000FDFF00FC01FEFF00FE00FE01FDFFFD01CE
:10A5A00000000000000000000000000200000000A9
:10A5B000000000000000000000000000000000009B
:10A5C000000000000000000000000000000000008B
:10A5D000000000000000000000000000000000007B
:10A5E000000000000000000000000000000000006B
:10A5F000000000000000000000000000000000005B
:10A60000000000000000000000000000000000004A
:10A61000000000000000000000000000000000003A
:10A62000000000000000000000000000000000002A
:10A630000002010304FF05FC0604010402030803F1
:10A64000FCFF040002000305FF020C0305FFFF01ED
:10A65000FF07050105030103020204FF01020200D6
:10A6600001060203010600010300FB0201000400D1
:10A67000030600FF03FF0603FF02000105000104BB
:10A68000FF01FF0000FD0603050103FEFEFF0404B9
:10A69000020105030305040AFD000401030501018D
:10A6A000FE0102FF0004030201FC0101000002029E
:10A6B0000000000000FB0100800218502200000092
:10A6C000FD02FF01FFFF01FFFAFDFCFA0307010095
:10A6D000FC03FFFF0400FF00FEFE00FAFE03FEFD88
:10A6E00000FFFF01FCFE02010005FD0100FEFFF678
:10A6F0000104FD04FEFCFCFAFDFB030400FDFC006C
:10A70000FF01FD07FB000002FEFF0101040102FC46
:10A71000000102FB02FF000000FEFB0505FE010137
:10A7200003FD0000FE00FE0201FD020000FFFD012E
:10A73000FE0400040402030000FC04000000FD0409
:10A740000000000000020600C002185034000000A3
:10A7500000000000000000000000000000000000F9
:10A7600000000000000000000000000000000000E9
:10A7700000000000000000000000000000000000D9
:10A7800000000000000000000000000000000000C9
:10A7900000000000000000000303FFFE02010103AF
:10A7A00001030202FC020401FE020102040301088B
:10A7B00001FF010004030000040001050302FF067D
:10A7C00003FEFF0303FF0202020300FE0100000676
:10A7D0000403FF02FE0200040804030400FFFFFE5E
:10A7E00006FDFDFF01010305FDFC01FCFF03020363
:10A7F00001000204050104010100FF05030202003B
:10A80000FC02FDFF0201FF040400FF01FFFFFD0247
:10A81000000001FD000001060000000000FD09002D
:10A82000200318502200000002FE0204020302F975
:10A8300002FF03FEFDFFFCFEFEFBFE0601F8FEFD2F
:10A84000FF060202FDFA02FEFE0405FDFB0603FA06
:10A8500008FEF90104FE020102FD01010501FE01ED
:10A86000FC00FCFC0000FE00030401F702FB03FFF8
:10A870000303FFFB020300FFFE01FD0002030605C8
:10A88000FF08FFF90203040602FE0403FCFC00FDBE
:10A890000204FFFB00FF02F90203020001FFFE09B0
:10A8A0000102020300000101000000000007000097
:10A8B0006003185034000000000000000000000099
:10A8C0000000000000000000000000000000000088
:10A8D0000000000000000000000000000000000078
:10A8E0000000000000000000000000000000000068
:10A8F0000000000000000000000000000000000058
:10A90000FB0000FA050204FB00FCFE0101FC000252
:10A91000FCFE020301FEFB00FEFFFBFFFDFEFF004D
:10A92000FF02FC0100FFFB01FF04FDFC0301FFFE31
:10A93000FF05FEFFFFFDFEFE04FD01FC01FF00051B
:10A94000020001FFFB01FE00FF0101FEFE03FD0509
:10A950000100FEFB03FEFF02F9FDFEFF01FF04FD07
:10A96000FD05FF06FE02FCFFFD040203050004FCDA
:10A9700003FEFDFEFF01FEFDFA01FC000000FD01EB
:10A98000000000000001FF00C0031850220000007A
:10A99000FC00FDFEFFFEFFFF00030100020302FDBD
:10A9A000FFFF01FF01FDFDFD0002FD01FE02FEFDB6
:10A9B00002FEFEFD010207FFFAFF01FF0000FEFBA1
:10A9C00004020002FB01FF01FDFEFDFDFEFE03FF90
:10A9D000FC01FE03FF00FD00FD01FEFEFD01020182
:10A9E00004FC000001FF0003FC01FDFD020605FF61
:10A9F00000FDFE0300FEFF020203060003FE01024B
:10AA0000FFFF0106000302FCFF0001FC000000FF45
:10AA100000000000000202000004185005000000C1
:10AA200004FA10F6F6FA08FD000000F2000000003B
:10AA300000000E00100418509000000000F8E91902
:10AA400022EAE5031D041E08EF0BF5E41DEEEA0BF8
:10AA500016EE050F09F6F3F1E515EB170202E0E734
:10AA6000F10D1906EFF2F5F5E7FBDEFDE413F4F363
:10AA70000CFD12FDF8DC0E0D07091217F70E201C55
:10AA80001B1EF3E8E01C0509F8DEF2181C201C145C
:10AA900009D7F61811E2DCEFDFFD171EDDE61E1FF9
:10AAA0000C0912FD110403120715F80811E9080238
:10AAB000FDDE0210E40C02EC0FF821F10AF8E50FBC
:10AAC000FFEA20EDDFF60DF1FF151EE209FBFE2384
:10AAD000E924F4F2130A06F8E2F60D140B09040453
:10AAE000011AFC0A04E71B01F310E90DE9E2140B5B
:10AAF000E5EFFDE411F2EA04E80BEAF329E304E6EA
:10AB00001B2217F01FE1DBF3E80E0FF10D09F6FD34
:10AB1000F9E3E3FE1AFCEF241001EBEED90B26EC6F
:10AB20000FEF0AF01025FC09E6F9EAEADF22F3123A
:10AB3000E1EBE3FFDFEA060C1E1B05F3020609E565
:10AB40001B0525E315E014EA1A05E9E1FE14F307F5
:10AB5000F30919E4E405E00A0FEC0BF1FDDCE4DE97
:10AB600014FB0C1DF7DFF1F2EFE6E21422010DEE0B
:10AB70001BDE04EAEAE314FE19DEF901E9DEF4055E
:10AB8000081AFFEEFAED0F10E4F022E40AF0FD00DF
:10AB9000FD02E221E8EEF6F4E3FEF4EA08221002F8
:10ABA00009F5E4E4211B0406E6FDF0F8F2201AEFB3
:10ABB000E7FA0BE30E27FC00F4FE04DAD9F2F214F4
:10ABC000F5F21D18F0F3161BE508E41416E916E279
:10ABD000E81DF0261BF2FD010F08ED0BF4F80D1730
:10ABE0000804FBDBF1050209050618F4E71B0D0E4E
:10ABF000110DF5E0201EF910EC1EED0C19EFFE17FB
:10AC0000DB1D060F1C1F14D1F114DDF113DEE20F62
:10AC100003F7F0E1FE24FF0E06241703E5E80FFA20
:10AC20000619E2E1F7E5F91E02DD1408130DF60935
:10AC30000A0316E3EEE72408F701FC07DF12E91028
:10AC4000ED11040121250D19FFF6F4ECEEE91EF8D3
:10AC5000EBF52527E4DF0F0E0F06FEED0D0E101DA0
:10AC600018F012E0FFFDE1DDEAE42507FFE5050548
:10AC7000FE140723D90200EE01160BF8004018500D
:10AC800066010000FDF2FDF4FF00F9FBFB01FCF999
:10AC9000000002FEF4FB0103FEFAFBF4FFFDFEFBE5
:10ACA00003FFFFFDFFFEFE02FD0105060300FEFEA1
:10ACB000FEFFFE020000000001030000FE00FEF99E
:10ACC000000002030000000000000000FB0004F68A
:10ACD000F7FBFFFCFBF5F5FFF1F5F6F10000F8F4EA
:10ACE00000000000FB000000FFFE0200FFFCFC0370
:10ACF000F3F6F5F7F7F800F700FFFEFC00000000A0
:10AD0000FAF90000FBFBF5F800F8FCFA000000007F
:10AD1000000000000000000000000000FCFF000038
:10AD2000FE0202FAFDFD0308FAFC02F800FD030032
:10AD3000F90201FCFFF7F801FBFDFAFC0609FA0233
:10AD4000000000FE00000000FCF40000FC00F8F829
:10AD500000FAFEFB0000000000000000FCFDFDFD0D
:10AD6000FDFDFDFD000000FDFF00000100000000F2
:10AD700000000000020000000000F6FAFB0004F6EC
:10AD8000FEFEFEFDFEFF050104000102FDFF02FBC9
:10AD9000000001FE000000000000000000000000B4
:10ADA000000000000200020000000001EEF702FCBB
:10ADB000FBFEFDFB00000A0300FFFF000000000097
:10ADC0000000000000000000F7FDFCFDFDFBFCF8AA
:10ADD000FDF7FAFC05FCFAFE0205FB04FDF700F89E
:10ADE00000FDFFFA00010000FF00FF01FCFDFAF585
:10ADF000FD00FCF4FFFCF2F6EEF9FBEF000CFDFBAE
:10AE000001FC0A04FBFCF3FFFBFCF7FCF9FB01FC73
:10AE10000000000000000000FAFF0000FFF8FE0143
:10AE2000FEFEFAF7FFFDFAFBFC00FF0103FDF8024E
:10AE30000702FB01FFFF01040400010502FAFBFA0F
:10AE4000FD02FFF600FF03FE00000000FD00000011
:10AE5000FEFEFEFDFEFEFEFE0807030503050402DE
:10AE600000000003000000000000000000000000DF
:10AE700003000000FA06F3F8FCFB0BF600000000EC
:10AE800000000000FDFDF900FDF9FAF300FFFBFFF3
:10AE9000FE010000000101000000000000000000B1
:10AEA000FCFCFCFCFDFCFCFCFCFEFFFDFCFBFDF8DF
:10AEB000F9F7FFFC02FCFCFDFFF90203FFFFFB00BA
:10AEC000FFFD00FDF901FDFAFCFD01FDFEFDFF04A3
:10AED00008F9FF06FC010101FAFC05FDFBF8FD0481
:10AEE000FFFDFDFEFAFCFEFC03FBFB00FFFF00FF85
:10AEF00001FF0000FFFEFFFF01FDFEFFFDFEFCFD68
:10AF0000FE01020203FF01FFFCFF0301F7FDFAF857
:10AF1000FBF702FB0200FA00FDFB00FAFF0101FA59
:10AF2000F8FC02F9FBF3010001F802FBFE05FD014C
:10AF3000FEFE000201040206FE0501FDFFFD000108
:10AF4000020202FEFAFDFCF8F9FBF8F8FCFAFCF844
:10AF500002FEFBFD00FFFFFF01FEFEFFFDFBFDFE0D
:10AF6000FDFEFBFBFB00FAFE05FEFAFD000303F10C
:10AF7000FD00050102FE0305FEFDFDFDFF0001FDD4
:10AF800001FB01FEF8FBF8F6FBFCFDFD0101FB05F2
:10AF90000202FEFEFE0202FF020200FC02040100A9
:10AFA000FB0403FBFFFDFBFFFF02FCFDFFFF0102B3
:10AFB00003FEF9FAFE0103FE02FB02FDFDF9FD00AE
:10AFC000FD02FCFFFBFE02FF02FBFD03FFFCFEFF98
:10AFD00002010202FD000203FC030005FCFE020365
:10AFE0000203FC0505FEFEFCFF010105FEFBFF035D
:10AFF000FFFDFBFF01FA00FDFE01FB00FEFD01FD70
:10B00000FD020303FC030503FEFBF6FAF7FAFDF964
:10B01000F9F9FCFFF8FDF8F90000FCFC0000000164
:10B02000FE0000000005F90201FEFB00FFFEFDFC32
:10B03000FCF9FFF802FE04F903FC0104FF00010320
:10B0400000000100FB000000FF000203FD050003FB
:10B0500000FBFDFDFEFAFB000100FEFFFE0400FE0A
:10B06000FDFD0802FEFF01FEFCFBFCFFFE010404E7
:10B07000FDFC01FBFDFCFEFBFDFCFFFBFF030405EB
:10B08000F001FFFA0004FDF9FDFC000203FF0403D8
:10B09000FF04FE02FD0501FC030201020404FCFCA6
:10B0A000010102FF0503FF0102FCFFFF0103F9019B
:10B0B000F90300FB01F6FDFD04FBFB04FC040404A2
:10B0C000FD0103FEFBF9FEFE01FDFFFD02FDFC009C
:10B0D00002FBFBFDFDFD00FB01FEF7FC010501008D
:10B0E000FE0201FB03FB00FE01FCFB03FE03FAFA78
:10B0F000FEFBFE0201FFFA02FEFBFEFE01FEFEFF6A
:10B10000FFFDFD0100000000000000000000000045
:10B11000000000000000000000000000000000002F
:10B12000000000000000000000000000000000001F
:10B13000000000000000000000000000000000000F
:10B1400000000000000000000000000000000000FF
:10B1500000000000000000000000000000000000EF
:10B1600000000000000000000000000000000000DF
:10B1700000000000000000000000000000000000CF
:10B1800000000000000000000000000000000000BF
:10B1900000000000FF0102FFFDFCFFFC0203FDFEBA
:10B1A000FE0302FE0203F9FCF700FF0100FD06FCAE
:10B1B00002FFFC00FF0000FD0403FFFF05FFF5FC9C
:10B1C000FEFDFEFCFD000002FEFE04FDFD0202FC91
:10B1D0000204FF02FFF900FFFEFF02FAFDFB01037C
:10B1E00001FD02FCF8FDFC01FFFFFB00FEF800FF83
:10B1F000FDFCFDFEFD0304FD00FD0002FFFDFF025E
:10B2000001FCFD05FF00050202FE01FBFC00FFFF43
:10B210000000FF000000000000FC02008042185007
:10B2200022000000FB0301FDFF0202FAFDFD00FE0B
:10B23000040502FE000100FFFEFD01FE0100FE010B
:10B240000401FEFF0602000200FE000301040100EB
:10B25000020301FCFE010100FDFD0000F902FF01F7
:10B26000FF00FBFD0400FC0202FC0107FBFDFC06E5
:10B27000FBFA000101FE02FE040100060407FF01C3
:10B2800004FEFEFFFF00FE0203000301FEFE02FCBF
:10B290000003FD01FFFE00040100FF03010101FEA8
:10B2A000000003000000000000FB0300C042185033
:10B2B000340000000000000000000000000000005A
:10B2C000000000000000000000000000000000007E
:10B2D000000000000000000000000000000000006E
:10B2E000000000000000000000000000000000005E
:10B2F00000000000000000000000000003FD05FA4F
:10B30000FB00FDFEF9F8FDF9FAF5FB04F8FFF7FE86
:10B31000FFFFFE01F9FB01FDFAFAF9FAF9FEFF0160
:10B32000FB01FC06FFFD03FFFBFBFDFEFBFB01F445
:10B33000FDF9FEFFFCFDFEFFFAFCFDF601FCFB0241
:10B34000F8FFFC00FFF9FDFDFCFCFBFCF8FD00FE36
:10B35000FA0101FCFEF9FDFC01FF02FDF9FEFDFE14
:10B36000FDFCFCFEF4FF01FEF9FDFAFDFFFEFFFD12
:10B37000FDFFFEF8F60202F30000FEFE00000000F2
:10B38000000000002043185022000000FEFF0401CE
:10B39000FEFFFC000104FF030405FDFA05040400A0
:10B3A000FBFE0002FB00FD0202FEFB0505FEFEFFA8
:10B3B000FD03FEFFF9FC000804FF04FB0401050087
:10B3C00002FCFD0002FDFCFEFFFE04FB050200FD89
:10B3D00003FE00000304FE02FBFE060402FB04FD64
:10B3E000FF0401FBFE0207FAFE060303FCFDFF005B
:10B3F000FC03FCFC0002FB00FF0005000004010050
:10B40000FE0504FE02F9FDFE000003FA0000000044
:10B4100000040400604318503400000000000000E5
:10B42000000000000000000000000000000000001C
:10B43000000000000000000000000000000000000C
:10B4400000000000000000000000000000000000FC
:10B4500000000000000000000000000000000000EC
:10B4600000000000FEFD000007FE08FE02FFFE01D6
:10B47000FD04FE01FFFAFFFD00F8FCF9FFFFF9FEF5
:10B48000FF01FFFFFD00FE000003FC040001FEF8C9
:10B49000F8FCFDFBFEFDFD01FBFDFDF600FCFDF6ED
:10B4A000FCFBFF00FAFCFD00EEFDFEFDFFFCFBFCDB
:10B4B000FBFE0002FDFC00FEFBF5FA03FBFFF6FFBE
:10B4C00000FC03FFFFFCFDFFFB02FAFCFC02000492
:10B4D00004FC0000FAFB01FCFAFEF9FEFF03FA008F
:10B4E0000000FD02000000000000F600C0431850FC
:10B4F0002200000002010403FC01FDFE080206F820
:10B50000FAFEFDFDFAFF050502FE0302FDFEFF0146
:10B51000FE0200FCFD020701FBFD04FF01FF03FB2F
:10B5200000FFFB0203FE0000FF050001FF01FB001E
:10B53000FD020302000100FB00FEFDFF0201FDFE13
:10B54000FFFA0300FC01FE00FE0105010004F40007
:10B550000102010002FEFDFEF7F7FC04FD0102FE00
:10B5600001FD020108FE06050700FB0603010000BD
:10B570000000030200000000000401000044185015
:10B58000050000000EF00CF804FDF40A000000F4C1
:10B590000000000000000900008018506601000053
:10B5A000FCFEFBFEFD0304FD04FF0102FE0401FDA1
:10B5B000F8FAFD0200FCFF0004FE00FA010003FFA0
:10B5C00001FF000100040404F902FD00FD01FF0376
:10B5D00000FEFE01FDFBFFFF0101FD0100FC01FC7F
:10B5E000FFFF010100000000FDFFFE02FCF8FDFA74
:10B5F000FB000100F9F4FAFCFF00F4F601FF00FE85
:10B60000FF000000FFF9040308FDFE01FD0200FB3E
:10B61000FCFBFCFEFFFFFEFFFDFF00FFFAF900FF51
:10B62000FEFDF9FB0100F7F90000000000FF00FF3C
:10B630000000000000000000FD02FE0005040402FE
:10B64000FFFC0503FD00FC01000301FEFFFF0303F7
:10B6500004FBFAFF0002FE0103040104000000FEE7
:10B660000000000002FD0000FC04010000FEFF02DB
:10B670000000000000000000FDFDFDFDFDFDFDFDE2
:10B680000000FFFE000101FE0100000000FF0000BD
:10B69000FC0000000105FAFB00FC0301FB01FEFBBE
:10B6A000FFFD04FBFE02FE04FC04FFFCFFFF00FFA5
:10B6B000FFFF01FF00FFFF00000000FE000000FF91
:10B6C000FFFC0302FC01FE01F6F9FF00FD0604FF8A
:10B6D000FE000D0CFF0100FF00FF01010000000053
:10B6E00000000000F801FCF8FF03020000F6FDFF77
:10B6F00003FDFFFF010000FEFE020003FE03010246
:10B70000FFFE020000FFFFFFFEF9FDFC0006F9F757
:10B710000202FAFAF7FB00FCFC0000FFFEFE00FF4D
:10B72000FEF5F601F90100FFFAFBFE020000000041
:10B730000000FF0002FD0400FAFEFE0100FEFBFE19
:10B7400000FFFEFD0201FD01FEFD020101FF0102FD
:10B7500000040701FEFE0204FEFFF8030401FBFCE7
:10B76000FF000104FDFEFFFDFDFFFF00FEFEFEFDEC
:10B77000FEFEFEFEFF070201FE0102FD00000003C7
:10B7800000000000FF000000000000FF00000000BB
:10B7900001FFFAFFF7FC03F600FFFF000000FF00C7
:10B7A000F7F6F4FF05F1FDFDFE020001020100FCC9
:10B7B0000000000001FFFFFF010000FFFCFCFCFC9B
:10B7C000FDFCFDFCFDF7F7FD02F9F6F902FFFDFDBA
:10B7D000000301FEFFFDFFFBFE01FE00FBFEFEFD80
:10B7E000FD02FD03FB00FCFFFE0302FFFDFB02FC6C
:10B7F00003040104FD030004FDFFFFFF00FF090235
:10B8000002FEFF040007FAFD000103FE000000072E
:10B8100000000000FF02000000030100FFFF00FC29
:10B82000FE01FCFF03000001FD03FEFD00FEFE0122
:10B83000F7FA0205FFF8FEFF0204FEFF01FC010417
:10B84000FA0400FD01FCFBFCFC03FD030101FEFF0B
:10B85000FF020301F9FB000404FDFD0100FFFBFEF4
:10B860000301FDFEFEFEFEFC0100FB0000FC03FCEC
:10B8700000FFFFFFFFFFFD00FFFDFCFE03FCFF00DC
:10B88000FF01000102FD030301000000FCFF01FEB7
:10B890000300FCFEFF0000FFFFFF0100F8F8F8FEC8
:10B8A00003FFFD03FBFCFFFC02FE0104FE00FDFCA8
:10B8B000FF00FF01FF00FDFEF9FDFBFCFDFEFEFCAD
:10B8C00000FAFC00FBFF01FBFC0200FFFE0301FB92
:10B8D00003FF03FE03FD00FF00FD03FEFCFBFAF87F
:10B8E000FEFDFAFDFBFCFFF906FD0301FDFE040170
:10B8F000FCFFFFFC02FDFD000501FEFC0504020249
:10B90000FFFCFDFEF90100F90101FEFCFEFFFDFE5A
:10B91000FFFEFEFD03FD0000FF04FCFFFFFEF9FD3E
:10B92000060201FDFF050304FD0500FCFCFBFC0114
:10B93000FCFC01F90000FD04000000000200000012
:10B94000FCFC04FF0402FF02F6FCF9FBFAF9F8F62E
:10B95000010103FD0400FD060000FE0100000000DF
:10B96000FE000000F8FCF90000F9FDFCFD050303F2
:10B9700001FDFF0205090103FB000302FD00F6FBC8
:10B98000FF000300FA000000F90301F8FD01FDFDCE
:10B99000FF0102FBFBFD0002FDFCFDFB00FD02FDC3
:10B9A00003FFFDFE02FEFB05010004FEFAFFFD039E
:10B9B00002F8F8FF0001FA02FDFCFF02020D04FB91
:10B9C000F4040300FBFDFDFB0201FDFEFEFEFD0194
:10B9D00000FF020402FE0400FBFF000301FCFB0069
:10B9E00000FB00FE0001FB02FCFE020100FB02FB6B
:10B9F00000FAFD01000104010101FF0103FCFC014B
:10BA0000FEFFFC01FB0001FDFDFBFBFDFF0000FF55
:10BA1000FCFF0000FFFDFE000001FE00FB00FFFD3B
:10BA20000000000000000000000000000000000016
:10BA30000000000000000000000000000000000006
:10BA400000000000000000000000000000000000F6
:10BA500000000000000000000000000000000000E6
:10BA600000000000000000000000000000000000D6
:10BA700000000000000000000000000000000000C6
:10BA800000000000000000000000000000000000B6
:10BA900000000000000000000000000000000000A6
:10BAA0000000000000000000000000000000000096
:10BAB000FE01000101050101FBFC010202FFFDFE88
:10BAC000FB00FF00030002FFFFFEFD01FB00FC0383
:10BAD000FF01FA02F90007FEFCFF020303FFFF016A
:10BAE000FEFDF900FF00F9FEFFFFFDFFFFFDFE0474
:10BAF000FCFE000100FEFFFF040201FC0303000046
:10BB0000FFFF05FDFF0201FEFF02FE03FFFFFF0036
:10BB100004FF03FDFFFE02FC00FE0101FBFC02FD31
:10BB20000003FF010203020004010102000001FF03
:10BB30000000000000030100808218502200000075
:10BB4000FFFF00FB01000303FD0300FD0000FF05F4
:10BB500002F902FCFF0804FEFBFCFF07040600FFDD
:10BB6000FE060209FD00FFFD000101FF000201FDCC
:10BB7000FE02FE00FC0301030006010401FF00FFBA
:10BB8000FD0201FB0100FE0501FEFF00FEFEFF03BA
:10BB9000FF00FEFC0102FEFE02FFFEFEFEFC0004B2
:10BBA000010001FC0000FE0401FEFFFF0108FE038E
:10BBB00001FE0407FEFEFF02FF04FE00000000027B
:10BBC0000000000000FC0100C0821850340000009A
:10BBD0000000000000000000000000000000000065
:10BBE0000000000000000000000000000000000055
:10BBF0000000000000000000000000000000000045
:10BC00000000000000000000000000000000000034
:10BC1000000000000000000002FE01FCFD00FD012C
:10BC200000FE000300FF0500FF000002020100000B
:10BC300000020202FE000201FF0101FFFD0402FCFE
:10BC4000FF00FD0200030306FC01FDFF03FF0101ED
:10BC500001FF000001FE0103FF0002FD06FE0000DF
:10BC600003FC0103FFFEFFFD0301040702FE0000C9
:10BC700001FD03FD010101FAFF05020200020204B9
:10BC800000000100FA02010202FF05030105FD00A8
:10BC9000FEFF0302000004FE0000000000FF04009D
:10BCA00020831850220000000002FDFE01FD04FF69
:10BCB000FD040004FB00FEF90001FEFE010100008E
:10BCC00004FC0004000603030300FF0101FE01FF62
:10BCD000FDFFFD04FE01FF03030200FE0206FCFF60
:10BCE0000301010105000002F9FF0103030001FE49
:10BCF0000203FD010300FD02FF01FD00FEFEFFFF48
:10BD000001010204FEFF00FE00FE01FEFEFF05042D
:10BD100001FD01FE0000FCFDFE010002FBFF000230
:10BD2000FDFFFCFF000001FF000000000003020017
:10BD30006083185034000000000000000000000084
:10BD400000000000000000000000000000000000F3
:10BD500000000000000000000000000000000000E3
:10BD600000000000000000000000000000000000D3
:10BD700000000000000000000000000000000000C3
:10BD80000001FC0602030301FE04FFFE00FE06FBA9
:10BD9000FE0000FC00FC000301FE0701FF0303029C
:10BDA0000300020500FD070500030B01FE0503FF6C
:10BDB000FF0000FEFD01000302080302040500FE6F
:10BDC00007FE050207070D0303FF0305FB0401FD42
:10BDD00002060400040102FF030205000B06000333
:10BDE00004FE0500000202FB000301FCFDFFFC0253
:10BDF0000104080204010101FCFFFAFF0000FDFD3F
:10BE00000000000000010800C0831850220000005C
:10BE1000030001FF00FEF90500060302FEFFFC041B
:10BE2000FE0001FB02FFFDFFFC01FDFFFDFD00FC2C
:10BE300001010203FE01FE00FAFEFEFEFCFDFEFF14
:10BE400002FE01FE00FB02000001FB00020203FCF7
:10BE5000FEFFFE0204FCFE03FE01FFFDFDFE01FFEE
:10BE6000FE0204FD03FFFFFD00FF000000FDFD01D9
:10BE70000102060000FFFF0106FFFD05FF030500AC
:10BE8000FC000003FF0400FF04FFFC04000004FEAC
:10BE900000000000000005000084185005000000AC
:10BEA000EE0309FB01FAFF16000000F70000000096
:10BEB0000000FD0000C0185066010000FD030404EE
:10BEC000FE0401FDFEFC010404FDFFFD0302FDFC78
:10BED0000304FF040000FE000000FCFC000200FF61
:10BEE00003FB02FEFBFEFDFF01FC020203FC03FC60
:10BEF000FFFFFDFFFFFDFB01FFFEFEFE01FF02FE57
:10BF00000100FE0103FE0000FEFDFC00FF02FEFD3D
:10BF1000F60100FA03FD0202FEFC0102FF02FCFF33
:10BF20000104FAFCF9FD01FA010600F901FF02071C
:10BF300003FF01FE000002FC00FEFC010003FF0302
:10BF4000000404FD0000000000000000FF000000ED
:10BF50000000000001FD020005F9FBFDFDFDFA02F5
:10BF6000030300FD02FB020001FF010203010003C5
:10BF700001FEFAFA0401FCFD0301010100FDFD00D0
:10BF8000FC0102FFFFFE00FF000304FE00010000B1
:10BF9000010100FFFEFEFDFEFBFDFEFBFE0200FBBD
:10BFA000FEFE0000FFFD0100020101FDFE01FE0199
:10BFB000FD040302FC0301FE010004FF0103FA007B
:10BFC00000FBFEFCFDFEFCFCFC02FFFE000001FF8E
:10BFD0000200FFFDFCFF02FD01FEFCFD03FFFF016F
:10BFE000FFFFFFFF0401FFFD00FDF9FB010001FD64
:10BFF000FF00FE0100FF02FE000000000000000044
:10C00000FCFEFB02FEFE02FCFF02010702FC01FF38
:10C01000FAFCFD02FFFBFF0101FCFF0000FEFE0039
:10C0200001FDFD00FB020105FBF5F9FB030200F930
:10C03000FF00FF0304FFFE00FC0500FFFEFEFDFF06
:10C04000FC02F7FBFD01FAFD02FEFDFF02FD02FC12
:10C05000FE030102FF040001FDFDFDFF01FFFDFFE6
:10C0600000FF020001000102F9FBFB0206F5FCFCE7
:10C07000FD06FA03FD05FFFE04FE05FEFEFDFB02C4
:10C08000FBFC03FCFDFE0201FEFEFEFEFEFEFEFECC
:10C0900000F8FCFE00FDFD020000FFFC00000000B7
:10C0A00000000000FFFFFFFFFCFFFFFFFB01FD00A2
:10C0B000FB0002FB01FF01FFFFFF01FF0402020082
:10C0C00004FDFAFB02FDFAFE02FB030301FD02037D
:10C0D00001FF0202FF0001FFFEFEFEFEFEFEFEFE6D
:10C0E00000FEFEFDFCFCFFFEFFFFF9FDFC04FF006F
:10C0F000FFFC01000000FEFBFBFFF9FC0000FDFF60
:10C10000FC01FFFCFE00FD030001FF030002FDFD3A
:10C11000FC0303FC00FE00FF000001000000000023
:10C120000002FDFF01FD01FF0000000100FF000013
:10C13000FDFEFF0004FE010003FFFE02FF060202F7
:10C1400003030100FFFDFBFD040001FD01FDFD00F7
:10C15000FD010202FF0202FEFDFF05FD0201FFFEDE
:10C16000FD00FE03FDFE04FF00FF02FFFFFEFEFFD9
:10C170000303FD0501FF01FFFC01050402FDFDFDB8
:10C18000000303FC0001FE00000000000100FFFFAF
:10C190000000000100FF00000100FD02FC01FFFEA5
:10C1A00003FD02FF01FDFDFFFE0201040102040286
:10C1B000FFFEFFFF000000FFFFFF0100FDFF00008A
:10C1C000FEFE000004FE0201010304FF0102FE0165
:10C1D000FE0101FF010001FD00FD01010102FCFD66
:10C1E000FDFC0002FFFF02FDFE01FFFEFFFF00005D
:10C1F00001FD0401FFFE04FDFF01FDFDFD03FDFD4A
:10C2000003FBFE01FDFB0100020403FE000101052A
:10C2100003FFFE0106FF01FE030301050000FE010E
:10C22000000104FDFF00FF05FEFE0101FDFD00FE13
:10C23000FF02FF0005000102FF030001040301FFEC
:10C24000FF020104FB0200FC01FEFE01FF00FFFFF4
:10C25000000001000000000003000000FEFDFC01E2
:10C26000FDFF03020101FFFF00FCFEFE00FE02FDD8
:10C27000FFFDFE010000FD010000000001000000C4
:10C28000FE000005FD030503FE0202FF00FFFF00A4
:10C2900000000001FF00000000FF01FFFEFEFE00A5
:10C2A00000000000FEFFFFFF01010001FB02FDFE98
:10C2B000FE0201FF070600FEFE010003FBFEFE0278
:10C2C000020004020301FC030300FF0301FE02FD60
:10C2D00004FBFF020403010204FEFF030500020346
:10C2E000FDFD0205FFFC0000FEFF03FE01FEFDFF59
:10C2F000FDFF00FCFC00030001FC01FF00FDFF034B
:10C300000201FDFCFF0200FE01FD01FF0000FDFC3B
:10C31000FF00000202FD00FF02FC02FBFF0204041A
:10C32000FDFFFE05FD0200010000FF00000000000F
:10C330000100000001010000FF0000FF00000000FC
:10C3400000000000000000000000000000000000ED
:10C3500000000000000000000000000000000000DD
:10C3600000000000000000000000000000000000CD
:10C3700000000000000000000000000000000000BD
:10C3800000000000000000000000000000000000AD
:10C39000000000000000000000000000000000009D
:10C3A000000000000000000000000000000000008D
:10C3B000000000000000000000000000000000007D
:10C3C000000000000000000000000000010000006C
:10C3D000FB03000200FF00FD0402FE020104020153
:10C3E000010001000000FC03FD0507040701FF0137
:10C3F000FF03FDFF010100FE000201FE0203FF0337
:10C40000060103FF0001030404FE02FD0102040013
:10C410000209030104FF02FFFBFF020304FF020005
:10C42000FF01010004FD02010102FFFEFE02FE0306
:10C4300005080201FF00010002FF040205050304D4
:10C44000050400FD050203000000FD0200000000DD
:10C450000001030080C2185022000000000600FF07
:10C46000FB020203FD03000204FE00FBFE070200C4
:10C47000FF05FE020000FEFD0102FE04FF0100FEBA
:10C48000FF0004FFFDFF02FF04FE03FF01FE00FBAF
:10C4900000FEFD01FFFEFF010100FF0500FFFFFDA3
:10C4A0000400FDFFFCFBFF01FDFC04FE020203FE95
:10C4B00002FEFD00FEFE000202FE03FCFF00FD0086
:10C4C0000102FFFE01FDFFFE04FE010203FD02FF6B
:10C4D00001FA02FA01FD01FC000001FD000000006C
:10C4E00000FB0200C0C21850340000000000000031
:10C4F000000000000000000000000000000000003C
:10C50000000000000000000000000000000000002B
:10C51000000000000000000000000000000000001B
:10C52000000000000000000000000000000000000B
:10C5300000000000FF00FF0702FF010207000001EA
:10C54000010801FF02050303010200FF07010406C1
:10C5500000FF020305000006040501060101FB01BE
:10C5600000030207050402070004FA0000030503A4
:10C57000FE030501FE00020205FE0400000402089D
:10C58000FDFF01020705FE0403FD00030208FEFA99
:10C59000FF0401FA0601FB030103010208FFFF0289
:10C5A0000701FD0306FF0601040000050501010661
:10C5B000000002030000000000FE040020C3185029
:10C5C000220000000100FDFB010102FBFEFFFE0056
:10C5D00002FF02FF0301FF0101FF01FE000004FF53
:10C5E00000FD00020501FD0502060102FF0000FF3B
:10C5F0000101020202FE0206FFFCFC0103FB02FF36
:10C6000002000002FEFFFFFF00FD0202010102FA2C
:10C6100004010301FF0100010205FFFFFE0805FE02
:10C620000303FE00FE03FEFF01FF02FF020300FF03
:10C63000FD0300FE0503FB02FEFD0204FD02FE02F7
:10C640000000FEFF0000000000FFFD0060C3185066
:10C6500034000000000000000000000000000000A6
:10C6600000000000000000000000000000000000CA
:10C6700000000000000000000000000000000000BA
:10C6800000000000000000000000000000000000AA
:10C69000000000000000000000000000FFFEFF0599
:10C6A000FEFFFBFEFBFB0000FEFF01FE0203FCFFA2
:10C6B0000003000300000400FDFE000003FE04026E
:10C6C000FEFE03FC02FE00070503070400FE040251
:10C6D0000104FB08010002060004FDFA00FD02FD52
:10C6E0000C03FF02000202010104FFFDFC0404012F
:10C6F000FD0601FC0100070105FF0000FFFE04FA32
:10C700000200FFFF010103FEFF01FAFE020400FC2C
:10C710000200010202FC0000000004FE0000000014
:10C7200000FF0500C0C3185022000000020602FFEF
:10C7300000FA0304020700FEFA000203FE04FBFCF9
:10C7400003FFFDFCFD010003FFFF03F7000202FFF2
:10C75000FD0203FD01FDFFFDFA00FFFEFFFA0000F0
:10C7600001FDFF010300FDFEFEFCFD01030201FDD2
:10C77000FE000303FE0002FCFEFD02FEFEFAFBF9D2
:10C78000FE03FFFD040600FDFA03FD0101FB0300AB
:10C79000FDFB0107000700FF000203FB0000040788
:10C7A000FF01FF04050204060000FD000000000078
:10C7B0000000020000C4185005000000FB00F20E4B
:10C7C000F80903FE0000000B000000000000F90063
:10C7D0000000195066010000FAF8FEFCFE04FDFEA0
:10C7E000FFFE03FE00FA0403F8F80001F8FEFAF871
:10C7F00000FEF9FF0201FFFEFCFD00FF010006063E
:10C800000506FD03000000FD00000000FFFE000023
:10C81000FB0000FA00FB0204000000000000000022
:10C82000F8FF00FDFAFC01FA00FEF800F2FDF9F352
:10C830000000F9FA0000000000000000FA03F9FE11
:10C84000F3FA01F6F400F3F7FDF6020000FF00FB37
:10C85000000000FFFDF80000F7FBF8FD00FDFEFC06
:10C8600000000000000000000000000000000000C8
:10C8700000FE030000FDFC03FAFDFFFEFFFDFCF9D6
:10C8800005FFFE04FCFD02FCFFF9F5FFFFFC0000C4
:10C89000040403000000000300000000FCFD000091
:10C8A0000302FCF900FE00FC000000000000000094
:10C8B000FCFEFEFDFDFDFDFC000000FD0000000093
:10C8C0000000000000000000FF000000F802FAFD78
:10C8D000FBFD08F800FDFAF8FD01F8FE01FF020279
:10C8E00000FFFDFD0000FCFF00000000FF00000055
:10C8F00000000000000000000000000000FF000039
:10C90000FCF902FFFB01FDF900000400000000003B
:10C91000000000000000000000000000FFFD00FF1C
:10C9200002FDFCFDFAFCF9FC07FAFC010000FE0226
:10C9300001FEFE0000FDFDFD000000000000000003
:10C94000F6FCFEF8F7FAFCFC00FCF9FEF702FCF539
:10C95000070701FFFE0107FEF6FA0104FCFB00FADF
:10C96000FEFCFC000000000000000000FEF90100D9
:10C97000F5FDF7FDFFFDFAF600FFFC00FD0100FCF0
:10C98000FC00FE0306FBF8FE04F4FF03F3FFF2FCD9
:10C99000FEFCFEF702F7FBF70000FE0400000000BB
:10C9A000FE000000FFFEFFFEFFFFFEFF0707000383
:10C9B0000406030400000002000000000000000064
:10C9C00000000000FE000000FFFDFAFEFFFD02FD7A
:10C9D000000000000000000001FFFF000300000055
:10C9E0000000FC0500000000000000000000000046
:10C9F00000000000FCFCFCFDFDFDFDFC030000FE52
:10CA0000FE0000000202FAFFFF000005FCFBFEFE34
:10CA1000FEFF00FFFEFFFEFF040100FC04FE040118
:10CA2000FB01FFFF0401FE04FEFE0106FAFBFEF817
:10CA3000FAF6F7FBFBFFFAF9F3F6FDFA0102010142
:10CA4000FD01FAFCFEFD00F7000000FF0400FFFE00
:10CA50000301FE0103FDFD000300FDFC00020201D5
:10CA6000F6FBFAF801FCFCF8FFFEFAFFFFFDFF03FE
:10CA7000FEFF0504F8FC03FA03EFF7F901FC05FEDD
:10CA80000305FF010001FFFBFB0202FEFC0401FEA7
:10CA9000FFFE02FF0004FE03F902FEF8FA02FE00A8
:10CAA00000F5FFFE03FEFA04FCFFFFFF000100009B
:10CAB000FDFEFFFFFCFDFCFEFDFF01050600FD0382
:10CAC000000702F700030502000101FDFFFFFDFF63
:10CAD00000FFFEFD0603FCFEF903FFF7000103FD66
:10CAE0000600FCFEFA050605FBFFF9FCF8FC030056
:10CAF000FE02040201FC04FBFEFAFAFCFCFA01034C
:10CB0000FE00FFFF0000FFFBFEFD01FFFBFC050137
:10CB10000001F9FEFC0401FA020100FAFCFFFA042C
:10CB2000F60002FFFEFEFEFD040004FE00FF050508
:10CB3000FF000303FE03FD000403FC0002FE0304E8
:10CB4000FFFEFD02FCFDFAFC00FDFDFF0302FE00FE
:10CB5000FF0200FFFE06F901FCFE0400FAFAFBFAF0
:10CB6000FAFBFCFAFAFCFE05FAFE00FE000000F9F2
:10CB700000000000FD000000FF020005F7F6FD00C8
:10CB8000FA0403FEF9FEFDFDFDFEFCF703FDFBFDCF
:10CB900000000300FFFFFF00FD0000000505FD028F
:10CBA000FB050403FEF8F9FFF6F5FF00040202009E
:10CBB0000304020102FC0605FCFFFCFD02FCFBFD78
:10CBC000FEFF07000104FEFF01FFFD03FF01FE0061
:10CBD000090101F9F404FB01FC02FEF8FE00040364
:10CBE00005FF0101FEFE00FFFE030502030503FF32
:10CBF000FDFE00FEFCFEFF0505FF0506FFFFFC0134
:10CC00000301FFFF0004FCFA00FC0302FFFE00FB2F
:10CC1000010300020303FEFD03FAFBFCFD0001FB20
:10CC200000FAFAFE01FFFF01FEFAFAFFFC00FBF931
:10CC3000FDFE08F9FF0200FDFDFB04FCFDF9F7FF16
:10CC4000020001FCFBFE01FFFD01FDFE00FFFF00F5
:10CC5000FC00FEFEFF0101010000000000000000DA
:10CC600000000000000000000000000000000000C4
:10CC700000000000000000000000000000000000B4
:10CC800000000000000000000000000000000000A4
:10CC90000000000000000000000000000000000094
:10CCA0000000000000000000000000000000000084
:10CCB0000000000000000000000000000000000074
:10CCC0000000000000000000000000000000000064
:10CCD0000000000000000000000000000000000054
:10CCE000000000000000000001FF03FAFFFB030149
:10CCF00000FEFFFCFA01030202FD02FDFAFCFD004A
:10CD00000000030002FC03FEFC040102FD0302001C
:10CD1000FE0204FD00000101FF0105FEFF03FEFC11
:10CD2000FEFFFFFFFD010000FC00FAFAFAFCFAFE2C
:10CD3000FFFBFE04FFF9FFFE01FF00FF0003FC0004
:10CD4000F9FC02FD03FFFFFDFFFD000102020001EF
:10CD5000FCFBFE0001FE0002FEFD0100FB0101FCE8
:10CD6000000005000000FFFE0000000000010300BD
:10CD70008002195022000000020201010400FCFEA2
:10CD800000050401FC020600FEFC01FDFE02050197
:10CD900005020002FD000306FE0903020102FAFF7C
:10CDA00001FDFC030003FFFEFD0203FF0603FD007F
:10CDB000FE02050002FEFD02020102FC0002020268
:10CDC00003FEF90000FFFF02FEFF000004FDFC036C
:10CDD00001010003FF00FB000100FF04FFFE05014D
:10CDE000030100FE0602FF04FFF8FF02FDFFF8004A
:10CDF000FC03FDFD0000FC010000000000FDF80048
:10CE0000C0021950340000000000000000000000C3
:10CE10000000000000000000000000000000000012
:10CE20000000000000000000000000000000000002
:10CE300000000000000000000000000000000000F2
:10CE400000000000000000000000000000000000E2
:10CE50000000FD0301FDFDFFFF04FDFEFCFEFF02DF
:10CE600002FFFF00FF0001F902FAF9FF04FFFE02D2
:10CE7000FB0000FE00FB0101FF00FE01FE0101F9C5
:10CE800002030205FDFCFD02FDFFFBFCFEFE0003AC
:10CE9000FDFC00FCFE0302030100F9FE0001FD00A1
:10CEA00005FE02FA01FBFDFEFFFC010100FD010190
:10CEB000FDFF0700FC04FE0601FFFE01FFFAFE0471
:10CEC000FBFFFA0004FC0401FF00FB020000FC036E
:10CED0000000000000FDFF002003195022000000A8
:10CEE00001000001010201FD02F9FFFDFB0100004C
:10CEF000FFFE0202FF0000FF02030603FDFF04FE27
:10CF0000FDFE01FFFC02FF030401FBFD04FC000227
:10CF1000FEFEFD01FEFC00030202FEFD0300000117
:10CF200003FE01FD0001FFFDFE01FFFA0000FEFE11
:10CF30000001FD01000001FF0104FDF90200FC01F8
:10CF4000FFFF020302FC01FF0302FFFFFCFE0000E3
:10CF5000FA05000203000001FD06FE030000FFFDCC
:10CF60000000000000FEFC006003195034000000C7
:10CF700000000000000000000000000000000000B1
:10CF800000000000000000000000000000000000A1
:10CF90000000000000000000000000000000000091
:10CFA0000000000000000000000000000000000081
:10CFB0000000000000000000030102FE00FEFA0075
:10CFC00000FD070100040202000100FC010502004F
:10CFD0000002FF01F9010102010201000006FDFE4D
:10CFE00006010108FB0402FFFC0402000201FF022B
:10CFF000FF0002000105FD010100FE020401F9FE2F
:10D00000000102FD010102FF0002FD000000FF001F
:10D010000401040201FB01FFFC00FB0106FFFF000D
:10D0200008050202FE040001010200F9FE05FEFEF1
:10D03000FEFB0602000005040000000000000300E3
:10D04000C0031950220000000002FBFF00FD040392
:10D05000FF03FF0205000303020104FC01FDFFFAC8
:10D06000FF00FF020702FCFB030300FE01030003B5
:10D070000003FEFE0300FC01FB00FFFFFDFFFFFFBE
:10D08000FCFF0402FDFD03FDFFFDFEFFFF000301A9
:10D09000FF010300FF0002FEFF010200F40100FA9D
:10D0A000FF01FF0001010401FE02F9FF0501FEFF7F
:10D0B0000301FF020205FD0103010101FF01060159
:10D0C00001FEFFFF00000100000000000003080057
:10D0D00000041950050000000B060007011004EFC2
:10D0E00000000000000000000000EE0000401950A9
:10D0F00066010000030001FE0103030200FBFFFCC8
:10D10000FBFCFFFCFE03FDFBFF01FB030102FFFD37
:10D1100003FCFCFBFCFF000300FBF901FE00FFFA2F
:10D1200002FDFEFBFDFEFF0103FD030002FBFBFE13
:10D1300000FE00FD0000FF00FFFF0001F70500F406
:10D14000FDF90301FCFC03FD02040104FEFDFBFCF0
:10D15000010000FD0002FCFDFD0000F800FF0302DD
:10D1600007FF0106FCFAFFFF03FD02FEFBFDFB00CB
:10D1700003FE01FAFCFBFB0300FFFEF800000000C9
:10D1800000000000000000000000000000FFFB00A5
:10D19000FCFA01FBFD03FAFA0300FFFB0300FF02A8
:10D1A00002020003FA03F9FF0100FCFAFA01FF0290
:10D1B00000FD02FD000000FFFE02FE01030400FF6F
:10D1C00000FEFEFF0000000000000000FFFFFF0067
:10D1D000FFFFFEFE00FE01FC00FE01FE000000025B
:10D1E000FE0000FFFDFEFE0003FD040001FE05023F
:10D1F0000003FF0301050102FBFE0101FEFFFFFC2E
:10D20000FDFE0002FDFF01FDFBFD010003FFFD022D
:10D210000302FCFC00FD01FF02FCFBFE0A02FEFD16
:10D22000FB020500FFFFF9FB000101000000FFFF0A
:10D230000000000000000000FF0203FDFDFFFDFEF6
:10D24000FE0202FEFF0202FDFAFA02FD01FFFEFFEE
:10D25000FF0102FD0000010100FFFFFFFCFFFBFAE0
:10D26000FCFFFBFE01FC00FAFB0405F8FAFAFEFCE9
:10D2700003FF01FAFFFF0302FCFC0304FCFFFC01B7
:10D2800001FEFFFF0201FD01000405FC08FD03068D
:10D2900002FEFAFEFEFEFC03FC010100FD00FCFDA7
:10D2A00000F8FAFF01FE02FCFFFF05FD0806000082
:10D2B000FE02070603FB010200020301FFFCFEFE63
:10D2C000FEFE0000FEFEFEFEFBFAF7FC05FEFFFB85
:10D2D0000000000500000000000000000000000049
:10D2E000F3FFFFFFF8FC03FBFAFB01FA01FFFF006D
:10D2F0000003FFFFFBFBFBFFF9FBFCF8FEFDFBFB64
:10D3000000030100FD020103FEFEFF01FF0000011A
:10D31000FFFFFEFEFFFFFFFFFD00FDFFF8FF01FC2A
:10D32000FCFFFBF8020200FD01FDFDFCFBFDFE021F
:10D33000FDFB00FFFFFE04FEFD01FF000003FC04F7
:10D34000FDFEFEFF0303FE03030200020001FC01D9
:10D3500000FDFEFF01000001FC02FE0300FD0302D0
:10D36000000000FE00000000000400000304FCFCBC
:10D37000FFFE04FF0202FEFD0104FEFF030104FFA5
:10D38000FE05FE0101FDFFFDFFFF010003FD01029F
:10D39000FD0101020200FD03FFFF000203FF02FE88
:10D3A000FE00FC03FE010003010300FD01FF040277
:10D3B000FD0304030300FD000004FD04FF01FF0062
:10D3C00002000101FF000100FFFEFD0001FEFE0161
:10D3D00000FE01FEFD00FB00FE03FE000101FD0159
:10D3E0000402000102FF02FF01FEFEFFFE01020136
:10D3F000FDFC01FFFCFE00FE000300FF010301FD38
:10D40000FF01000100FDFE02FE02FD0200FCFE0124
:10D410000103FF0101030000FFFFFE0301FFFD0107
:10D42000FE01FF0204FE02FF050004FFFF03FF02EE
:10D43000FE02020302FE0200040500FE04040004D2
:10D4400003000101FDFD03FDFE020401FFFE0405D2
:10D45000FEFF01FE03FFFD000304000001FDFFFDD0
:10D4600001FE0002FDFDFDFD02FD02FFFCFD00FDD1
:10D47000FE02FCFEFC0301FFFC00040204FEFF04AC
:10D48000010102000201FEFE000000FE000000009B
:10D49000FD000000FE0200FC0402FF0400FD00FF8E
:10D4A0000303000301FE0300000300020000040266
:10D4B00000000000FF000000FFFD03040402FFFE67
:10D4C00001020104040404FC000000FD000000004F
:10D4D00000010000FDFE000100FC01010000000051
:10D4E00000000000FDFF000200FFFC0201FFFDFD47
:10D4F000FDFFFFFDFF04000302050402FD0002031F
:10D500000300FFFEFE0400040101FEFF0203FFFF13
:10D510000203010100FF0302FEFEFE03FFFDFC0308
:10D52000FD0201FFFEFFFDFE0000010403FD0000FF
:10D53000040503FE030200FC010000FC0102FCFDE7
:10D54000FFFEFD0300FD02FC03FEFEFE00020303DE
:10D55000FDFF04FDFE01040103FFFDFFFCFEFFFFD4
:10D56000000000FF00000000FE00000001000202B9
:10D5700002010202000000000000000000000000A4
:10D58000000000000000000000000000000000009B
:10D59000000000000000000000000000000000008B
:10D5A000000000000000000000000000000000007B
:10D5B000000000000000000000000000000000006B
:10D5C000000000000000000000000000000000005B
:10D5D000000000000000000000000000000000004B
:10D5E000000000000000000000000000000000003B
:10D5F000000000000000000000000000000000002B
:10D6000000000000FF00FAFDFBFEFFF801FEFE0037
:10D61000FDFFF9FEFF010002010302F9FE02050011
:10D6200002FE0101FEFD0304FC0102F9F800FDFC0D
:10D630000000000302FFFF0003FF02FCFFFE0202E6
:10D6400003050001FF02FFF9FDFEFD00FF000403DA
:10D65000FE0100000202FDFDFDFBFE01000102FCD7
:10D66000F901F903FD04FB00FE0303000300FDFEC6
:10D6700000FD000400FF0100FF0103F900FFFD03AE
:10D68000000001010000000000FF05008042195069
:10D690002200000002FF01000607FE0003FF010058
:10D6A000030107FCFEFEFF000201FE0200FB030176
:10D6B00000FBFCFE04FF02FDFF04060300FEFD016B
:10D6C00000FFF8FFFB04FC020200FC010100FF0068
:10D6D000FAFE02FE020000FD02FF030203FCFCFE54
:10D6E0000201FDFEFF040300FF0004FE0204F70137
:10D6F00003FD00FE00010005FF0301040004050115
:10D700000001010004030502FEFEFFFFFE04FC020F
:10D710000000F803000000000001FF00C0421950A3
:10D7200034000000000000000000000000000000C5
:10D7300000000000000000000000000000000000E9
:10D7400000000000000000000000000000000000D9
:10D7500000000000000000000000000000000000C9
:10D76000000000000000000000000000FD02FF03B8
:10D77000FF03FFFF02FD02FEFB01FD0402FD00FCB2
:10D78000FCFFFBF8FB04FAFEFDFEFEFE0400FD01BB
:10D7900005FBFDF9FDFF01FF0107FD04FBFBFF0594
:10D7A000FA00FD03FDFE0400FD02FBFD01FFFF0189
:10D7B000FCFA0400FD0607060001FE01F6FBFEFE72
:10D7C0000300FE02FB03FAF9FC04FD0302FFFE0066
:10D7D0000002FD0306FEFBFFFFFFF70002FDFBFB5F
:10D7E000FCF8FDF805FEFFFB0000FFFB0000000059
:10D7F00000FCFF00204319502200000004F9FF0440
:10D800000404020004FF00FFFFFDFEFF0207FCFD11
:10D8100003FF00060203FD0003FF070100050104EA
:10D820000203FCFC00F6F900FF0002FCFFFDFE0213
:10D83000FBFEFD00FD0500FCFEFF0300FD0803FCF0
:10D84000FFFEFEFDFD00F80000FDFD010000FBFBFA
:10D85000FFFE0100FF06FEFB0003FEFD06FDFF01CB
:10D8600002000101FE0301FDFFFA040101FBFEFCC1
:10D8700002FF000501FFFEFF0000FEFA00000000AD
:10D880000005010060431950340000000000000052
:10D890000000000000000000000000000000000088
:10D8A0000000000000000000000000000000000078
:10D8B0000000000000000000000000000000000068
:10D8C0000000000000000000000000000000000058
:10D8D000000000000400FDFEFCFF06010002000243
:10D8E000FF02020103FCFCFFFE0301FE0105FC0137
:10D8F00006020402FF0102FB01FFFEFCFDF9F90034
:10D9000002FD040301FFFE05030401FF00F902010B
:10D91000F8FE0501FF01FC000004FF000303FDFD0C
:10D9200008FC0402FFFD000704FC00020106FDFEE6
:10D93000FB04FD040001FDFEFB00FC01FAF9FB0203
:10D9400001FC0304FCFFF800FC01FB0106060104D6
:10D95000000001030000000000FEFC00C04319505D
:10D96000220000000104FCFAFBFBF7080104FB01A4
:10D97000FF0201FFFC0401FFFEFEFDFB00020106A9
:10D98000F803FE010104FE01FEFD010101FEFE029D
:10D990000401FF03FDFBFEFEFF0005050007FC017F
:10D9A00003FF02FF0005FEFB0003FF00F90903006F
:10D9B000FCFDFF0101FE05FFFDFE01000204FD026A
:10D9C00002FE0402FFFC030001FDFD03030202FE50
:10D9D000000103FF03FBFF00FDFE0301FD02FB034B
:10D9E0000000FEFE0000000000FD0300004419508E
:10D9F0000500000010FBED0F05F6F0F70000000831
:10DA00000000000000000E000080195066010000B8
:10DA100005FFFFFDF5F7FC03FF0205FB02FD010317
:10DA200002010400FE0005FFFFF8FAFF0204FEFEFB
:10DA3000FEFEFF0304FC050404050003FDFEFD05D6
:10DA4000000300FEFA03FF00FFFE03000101FE05D4
:10DA500001FF0101000000FE06FCFD0703FFFDFEC3
:10DA6000FEFF050005FF0103FE01FD030000FEFEB1
:10DA70000201FD00FBFA000304FFFD00050002FEA9
:10DA800005FF0400FF01FFFEFE0202030206010380
:10DA900002040303FEF7FAFE02FF00FEFF01FEFF91
:10DAA0000000000000000000010204000101FD046C
:10DAB000FD0302FFFE00FC02FFFF00FB030102FF6B
:10DAC000FF05040100FA0003FEFBFF03FF00010154
:10DAD000FF01FE01FFFFFEFF000103FAFF01FE024E
:10DAE0000000FEFFFE0000FF00FFFFFF0101FF003E
:10DAF00003FC0100FEFDFC01010002FFFEFEFFFE33
:10DB00000000FF02FA03FA01FBFAF7FAFCFE01FB40
:10DB1000FF03FFFDFCFFFF050001FC0101FFFC000E
:10DB2000020102FEFC02FEFE01FEFEFF000101FDFD
:10DB300000FD04FEFC020103FBFDFDFDFFFE0000F5
:10DB40000100FCFE0200FDFD0102FFFF00FFFF00DF
:10DB5000FF01FEFF01FC01020104FDFFFC0202F9CE
:10DB600001010200FFFDFA00000003FEFDFB03FDC2
:10DB7000FD0100FDFEFF01FC040101050002FB04A4
:10DB8000FF00FF0200FAFF0501FBFD0300FBFF029F
:10DB9000FFFE03FE030101FC020102FE0000000083
:10DBA000FF00FF00FEFF03FFFF0300020305FE0569
:10DBB000FD0002FB01FAFDFB0103FE05000305FB6E
:10DBC000FD0004FEFDFD02030101FB03FE01030253
:10DBD000FE0204FDFFFE0000FEFE0102FEFEFEFE50
:10DBE000FEFEFEFEF9FF03FDFDFF03FFFF01010541
:10DBF000FD03FFFFFF00FE01010000FF00FF00002A
:10DC0000FEFC010203FEF90100FD010200FE02001C
:10DC1000FF04FE010401FD03FE030101FDFEFDFE04
:10DC2000010103FC000302FF000001FEFDFDFDFCFD
:10DC3000FEFDFDFD03FEFDFE0401FF03FD01FF02ED
:10DC4000000203FEFDFFFB02000102FBFE0303FDD9
:10DC5000FEFA01F7FFFF00FFFF0207030801FE04C1
:10DC6000FD04FE04FDFE0002FBFEFA02F9FC04FBCB
:10DC7000FC00FFFC01FF00FC0302FB01FF0000FDB4
:10DC800000FFFF000601FF00060302020205FCFD83
:10DC9000F8FBFE03FBFB0002F9FAF901FEF9FBFCBD
:10DCA000FCFC0203FBFFFCFFFF05FDFCFAF7FE0195
:10DCB000FFFBF70001FC01FD03FFF800F803FEF88D
:10DCC0000102FF000204FF0105FF0103FDFFFC024A
:10DCD000FDFBFEF5FAFAF6F8FCFCFCFBFDFEF60097
:10DCE00001FD00FEFF00FFFFFDFB030002FF00033C
:10DCF000FBFE02030001FCFD040201FDFD05FDFD2C
:10DD0000FD0405FE0000000000000000F7FDFA0021
:10DD1000FE0003FF02000802FD010201FFFFFCFDFF
:10DD200001010000FFFDFCFD00FEFD03FDFBFB010A
:10DD3000FB01FEFBFFFE000200FC00FEFBFDFDFF01
:10DD4000FF02FDFFFFFF00FE0500F8FFFDF4FCFFF2
:10DD5000FC00FC00FB0106FDFF00010401FEFF03C7
:10DD600001FB03FDFDFEFDFFFC010203FEFDFFFFC5
:10DD7000FDFC040201FF0401FDFFFC01FEFFFFFEAC
:10DD80000100FDFDFFFDFFFF0600FDFC050205068D
:10DD9000FE060800F8FBFF02FBFAFBFAFC03000298
:10DDA000020401FD00000500000000000100000069
:10DDB0000300FE00030400FFFFFE02FEFAFBFEFE6E
:10DDC000020406FB03010006000001010000000040
:10DDD00001000000FBFBFEFFFD00FFFF01FFFCFE5A
:10DDE000F400FCF7FEFFFF0100FCFBFBFFFEFBFA6B
:10DDF000FE00FDFF04FFFC010405FA01FF00050021
:10DE0000FC01FEFA02020301FFFA0005FAFD00011F
:10DE100004FCFCF80404FE01F8FFFEFCFFFB04FE1A
:10DE2000FDF9FA0102FF0003FEFAF9FC050502FB09
:10DE3000F9FAF9FFFCFFFBF80202FE02FE040302FE
:10DE4000FB07FFFCFDFD07FE01FA02FD0602FD03D4
:10DE50000300FD02FCFD02FF01FFFC01FF00FCFFCF
:10DE600001F8FAFC0000FCFFFE01FE000502FC04C4
:10DE700000FC03FD00FE010401FAFCFEFFFBFEFDB9
:10DE8000FFFFFE00FF00FEFFFFFFFEFE00FE02FFA1
:10DE90000000000000000000000000000000000082
:10DEA0000000000000000000000000000000000072
:10DEB0000000000000000000000000000000000062
:10DEC0000000000000000000000000000000000052
:10DED0000000000000000000000000000000000042
:10DEE0000000000000000000000000000000000032
:10DEF0000000000000000000000000000000000022
:10DF00000000000000000000000000000000000011
:10DF10000000000000000000000000000000000001
:10DF2000020104FEFF0BFF010105FF02FEFF02FFDD
:10DF300002FF02010300FFFD02020301FFFD00FEDC
:10DF400000FF0200030101000001030602FF00FCC4
:10DF50000205FFFD03FE00FE01FC010100FFFCFFC6
:10DF600003FC00FBFAFF00030401FDFC05FF0300B6
:10DF700001FFFC020200FFFDFF01000201FF05029C
:10DF80000404020106FC0102010201FEFFFEFEFF85
:10DF900000020000FCFD030100FB0303000003017D
:10DFA00000000000000203008082195022000000DF
:10DFB000FD0103FF04FEFB0101050202010403FD54
:10DFC0000000FFFF02FD01FF01FE0504FE04FDFD50
:10DFD00004FF04FF010300FD01FFFBFBFF02FDFF47
:10DFE000FDFD04FEFEFF000101FE00FEFC0306FE37
:10DFF00002FFFEFF0300040203FFFDFD01FFFD0120
:10E00000FFFFFFFCFE0002020202F800FF00FEFF1D
:10E01000020304FEFD00010202FC02FF0102FC01FA
:10E0200004000601FD03F9FFFF02FD060000F903ED
:10E03000000000000004FC00C08219503400000001
:10E0400000000000000000000000000000000000D0
:10E0500000000000000000000000000000000000C0
:10E0600000000000000000000000000000000000B0
:10E0700000000000000000000000000000000000A0
:10E0800000000000000000000300FDFDFEFC030096
:10E09000FEFE000301FE0002FC04010602FF000375
:10E0A000FFFB05FDFCFF00FC06FFFFFE0004020075
:10E0B00000FF01FEFF00010201010000050208FE51
:10E0C00000000101020402FEFE02FD0203FC020048
:10E0D000FF01080407030200FFFE03040303FDFE23
:10E0E00005030002FD02000400FFFD0300FDFF0127
:10E0F000020401FEFE0002FF02FC0704FD0300FA19
:10E1000001010602000000FD000000000004010003
:10E110002083195022000000FEFF0000000100FED5
:10E120000004000103FEFFFDFEFFFE0001FE0003F0
:10E130000100010100FFFE01030101FE010402FCD8
:10E14000FB020003FEFFFBFD02FBFC0000FEFDFFE7
:10E15000FD0003FE010101FEFF0003020101FDFCC1
:10E16000FC0003FFFF01010001FEFF00FB02FF01B5
:10E17000FE01FB010002FF00FC00F9FDFF01FD00B4
:10E180000403FF0001030601040403FE010303FF6F
:10E19000000000020000FC03000000000005010078
:10E1A00060831950340000000000000000000000EF
:10E1B000000000000000000000000000000000005F
:10E1C000000000000000000000000000000000004F
:10E1D000000000000000000000000000000000003F
:10E1E000000000000000000000000000000000002F
:10E1F00000030400FE000301FE060203FD0304FF0A
:10E200000102060001010200070100010203FD03F3
:10E2100003FFFF04FEFD0401FD04040205020502E4
:10E2200002010002FD0202FF040201FF01FE02FDE5
:10E2300006040001FC020104FE0205FF01FF01FFCC
:10E2400000FE02FF030300030002FFFE00030203BF
:10E2500002FF020601FE02000101FC0105000104AB
:10E26000FF0204000001FD01020003000000FFFFA7
:10E270000000000000FD0100C083195022000000D2
:10E280000308FFFE01FF0101FF09010103FE030373
:10E2900000000001FC02FCF9FFFF00FD0205FCFD8F
:10E2A0000204FDFFFE02FC000100FDFF0001FD0075
:10E2B000FFFDFD01FE00FF0200020202FCFE02FD66
:10E2C00000FFFFFFFE03FF0301040300FAFF01FF4D
:10E2D00004FC0102FB0100FD0105FE00FC0103013D
:10E2E00001FFFBFEFCFFF801020000FF03FCFEFD46
:10E2F000040004FF01FD03030502FDFF000004FF0D
:10E300000000000000FE0400008419500500000019
:10E31000FCFF0BF90DFBFF060000000000000000F1
:10E320000000010000C0195066010000FEFD010060
:10E33000FBFDFDFF010300F9FF03FD0400000401E4
:10E34000FCFD01FA02FCFB0002FF0201FFFBFFFBE8
:10E35000FE0103040507FC030201FCFD02FD0102AE
:10E3600000FA01FDFDF901FD00FBFCFD01FEFE00D0
:10E37000FF00FF01FF04010205FFFCFBFE0507FC97
:10E38000FE0004000000FF01FE010001FFFF01018B
:10E3900000FDFFFF04FBFF0202060102010401FE73
:10E3A000FE01010302FF01FDFC02FE00F801FFFD7A
:10E3B00000FEFBFEFFFF000100FD00FE0000FF006D
:10E3C000000000000502FF0000FF0103FB04FF0145
:10E3D000FBFEFEFBFCFBFD0302FEFC00020004FD55
:10E3E000FAF9FCFBFFFEFCFF00000000FE0200014A
:10E3F000FE000201FBFCFCFCFFFCFFFB0101000135
:10E4000001FE00FFFFFEFEFE0001FFFFFE03FEFF18
:10E41000FE02FF01FFFFFE00FF01FF010401FFFEFE
:10E42000FE05F4FEFB00FEF60403FEFEFEFE020106
:10E430000000FC01FEFE00FD00FDFB0200FD0000EF
:10E44000FFFDFF00FFFF0101FFFEFFFEFF010300D4
:10E4500002030100F8FF05FEFB020201FC02FDFBC6
:10E460000000FCFFFE0303010101FE01FEFD01FFB0
:10E47000FD0003F90104FF02F70200FA01000201A6
:10E48000FCFF0300FFFFFBFEFDFB0303020100FD99
:10E4900003FF03FD07FE00070100FD04FEFE04FC70
:10E4A00005FCFC060505FD0002FE020304FC00035A
:10E4B0000202FE03FF03040101FF0000FF0000FF52
:10E4C0000502FD0004FF02FE00FFFF0200FCFDFE4E
:10E4D0000200FF00FEFFFBFDFEFE03FE030704003B
:10E4E00000FC010300FBF8FF000703FCFF01030031
:10E4F0000000FD00FFFFFF00FFFFFEFEFEFFFEFF2E
:10E50000010601FFFDFE0501FFFEFEFD02FD00010B
:10E51000000002FC000100000200FFFF030702FBF5
:10E520000203FFFE0102FDFEFEFDFCFEF9FFFCFD05
:10E53000FF04FC03FFFE0204FDFCFDFCFEFC0102E7
:10E5400000FEFF02FCFE0100FCFDFDFDFDFDFDFDEA
:10E5500002FDFBFE0404040100FEFE020101FB03B8
:10E56000FEFCFEFDFEFF01FBFF03FEFC01FFFF01C1
:10E570000001010000000001000000000000000098
:10E58000000000000000000000000000000000008B
:10E59000000000000000000000000000000000007B
:10E5A000010000000102FF010000FFFF0000000069
:10E5B0000000000000000000000000000000FF005C
:10E5C00000000000000000FF00000000000000004C
:10E5D0000000000000000000000000010102010036
:10E5E000000000FF0000000000000000000000002C
:10E5F000000000000000000000000000000000001B
:10E60000000000000001FF00FF00000000FF00000C
:10E61000FEFEFEFF01000000010100FF00000000FF
:10E6200000000000000000000000000000000000EA
:10E6300000000000000000000000000001000102D6
:10E64000FFFF00FE010000010001010100000001C8
:10E65000FF0000FF000000FF0000000000000000BD
:10E66000000000000000000001FFFF00000001FFAB
:10E67000000000000000000001FF000001FFFF009B
:10E68000000002FF00000000000000000000000089
:10E69000000000000000000000000000FFFF00007C
:10E6A000010001000000FFFF00FF01000100000069
:10E6B000000001FF0000000001FE0100000000005A
:10E6C000000000000000000000000000000000004A
:10E6D000000000000000000000000000000000003A
:10E6E000000000000000000000000000000000002A
:10E6F000000000000000000000000000000000001A
:10E700000000000000000000000000000000000108
:10E7100000000000000000000000000000000000F9
:10E7200001000000000000000000000001FF0000E8
:10E730000100FFFF00FFFFFF0000FF0000000000DE
:10E74000010102000000FEFF0000000100000000C7
:10E7500000000000000000000000000000000000B9
:10E760000000000000000000FF00FF000001FF01AA
:10E77000FFFF01000000010100FE01FF000000009A
:10E780000100FE00FF0001FF000101010000000088
:10E79000FFFF0000FFFFFF01000001FF000000007D
:10E7A0000000000000000000000000000000000069
:10E7B0000000000000000000000000000000000059
:10E7C0000000000000000000000000000000000049
:10E7D0000000000000000000000000000000000039
:10E7E0000000000000000000000000000000000029
:10E7F0000000000000000000000000000000000019
:10E800000000000000000000000000000000000008
:10E8100000000000000000000000000000000000F8
:10E8200000000000000000000000000000000000E8
:10E8300000000000000000000000000002FD0102D6
:10E84000FF03FE0003FF02070101FD00020200FBBF
:10E85000FB0004FEFFFEF900FF07FF01020202FDBC
:10E8600003FFFAFF01FFFFFCFDFFFBFDFD01FC04C0
:10E870000403FD05FEFE010002FE020105FD030387
:10E88000FE050500FF02FE04FD05FEFEFA0101FE85
:10E89000FDF8FFFF03FFFA0502000202FFFD05017C
:10E8A000010400FF00FB0002010302FE0602FF0557
:10E8B0000402FB00FF01FCFD0000FC000000000062
:10E8C0000000040080C219502200000001FD000079
:10E8D00004010003040001FFFF0001FEFD02FCFE35
:10E8E0000007FE01FF07070303FE00FD030200040B
:10E8F00001FD02010000FF0004000104FD08000307
:10E90000FD01FBFD02050201FD0300FD0405FDFF05
:10E91000000601FE0000FC0102FEFF01FDFEFFFCFF
:10E92000FFFF070002FF01030407FDFFFA01FF01DB
:10E93000FDFE02FEFEFF05FA01FDFF0207F50404DD
:10E94000010201030104FC010000FF0200000000BD
:10E9500000FEFF00C0C2195034000000000000009B
:10E9600000000000000000000000000000000000A7
:10E970000000000000000000000000000000000097
:10E980000000000000000000000000000000000087
:10E990000000000000000000000000000000000077
:10E9A00000000000FC00FDFAF6FCFDFEFE00FFFD8D
:10E9B000FEFDFFFC04FDFCFBFCFE07FEFEF906016C
:10E9C00004FEFB00FF0400FFFE010705FBFDF6FF50
:10E9D000FD05FFF6FCFFF9FEFAFDFEFCFF00FFFE61
:10E9E00007FCFD03FC00FBF9FE01010100FB04FA3A
:10E9F00000FBFCFB0802030203FFF9FEFE0301F328
:10EA0000FFFC01000002FEFE0106FD05FAFFFD020B
:10EA1000FB05FDFFFC03FF0105000203FCF7F90005
:10EA200000000203000000000001FD0020C3195097
:10EA30002200000002FF01FEFF05FE05FBFD0207AC
:10EA400000030403FF000002FE01FB02FC01FE00C4
:10EA50000003050604FC01FF01FE0401FD0103FEA5
:10EA60000105FF04FE01FDFE0301FE040101FE029B
:10EA7000FEFEF8FFFC010200040302FD00FDFE03A0
:10EA8000FDFE000107FC000102FDFCFE03FE020684
:10EA9000F700FD0105FFF8FC0006FE00FCFEFA0091
:10EAA000040205FEFF02FC000400FFFB00FEFE0363
:10EAB000000002020000000000FBFF0060C31950CC
:10EAC0003400000000000000000000000000000012
:10EAD0000000000000000000000000000000000036
:10EAE0000000000000000000000000000000000026
:10EAF0000000000000000000000000000000000016
:10EB0000000000000000000000000000010003FF02
:10EB1000FFFC05FEFA03FFFF02FDFD01FDFEFF0005
:10EB2000FE01FF01FFFFFF03030203FE02020200DA
:10EB3000FFF301FC03FC0203030302FFFF000300D9
:10EB400004FBFDFEFC0002030001FFFC00F8FF01D6
:10EB500001FD06FF03FBFF000001FFFEFD06FF00B5
:10EB600003FEFF020004FEFE0306FE05FEFF01FE9B
:10EB7000FF0201F5030003FE0000F602FE0101FBA7
:10EB80000203FF0202FB0003000003FF000000007D
:10EB900000000300C0C31950220000000101000260
:10EBA000FDF9F8060303020300FF0100010400F869
:10EBB0000100FBFBFF03FD06FC03FD00020502FC58
:10EBC000FF0102FFFDFC01FEFDFCFF01FEFB00FC5E
:10EBD000FF00020000FAFE000004FFFD0402FC0337
:10EBE00003FAFE0301FDFBFCFDFB010303FB04FB39
:10EBF000F902FF020103FEFDFCFFFF04000202FC1C
:10EC000007010005FF0000FC070405FEFD000303EB
:10EC1000FEFF03010100FE010000030200000000EE
:10EC20000005090000C4195005000000F50AF5149C
:10EC3000FE080007000000E9000000000000F500E9
:10EC400000001A506601000003FFFDFC030501FFF0
:10EC5000FE03FA03FF0102F8FEFD01FC0001FEFFC6
:10EC6000FDFDFDFFFEFEFBFCFBFBFE03FCFFFD01CB
:10EC7000FFF901F900FF0001FDFD01FEFCFBFDFCB9
:10EC8000FF02FAFD00FEFFFF010100000000FF018E
:10EC9000FB0503F2F7FAFFFAFEFAFE02F7F8F4F8C2
:10ECA00000FBFBF2000301FEFCFC03FEFBFA040088
:10ECB000080300FFF3FDF3FBF6F7FCF600FFFEFD93
:10ECC000FC01FE00FCF900FB02FDF7FF00FDFCF675
:10ECD00000000000FFFF0000000000000000000036
:10ECE000FFFCFD00020503FAFCFD0002FBFDFFFE38
:10ECF000FA030302FCF7FD03FAF5FBFDF902F9FB49
:10ED000000FC03FB010000020100FEFFFDFD01010C
:10ED1000FC03010300FE04FE0001000000010000EE
:10ED2000FCFDFDFDFDFDFDFD000001FEFD00FE0200
:10ED3000FF0000FEFDFF0100030100FFFD0303FDD6
:10ED4000FE04FDFF0103FFFFFBFD0201FDFBFB04D1
:10ED5000FDFFFCFFFEFCFC00FF02FDFFFBFD02FDD2
:10ED60000302FBFDFF03FD03FF00FDFCFC0101FEB0
:10ED7000FCFEFD02FD0403FD01FE0705000000008E
:10ED8000000000FE0000000000000000F701FDFD93
:10ED9000F9FEFFFC00FFFEFC0402FB0300F9FC048B
:10EDA000FBFEFE0001FE00FAFFFF0100FFFFFE0078
:10EDB00002FBF4FF0306F5FAFFFAFAF5F30100F699
:10EDC000FB02FCF4FC0100FB01FB0200FFFFFBFB6C
:10EDD000F6FEFFFA02FD02FFFD0002FDFE0102FE4B
:10EDE000FDFD04FCFE01FCFBFD020101FBFB000438
:10EDF000FCF8FC02FDFAFB030408030104FE040412
:10EE00000000FD06FF050204FD020104FF0301FFEF
:10EE1000FD01FDFFFEFEFEFDFEFEFEFEFF0401FD08
:10EE2000020703040000000300000000FF000000D0
:10EE3000FF0000FFF9000000FDFEF8FCF70407FBEF
:10EE400000FF000000FFFFFFFEFDF901F8F9F9F6F1
:10EE5000FDFEFBFE030100FEFE00FD0001FF00FFC2
:10EE6000FF0001FFFCFDFCFCFDFDFDFCFBFBFDFDCF
:10EE7000FE00FAFAFCFAF9FCFB00FA01FE02FFF9C7
:10EE8000FDFF01FA0200FEFF04020C09FD05FC0172
:10EE9000FEF805FE080001060306FF0400FEFE0161
:10EEA000FFFEFD05FEFA00FDF700FCFEFB04FA0084
:10EEB000FEFF05F9000000FF0000000002FE000058
:10EEC00001F901FA0AFC00FD01070307FD0207FD35
:10EED000010202080100FD02FAFEFCFFF8FA01F847
:10EEE0000104FAF701FC08FEEF04FB0103F801FD41
:10EEF000FC02F600FA03F7FCF9FB02F9FFFC05023D
:10EF000001FAFFFFFDF9FB000301FB04F9FF02F624
:10EF1000FEFBF9FDFD00FFFFFFFF00FF01FFFF000B
:10EF2000FBFCFDFE00FD00FD04FF00FD0001FF01F4
:10EF3000040002020302FDFCFDFEFDFFFE000000D6
:10EF40000000FF01FF0104FF00070301FAF60301BF
:10EF5000F7FCF8F501F6FDFEFEFEFE00FC0002FCEB
:10EF6000FE030000FF06030101010305FC01FD0291
:10EF700000FAFCFBFEFFF905F6FDFCFB000200F9C0
:10EF8000030300FCFE06FEFC00FE0100FDFE040182
:10EF900007FCFF0504070104FEFC0203FF04050251
:10EFA00002FD000002FEF8FDFFFCF9F6FE0404007D
:10EFB00000FEFF00FDFFFDFEFF05FEFDFAFEFFF96E
:10EFC000F8FDFFFD04FA02020001FF030204FF0541
:10EFD00001FF0102FCF8FB01FE00F9FB0000FFFA53
:10EFE0000000000002000000FB07FBFA06040AFD17
:10EFF000010303FEFE000006FB05060301FAFF0302
:10F000000000FD03000000000E000000010CFE00E7
:10F01000FAF403FC02FCFF010205FDFA090CF702F9
:10F02000FBFF02F5FFFEF9FBFEFEFDFF09FFFF01FE
:10F030000006FA03FDFD06FBFB090300FFF604FFD3
:10F04000F703090102FB0404FC07000405FF0B01A0
:10F050000101020300010403030105FE00FCFFFAA5
:10F060000102FF00030202010203FF0200F9FC009B
:10F0700002FD00FEFEF800FFFEFCFD01FBFE0600A7
:10F080000102080301FB03FEFFFF0000FCFF02FF7B
:10F0900000F203FC0801F906F8F8FA00FCFF08FB8F
:10F0A000F7FAFE0209FAF601FE0701FE01FDFB0177
:10F0B000FBFF00FFFEFFFFFE00FFFEFF00FFFE0064
:10F0C000FF0100FFFF0001FE000000000000000043
:10F0D0000000000000000000000000000000000030
:10F0E0000000000000000000000000000000000020
:10F0F0000000000000000000000000000000000010
:10F1000000000000000000000000000000000000FF
:10F1100000000000000000000000000000000000EF
:10F1200000000000000000000000000000000000DF
:10F1300000000000000000000000000000000000CF
:10F1400000000000000000000000000000000000BF
:10F150000000000000000000000001FF01FFFCFAB9
:10F16000000206FF03FFFEFEFF02FEFE01FE01FCA1
:10F1700005030201010000FE0401FE00FB0200FB8A
:10F18000FFFE010307FC02010002FF02FD0000FD7B
:10F19000FFFDFD000100FF02FFFC0204FC03000470
:10F1A00006FFFFFFFCFEFC01FFFF00FE020100FD69
:10F1B00007FFFEFF00FF0301FC01FC01FEFDFD0057
:10F1C0000202010301010102010000FF020401FF2C
:10F1D00000FE000200000204000000000003FB002B
:10F1E00080021A502200000003FFFEFE00FC02FE17
:10F1F000FCFFFF01000000FF020401FD01FD02FA17
:10F2000000FD02000305FFFFFFFF0003030004FCF5
:10F21000FF0400FB0200FFF7FE0D00FF01FFFE02EE
:10F2200000FEFE0103FEFEF6000001FC0101FF05E9
:10F2300000F7FE000000FE05010303FA00FE05FDD5
:10F240000000030AFFFE0103FF0800FBFC070002A9
:10F2500004FEFFFD0408020202FF0307FFFCFEFBA1
:10F2600002010408000005020000000000FA00008E
:10F27000C0021A503400000000000000000000002E
:10F28000000000000000000000000000000000007E
:10F29000000000000000000000000000000000006E
:10F2A000000000000000000000000000000000005E
:10F2B000000000000000000000000000000000004E
:10F2C000FD00000507FF0303FE01FF000706000322
:10F2D00002010204FE010004FF05020102FF030413
:10F2E000FF010303020201FE03FF02FE010104020B
:10F2F000020302FB000301010201020102FC000003
:10F300000203FF0104FFFFFEFC01FF02FF00FFFFFD
:10F3100001FF00000002FF05040200020001FE01DF
:10F320000202FD02020400FE0802030602000001C0
:10F33000000006FF030204010000000200000001BB
:10F34000000000000002010020031A50220000000B
:10F35000060108FCFCFFFD02080A00FFFD03FEF9A0
:10F36000FF04FE0000FD030001FEF902000407FF98
:10F37000FC0408000001F8FCFD00000001FFFEFE97
:10F3800000FCFF0203FC06FDFE04020500FAFDFF7F
:10F39000030202F9030103050401F9080103020451
:10F3A000FDF7FDFEF9FE05FD0405FAFBFF05FA0178
:10F3B00009F801FDFEFD0101FEFBFAF901FE050160
:10F3C0000004FF020601FA02FBFC0101000000FE3E
:10F3D000000000000003030060031A503400000026
:10F3E000000000000000000000000000000000001D
:10F3F000000000000000000000000000000000000D
:10F4000000000000000000000000000000000000FC
:10F4100000000000000000000000000000000000EC
:10F42000000000000000000002050200FEFBFE03D9
:10F43000FEFF00010202FF0003FE01FDFEFF0107C7
:10F4400002030500FFFE010109FDFD0202010503A3
:10F450000600010409FEFE05030602FD0203FF0784
:10F460000303FF050302FD010504FF010702010379
:10F47000020102030003030303050200FD0305FB71
:10F4800001000200FFFBFFFD010201010BFE070866
:10F4900002000502FE0501FF060200030205000549
:10F4A000FFFF02020000FD00000000000001030059
:10F4B000C0031A5022000000FC05FD02FDFFFC0104
:10F4C000F90200FD06FF05FC00FF02FFFCFDF9FF4D
:10F4D000FA0001FF0303FDFC03020202FF0108FC26
:10F4E000F9FEFFFF020203FE0100FAFEFD03FAFE31
:10F4F0000101FCF9FB0002030100010103FDFE0113
:10F50000FCFF03FDFE00060304FF03FBFBFD0100FF
:10F5100000FE000001FE06000201F9FE01FBFC01F5
:10F5200004FF05010503FF020300020102000900B8
:10F5300004020307000002070000000000060500A7
:10F5400000041A5005000000F7FDF9EF010B080355
:10F5500000000010000000000000FA0000401A50F7
:10F560006601000003F8FE030300FC05FBFBFBFB48
:10F57000FDFDFA03FDFD0500FB0503FB02030A0682
:10F5800002FD02030001FD05FDFFFD0304FFFE0176
:10F5900001FEFD03FD01FDFEF6F80000FEFFF9FB94
:10F5A00000FEFEFFFD00FE000000FFFF07FDFF085C
:10F5B000FBFD03FE05030400FE00FDFD00FE050447
:10F5C00001FFFF00FF0001FFF904FCFFFBFC04FA50
:10F5D0000301FFFA02000500FD02010301FFFFFC29
:10F5E00004FF02FDFA0507FC00FD03000000000017
:10F5F000010000FF0000FF0100000000FBFAFC001A
:10F6000002F8FDFCFE00FE01000205FA020004FE05
:10F61000FBFD00FF0707FE0403F8F6FA030402FFF0
:10F62000FF02FEFC01000101FF00000003FE03FCDD
:10F6300000FC000600000000FF000000FDFCFCFDD7
:10F64000FFFFFDFCFDFD03FE03FEFC0300FD02FFCA
:10F65000FFFD01FF04FFFF0100FE0100FB0305FFAA
:10F66000FAFBFDF8F7F8FEFDFEFFFEFF02FEFBFCD5
:10F6700000000101010000FF010100FE00FEFF008B
:10F680000000FF00FFFFFC00FBFDFCFEFD0104FE8F
:10F6900003FBFB0201020406FE00FF02000000FF64
:10F6A0000000000000000000F80300F90701070453
:10F6B000FEFF030004FE0101FAFAFB010105FBFF56
:10F6C00000010605FFFEFFFEFE020103F800030134
:10F6D000FCF90201040304FD020605050806FF0506
:10F6E000FF03FA04FDFBF9F502FDFCFCFFFAFCFE4A
:10F6F0000200FF0200000000FE00FD00FC0400FD0F
:10F70000FDFF0001FF0402FA020004FF02FFFB02FA
:10F7100001FC000001FBFD00FBFCFBF9F8FAF7FD22
:10F72000FAFCF8FA01FFFBF800FF0400FE0000FFFE
:10F73000FFFFFEFFFDFEFEFEFF0300FF03FDFF04D3
:10F7400000FFFF00010001000001FFFE00000000BB
:10F75000F6000000F9FDF7F8FEF9F9FB02FFFFFDE6
:10F760000001FE02FDF6F50105F5FDFD02FEFF02BA
:10F770000201FF0100FE01010101FF000000000085
:10F78000FCFBFBFCFCFDFBFBFCFBF8FC02F9FAFDBF
:10F7900003F8FDFB03FF0403FF00020300FCFDFF71
:10F7A000FC00FE000004F701FDFE01F700F9F8057A
:10F7B000090201010001030208FF08080307060609
:10F7C00002FD030108FEF703FC07FDFD02F807FE3A
:10F7D0000000000900FF0000FBFCFF00FFFAFB0334
:10F7E0000502FA01050CFFFD01020504FCF9010305
:10F7F000FBF7FB00F9FEF8FCFCF6FCFA0301FB004A
:10F8000005000305FC02000500FDFCFA01FEFC00FA
:10F81000FBFD01F906FE0200FFFBFA06FAFBFE0102
:10F820000703000103FEFB04FDF9F7FEFEFFFAFDEE
:10F83000FDFDFFFE00FF00FFFF01FF0000FFFE00D7
:10F84000FCFFFEFDFE05FFFDFBFF07F9FDFAFE05CF
:10F8500001FEFFFFFFFBFEF90000FF0000000000BB
:10F8600001FD0100FA01020202FAFC0103FFFB01A3
:10F87000FE05FEFBFEFAFF0101FEFBFEFFFDFCFCA8
:10F88000FAFFF901FCFD03FAFDFEFD00FD0100FF9A
:10F89000FCFF0001F8FF00FEFAFCFEFDF9FAF9F8A2
:10F8A00003FE0700FDFFFC03FAF8F7FC01F4FCFD82
:10F8B00002FB01FCFF0102FDF4F900F901FD050165
:10F8C00009010009FBFDF7F500010301FF01FFFD40
:10F8D000FE00FFFFFD0001FEF8FDFEF8FEF9FEFD53
:10F8E00006FF040502070205FD070306F5FB02FDFE
:10F8F0000302FFF905FEFE020000FE02FF00000009
:10F90000F7FF0000FCF8FDF9FB0005FA0201FBFF20
:10F91000F9FFFF00F8FBF9FBFDFBFBFF000001FA1C
:10F920000000000007000000010203010003FE03C5
:10F93000FCFDFCF701FF00FFFB01FD01F8FFF8F4FF
:10F94000010002F80001000001FF00FFF701FDF9CE
:10F95000FDFFFFFE01FDFCFE0603FCFEFA050303AE
:10F96000F6F9FF00FE04FAFCFEFB02FE08FD0305AB
:10F97000FF08F903F5FB05FEFAFDFCF0FCFE0101B2
:10F9800002FC01000501FF01FE00FD01FF0200FE77
:10F99000FEFCFB04FE00FCFFFCFC010100F801FD85
:10F9A000FEFAFA00FCFFFB010100FBFEFBF907FF7A
:10F9B000FDFF00FDFAFCFDFFF9F7080301FDF8FE6D
:10F9C000F90602F5FEF600FDFFFFFD01FDFDFFFF5C
:10F9D000FEFEFEFDFEFEFDFD00FEFEFD000001FF41
:10F9E000FFFDFF000000000000000000000000001C
:10F9F0000000000000000000000000000000000007
:10FA000000000000000000000000000000000000F6
:10FA100000000000000000000000000000000000E6
:10FA200000000000000000000000000000000000D6
:10FA300000000000000000000000000000000000C6
:10FA400000000000000000000000000000000000B6
:10FA500000000000000000000000000000000000A6
:10FA60000000000000000000000000000000000096
:10FA70000000000006FF05FA000000FD0C0402FD76
:10FA800002020801FE020101FF00010304000E0052
:10FA900008020005050303000A06030901FFFF0130
:10FAA000FD03FEFB01040702020400FF0302000144
:10FAB000010401FE0B04030408FF0500FF0201011D
:10FAC000FFFF000201070302040006000202020019
:10FAD0000501FC0101FF04020600010801FE03FF0D
:10FAE000080201080102030203FF010100000102F4
:10FAF0000000FD00000000000003030080421A50D7
:10FB000022000000FC08FDFFFF01FFFAFE050302D2
:10FB1000FEFDFFFEFE02FD03FE00FFFFFEFDFE02F6
:10FB200007FC0300040303FD020401FAFDFD0200CB
:10FB30000104FDFFFF0303FFFFFFFE01FB03FB00CA
:10FB4000FE02FE0205010000F6FDFF0004FF01FDBC
:10FB5000FC00020201000203FFFFFEFFFE0001069F
:10FB6000FFFF010201030003FF0200FE0202FF0487
:10FB700002FEFDFEFDFEFC01020103FDFF0100018E
:10FB8000000003000000000000FFFE00C0421A5009
:10FB90003400000000000000000000000000000031
:10FBA0000000000000000000000000000000000055
:10FBB0000000000000000000000000000000000045
:10FBC0000000000000000000000000000000000035
:10FBD0000000000000000000000000000701FFFF1F
:10FBE000FDFBFE02FBF80003FFFEFD04FA00FD0230
:10FBF00002000200FEFBFFFCFE02FB00FF00FE0312
:10FC000002040005FE000301FD0004FC000201FDEA
:10FC100002FE000103FFFA030200FF0200FD02FDE5
:10FC2000FBFEFF0007FFFC00050002FFFDFA03FFDB
:10FC3000FA0300FC03FBFE060702FFFEFB020706B9
:10FC4000000103FBFCFEFFFFFE02FE03FEFFFD06BC
:10FC500001FDFF0301FCFEFC000002FE00000000AD
:10FC60000003050020431A5022000000FC03FE029E
:10FC7000FE020003FF00FFFE00FE01FF03FF000184
:10FC8000FC02FC05FAFFFFFC05FEFEFE0602F70182
:10FC900000FF01FFFCFE0503050100FDFFFEFDFF67
:10FCA000FF0000FEFDFFFF0304FF010204FBFFFC59
:10FCB00001FFFE01FF01FF030104040103FD04FE37
:10FCC000020101030101010300FF00FAFEFC020032
:10FCD00000FCFC0301FE0004030403010002030214
:10FCE0000101060202FEFCFD0000FDFF0000000015
:10FCF00000FF000060431A503400000000000000C4
:10FD000000000000000000000000000000000000F3
:10FD100000000000000000000000000000000000E3
:10FD200000000000000000000000000000000000D3
:10FD300000000000000000000000000000000000C3
:10FD400000000000FEFC02FE0101FEFF06FB0303B3
:10FD500001070201FFFF0004FEF900010202FEFF9D
:10FD6000FF02FFFFFFFD02FFFA03F908060AFF008A
:10FD7000FFFD0000FB0603FF000201FD06FE01F788
:10FD800005FEFB02FB030001FA02FC01040300FC78
:10FD9000FC030302FBFF0000FEFAFAF9FF00000477
:10FDA000FFFB09FE000201010500FE000707FF023C
:10FDB00005030403FF01FFFD0001FEFFFC00FCFF43
:10FDC0000000FF03000000000004FC00C0431A50C4
:10FDD000220000000602050500FF00FE000403FFEC
:10FDE0000002FDFBFB01FE0503FB03FFFF05FE0315
:10FDF00001FFFE03FF0005020103FDFF0200FFFA01
:10FE0000FD03FF0002FCFF00050000FFFDFC03FCFA
:10FE1000FD02FEFE08FB01FBFCFF03FEFF0308FFE3
:10FE200001FE01FDFB04FC01FEFE0101FFFFFBFEE4
:10FE3000020501FF06FFFDFB00F8FCFF030400FFC5
:10FE400000FE02030102FC060701FC02FA000101A8
:10FE50000000FB05000000000002FF0000441A50F3
:10FE60000500000003F517F0080706F1000000EF99
:10FE7000000000000000020000801A50660100002F
:10FE8000FBF9FFFDF9FBFDF70102FFF90400FDFDA1
:10FE9000FE04FF02FC0100FCFEFFFF020302010260
:10FEA0000103040003FE01FF010703FA00FE010144
:10FEB000FD0101FFFB050000000305FEFFFE04033A
:10FEC0000001FF00000000FF0303FF00FF05FEFB31
:10FED000020502FD020005020000FE06FF0000FF11
:10FEE000050000FFFB05F800F6FEFDFA0B0501FF1B
:10FEF000070D020200FDFD00FE0100FC0006FE01F0
:10FF0000FCFE040000F8F8030100010001FFFFFF00
:10FF100000000000000000000203030003FFFFFEDA
:10FF2000FDFEFCFE000103030103FDFCFF04FC03D6
:10FF30000209060201FD02040100FFFE0000FFFCB1
:10FF4000000000000000FF00FFFD04FA00FCFEFDC1
:10FF50000000000000000000020100FF0203010198
:10FF6000FEFDFF0001FE00000100FFFF0000FE009B
:10FF70000200000002FDF5FFFAF6FBFBFC0100FAAF
:10FF8000FBFE040103FB02FFFD000200010003026F
:10FF900001FD010000FF010100000000FDFFFD0068
:10FFA000FD0205FFFC010300F9F8FCFF00FF000162
:10FFB000FEFEF8F801FE0100000100FE0100000055
:10FFC000000000000204FEF803020501FEFF02FB30
:10FFD000FCFFFCFD01FCFDFA000707FFFFFE030527
:10FFE000FDFE0003FDFFFFFFFF040705FAFA01FA1B
:10FFF00002FE07FF08FFFF0AFFF5FBFFF8FBFE000C
:020000041001E9
:10000000FFFEFE0706000400FE02FEFD00000000E9
:10001000000000000205FC00000706FFFBFE0108CF
:10002000FEFC04FE04FDFBFBFFFDFE02FFFD03FEE4
:10003000FB01F9FDFFFB04FA0403F901FF0404FED0
:10004000000203FE0000FE00FFFF0100FEFFFEFFB6
:10005000FFFEFEFFFAFC01FDFAFBFEFE000001FFC1
:100060000100FE000000010000000000010000008F
:1000700000FD01040101F302FFFF00FEFFFE02018B
:10008000030001FF05FFFA0601FFFA01FFFFFEFE74
:1000900000FD0001FE010000FE03FEFFFCFCFBFB77
:1000A000FDFDFCFC010104FD02FEFF010400FF0058
:1000B00001FE0502FF02FEFBFF01FDFF010100FF43
:1000C00000FEFDFFFE020203FFFF0003FF00FEFF34
:1000D000FE020001FDFEFE0000FFFE020000000027
:1000E00000000000FEFF0102FE01FF000000000210
:1000F00000000000FD0300000202FE0200FCFD0300
:10010000010201010201020204020301030004FED4
:1001100000FEFF02FE02FF000503FEFF040501FFD3
:10012000000304FD000000000000000001000502C3
:100130000103FD020101FFFF000100010002FF02B7
:1001400002FFFEFE0003FD000000000000000000B2
:10015000000000000000000000FFFF0000FE00FEA5
:10016000FC04000101FD0203FD010402010002FF85
:10017000040001FF000000000000000001FF020079
:1001800000010001FC0302FE0002FF01FFFFFD0170
:10019000FEFC01FEFEFFFFFEFF0001FE01FD00026E
:1001A000FE02FFFF020200FE000001FDFFFF00FF54
:1001B00001000101040101FE03000303FFFF000031
:1001C0000100FE000103FD02FF0102000103020322
:1001D0000300010302FFFD04FDFE01FEFFFD00031D
:1001E000FEFEFEFFFFFE020000000000FF00000018
:1001F000000000010000000001FF000100FFFC0200
:100200000203FF01050402FDFE0401FF0100FF05DA
:100210000000FF01000001FE0000000002000000DD
:100220000104000400FE04020000000000000100C0
:1002300000FFFD01010302010000FE0100000000BB
:1002400003000000FDFF01010100000104020102A2
:10025000FDFEFEFC000000FE0000000000FF0000AC
:1002600000000100000000FF00000000000000008E
:10027000FDFDFE01FFFE0102FE02FEFD01FE00FE8D
:10028000FEFE00FE02FF03FE03FFFE040301FEFE6E
:10029000FD0100030000FEFC01FF0301020100FE5E
:1002A000FEFE01FF000200FE0200010300FF01024A
:1002B0000100030402FF0003FE040102FE00FF0030
:1002C0000001020103FE010101FDFD020000FE002C
:1002D000FEFF01FF0001FE0202FFFD0002FCFF0223
:1002E000FF04FF03000000FE01010100000001FD0A
:1002F0000000000001000000FF010001FE000101FC
:1003000000000000000000000000000000000000ED
:1003100000000000000000000000000000000000DD
:1003200000000000000000000000000000000000CD
:1003300000000000000000000000000000000000BD
:1003400000000000000000000000000000000000AD
:10035000000000000000000000000000000000009D
:10036000000000000000000000000000000000008D
:10037000000000000000000000000000000000007D
:10038000000000000000000000000000000000006D
:1003900001FFFD00FCFBFDFEFC0102FDFDFBFAFF81
:1003A000F9FEFCFF030101FC01FEFCFCFD00000165
:1003B000FCFC00FF00FE01FCFCFEFDFDFEFBFCFD65
:1003C00000FEFF0100FCFE01FF00FEFDFBFB000044
:1003D000FDF9FFFAFE0200FC01FEFFFAFEFCFEFF43
:1003E00002FDF8FEF9FC0000FE01FF000102FAFC2C
:1003F000FC0001FB0003FEFDF8FBFFFEFFFBFCFB26
:10040000FDFF000100FDFF00FEFC02FE0000FBFFFF
:10041000000000000000FC0080821A502200000052
:10042000FEFFFFFEFD02FDFE04050303FB02FFFFCE
:10043000FD01FF00FC00FCFFFF00FCFD01000107C7
:100440000301FCFEFE02FF02F4FC02FF01FD0201BB
:10045000FE0008000400FB00F80100FC04FEFEFDA5
:10046000020000FEFE01010001FFFE02FDFEFD058F
:10047000000201FE0600FD00FEFFFEFDFAFEFD008B
:10048000000200FDFEFF06FAFEFEFA0207FD02046E
:10049000FCFB02010003FD050204FE020000010353
:1004A0000000000000FFFD00C0821A503400000070
:1004B000000000000000000000000000000000003C
:1004C000000000000000000000000000000000002C
:1004D000000000000000000000000000000000001C
:1004E000000000000000000000000000000000000C
:1004F000000000000000000004FDFFFCFF02FDFC06
:10050000FEFEFBFFFD020302FBFDFF01FF00FA0000
:10051000FFFE01FCF9FF00FD00FE01FF000400FDED
:10052000FEFFFFFEFEFD0102FC00FEFD0102FC00DD
:10053000FEFFFB00FDFF02FD01FF00FF03FDFDFECE
:10054000FCFC02FD00FA0000FF01FD04FA010000BE
:10055000FEFF02FDFE030103FAFF00FFFCFC0102A7
:10056000FCFCFFFEFCFDFBFF000004FEFE03FDFAA9
:10057000FB0101FA000001FD000000000001010084
:1005800020831A5022000000FE0001020101FCFC41
:100590000100FFFE0107FDFDFE01FE0602FEFDFD5E
:1005A000FE02FF0201FA03000202FE04020900013A
:1005B000FFFCFF0101FD00FEFFFF010001FFFFFF47
:1005C00001FFFFFE0205FDFD01FEFE0000FC00FD37
:1005D00001FE00FAFE0202FCFD000001FE01FF0226
:1005E000FF06FFFBFE02FD0300FD010400FA010708
:1005F000010201FCFEFA02FD0002020600010406EF
:10060000FE02FE04000000FF0000000000030100E5
:1006100060831A5034000000000000000000000059
:1006200000000000000000000000000000000000CA
:1006300000000000000000000000000000000000BA
:1006400000000000000000000000000000000000AA
:10065000000000000000000000000000000000009A
:10066000FCFFFD06FF02060402FF0102FC0100FF81
:100670000302FFFD01F7FEFDFFFF02020504020178
:100680000802FF0603FD000303040E01FD0000FE47
:10069000FE000001000302060407010200FEFB0049
:1006A000FD02FEFF0703080100FF0008FE0103FF33
:1006B00001FD03000105FF02040304010102FF051F
:1006C000FBFF0403FB030201FC0102FE0101FF0327
:1006D000050308FAFE05FEFDFB01FEFF0000FCFF1E
:1006E0000000000000FD0200C0831A50220000003C
:1006F000FD020200FEFD0002FD0106FE02010001F6
:10070000FE0200FEFAFD00FDFD00FDFD040402FDF9
:1007100004FD06FBFE020400FBFD0102FDFF01FBE0
:1007200004FD0005FDFBFB010304FD06FD040002C2
:10073000FFFF00FE0207FDFF0902FFFCFDFF0102B3
:1007400002FF01000000FCFDFE080000FE0803FDA2
:100750000002FEFEFF03FD030602FB0208FDFD0290
:1007600005F901FFFE00040000FCFEFD000002FA96
:10077000000000000001020000841A500500000083
:10078000F80A0AF30CFAFC12000000F7000000005F
:100790000000F80000C01A5066010000FCF8F8FEE6
:1007A000FBF8FFFDFC0202FB04FCFF01FAFA02FC6D
:1007B000FFFBFF010300F602FE01FE01FBFCFF034D
:1007C00001030101FD0004FC0002020002FDFF0123
:1007D00002FD03FE00FEFEFFFDFBFAFF0000FD0030
:1007E00000000000FE0301010003FE02FFFD0404FF
:1007F00001FBFD03FF01FEFEFE010202FEFEFD0005
:1008000001FE05030602F905FF00080702FFFEFED0
:10081000FE0100FF00FEFD02F904FEFFFE0001FEE6
:10082000FFFAFA01FF01FEFF0103FFFC00000000D8
:1008300000000000FD010200FF0503FFFC00FFFDBA
:100840000102FCFFFE0202FC01040201FF0200049F
:100850000502FF04FBFFFE03FFFFFFFD00FE01009A
:1008600001FEFDFF02FD0003FF02FF0001FE01008B
:10087000000100FE00FEFFFF0001FF0003FCFDFF82
:10088000FD0100FF01FE01FFFFFFFEFF040001FF6D
:10089000FAFEFBF6FCFCF9F8000102FC00FE020483
:1008A0000003FC05000202FD0201FBFFFDFE02FE4B
:1008B0000002FEFF010101FFFFFEFFFDFC04FDFF42
:1008C00000FE010000FF0202F70100000102FDFA34
:1008D000FD01FD02FFFDFDFF02FE0100000201FF20
:1008E00005020003FC04FFFEFAFA05FAFBFAFBFE20
:1008F0000200FC00F9040401FEFAFC0200FFFD0105
:1009000000FCFE03FDF8FD040301FE02FFFFFFFEF5
:10091000FD00FCFEFCFA040302F6FD00020401FDEA
:10092000030002FD04FDFF04FFFFFF00000000FFC5
:10093000FF06030003FAFEFEFFFEF8FC00FF03FFC4
:1009400001FBFDFB0000FC0203FEFE0000000302B1
:1009500001FB04FE030100060006FF01000007FE84
:1009600000000000FEFD00FEFEFEFEFEFFFFFEFE9C
:10097000FD0105FFFBF5FFFE000101FFFFFFFE0289
:10098000FF00FC01000100FF02FFFFFF0001FD006E
:1009900001010101FDFD0100FC00FF02FFFF03FE5C
:1009A00003010406FEFD06FCFDFF0200FF03FCFD43
:1009B00000FD000201FE00FFFDFDFDFCFEFEFEFD50
:1009C00003FFFFFF0305010402FF03FFFFFD02FF1A
:1009D000FFFAFFFEFEFCFCFFFDFD000004FEFC0232
:1009E000FF03FE00FA03FA0001FF04FCFF0103010C
:1009F000020003FE01FF01FE000104FF01FD0204ED
:100A000007FE0300010AFE02000000FE00000000D5
:100A1000FE010000000103FD010403FCFE0503FCD0
:100A200002000004FEFD010200010003FFFFFCFDC7
:100A3000FE050401FF000107FCFE0403FDFE02FDAC
:100A400004FE0A040D090206FE00FFFDFA04FDFC87
:100A5000FC02FE01010503FF01040608FE03FEFE81
:100A600000FE0202FDFEFDFB05020903FF0202FE7D
:100A7000FE010102FE0302010203FEFFFD05FEFC72
:100A8000FF03FD030204020201FDFDFFFE00FD0263
:100A900000FEFEFE0100FDFEFBFF020101FF01FE64
:100AA00000FAFA01FEFDFA00FBFFFBFE02FEFCFC71
:100AB000FCFE00FD010400FD02F90503010100FD3B
:100AC000FEFE0001FDFAFD00FF0100FF04FDFF0036
:100AD000FDFEFFFFFEFE0704FCFFFFFB00FDFAFC2E
:100AE000FAFCFBFAFFFDFEFF00FC01FF0200FD0324
:100AF000FBFDFCFB0203020105020103FC01F9FE00
:100B00000001000001FF02FA03FFFDFF01FE0001EA
:100B100000F9FAFB020201FC0203FD020105FEFAE4
:100B2000FCFBFD00030200040201FEFEFD03FC00CD
:100B30000000FC0100000000FD000000FC0203FEBC
:100B4000030300FA01090600FDFF02FFFDFF00029A
:100B500001FDFFFB0000FE0100000000030000009B
:100B600002FFFBFC010100FC0105FC040104FEFE88
:100B7000050202FEFA030200FEFDFBFB020200FC7E
:100B800006FEFD01000304030300FC04FBFEFEFF60
:100B90000000FAFC02FEFD00FA0002FD02FDFB016E
:100BA0000502FF06FF070401FCFFFEFBFB01FD043D
:100BB00000FCFEFBFF01FCFAFCFC000303FA01FD54
:100BC00004FEFE0601FEFFFDFDFCFB00FEFFFC0136
:100BD000FFFF0205FD01FD05FF040301FEFCFF030D
:100BE00001FDFF00030102FF00000103FDFCFE0107
:100BF00001FDFEFCFDFE01FCFD0403FAFE0108FF01
:100C000001F9000903FBFD00010002FFFF0000FFE6
:100C10000000FFFE01FEFD01FEFFFEFF00000000E0
:100C200000000000000000000000000000000000C4
:100C300000000000000000000000000000000000B4
:100C400000000000000000000000000000000000A4
:100C50000000000000000000000000000000000094
:100C60000000000000000000000000000000000084
:100C70000000000000000000000000000000000074
:100C80000000000000000000000000000000000064
:100C90000000000000000000000000000000000054
:100CA000000000000000000000000000FD0303043D
:100CB000FF050005FB00FBF9FFFE0100000003003B
:100CC0000705FD030103FB00F6FD05FDFE05FE041F
:100CD000FBFF0601060105050701FF010201FFFDFB
:100CE000FC0100FE0101FE010502FD04FB00FDFF09
:100CF000FDFEFFFF00FEFB010202010301FF00FEFB
:100D000002020100FF0402FF050200010702FAFCD3
:100D1000FDFD03FB04010100FC0101040002FCFDD8
:100D200000FEFD020003FF010000FEFD00000000C8
:100D30000000FF0080C21A5022000000FA03FDFFED
:100D4000FDFD0100FE050105FE040004FF0400FF97
:100D5000FE0102020103000100FC05000301FFFF88
:100D60000103FFFE0200010102FCFF0003FF00047B
:100D70000200FFF800FFFF01FD01FD0102FFFDFE83
:100D8000040600FF01FCFEFD0200010401FEFFFE5F
:100D9000FF0500FF000105FE00FDFF010300FE014D
:100DA00002010400010100FF02FE02FA000502FE3A
:100DB00000FC0001FEFF0100000000FD000000003B
:100DC00000FF0100C0C21A50340000000000000003
:100DD0000000000000000000000000000000000013
:100DE0000000000000000000000000000000000003
:100DF00000000000000000000000000000000000F3
:100E000000000000000000000000000000000000E2
:100E100000000000FDFE02FCFD00FFFA0204FCF6EB
:100E200000FD04FEFFFF01FBFE010204FDFDFEFDCF
:100E30000002FDFEF80001FBFEFAF80000FDFC01D7
:100E400000FBFDFFFFFC02F7FFFEFF03FFFEFCFCC3
:100E5000FEFCFA01FE04FBF70101FEFB01FBFF00B3
:100E6000FBFF00FE01FE04FDFDFAFBFFFD0001FE9D
:100E700005F800FDFFF8FD02FC03F9FBFD00FFFD96
:100E8000FF0108FDFE00030206FF04010005050442
:100E90000000FE03000000000000FF0020C31A5005
:100EA00022000000FEFE03F9FF01FEF90100FD0132
:100EB000010600F6FF05010204FD0004FE0202F532
:100EC000FF00FFFAFE010303020600F600FF03FC29
:100ED0000000FEFE0000FEFF01FCFDFAFF03FE0025
:100EE00001F90104FFFEFEFA000001010103000CFC
:100EF000050503FEFEF900F801F9FF020102FB01FE
:100F00000004FF0200FA00FD03F9FF0202FA0403E5
:100F10000004FC0500FAFE07020800FF03FF02FFC1
:100F2000000001FF0000000000FFFF0060C31A5036
:100F3000340000000000000000000000000000007D
:100F400000000000000000000000000000000000A1
:100F50000000000000000000000000000000000091
:100F60000000000000000000000000000000000081
:100F7000000000000000000000000000FE0102FC74
:100F800003FD0401FF00FDFD01F8F80000FA000276
:100F90000001FF02FFFF0203FEF6F9FB00FFFE0166
:100FA000FA0005FC03FAFBFEF9FD04F8F9FAFDFA74
:100FB000FDF8F7FAFE00FDFFFCF9040000FB00FC61
:100FC000FCFA01F9FAFAFF0300FEF901000103F54A
:100FD000F802020301F802010300FF00FFFBFC021C
:100FE00003FF03FD00FC000100FFFBF2FCFDFD0020
:100FF000FDFE00010400FDFD000001F50000000001
:1010000000FEFC00C0C31A5022000000F7FFFF02E0
:10101000FD03FB00FB02000407FE00FF000003FFCE
:10102000FA05F803FA05FE01FD02FC00FE02FD01CF
:10103000FBFE05FFFF0004000201010702FBFFFDAC
:10104000FB02FA0104FFF702FFFF0202FDFFFF00AF
:101050000700FD02FB0301FF00FFFF0205FD00FF8B
:10106000000303FF00FEFF0206FF0202FF00FDFC7B
:10107000FEFAFA02040406FD04FDF7FF0203020271
:1010800001000A02040403010000FCFE000000004D
:1010900000FBFF0000C41A5005000000F304050B1C
:1010A000EA12F507000000FF000000000000FB004E
:1010B00000001B5066010000FE00FF03FAF7FFFD71
:1010C000FFFBFAFF00FF0303FFFF00FEFDF6FD0438
:1010D00003FFF6FE0201FBFF01020301FD03020212
:1010E00001040201FFFFFD02FD000201FFFF01FDFF
:1010F000FDFCFEFF00FD01FD000001FF00000000FF
:1011000002010303FEFDFB03010505FCFF00FE02D7
:1011100001FFFA01010101FF02FF0001FBFE0603CE
:101120000301FF00FD02FF03FF0102FEFEFFFFFCC3
:1011300000FE00FE02FFFE0001FFFFF900FDFBFDC7
:1011400000FFFEFF00FE01FE0000000000000000A6
:1011500006040000FF03FE02FFFE04000301FE0080
:10116000FCFBFFFF020302FEFAFAFE02FF00FDFE97
:10117000FF0001FD0001FFFA000101FFFEFD01FF7C
:101180000301FF0300FEFEFDFF000000FF01000160
:1011900000FEFEFE0001FFFFFD0000FF0102FFFF59
:1011A0000102FF000000000106000000F700F5F654
:1011B000FBF9FDFE0401FDFF00FE00010001FF053B
:1011C00000FE0200FE0000020102FDFD0002FF0021
:1011D0000101FF01FDFE01000501FE0404030300FF
:1011E000FFFE0003FF02FC000201FDFC000002FE06
:1011F00000FD0101010000FFFF01FF00FC0001FAFA
:10120000FBFF01FDF9F806F800FBFE0602FD0200F7
:10121000FCFB0302FEFAFC0102FD00FDFD0101FEE4
:1012200000FC00010502FB01FB040202FFF90204BD
:101230000301F8F9FFFCFE02FE0100FD05FD0101BE
:10124000020204060000000000000000FCFEFF0097
:101250000000050000FEF8FE00FF01FE00FDFFFAA1
:10126000FDFEFEFFFCFE04FB020503FC0201FFFE87
:101270000401FA0305030101000002FF0000000061
:10128000FF0000FFFFFFFEFEFFFEFFFE01FF050265
:10129000FBF903FD000000FC03FF00000000FD035C
:1012A000000000FF050000000104FEFE02FE020136
:1012B000FFFD0102FEFE01FFFBFCFDFE03FD00033E
:1012C000010005FFFF00FD02010402FF0000000213
:1012D000FF0000FFFCFDFCFCFEFDFDFDFAFCFBFE3B
:1012E000FF0100FF00FE0601FA0101F9FD0002FD09
:1012F000FFFFFDFBFC000202FE02FE0205060206E5
:10130000F8F5F902FEF7F9F8060301FBFF01020206
:10131000F6FF0308FCFBF7FBFFF8FDF8F403F6F912
:1013200000F9FDFF000000030000000000FBFF00CB
:10133000FBFD020002FB0100050802FDFB0806FEA2
:1013400000F50001FAF6FB01FAFDFEFAFDFBFDF7E0
:1013500002050000FCFF0404FFF90201F8FDFBFC9C
:101360000201FFFEFB00F9FD01FB03020004030183
:1013700001FD0401060501FD0804040CFCFBFFFB54
:10138000FCFDFBFBFBF9FB0000FDFF000000FFFF85
:10139000FFFFFFFFFCFFFEFDFC0200FE00FFFCFC68
:1013A00005FDFA0402FD0707FCFAFEFB0000000041
:1013B00000000000080A0500F20206FB0203F6F92D
:1013C00009060002FD040302FCFEFE03FDFCFDFC19
:1013D00005FD0306FF04FF06FF01FE03FFFEFCFF01
:1013E0000000FEFE01FFFF00FBFFFDFDF803010111
:1013F00000FBF70202FF0701FCFDFB02FEFBFC0005
:10140000010400FF04040704FDFEFF07FEFCFB03CC
:1014100001FF06FC0402070901FEF9F903030201BA
:1014200000FFFFFD010100FF01FF0000FDFAFFFBCF
:10143000050101FC08050104010502FFFF01090285
:1014400000FDFF03FDFDFEFD04FEFDFD00000203A7
:1014500000000000F9000000F8FBF5F5030004FEB1
:1014600001FF0306FDFBFEFDFAFAFEFB010302008D
:10147000000005FE00000000020000000605070154
:101480000204050600FFFFFF02FFFF01F6FBFB0160
:101490000901FCFA00000805FE00FFFF06FEFE0041
:1014A000FB02FDFC08FEFF01F9F9FFF205FDFB0060
:1014B000040106FDFC0601FC0203FCFDFF02020123
:1014C0000AFCFD03010CFB06FA0206F7FA04F8FA1F
:1014D000000002FFFFFE05030B00080E00FF0201E3
:1014E000FA0103FEFA00FB07FCFBF8F5F8F4F6023C
:1014F000FDFE00FF01F802FDFBFA0000FDFFF90010
:10150000F8F700FAFD0000FB01FF00FFF5FB0606FF
:10151000FFFBFAFBF302F9F3FDF804FEFA00FFFE0D
:10152000FB00FF00FEFD01FCFFFEFDFE0000FDFDD7
:10153000FEFFFF00FEFEFC000000000000000000B7
:10154000000000000000000000000000000000009B
:10155000000000000000000000000000000000008B
:10156000000000000000000000000000000000007B
:10157000000000000000000000000000000000006B
:10158000000000000000000000000000000000005B
:10159000000000000000000000000000000000004B
:1015A000000000000000000000000000000000003B
:1015B000000000000000000000000000000000002B
:1015C000000000000000000000FDFEF8FEFFFFFB31
:1015D00000FDFEFEFC0105FF00FAFFFFFB01FDFB25
:1015E000000201FF00FCFF00FD01FF00FE02FB0105
:1015F000FE00FBFFFB030200000201FCFCFC01FEFD
:10160000FF01FEFFFA05FDFBFF01FBFA00FEFFFEF6
:10161000FF00000101F5FE0101FC010201FFFAFFDC
:10162000FD0002FDFF00FEFCFEFE00FC000200FFCC
:10163000FC00FD010101000500FFFD00FBFCFE02B6
:1016400000FD00FE0000FEFF00000000000003009F
:1016500080021B502200000000FEFE00FE03FFFD82
:10166000030101020202010202FE01FE04FF00FF6B
:1016700002FDFFFFFDFD020200FC00020204FD006E
:10168000FDFE00FDFEFFFB000003FF030001FD0166
:10169000000103FB00FDFDFFFE0101FF01FD02FF54
:1016A000FFFE0001010000FEFE01FF0000FD02023E
:1016B00000FFFB03FEFF0000FE04FE01010102FC2F
:1016C0000005FE000502FE0202FEFDFF0100FE0015
:1016D000FCFFFD01000003FB0000000000FFFE0016
:1016E000C0021B5034000000000000000000000099
:1016F00000000000000000000000000000000000EA
:1017000000000000000000000000000000000000D9
:1017100000000000000000000000000000000000C9
:1017200000000000000000000000000000000000B9
:1017300003FF05FE02FCFBFBF7FBFEFE01FD0002C2
:10174000FCFFFAFCFEFDFFFEFFFE0001FE020001B1
:101750000001FCFEFEFDFFFEFA0001FFFFF9FCF9AF
:1017600005FE00F7FE00FBFDFFFDFEFCFEFDFCFCA0
:1017700007FC01FC00FCFC000200F4FAF9FDFEFF8E
:10178000FE020204FBFC02FF00F40004FDFBFEFE6F
:10179000FCFFFD00FF03FCFFFB00FDFBFDFBFEFF6C
:1017A000FAFF01FDFF0000FE00FFFAFF000000FD50
:1017B000000000000000010020031B502200000078
:1017C00002030202FD03FCFC0308FFF904FE000013
:1017D000FF03000201FFFE0700FEFB00FEFCFFFF0F
:1017E0000006FA03FE0500FCFE030200020103FBF3
:1017F00005FDFF01FF000102000600FF01FD0500DD
:1018000000FDFAF801FFFD03FF0000040405FE02DD
:10181000FFFF01FE000203FDF904FAF70004FDFFDB
:10182000FE000200FEFC00FFFEFE0300FF00FF02C0
:1018300000010104FF020305FFFDFDFB0000FEFCAB
:101840000000000000FEFE0060031B50340000009A
:101850000000000000000000000000000000000088
:101860000000000000000000000000000000000078
:101870000000000000000000000000000000000068
:101880000000000000000000000000000000000058
:101890000000000000000000FCFFF9FE0102010052
:1018A00007FC01FC0002FD030101FF01FCFDFA063B
:1018B000FC01FF03FEF7FAFEFE03FCFFFC03FD0440
:1018C000F90400F5FCFDFFFBFAFBFCF9FBFAFDFB5C
:1018D000FB01FCFBFCF602FFFF070200FCFEFAFE28
:1018E000FF02FEFEFCFCF6FF01F7F9F8FCFAF70137
:1018F000F9F3FD000000FDF60300FDFEFCFFFC0215
:10190000FDFF000000FF02FDFBFAFEFFFEFFFBFDF6
:10191000FEFDFFFB0000F7FD000000000003FC00DF
:10192000C0031B502200000000020204FD0401FA63
:10193000FE0003FA0701FF00FFFB0108FFFBFF01A8
:10194000FFFCFE0000FA00FD01FEFDFFFF0504F9AB
:10195000FF0000FD000002FF02FCFD05020100FF88
:10196000FF00FFFF010302FD03FAFFFFFDFAFCFF8A
:1019700000FD04FEFD05FCFEFDFEFEFBFEFFFF0874
:10198000FF03FFF9FF0004FFFFFBFA0000F6FEFF74
:10199000070302FF04FFFC0403040101FF06010723
:1019A0000006FE050000FD05000000000009020021
:1019B00000041B500500000019F60CF7F5F600FABC
:1019C000000000020000000000000A0000401B5060
:1019D0006601000004FEFE03F9FAF9F8FFF7F900CA
:1019E000F8FDFFF700FCFEFB03FAFFFDFEFFFBFD29
:1019F000FDFEFF000103FEFEF9FCF6F9F9FEFAFD1B
:101A0000FF0000FC00FD0200F9FDFEFF02FFFAFFEF
:101A100000FFFFFE0000000000000000F5FF01FCD9
:101A2000FCFF03FBF3FAFD03FFEBFD010000F1FAFD
:101A300001000000FC01000001FA02F80502F901B2
:101A400000FE0300F7FEF700000000F300000000B6
:101A500004FCFD0004FFFF030002FD000000000085
:101A6000000000000000000000000000FFFDFE007C
:101A7000FB0401FE0202FFFAFEFB0300010001006D
:101A8000F9FD00FDFFFCFE00FC02F9F7FFFC02007F
:101A9000000000FE0000000001020000FCFC03FC4E
:101AA00000FB01FA000000000000000000FFFF0141
:101AB000FFFFFFFF000000FF00000000000000002B
:101AC0000000000000FFFF00FAF9FAFFFBFCFCFE3B
:101AD000050505FE010305070001FEFF020002FEE9
:101AE000000001FC000000000000000000000000F9
:101AF0000200000101FCFE00FFFF000204060201DB
:101B0000FD02050A0000F9FE0000000000000000D0
:101B10000000000000000000FBFB03FD01FBFEFBDA
:101B2000030000FE0202FE00FAFF030400FFFE01B4
:101B300000FA00FD000000FF00000000F900FAFEBE
:101B4000FDFDFDF7030502FD01FD0000FBF9FCFBB7
:101B50000501FEFAFE090609000506FEFCFEFEFB75
:101B600000000000000000000203070003FF05065C
:101B7000FF00010100000100FBFE0000FEFCFFFE73
:101B8000FF0100F90004FEFE04FF00030C07040837
:101B9000000A09010000030700000000FFFD00002B
:101BA00000000000FFFF0000F9F7F7F502FFFCF866
:101BB0000000000000000000000000000000000025
:101BC00000000000F90000FA000001FC0100000024
:101BD00000020000FAF8FA00F7F9F7FBFF00FCFA40
:101BE000030000FE00FD04000000000000000000F3
:101BF000FDFEFCFCFFFFFFFEFEFBF701FCFFFAFE13
:101C0000FD00FFF900FEFD0200FB0001FE00FFFFEA
:101C100000000101FCFEFEFD0100010002FB02FFCD
:101C2000FE0100FD010001FC0303FFFD0100FE04B5
:101C30000000FFFF0000FE00FD02FEFD03FEFD01AF
:101C4000000000FD0000000001010000FD01FCFC9F
:101C5000FE020501FF00FF00020202FD02FF05FF78
:101C600000000202010002FEFEFDFCFF0101FFFF79
:101C7000FEFF05FEFD01040500000001000000FE5E
:101C800001010203FDFFFF0003FEFF00FCFFFCFE5D
:101C90000103FDFE03FE0101FB02FF04FFFA00FF4A
:101CA0000001000000000000FF00FF00FDFF02FF38
:101CB0000001FEFD02FEFDFD0102FBFC0304FBFD35
:101CC0000403FEFF00010202000101FFFE00FEFF0F
:101CD000FD01FDFEFE02FEFE0302FD01FCFC01FE15
:101CE000010303FF0001FC00030303FC0004FCFFED
:101CF00004030002FF03FD0103FC0003FEFB0000E0
:101D000001FE01FF0601FD0002FEFD0101FFFE04D0
:101D100002FD01FEFE0100FE04FC0401FFFCFCFDCF
:101D200000010303FEFC02030401FDFEFC05FF03AA
:101D3000FC0202FD00FC0102FDFD00000000FEFDB2
:101D4000FF0000FF0200FFFF020001FDFC02FDFE9C
:101D5000000202FEFCFC03020202030404FEFF0078
:101D6000FF00FE0402FEFD02000000010000000072
:101D7000020000000100FD00030104FCFEFE01FD65
:101D8000FDFEFD010402FC01FFFC0101000001FF5A
:101D90000000000003000000FD0004FC03FCFF0045
:101DA00002FC0102FF05FF0300030300010003041E
:101DB000FD010000FEFEFD01FFFE02FEFF0100FA34
:101DC00000FDFD0000FCFDFFFBFF03FE0000FDFF2A
:101DD00001FE00FC0204FD000203FF01FC03FE0201
:101DE000FCFDFEFDFCFFFF010000FFFDFDFEFDFF11
:101DF00002FFFDFFFDFEFFFFFE0003FB02FDFE00F4
:101E00000200FFFC000000FDFEFC0203FFFDFCFDE4
:101E1000FD00FD040202FD05FD02FCFE03FF0003C0
:101E200003FEFE02FFFFFEFF01FD02FEFF01FFFEBB
:101E3000FF000103FF02FDFE00FDFCFE0103FD01AA
:101E40000000FDFD000000000100000000FD010099
:101E5000FE01FEFF00000000000000000000000086
:101E60000000000000000000000000000000000072
:101E70000000000000000000000000000000000062
:101E80000000000000000000000000000000000052
:101E90000000000000000000000000000000000042
:101EA0000000000000000000000000000000000032
:101EB0000000000000000000000000000000000022
:101EC0000000000000000000000000000000000012
:101ED0000000000000000000000000000000000002
:101EE00000000000FF02FE05FFFD02FFFFFCFF03F4
:101EF000050203020102FFFF0202FE060104FE02C8
:101F000002010001000001FFFFFFFE05FE01FEFFD0
:101F1000FF0002FF0102FE0204010400010300FCB5
:101F2000030303010101020408FF03FFFC02FFFF9A
:101F30000202FD02FE03020300FF060004F8030292
:101F4000FDFE0001FF000203010000020001010389
:101F50000002010000020102FF04FF010303FCFF75
:101F60000000FEFF0000000000FEFE0080421B504B
:101F700022000000FDFDFE050200030001FCFC0440
:101F8000FBFDFF0002FFFFFC0306FFFFFFFE010059
:101F900004FF02070001060100F70104FF0000FF33
:101FA00000010106FC06000700FB02040302030116
:101FB000FF030100FF0105FC01FFFF010004000118
:101FC000010400F8FD04FA0301F90100FEFF020418
:101FD000FF0103FB03FD0305FC0003FAFFFB000107
:101FE000FEFE030804FA00020203FEFE0000FCFDF0
:101FF000000001FE0000000000FCFE00C0421B507B
:10200000340000000000000000000000000000009C
:1020100000000000000000000000000000000000C0
:1020200000000000000000000000000000000000B0
:1020300000000000000000000000000000000000A0
:1020400000000000000000000000000006FEFC028E
:102050000200FE0202FC010306080000FF0200016C
:102060000801FF00FF03F900FD00FB04030501FF69
:1020700004040602FF0401FCFF06000402FFFD0643
:10208000030103FF02F80300000503FF020001FA49
:10209000FFFF04FE010904000100FD02FDFC02FA3D
:1020A00002FE0000FE060203030300FD060004FE1C
:1020B00000FE000407FE00030205FDFD0301FD0311
:1020C000FFFDFEFE060503FB0000FBFC0000000018
:1020D00000FC040020431B5022000000000102FC11
:1020E0000001FD0104000300FB05FEFF020200FBEE
:1020F000070005FC01FE0001FFFF0407050000FECC
:10210000FF00FC01FEFD00FF0202FF00FF000400D3
:1021100003FD030403FF02FEFE00FD01010005FEB6
:10212000FE02FEFF010300FF01FDFBFFFC00FD00BE
:10213000FF03FEFEFA01FDFFFC00000400FF0506A0
:10214000000102050402FD03010002FEFF02FCFF84
:10215000FF000002FC03FCFF000001FC0000000087
:102160000000FE0060431B5034000000000000002F
:10217000000000000000000000000000000000005F
:10218000000000000000000000000000000000004F
:10219000000000000000000000000000000000003F
:1021A000000000000000000000000000000000002F
:1021B0000000000002FFFF06FD01FF00050208010C
:1021C000000305FE000600010300FC03FDFE02FB08
:1021D000FEFD030100FD02FD02FFFC07FD08FFFEFE
:1021E000040605FF000503FE04070001020203FECA
:1021F0000308FB03000402FC0105FB0302090502BE
:10220000FD0500FFFE060002010301FE06FF0000BF
:1022100003FB04FFFC0000FE0001030F010BFE04A2
:10222000020205F90704FFFEFCFF0005FCFFFF01A9
:102230000000FAFF0000000000FE0400C0431B5035
:1022400022000000FFFCFFFFFD02FFFDFF04FFFF77
:1022500005FE00010002FE05FB03FA03FFFD040377
:10226000FD03FE00FE03FEFF01010402030101FF66
:10227000FFFF04FFFE0001FDFEFFFE000002FD0166
:1022800000010203FD04FF000000FDFEFF0202004A
:10229000FEFBFE0207000001010001010400000135
:1022A00004FEFF000002FE020001FEFFFF0001FF2E
:1022B00001FEFAFC0201030101FE02FD020200011F
:1022C0000000FD02000000000000010000441B505F
:1022D00005000000FAF813F6FCF200FA0000001105
:1022E0000000000000000B0000801B506601000091
:1022F000050105050502FD05FD00FF03FC02FFF9D0
:10230000030302FC00FCFBFE01FEFCFC0101FDFCE2
:10231000FD0000FDFAFE02FFFCFC02FDFDFF02FCD9
:10232000FF03000004FEFF03FDFBFC020000FCFEB7
:10233000FEFEFFFFFE0101FFF401FDF901F9FFFEC2
:10234000F6F602FFFBFDFB0200FCFDF9FD040003B5
:10235000FFFBFE03FE01050200F90100FF03FFFE83
:10236000F8FCFBF70100FFFF020300FDFBFAFE0093
:1023700002FEFC0200FDFDFBFFFFFF0001FF01006C
:102380000000000000000000FF03FC00FA00FFFB5B
:10239000FA000603FDFCFDFCFEFB0102FA02FE0151
:1023A000FAFFFB01FA00020103FDFD00FD02FE023F
:1023B000FF020001FF0302FD0403FCFC00FC03FF1D
:1023C00000FF0000FF0101FFFCFDFEFEFEFEFDFD23
:1023D00002FF02FC01FFFDFEFEFF020101FEFEFE08
:1023E000FD000001FD01FFFEFE04020402FEFE00EE
:1023F000FDFE030203FFFDFF020302FCFEFE00FEE2
:1024000003000103FC02FEFD0302FE00020302FFC3
:10241000FEFBFB000300FFFBF6FA0302FDFD02FFDB
:1024200001020703FE00010000FF0002000000009F
:10243000000000FFFB0203FEFFF9FBFFFCFC02FAB9
:10244000FDFF03020303030200FE0102FE01FEF989
:10245000FF00FF010000FF000300F602FAFFFEFE8E
:10246000010302F6F802FEFD03FE02F802FA00FC88
:10247000FFFEFD02FC02FAFBFCFE000000FF010172
:102480000201FF030502FE03FF0001FD0203FEFE41
:1024900001FFFD030100FDFD05FBFF00050200FB40
:1024A000FD06FE0200FF0203FE030200FEFE000323
:1024B000FFFBFEFEFFFFFEFDFDFDFF01FDFDFDFD3F
:1024C000FEFDFDFDFC030101FCFFFDFF000000FE21
:1024D00000000000FFFF0000FFFFFFFFFDFF000006
:1024E000FEFDFDF9F80102FFFF0000FF0100FFFF04
:1024F00001FB0000F6FEFDFEFFFFFBFCFF010301F8
:10250000FE04FFFE00FFFDFDFFFEFF02FDFDFDFDE1
:10251000FDFDFDFDFEFEFEFDF9FAF9FC01FFFCF7F5
:10252000FF01FDFBFFFFFCFBFBFFFFFBFEFCFAFADC
:102530000400050BFF02FC02FBFA01FC0003FF0292
:102540000202030106020201FF08070100FD030465
:10255000F9FFFE020208FD01010201FC0000000972
:102560000000000004FF0000FD06FEFD02FF03FA6C
:10257000FEFBFFFE02FBFE04010304FFFEFDFDFF68
:10258000FEFDFEFCFBFFFCFEFCFF00FDFF04040063
:10259000F5FF040403FF00FEFA05000203FA000041
:1025A0000600FF00F8FC0005F9FC01FE010300FB3A
:1025B00002FCFF03F8FD03FAFAF900FF00FAFBFF43
:1025C00001FE00000101FE00FB0101FEFFFFFF0212
:1025D000FFFEFC00FAFD00FE0200FDFFFC02F9FB1D
:1025E000FC02F9FDFFFFFE00000000FFF8FD040003
:1025F00001F8020201FDF9FBFBFEFE0201FC00FDF9
:1026000003FD02FDFFFEFF00FB02FBFEFCFC0002DF
:10261000FD010101FB0103FEFDF802FDFF00FAFDD3
:10262000FE02FBFEFD04FFFE0906060400FD01FF9D
:102630000001FDFCFDFA00F709000105FEFDFE04A6
:10264000FDFAFCFFF90201F80302FE000807FD0194
:10265000000201FBF4FFF5FAFFFFFEF4FFFDFDFCB5
:10266000FCFE0000FFFC00FF00FEFEFB00FBFFFF86
:102670000A04FA030402010301FD010400FAFEFD4D
:10268000FC0101000000FF02000000000400000047
:10269000FD020200040105FE00FEFF010000FEFF36
:1026A00002030600FAFF03FE0000FD030000000025
:1026B00003000000FEFCF500FCF800FA0602FA0236
:1026C00002FFFC000208FD04FEFD05F9FF00F40016
:1026D000000000FF05FEFF000006F4FAFFFC04FA0C
:1026E000F804FBFBF9FAFCF8F90105FA08FE050805
:1026F000FA010303FFFE030400FE0506FEFEFEFFD3
:102700000001FFFFFF020300FA030403050207FBB9
:10271000FC00FBF9FE01FFF7FFFFFD0200F802FFDE
:10272000FC01FE0100020401FFFEFE08FAF4FAF9C2
:10273000FFFCFCF902FC0403FFFEFCFFFEFF00FEB1
:10274000FCFF03FF0103FDFC0002FCF90500F80794
:10275000010905010200FC01FFFE0201FFFEFC026F
:10276000FEFDFEFE02FEFF0000FFFEFFFFFE010178
:102770000000000000000000000000000000000059
:102780000000000000000000000000000000000049
:102790000000000000000000000000000000000039
:1027A0000000000000000000000000000000000029
:1027B0000000000000000000000000000000000019
:1027C0000000000000000000000000000000000009
:1027D00000000000000000000000000000000000F9
:1027E00000000000000000000000000000000000E9
:1027F00000000000000000000000000000000000D9
:10280000FD01FD0003FA0102FB0402FB00FDFE01D5
:10281000FB020200FEFF00FF0301F9FDFBFDFDFBD3
:1028200004FFF8FF00FC010303FB00FD050400FFAB
:10283000FFFEFDFDFD01FFFF0104FFFCFFF901FEAE
:10284000FB000200000000FEFFFCFEFDFF0001FA9D
:10285000FC00FDFE010402FBFF01FCFF010400007F
:102860000200FEFC00FAFAFCFF0001FFF90202FF81
:1028700002FD05030103FFFF0304FFFC0000FE004F
:102880000000000000FEFC0080821B5022000000BF
:102890000201010000FD0302FC01FD0300FFFE0137
:1028A0000203FEFEFC04FF02FE00FE0001FEFC012E
:1028B00003FF0001FFFE0001FFFC02030000FA021B
:1028C000FD000700FF0100030200FE0101FFFD0201
:1028D00000000201010001FD02FEFE00000000FDFB
:1028E000FD0000FE020200FF0100FDFFFDFE0100F1
:1028F000FF00010201FEFFFD0001000202FC02FCDC
:10290000FFFE01000301FE03010103FF0000FEFEC4
:102910000000000000FF0100C0821B5034000000D6
:1029200000000000000000000000000000000000A7
:102930000000000000000000000000000000000097
:102940000000000000000000000000000000000087
:102950000000000000000000000000000000000077
:10296000000000000000000005010305060300FF51
:1029700006FD020007010102FCFE0101FF00030247
:1029800000010401010000FE01FB020100FE05FD43
:1029900004FD0300FC010002FFFDFC050106FF0130
:1029A0000103FDFEFE020000FC02FEFF00FE01FF2F
:1029B000FE0202FFFD01FF00040100FEFFFF050310
:1029C000FE01FEFE01FFFDFF0301030100FD01FF0B
:1029D00009FE0405FE0204FD01FF000500FE03FCE4
:1029E000010100FF0000FF020000000000010200E2
:1029F00020831B5022000000FD0001FBFDFFFEFEB6
:102A0000F9FC05FFFF000101FF03FD04FE03FD01CA
:102A100001FEFCFE00FF01FF05FD02FE040005FEB5
:102A2000FAFD02FD0200020100FFFFFD03FFFB02B1
:102A300002000000F500FD02000202020001FFFE9C
:102A40000201FF02F9FE02050000FF02FE02FE0382
:102A500003FC0602FA000403FF00FA01000103FB75
:102A600004FBFC01050002FC000101FEFCFD01026B
:102A7000FFFCFAFE000004FE000000000002060059
:102A800060831B50340000000000000000000000C4
:102A90000000000000000000000000000000000036
:102AA0000000000000000000000000000000000026
:102AB0000000000000000000000000000000000016
:102AC0000000000000000000000000000000000006
:102AD00003060301FC00000104020000FF010100E5
:102AE000020301FEFFFD0301FF0103FF0102FE01DE
:102AF000FC01FDFF030100FF0901FD0907FCF807C8
:102B00000604FE00030201FE04FD060102030200AA
:102B100000010001030002020100FFFF02050600A0
:102B2000FB0503FFFF00010207FFFEFF00FE04019B
:102B3000FF00FE020BFE030905020302FD03FD0177
:102B400003000101020504FFFDFF0502000003FF71
:102B50000000000000FFFD00C0831B5022000000A9
:102B6000030003030002FEFFFD0004010005000155
:102B7000FD03FE03FFFD02020102FDFFFEFD03FF58
:102B800002FF03020401FFFEFEFE01FF00FD010043
:102B900000FE030202FF02FD000001FDFE0500FF32
:102BA000FFFFFFFFFF03FE00030602FD00FDFFFD28
:102BB000F904FFFCFD010002FD0200FA000304011C
:102BC00005FE000001FB02010401000204FE02FFF9
:102BD000FEFE0001FD08FC03FC00F8FF0000000001
:102BE000000000000007000000841B5005000000EA
:102BF000ECF703FC05130C020000000F00000000BE
:102C00000000ED0000C01B5066010000FF0104023F
:102C1000FEFF00FE0200FD0306FDFF00FDFEFF03B8
:102C20000304FCFFFCFC02010302FC02FFFB02FCAC
:102C3000FDFC02FA02030203FFFCFEFFFC01FD01A2
:102C4000FF05FD03FD020001FF0201FDFFFFFFFF85
:102C5000FDFEFF0001FD03FCFFFFFF0401F8EDFD99
:102C600003FFFAF7FFFEFDFC0003FE0402FD020075
:102C7000FEFCFC02F9FF00FBFBF2F5FAFDFAFFFB9C
:102C800003FF00FA00FC04FEFE030303FEFD02FD49
:102C9000FFFB00FC0000000000000000000000003E
:102CA00000000000FE020300FEFFFDFEFDFCFC0232
:102CB00000FBFCFFFFFCFD02FF05FCFFFFFAFFFF2E
:102CC000F9030305FEFDFF02FE00FD0400FE000007
:102CD0000301010002FD040100FDFF0401000000EA
:102CE000FF010100FFFFFEFEFFFEFEFF0000FEFFF2
:102CF0000002FF01FE00FEFFFFFF01FEFD02FEFEDF
:102D0000FF03FEFD00FCFB0003FAFA02FF03F8FDDF
:102D1000FD01FCFA0300FB02FEFCFE0201FEFDFDCC
:102D2000FEFC00FEFDFEFF03FF02FFFFFE0000FFB2
:102D3000FF02FF0200FAFA00FCFBFAFCFF01FEFFB3
:102D4000FF01FF000000FEFFFF000001FF00000088
:102D50000301FB010203F9FD02FF02FA01FD01FC80
:102D6000FAFFFC02FAFB00FAFD02FD0101FFFFFD84
:102D7000FE02010202FF02FA05FD040401FCFDFE51
:102D80000000FCFCFBF80104FEFCFC01FE0201FC5F
:102D9000FAFCF6FAF9FBF9FBFEFEFF00FC0100016C
:102DA000FCFBFFFFFCFDFCFB0301FCFF030100013A
:102DB000FBFE0100FE04FB0006010502FFF0FA0025
:102DC000FA01F2FC00FD03F7FC01FEFDFC00FFFD33
:102DD00002FCFD01FDFCFCFDFEFDFDFDFEFEFEFD19
:102DE000FCFD02030402FC02FF0101020002FFFEDF
:102DF00000FF0000000000000500FF0008FCFC02CE
:102E000004FEF8020001FFFFFDFFFE0209070100BA
:102E100000030302FD000101FBFCFFFB02FDFF02BA
:102E2000FE0202FD030100FEFEFFFFFEFEFEFEFEAF
:102E3000FD0203FEFD00FF03FAFB01FBFBFBFDFFB0
:102E4000FFFF0303FFFF00FF0202FDFDFFFFFF0185
:102E50000202FFFF00000000000000000000000070
:102E60000000000000000000000000000000000062
:102E70000000000000000000000000000000000052
:102E800002FF00000001FFFE00FF02FF0000000043
:102E900000000000000000000000000000FF010032
:102EA00000FF0100000001FF000000000000000022
:102EB000000000000000000001FFFFFF0100000013
:102EC0000000000000000000000000000000000002
:102ED00000000000000000000000000000000000F2
:102EE000FFFFFF01010000FF01FF010001000101E0
:102EF000FF01FF010001FF010001000001000001CE
:102F000000000000000000000000000000000000C1
:102F100000000000000000000000000000000000B1
:102F200000000000000000000000000001FF0000A1
:102F300000FF00FE0000FE01000000000000000095
:102F4000000000000000000000FF02FF0200FF017F
:102F5000000000010000000000000000000001006F
:102F6000000000000000000001010001000000005E
:102F7000000000000100FF0000000001010000004F
:102F8000000100010000FFFF000000000000000041
:102F90000000000000000000000000000000000031
:102FA0000000000000000000000000000000000021
:102FB000FF00000100000000000000000100000010
:102FC00001FF0000000001010000000000000000FF
:102FD00000000000FF0100000000000000000000F1
:102FE00000000000000000000000000000000000E1
:102FF00000000000000000000000000000000000D1
:1030000000000000000000000000000002000000BE
:10301000FE000203000300FE0000000001000001AA
:10302000FFFEFF0000FF01FE0000000100000000A5
:10303000000000000000000000FF01000000000090
:1030400000000000000000000000FF000000000081
:1030500000FF000000000100FFFF000000FFFFFF75
:10306000FF0001000201FF01000100000000FF015C
:10307000FF01FF0000FFFF000000FF000000000054
:103080000000000000000000000000000000000040
:103090000000000000000000000000000000000030
:1030A0000000000000000000000000000000000020
:1030B0000000000000000000000000000000000010
:1030C0000000000000000000000000000000000000
:1030D00000000000000000000000000000000000F0
:1030E00000000000000000000000000000000000E0
:1030F00000000000000000000000000000000000D0
:1031000000000000000000000000000000000000BF
:10311000000000000000000000000000010002FEAE
:10312000FC04FF03000002FCFFFCFE0202FF01FDA5
:10313000FF00FFFFFEFBFFFC0200FB00FF03FCFFA4
:103140000200F90206FFFCFCFD00F9F7FFFF010396
:103150000103FAFC000201FEFC0202000202FE0171
:10316000FFFCFFFFFCFF02FE0100FEFC02FFFC0073
:10317000FC02FF00FD02F6000403FFFE06FDFBFB60
:10318000FF00FDFE01FEFF02FFFB00FDFDFF04FE50
:10319000FFFDFD03020402FF0000FC000000000030
:1031A00000FE020080C21B502200000000FFFD0252
:1031B000FF02FFFC040000FD0200FCFF02FFFE070F
:1031C00003FF030100FEFFFDFF000303FEFFFF01FD
:1031D0000304FF00040400FD0102FFFEFFFF0304DF
:1031E000FD01FE05FE01FE01FE00020000FEFEFFE5
:1031F000FDF8FF0100FE0001010301FAFF0102FDDD
:1032000003FCFF03FC010000FF03FFFE02FC0101C1
:10321000000105FE00FEFF01FC0201060201FF02A3
:103220000302FF01FB0102000000FD050000000099
:1032300000000200C0C21B5034000000000000006B
:10324000000000000000000000000000000000007E
:10325000000000000000000000000000000000006E
:10326000000000000000000000000000000000005E
:10327000000000000000000000000000000000004E
:103280000000000004FEFFFFFD0000FF02FE000042
:10329000FDFB0300FFF9F9FF01FFFCFCFCFCF9FC5E
:1032A00003FFFAFFFD01FC01FAFDFE0301FAFDFF39
:1032B000FEFD0300F703FD01FBFAFDFCFBFCFF0034
:1032C000FDFBFEFBFEFE02FFFCFE00FFFDFF04FF18
:1032D000FFFCFEFEFEFD01FCFD01FBFCFEFDFEFD14
:1032E000FFFEFFFBFCFF03FBFF02FEFFFEFFFF03F1
:1032F000FE01FCFDFE00FC03FEFA00FFFDFDFFFCED
:103300000000FAFF0000000000FC000020C31B507A
:1033100022000000FD02FE0001FD00F90501FDFA9A
:10332000FAFD02FD04010104FD01FD0303FD00FAA5
:1033300001FEFF01FA01FF0101FFFFFCFA0305FD99
:10334000050404FC040109030202FC040101FCFF62
:1033500001FFFF01FEFE04FB03F9F90005F8F90582
:10336000FE010004FF000002020000FEFF03FF0355
:10337000FF00FAFDFBFF0701FD0406FEFEFCFE0355
:10338000FEFD05FFF901030101FFFC03FEFFFCFD4B
:10339000000001000000000000FEFA0060C31B50A6
:1033A00034000000000000000000000000000000E9
:1033B000000000000000000000000000000000000D
:1033C00000000000000000000000000000000000FD
:1033D00000000000000000000000000000000000ED
:1033E000000000000000000000000000FCFF02FFE1
:1033F000FFFD04FB0400FFFCF8FEFFFDFEFFFD01E6
:10340000FE02FAFAFEF9FE020003FEFEF9FC00FDE0
:10341000FDFAFEFFFD06FDFE000003FF0102FBFFBB
:10342000FC01FEF104F903F40000FCFFFDFB0000C9
:10343000F3040102FAFF00FBFD00FEFAF9070000A9
:10344000FFFAFBFFFEFFFA0000010203FF01FEFE90
:10345000FF0000FEFD03000203FEFCFEFFFF03FC75
:103460000000FC00FFF8F6FF0000FDFF0000000078
:1034700000FAFD00C0C31B5022000000FF00FDFF4A
:1034800003FEFA06FE030003FB020100FE0402FD38
:10349000FFFFFB02FE02FF01FAFFFD02FB08FE0434
:1034A000FF040504FC010102FCFA03030201010010
:1034B000FEFD03FE0103F8FE03FE02FF0000FEFD19
:1034C00004FDFD00FC01FEFDFAFE01FF010002000B
:1034D000FD0000FDFD03020101FEFE0200FF02FDF2
:1034E0000402FF0501FE020103FD0101FD000801C8
:1034F000030202FF0101FEFF0000030200000000C2
:103500000006020000C41B5005000000FBEA100D7D
:1035100008FDFF0000000000000000000000FA00AD
:10352000000058506601000006020204FA0101FF83
:10353000F7FAFEFDFFF8FC04070602FB0105060092
:10354000020207FEFF0300FAFEFEFFFCFDFFFC0285
:1035500004FFFDFBFFFF030201FFFE02FD0101FF6F
:10356000020101FE0100FF02010100000000000055
:1035700005010507FC0403FF080704FA020306001F
:10358000FF0206FF00000100FD0000010602F6FE3A
:10359000010000FEFC00FCF4070907FF0002FF0524
:1035A00002FF01FE0001FE05FE0201FE00FD030612
:1035B000000000000000000000000000000000000B
:1035C000FEFAFA0002FAFE0100020200FC0305FC0A
:1035D000F8FE0000FCFE02F902050403FDFBF9F908
:1035E000FA0102FB00FF00040000FF00FEFD0000E6
:1035F00002FD04000001FE010000000000000000C8
:1036000000FEFEFE020200000101FF01000001FEBB
:10361000000000FE000001000700FFFF0600080296
:10362000FBFEFA0500FBFFFCF801FD0004FC02FDB7
:10363000FE02FC01000005020100000000FFFF0087
:10364000000100000000FF000000FD020000FDFE80
:10365000030302FB04000200FF000203FFFE01FF60
:10366000000100000000000000000000FFF8FCFD69
:10367000030100FE0002030301050605F7FBFFFF3F
:103680000102FE01FF0101050101FE000000FFFF34
:10369000FC020704FFFB0505010204010A020605FE
:1036A0000502030501FDFF04F30001FAFCF4F6F73F
:1036B000F8F9F4FA000000FF000000000601FF0026
:1036C000FC0401FE04030302FFFFFF000200FFFEF3
:1036D000FD05FDFCFDFD0400FDFAFCFEFFFDFDFD0A
:1036E000FCF5F301F6F8FEF6FF03F9F50000030020
:1036F000FF00FFFE000000FFFFFFFF00FCFC0104D5
:1037000003FEFCFC000000FF0000000000010000C0
:10371000000000000100000002F8FA070202F6FFB4
:10372000FF01FFFFFF000101F9F5F90000F4F902C4
:10373000FF01F7FDFFFF0001FFFF00FF00FF00009A
:10374000FF00FF00FBFBFBFBFBFBFAFBF7F7FCFBBF
:1037500001FB0200FAF9FB00FF0301FF02FFFDFF7E
:10376000000200FDFDFEFFFD000000000000000063
:103770000000000000000000000000000000000049
:103780000000000000000000000000000000000039
:103790000000000000000000000000000000000029
:1037A0000000000000000000000000000000000019
:1037B0000000000000000000000000000000000009
:1037C00000000000000000000000000000000000F9
:1037D00000000000000000000000000000000000E9
:1037E00000000000000000000000000000000000D9
:1037F00000000000000000000000000000000000C9
:1038000000000000000000000000000000000000B8
:1038100000000000000000000000000000000000A8
:103820000000000000000000000000000000000098
:103830000000000000000000000000000000000088
:103840000000000000000000000000000000000078
:103850000000000000000000000000000000000068
:103860000000000000000000000000000000000058
:103870000000000000000000000000000000000048
:103880000000000000000000000000000000000038
:103890000000000000000000000000000000000028
:1038A0000000000000000000000000000000000018
:1038B0000000000000000000000000000000000008
:1038C00000000000000000000000000000000000F8
:1038D00000000000000000000000000000000000E8
:1038E00000000000000000000000000000000000D8
:1038F00000000000000000000000000000000000C8
:1039000000000000000000000000000000000000B7
:1039100000000000000000000000000000000000A7
:103920000000000000000000000000000000000097
:103930000000000000000000000000000000000087
:103940000000000000000000000000000000000077
:103950000000000000000000000000000000000067
:103960000000000000000000000000000000000057
:103970000000000000000000000000000000000047
:103980000000000000000000000000000000000037
:103990000000000000000000000000000000000027
:1039A0000000000000000000000000000000000017
:1039B0000000000000000000000000000000000007
:1039C00000000000000000000000000000000000F7
:1039D00000000000000000000000000000000000E7
:1039E00000000000000000000000000000000000D7
:1039F00000000000000000000000000000000000C7
:103A000000000000000000000000000000000000B6
:103A100000000000000000000000000000000000A6
:103A20000000000000000000000000000000000096
:103A3000000000000000000002080003FF0801026F
:103A400003FE0003070303FD030003050004020255
:103A50000302070402FF010104FEFF050201050342
:103A6000FC0501070900020903FDFE0300FDFC023D
:103A700004FF0005040104030302070705FF00001B
:103A8000FF00FFFB070605FF0203030403FE0A0312
:103A900005020405030100020406FB0401FF030202
:103AA00001040403010806010102010100020302EE
:103AB0000402010300000102000000000001FF00F9
:103AC0008002585022000000FF00FEFB0301FFFFB0
:103AD000FEFE00FF02FEFDFC02040200FBFFFE04EE
:103AE000FD00FD000000010402FCFF0401000201D2
:103AF00002000002FEFE01FAFE01010106FD0402C1
:103B00000605FDFC0101FEFD00FE0401FFFF00FAB9
:103B1000FE00FF050101FF0300FF000101FF01009E
:103B2000FF0007FDFE02FDFFFC0101FF00FFFE019B
:103B3000FF01FEFDFC05010504FE02FD000304FA81
:103B400002FC03040000FB04000000000002FA0075
:103B5000C0025850340000000000000000000000C7
:103B60000000000000000000000000000000000055
:103B70000000000000000000000000000000000045
:103B80000000000000000000000000000000000035
:103B90000000000000000000000000000000000025
:103BA000FF0304000000000400070503FE0504FFF6
:103BB000050701FC070105040501070306FF04FFD3
:103BC00000020501050102FF0504010302FB0301D8
:103BD0000101FFFD020101050206010000020603CA
:103BE000010100010AFDF90604FF0301FE030506B9
:103BF0000105FE0AFF0503FF06FF0605FCFF00FEA8
:103C00000007FE02000504FDFE040805000108038C
:103C100000020605000908000203FB060000070673
:103C2000000000000002FF002003585022000000A6
:103C3000F705000000FC0007F50103FF02FF020981
:103C400003FA02FBFF06F8F4FF04FC04FF07FEFC86
:103C5000FF0700FD02FB0202FBFFFFFB02FF03095F
:103C6000FEFCFF00FCFCFA02FF01FE01000006035F
:103C7000FD04FE02FEFD0204FE02FDFC03FC020246
:103C8000FFFC0500FBFFFF0302FD0105FEFF050130
:103C90000103010101FDF805030200FC01FEFFFD27
:103CA00008FAFEFCFCFC0200FD0003050000020215
:103CB0000000000000FD00006003585034000000C8
:103CC00000000000000000000000000000000000F4
:103CD00000000000000000000000000000000000E4
:103CE00000000000000000000000000000000000D4
:103CF00000000000000000000000000000000000C4
:103D000000000000000000000000FFFFFD0500FFB4
:103D1000FDFE00FF05FEFF01FFFF050104FFFF0997
:103D2000030707FE00F7F9020201FB02050202FF8A
:103D300001FF02FA07FEF902030400FCFDFEF9058B
:103D40000202FF0602FCFE010408000007FFFF0359
:103D5000FF01FD06FEFBF90307F8FFF9F800FFFF7E
:103D6000FBF60302FCFDFBF803010403FE00FC0468
:103D7000FCFFFFFDFAFF06FB05020002FE0901FE43
:103D8000FC05FF030000FBFD000000000004020032
:103D9000C003585022000000FE00000101FDF8029F
:103DA0000AFDFCFCFAFD0202FAFDFE00050000FF20
:103DB000FEFCFD01FFFDFFFE0001FF02FE04FFFD12
:103DC00000FD01FD0202FE01FD00FF0202020802E9
:103DD000FEFEFCFE02FF02010200FEFE00010103E6
:103DE000FC04FFFDFF0004FFFC0200FDFEFF0202D9
:103DF000FD00FBFDFE04FB01FFFFFF0101F90401D3
:103E0000FFFD0100FD000702FCFD03020304FE02AA
:103E1000FD04FF03000003FF0000000000FD080098
:103E2000000458500500000000FFFFEEEE02110BE9
:103E3000000000060000000000000A00004058508A
:103E400066010000FEFFFC02FB02FCFFFBFDFCFB29
:103E500002000002FA01FEFCFF0004FDFEFDFE056B
:103E6000FEFCFDFDFC0101FF0301FF0202FE03FB5E
:103E7000FFFC02FF02FE01FDFEFD020001FCFEFA56
:103E8000FEFD0106FE0000FDFF01FE00FDFDFD053B
:103E9000010402FCFE0505FC00FA00FD010102041C
:103EA000FF01FE0003020000FC0001FCFEFF020413
:103EB0000101FC01FF020000FF0001FDFBFF02FF0A
:103EC000FF0202FDFD0000FDFFFC040000FF01FEFB
:103ED00002FEFE020000FF000000000005020200DA
:103EE00005020203030406FDFDFB02FBFE03FDFECB
:103EF000F9FDFC04FD03FE02FFFDFBFDFC00FE05D9
:103F000000FF0000FF010000FAFC0100FDFDFDFFC5
:103F10000000FC01000000FFFE010000FEFDFDFDB1
:103F2000FFFFFEFEFF03FFFFFE02030100FF020290
:103F300001FE00FD06FF00FE01FEF902F80003FF8E
:103F4000FCFFF900FE0106FE03030206FBFD010172
:103F50000201FCFEFD000202FF01FFFD01FEFF0267
:103F600002FE01FD01FDFC03FD03FF01FDFBFC0161
:103F70000001040300FD01FDFEFC00FE0001FF0046
:103F80000100FF010000010000FB00FE0203FF0230
:103F9000F7FFFDFF01FC040600FAFD0103FCFC0233
:103FA00003FFFC0502FFFF0301020200FFFA060205
:103FB0000103FAFFFF03020205FD0201020802FCF1
:103FC000FDFCFBFF02FCF8FA01FC00FEFE04FD0410
:103FD000FF000100FF0000000304FFFFFFFF0302DA
:103FE000FBFDFA03FBFC00FEFFFA0200FE020003E9
:103FF000FC0403FCFA0704FE01FB020304FAF7FECB
:10400000FB02FFFCFCFF0202FFFD0200FE0000FEBF
:10401000FEFFFCFFFEFEFFFEFF030004FBFF0005AA
:1040200000FFFEFB02FF0201FF000002000000FF94
:10403000FF00FF00FD04FCFCFFFF02FD0201FEFF8C
:10404000FDFE0001F8F6F5FD050204FD0202000484
:104050000302FDFD01FFFF01FFFE020201FD02015F
:10406000FCFCFCFCFDFDFDFCF8FBF9FD00FFFC0287
:1040700001FE000201FC0200FFF90100FC02FC014C
:10408000FD01FF00F9F8FAFC05FA02FAF9FAF80363
:10409000FC01F901FC00FBFCFCFF01FAFEFEFDFD4A
:1040A000FD0100FDF3FC03FE050102000000FF0519
:1040B000FF0000FD0000FF0003FEFFFF01FEFB0309
:1040C000FE00010003FFFAFF030005FE00FBFAF902
:1040D00006040402FCFF0307FEFC00010300FC01D0
:1040E000F70202FA02F7F80004FDFF050B04FC04D6
:1040F000020503FCFDFF00FC0300FC01FF070705B0
:1041000000FF00FFF80205F7F7F8FFFE02FFFCF8DA
:104110000B06FF06FFFDFEFEFEFFFCFDFFFFFDFEA2
:10412000F9FCFFFEFDFCFDFD0403FB010002F8FDB0
:10413000FD00010400020305FF02FF00FF00FFFF76
:1041400006FB02FFFE00FC02FFF9FBFE01FFFF0180
:1041500000FF03FC00FEFC00FF00FA00FE05000368
:10416000040206FEF7FCFDFDFAFBFFFDFF02FEFC6C
:10417000FC00FEFEFAFE020101FA04FDFEFFF90258
:10418000F900FCF9FBFAFEFCFFF8FB000000FBFD68
:104190000100FBFE0104FC03FD05000105FD07FF16
:1041A00006010308FD01FE0005000404FFFFFEFEFA
:1041B00000FDFFFFFB00FDFDFCFCFF0101FBFBFC24
:1041C00003FF02FFFFFFFF0102F5F905F9FDFDF80E
:1041D000FEFA0004F9FDFBFD000000FC00000000F9
:1041E00000000000F9FEFCFEFFFCF9F9FA0402FFF2
:1041F000FD0005FC02FCFFFF020103FF00FF0605B6
:10420000FD000000FA000000FFFCFF0105FF0101B6
:10421000FFF6FDFFFEF800F9FEFE0106FFFFFCF9C8
:10422000FFFD0604FF00FC00FEFCFDFEFF0109FF90
:1042300000FBF9FF01F6FD03FB00F5FB07FF03FAA6
:10424000F6FDFBFEFD01FEFA04FFFE0005FFFFFA8E
:1042500001FFFDFC010401FF04FDFAF70101050364
:10426000FC04FF0702000003FEFCFF0601FEFF0541
:10427000FAFCF903FE0100FE0705030104FF02FD3D
:10428000FF03030201FCFC0205FFF8FEFBFDFEFB41
:10429000F8FEFBFF05FFFFFA0301F2FA000105FA41
:1042A00001FFFCFFFDFD07FDFEFFF703FE0300FF1E
:1042B000FFFE03FF02FEFE02FFFEFD0100FFFFFF07
:1042C000FF02FE00000000000000000000000000EF
:1042D00000000000000000000000000000000000DE
:1042E00000000000000000000000000000000000CE
:1042F00000000000000000000000000000000000BE
:1043000000000000000000000000000000000000AD
:10431000000000000000000000000000000000009D
:10432000000000000000000000000000000000008D
:10433000000000000000000000000000000000007D
:10434000000000000000000000000000000000006D
:104350000000000003FAFCF60001FFFE03FD00036D
:10436000000004FE0502FE00FC0201000001FCFB4F
:10437000FC0103FA0000FCFFFFFE0402FDFEF80250
:10438000FCFEFEFE00FE00FF0302FFFE00FFFF003A
:10439000FDFEFFFE02FCFE0101FF03FE00FEFC002D
:1043A000FDFBFE00FB02FDFF03FEFFFBFD00FEFA2E
:1043B000FCFEFDFEFBFE03FB0303FC0101FFFEFB15
:1043C000FEFC00FFFFFCFEFC01FFF8FBFDFE01FE12
:1043D0000000FDFF0000000000FD0000804258507A
:1043E00022000000000301010102F8FE0203FF00A9
:1043F000FF04FBFFFCFFFD06FE0002000304F907BB
:10440000FFFF04FF04000501000206F7FEFCFDFDAE
:10441000FD00FDFE02F903FC05FB00FB000400FCAF
:10442000000201FCFC01FBFD030601FBFE01FA009A
:10443000FFFFFF00FE00FC00FC010000FF0401FF85
:1044400005FE0002FFFF0304010003FF0300FDFD62
:10445000080101FA010402FC05000100FD0104034A
:10446000000003FE000000000002FF00C0425850A0
:104470003400000000000000000000000000000008
:10448000000000000000000000000000000000002C
:10449000000000000000000000000000000000001C
:1044A000000000000000000000000000000000000C
:1044B00000000000000000000000000002FD0202F9
:1044C0000300FDFEFEF8F7FE01FA02F8FDFD01FC17
:1044D00001FB010001FDFD01FA0002FBFBFFFDFEF7
:1044E000FF00FE02F6FFFDFDFD0001FE02FF03FFDF
:1044F000FCFDFBFBFFFFFD00FEFE0101FFFFFBFEDD
:1045000004FFFE000000F9FF00FDFEFDFCFF02FCC1
:10451000FDFF01FFFAFDFEFD0302FD0002FFFEFFAD
:10452000FAFAFFFEFEFE01F8FC00FEFBFAFDFC03BA
:10453000FEFEFF010201FEFC0000FDF6000000008F
:1045400000FD01002043585022000000030103FE3B
:1045500003FB0000FF000105FDFEFC05010002F960
:10456000FE0203000403FB01FEFF04FAFF0103FF48
:104570000106FE01FCFE0300FC0302FFFFFDFEFE40
:10458000FFFF03010100FCFB02FDFD000001FEFE38
:10459000FDF8000201FC010300010002FFFFFBFE29
:1045A0000202FFFE0400FF01FEFB03FF0401FEFF09
:1045B000FF04000401FC0403010204FFFE0105FFE7
:1045C0000001FDFDFAFE00020000FFFF00000000F8
:1045D00000FE02006043585034000000000000005C
:1045E00000000000000000000000000000000000CB
:1045F00000000000000000000000000000000000BB
:1046000000000000000000000000000000000000AA
:10461000000000000000000000000000000000009A
:10462000000000000101FAFF0003000302FAFFFD91
:10463000FAFFFD0101FDFEFFFFF701020001FDFC95
:10464000FEFFFAFEFD0400FEF6FDFC02FF0402FD83
:10465000F5FCFEF3F9FA0100FC02FF01F900FF008E
:10466000FCFD0201FF02030102FF00F6000100044D
:10467000FC02FE0001FF00FEFDFEFEFC00FF02004A
:104680000000FB00FEFA01FF00FF03FE030401002F
:10469000FC01FFFAFCFC0102FDF8FEF8F9FBFEFD4F
:1046A0000000F5000000000000FCFE00C043585070
:1046B00022000000FD01010308FEFCFE0400FAFEDA
:1046C000FC010302FC0102FD0104030204FC04FEE0
:1046D000F602FE01FD03F8020100FE0002010401E2
:1046E0000100010000060400FD000000FF03F6FFCA
:1046F00003000401FA0200FAFFFFFFFAFCFC03FDCD
:10470000FFFF0308FFFE06FF02FD02FAFF020001A1
:10471000030004FDFE020400000202000002060382
:10472000FDFFFD02FB01FF00FDF9FEFEFFFAF602B0
:104730000000FD030000000000FFFE000044585090
:1047400005000000FD100CF6F901ED040000000367
:10475000000000000000F9000080585066010000D1
:1047600003FEFC05FAFBF8FFFC0202F8FEFCFF0466
:10477000FB050404FCFF00F500FD0006FE01FD033F
:10478000FFFE03FEFD030003030203FB02FFFDFD2A
:10479000FEFDFE030100FFFDFA0000FD00FEFE0429
:1047A00000FDFE010000FFFF00FE0203FD0100FC12
:1047B000FBFD02FEFE00FD03FFFDFF010102020002
:1047C000FE02FEFEFBFF0002FDFFFEFA00040301F5
:1047D00005060303FEFD0002FE00FC0101FFFFFCD5
:1047E000FA0000FEFEF8FEFDFF00FDFD03000201E1
:1047F00000000001000000000204FC00FF02FCFCBD
:10480000FE04FEFDFF02FDFE00FBFBFD03010300B5
:10481000020205FDFE0101FB03FDFE04FFFFFF0296
:10482000FEFE0001FAFF010100FDFDFE01FFFBFF9E
:10483000FEFF0001FF0101FDFFFEFEFE0001FFFF84
:10484000FC0302FF03FDFDFC000001020101FC006E
:1048500004FFFFFD0201FF04FCF8FAF90102FEFA71
:1048600001FAFDFFFD010306FF01030102FD030341
:1048700003FFFD00FD0102010101FE0102FE01FE38
:10488000FEFE0302FF00FDFFFB01030003FE020327
:10489000FFFCFF00FD01030300FEFEFFFD0102FD22
:1048A000FD000001FC0202FBFF05FF01F903FFFB15
:1048B000FEFD05FFFCF9FAFBFF0204FCFDFC00FF16
:1048C0000103FFFC000300010501FE0405FD02FEDB
:1048D000FE00FE0106FD02FE0402FB02FCFAFA02E3
:1048E0000100FE02FE04020303FD0304000101FFB8
:1048F000FF00FF000104010000010201FF000005AC
:1049000000FC05FB00FFFEFFFE00020300FD03FEAE
:10491000FF04FEFEFCFAFF0001FCFA04FF01FDFBB0
:10492000FFFF04FD00000000FFFFFF01FEFFFEFF90
:10493000FEFEFEFE0403FF03FAFD0301FFFF01FF7D
:1049400002FEFDFE00000201FF000000020101FF67
:1049500000FF02FC0001FE0003FDFFFF02FFFFFD60
:10496000FCF9FC00FFFF00FD000104FEFE0202FE58
:10497000FE00FE0000FE0202FEFCFEFFFCFCFCFC52
:10498000FDFDFDFCFD01FDFD00FE00FDFCFE010442
:10499000FBFDFBFE0200FCFD000201FCFC0103012B
:1049A0000004FF06020503FE04FCFC02F8FF00FF02
:1049B00001FEFDF90000FDFD0002FF000000FD000A
:1049C000FCFFFEFDFF0203FCFF030100000000FEF0
:1049D000000000000303000003FD0204040403FFC1
:1049E000FCFFFB0101FCFBFBFEFF040001040303D1
:1049F000FE00FF01FF0000FF03000200FF0003FCB8
:104A0000F702000000FE00FB02FFFF04FF0202FEAF
:104A100001FDFB02FDFF0203FD03FD00FAFFFBFDAC
:104A200002FB0100FCFDFB0200FF000102FF000091
:104A30000000000000000000FFFF0000FC0100FC7F
:104A40000200FEFBFDFD010001FB0203FDFDFB0179
:104A5000FCFC0003000001FF01FFFFFFFC03FDFF62
:104A600004FD020001FFFBFE01FDFD0000FEFEFE55
:104A700002FDFCFC0002FEFEFDFAFC000101010249
:104A800003FD01000001FEFA01FD00FF00FFFE032F
:104A9000F801FF00000003FE01FF0502FE03000015
:104AA000FF01FE00010200FEFFFEFF01FCFD01030D
:104AB000FB02FBFBFF0000FE00FF00FCFD0301000A
:104AC000FE03FD01FEFEFCFC0101FDFFFE0000FEF9
:104AD000FE01000000FFFF00FF00FFFFFB0400FEDF
:104AE00002FE000304FE000203020203FE01FD02B7
:104AF000000000FF0000FFFE00000000FF000000BB
:104B0000FBFEFDFE040006FE0203FDFDFDFE02FEAF
:104B1000FD0201FD03FB03FD0000FFFE000000009D
:104B200003000000FEFFFBFD03F8FDFF040002038D
:104B300003FF0103060B0200FA0306FDFF0001015B
:104B4000FCFCFDFEFDFFFCFEFEFFFDF9F9FB01FB99
:104B5000FC0A0700FAFD01FCF8FCFEFE040003035A
:104B60000102FF0300FEFEFF03030401010002FD3A
:104B700002030002FD01FFFCFEFDFD010303010134
:104B80000002030400FD04020103010103FC020012
:104B90000202FEFD0401010103FBFF05FFFF01030B
:104BA00003FDFDFCFDFDFEFF02FE0300FEFDFE0118
:104BB000FEFCFFFF01FDFC02FF02FEFBFD00FA040C
:104BC000FE04FDFDFFFDFD0200010100000001FEED
:104BD00000000000FF000000000000000101FF01D4
:104BE00000000000000000000000000000000000C5
:104BF00000000000000000000000000000000000B5
:104C000000000000000000000000000000000000A4
:104C10000000000000000000000000000000000094
:104C20000000000000000000000000000000000084
:104C30000000000000000000000000000000000074
:104C40000000000000000000000000000000000064
:104C50000000000000000000000000000000000054
:104C60000000000000000000000000000000000044
:104C7000000203FCFFFEFDFE00F90501020004FF37
:104C8000010001010100000001FFFA02FE02FDFA2D
:104C90000302000002FF02FD030303FD02040401FE
:104CA000010100030000FDFB0005FF01FFFB01FD0A
:104CB00001FD0503FF0001FFFD01FF010401FF01EC
:104CC0000302FF010200030206070002FFFF02FFCA
:104CD000FCFE000002030202FBFC0100FE00FEFEDF
:104CE000050000040406FDFFFE02FEFF0000FD02B9
:104CF0000000000000FFFE008082585022000000EB
:104D000003030001FD00020001FF02020002FFF8A0
:104D10000107FD0000FFFFFF0201FFFF02FC02FE92
:104D200001FE010202000100FA0201FF00FEFC0286
:104D3000FF0304030001FE00FC01FF000600FEFF6C
:104D4000FB00FFFE010003FD0204FC03F905FD006A
:104D5000010102FB030005030200FE00FF03F9FD51
:104D600002020300FCFD09FCFAFC0105020203013A
:104D700000FF020505000003FD00FE030000FF0028
:104D80000000000000FCFD00C0825850340000000C
:104D90000000000000000000000000000000000013
:104DA0000000000000000000000000000000000003
:104DB00000000000000000000000000000000000F3
:104DC00000000000000000000000000000000000E3
:104DD0000000000000000000000203FBFCFD0203D5
:104DE000FDFFFF01FF01FF01FC01FF04020100FFC5
:104DF000FEFB0400030100010503FE01FC05FF03A7
:104E000000000307FFFC04FCFF01FF000002FCFEA2
:104E1000FD01FD00020103FE0306FFFF00FFFB0092
:104E200001FEFCFF00020300030103FFFF07030173
:104E30000101FCFD0104FF020100FE00030001FF6F
:104E4000FF03FFFD01FF04FFFF020300060502FE52
:104E5000030301010000FC00000000000002FD004F
:104E60002083585022000000000504FAFDFFF9FFDE
:104E7000000A01FAFF0400FDFD05F600FFFBFD043A
:104E8000F9FCF904020005020300FD040705F50022
:104E9000FC000603000006FCFBFB030002FE010011
:104EA000FDFFFA0405F7FDFF0600FCF800FF020114
:104EB00005060103030902FDFFFD02FB04FEFEFFE0
:104EC000FA06FFFF0103FA03FFFBFDFA01FE04FFF0
:104ED000FD01020204010500FC06040303020301B4
:104EE000FEFAFAFD0000FBFE0000000000060100D3
:104EF00060835850340000000000000000000000F3
:104F000000000000000000000000000000000000A1
:104F10000000000000000000000000000000000091
:104F20000000000000000000000000000000000081
:104F30000000000000000000000000000000000071
:104F400002FE04FD01FF03FFFF02FDFF00FD00FF65
:104F5000FB010005FDFC04FC05FE00FE060200FF4F
:104F600003FA02FFFFFDFDFF0B030003FFFE02FE3D
:104F700001FCFF03000301FE01FEFEFEFAFE030436
:104F8000010001FEFA0204FB01FDFF01FEFF020623
:104F9000010101FFFDF802FFFD03FE01020401FF14
:104FA0000303FF030508FFFB01FE020203000501E6
:104FB00001FE02FDFEFE01FD0103FBFD00000005F8
:104FC0000000000000FEFA00C083585022000000DC
:104FD00002FD05040300FBFE01010101FF0701FFC3
:104FE000FC03010401FD02000202FC03FFFC02FDC0
:104FF000FFFF0104030200FE01FA02FEFFFB0001B5
:10500000FDFB0203FDFD01FCFF020200020502FDA3
:10501000FEFFFFFEFD02FD00020404FE02FFFCFD98
:10502000FA04FFFEFE010203020200F8FC06000380
:1050300004FB040103FA02020404FEFE00FEFFFD6D
:1050400003FDFF03FF060206FDFFFF01000004024F
:105050000000000000060400008458500500000015
:10506000F7F906FC0303F808000000EF0000000059
:1050700000000E0000C0585066010000FFFF04FF52
:10508000FB00FD02F8FF07FDFCF9FBFD0503FB013A
:105090000804FF020209040402FDFDFE000101FFF5
:1050A00000FEFE02FBFBF9FD000000FC000000001A
:1050B000FE050000FF0107FD00FF04FC00000000EA
:1050C000000000000AFBFC0FFB08FDFB00050AF7CF
:1050D0000F04060A0000060500000000FC000000A6
:1050E00003FF020300FDFE0003FFFC03070701FFAF
:1050F0000000FE030000FFFF000300FF040309019E
:105100000001FF0700000000000000000000000098
:1051100000000000FCFEFE0001FEFCFF0508FCFB99
:10512000000504FDFB030004FF00FF00FD0504FC77
:1051300001FEF9F9F800FE00000000020000000086
:105140000004000002FD04000002FC070000000053
:105150000000000001FEFFFF02020000000000024C
:1051600000000000FF00000000000000060000003A
:1051700005FE0904FCFCFF0203000201FF0500001C
:10518000FEFF01FEFEFE00FF000002010000000025
:10519000000000000000000000000000000000000F
:1051A0000000000000FE0100040301040000FB00F9
:1051B00000000000000000000000000000000000EF
:1051C000FFF9FEFF030101FC0504050201040101D2
:1051D000FEFE020002FE00010001050400000000C6
:1051E00000000000FCFB0305FFFAF8FC01FF10FCC7
:1051F0000C02030CFCF9FC0202FDF701FF00FFF8B2
:1052000000FFFFFFF5FDFDFF0000000000000000B3
:1052100002FDFC00010601FF04050302FF0208FF76
:1052200008FFFD04F902FDFFF7FEFCFA020104008D
:1052300001FD0401FFFFFB0000FE01FF0003FEFB78
:105240000000FF000000000000000000000000005F
:10525000FAF2FAFB01F5F8FA000000020000000083
:1052600000000000000000000200000005FAFD053B
:1052700003FDF7FF0000000000000000F9FDFD0144
:1052800000F5FB000000F9FC00000000FF0000003A
:1052900000FF000000000000FBFAFBFBFBFBFAFA3A
:1052A000F9FE01FA00FAFF01FBFEF703FCFF03FC25
:1052B00002FEFA07010100010000000004FF00FDEA
:1052C00005060403FAFEFF04F8FDF7FDFF0401FFE5
:1052D000FBFE04FF06FFFE0302040405FCFE0101C1
:1052E000FCFA02FDFEFDFE02FF00000400FFFF00CD
:1052F00002FFFF00FC0101FCFE0101FE00010100B4
:1053000001FCFFFEFAFDFCF8FBF8FE01F7FFFAF8DE
:1053100007FDFD0105000402FD0002FBFEFAFC0290
:10532000000101F9030003030203FCFE03FE020176
:1053300002FE03FDFF04030003FFFD010302FC0660
:10534000FF0201FFFBF90200F7F6F10401FF01FF84
:105350000001FEFF00FDFD01FF010102FDFDFDFE5C
:10536000FCFAFC00FF03FFFF01010403FE0501023C
:10537000FF00FF000000FF000502FEFFF70400FC35
:10538000FD01FD000200FEFEFB040404FF00FBFD26
:105390000201FDFC05FE07000300020200FF01FE02
:1053A000FAFCFF000401FFFCFBFFFEFDFEFBFCFF1F
:1053B000FB00FEFE05FCF8FEF8FBFBFFFEFAFEFF1D
:1053C00000FDFAFF060000FE02FF0303FE0300FDDE
:1053D000FA000300010404FE02010105FCFEFCFDCD
:1053E00002FD00FF010000FE02FFFFFEFDFFFD00C9
:1053F00006030001FD06FFF90004FD00FC030402A2
:1054000003FFFD040300FEFEFE00FD02FDFDFE00A5
:105410000000FEFA00000000F90000000700FE0096
:105420000209050703FFFF05FF0201FE000104FD5D
:10543000040401FE0000FF0400000000FC00000066
:10544000FFFE060301060505FEFDFF01FEFDFEFD54
:10545000FDFDFFFE08FF040400FF0202FEFEFFFE4A
:1054600004FEFFFC010102FE06FDFA03FC0004FF3E
:10547000F9FB01020401FEF8FAFD02000304FCFC42
:105480000000FFFD03FAFFFD0005F9FD030506001E
:10549000FB03FFFF02000806FF05040506030508DD
:1054A000FBFEFE00020104FFFDFE0000FFF502FD11
:1054B000FAF7F1FDFE020001FFFF010203FBFDFF11
:1054C000FB050301FEFD04FCFF0102FFF9FD0203E1
:1054D000FEF7FEFBF900FFFDFDFEFCFEFDFAFFFC02
:1054E00002FDFEFEF9FDFFFBFFFE00FB01FFFEFFDC
:1054F000FE0000FF0000000100FFFEFF00000000B2
:10550000000000000000000000000000000000009B
:10551000000000000000000000000000000000008B
:10552000000000000000000000000000000000007B
:10553000000000000000000000000000000000006B
:10554000000000000000000000000000000000005B
:10555000000000000000000000000000000000004B
:10556000000000000000000000000000000000003B
:10557000000000000000000000000000000000002B
:10558000000000000000000000000000FCFF03FF1E
:105590000101020000FCFA02FDFE01FF01FD01FE17
:1055A00001FEFF01FE0002FE00FDFAFFFFFCFFFE10
:1055B0000202FC0002010502FD03FEFCFFFFFFFEEC
:1055C000FDFE01FEFCFE00FFFDFFFC0601FEFAFBF6
:1055D000FDFCFF0003FCFF010000010001FE03FED3
:1055E000FE00FBFEFF02010002FF02FDFF0000FEC5
:1055F000FDFEFFFF0301FFFD00FDFD01FE0002FEB9
:10560000FCFE00FE000106020000FE020000000099
:105610000002020080C258502200000000FCFF0679
:10562000020500FDFD00FEFD02F7FDF900FC01058D
:10563000FD01FA0501F80208030300030101FCFF64
:1056400003FD0101FE0001040306FF010100020049
:10565000FEFCFE01FF0701FF000502FE02FA02FF49
:10566000FCFDFFFC00FFFF060209040001FE010330
:10567000FBFD0103FCFB02FD01FCFEF9FD00020342
:105680000002FBFBFFFEFE000001FD0700FDFB0228
:10569000010804FCFF000002000003FF00000000FE
:1056A0000001FF00C0C2585034000000000000009C
:1056B00000000000000000000000000000000000EA
:1056C00000000000000000000000000000000000DA
:1056D00000000000000000000000000000000000CA
:1056E00000000000000000000000000000000000BA
:1056F00000000000F8FFFA0100020000030301FCB3
:10570000FE00FBFD04FEFEFFFD0003FEFD000400A5
:105710000401FE0101FEFEFFFDFCFDFF00FFFBFF9B
:105720000003FEFEFEFEFF0206FF04FE030203FF6F
:10573000FD02FBFD00000100FE0101FD000001FF74
:105740000201FD040202FD050001FFFF01FF010748
:10575000FFFEFE00FEFD03000002FE00FD04FEFF52
:1057600000010202010301FE010602FDFEFB000131
:1057700000000101000000000001FE0020C358509D
:1057800022000000FB0301FCFA010306F900FD0101
:10579000FFFF030200FD07FCFD0000FFFFFB04020A
:1057A000040200020004FE0101FD010001040502E3
:1057B00001FB00FEFF0005FF0200FD0205030306DA
:1057C00000F9F9FFFE02FFFBFDFF01FE0000FCF9FE
:1057D000FD02010208FA030301FF00F8020005FDC3
:1057E000FCFDFFFFFFFEFEF9FE05FF0602FFFEFCCB
:1057F0000609FD01FE04FDFBFFF9FC0502FFFF05A4
:10580000000003FF000000000005FE0060C35850C8
:105810003400000000000000000000000000000054
:105820000000000000000000000000000000000078
:105830000000000000000000000000000000000068
:105840000000000000000000000000000000000058
:10585000000000000000000000000000040500003F
:1058600004FD01FEFD03FF0004FA0001FBFD010140
:10587000030501FD05FF02FF05FCFD02FF03000219
:10588000FCFF01F5FFF4FFFFFE0302FC03FA00F941
:1058900000FEFFFEFEFCFDFFFFFB040200FF000414
:1058A000F9FF01FBFEFEFD01FEFAFEFFFE0302FD15
:1058B000FDFA0507FCFBFDFC0403FBFFFEFDFC02FB
:1058C00001FDFBFB00F4FEFE00000200FE010103EF
:1058D000000001030302060100000AFC00000000B2
:1058E0000001FD00C0C3585022000000F9FFFCFE7B
:1058F00001040101FF01FEFF0CFE0102FAFDFCFCA8
:10590000FC07F301F9FD0203FE04FCFFFD05F801AD
:10591000FEFF080206FE0405040005010101FAFD70
:10592000FF0300FF0306F8FF04FF040301FD010469
:105930000100FD04FC0103FE0004040008FCFF025A
:105940000004020003FCFCFE05F80102FFFDFBFD64
:105950000003FE03FFFE04040007FD030403070029
:1059600002FA0600040003030000FF02000000002A
:105970000003010000C45850050000000502F20BAE
:10598000F405FEFA00000002000000000000040020
:10599000000059506601000001FDFFFF030405FEF1
:1059A0000402FD00FFFF02FCFC00FAFB040201FC04
:1059B000FFFFFFFEFEFD00FDFC0003FCFC020102F8
:1059C00001FDFB00FCFDFC00FD00FD0204FEFC01EE
:1059D0000400FBFE00020001FF00FE00FFFF00FECE
:1059E000F6FF00F9FFFD0404FCF9FF04F8090707BE
:1059F000FC00FFFBFEFDFF02FEFD00010402FF03B1
:105A0000FDFE01FE00F8FBF7FDFDFB0101010103B6
:105A10000003FBFA04FDFC030203F9FD0002FEF99A
:105A20000000000000000000000000000000000076
:105A3000FC02FE00FFFEFCFDFDFE0000FD01FC037C
:105A4000FEFE0002FC00FD00FA02FCFBFEFDFCFF76
:105A500001FCFEFE01FDFEFB010201010203FF014C
:105A6000010200FD00FCFE01FFFF0000000101FF3C
:105A7000FFFFFFFFFFFFFEFF01FF01FD01FD02FF32
:105A8000FF00FD00020000FFFDFF02FFFDFF04011B
:105A9000050401FC01FB0103FF030002FBFF0203FD
:105AA000FF03FEFF0101FDFFFE000200FC00FE02FD
:105AB000FF020101FE0101FFFF0102FDFFFEFC00EC
:105AC000FEFC00FDFDFB01FE0001FEFF0000FE00EC
:105AD00000FFFF010000000000000000FBFEFDFDD4
:105AE000FBFC03FDFCFCFBFE01FFFE01FBFFFC04D5
:105AF000FEFCFCFD0001020000FF01FFFEFFFFFFB6
:105B0000FAFBF9F7FDF900FBFFFAFEFCFA03FDFCD6
:105B1000FCF30502FEFC01FB0201FCFDFEFBF9FEAD
:105B2000FE0201FCFF00FDFE01FDFD01FBFEFA038C
:105B3000FBFFFFFB04FE01FCFC010302FE0201016E
:105B4000FEFEFEFB04FDFB0302FEFA0401FF01055D
:105B50000100FFFD01000404FC01FEFD0200FCFF4A
:105B6000FE02FBFFFEFEFFFFFEFEFEFE01F8FBFC59
:105B700000020103FF0000FD00000000FFFF000025
:105B800000FFFF00F400FFFFF6F6FFFAF8F8FBFB5A
:105B9000010000000100FF010303FE01FA0004FD03
:105BA00002FDF9F801FE0003FF01000002FF01FF02
:105BB000FE0000FFFFFFFFFFFEFEFEFF00FCFAFEFF
:105BC000FCFEFCFB02FC00FD00FE00FB0203FB00F0
:105BD00000FAFEFFFCFC00FBFEFF0200FA00F8F9F1
:105BE000F8F5FD02FFFEFBF801FEFAFCFFFFFFFCEB
:105BF000F402FD02FCFAFAF7FAFAFB01FB04FF06D5
:105C0000FCFEFFFCFF00000500FF000003FCFF009E
:105C100001010502050403010203FB02FB0402FE6D
:105C2000F7FDF5F6FEF604FBFD010603FEFC020798
:105C3000FDFDF9FCF6FBFCFAFFF8FC0002FFFF0596
:105C400001FDFEFBFC0003FB03FFFF030102FF0459
:105C500001FE0004FC030200F900FCFFFDFFFF0150
:105C6000FCFB0BFFFF00FB0101FEFDFEFF0000013E
:105C70000000FFFF06FD0204F8FEFE04FCFCF8FB3A
:105C8000FE00F7FD0101FEFB020302000001FF0020
:105C90000000000007FFFF00FD040506FDF9F80203
:105CA00005FFFE05000402FE0200FEFD00FDFCFCF7
:105CB000FEFEFE02FB01FEFFFEFEFE010100FCFFF8
:105CC0000000FD01FFFFFFFFF6FDFBFE00FBFCFBFC
:105CD000FEFCFD02FA000201F9FAFD00FBF8FDFDF1
:105CE000FBFCFCFE010305FF03FF050303050404A1
:105CF00001020006040203000100FBFC050103028F
:105D000001FEFF000000FFFE01FEFFFFFCFFFE00A2
:105D1000FFFAFC00FC00FEFDFB02FFF802FBFEF9AF
:105D2000FAF8FBFDFEFFFF00FD02FFFE0000FEFC97
:105D300000000000FE000000FBFCFFFBFF01F90477
:105D400003FDF8FBFBFCFBFC030505FE050003035C
:105D50000000FD030000000001000000020000033D
:105D60000202030001FFFBFEFFFB00F90205070131
:105D700000050505FDFE040401FFFFFEFEFF000017
:105D8000FEFC0201FB0003FB0407050700FC080BF7
:105D9000FFFDFA02F9F8FBF7FBFCFCF7000000013D
:105DA000FFFEFC01FF0903020405070101FF03FCDC
:105DB00001FE060503060A0302FF0103FDFD01FEC5
:105DC00000FDFB03FDFDFD01FBF7FB0101FDF702FB
:105DD00002FF04FFFFFDFB01FD03FDFC0000FBFCD7
:105DE000FD0600FD01FEFFFFFBFAFCFAFCFCF9FBDF
:105DF000FDFEFEFEFA01FFF1FEF8FF000201FF04C6
:105E0000FE03FBFC00FF00FB01FFFE0100FFFFFDA6
:105E10000000000000000000000000000000000082
:105E20000000000000000000000000000000000072
:105E30000000000000000000000000000000000062
:105E40000000000000000000000000000000000052
:105E50000000000000000000000000000000000042
:105E60000000000000000000000000000000000032
:105E70000000000000000000000000000000000022
:105E80000000000000000000000000000000000012
:105E90000000000000000000000000000000000002
:105EA0000000000000000000010004FFFE0500FFEC
:105EB00000FDF903FF010003FEFB01FD03030200E7
:105EC000FDFEFF01FDFA040200FE070301020304C8
:105ED00000040405FE00FE040101FF0300010205A9
:105EE000020005010004FE0501F9FEFD01FCFF02B0
:105EF000FE00FEFE0100FF00040105030403000094
:105F0000FC0006FE01FFFC0100FF00FE0403FD0093
:105F10000003FFFB04000304FC0100FFFDFFFDFF85
:105F200001FE03050000FEFE000000000005030066
:105F30008002595022000000010302FE00FC03FE13
:105F40000002FFFF0201FFFE03030500000204023E
:105F5000FEFF030104000005000106FF020001FE30
:105F6000FF010002FC01FD010500050100FE00012A
:105F7000FF000401FF03020001FF03FDFD03030115
:105F80000101F9FE02000003010001000502FFFC0F
:105F900001030100FEFC01000401FF03FD0001FC00
:105FA00000FEFDFB01FFFBFD0104FA0202FC00FF05
:105FB000010002FE0000FCFE0000000000FCFB00EF
:105FC000C002595034000000000000000000000032
:105FD00000000000000000000000000000000000C1
:105FE00000000000000000000000000000000000B1
:105FF00000000000000000000000000000000000A1
:106000000000000000000000000000000000000090
:10601000FDFF0203040001FEFE02FF0300FF01FE7C
:10602000FE00FCFEFDFF01FD08030004FD0304FF6C
:10603000FF01FDFF01FF0300FA050001010101025C
:1060400002FD03FE0002FD01010002FDFF0102024C
:10605000F900FFFE0603FA05FFFFFFFFFFFE000148
:1060600002020100FA01FFFC000003FDFE01FFFF38
:10607000FBFEFE02FFFF00FCFF0000FF01FC05FC31
:10608000000401FFFE00FD030000FE00000004000C
:106090000000000000FFFE00200359502200000015
:1060A000FE00000001FF02000202FD060002FEFFEA
:1060B000000500FCFD01FDFC05FF00020100FE05DE
:1060C00003FBFEFFFFFD0302FEFEFD0403FBFDFDDF
:1060D0000302FD0100FF000101FDFEFFFCFFFEFBCE
:1060E00000000101FE01FEFCFF0003FE0301FCFEB7
:1060F000FFFEFC01FD07FCFDFE01FF0100050003A2
:10610000FF0201FE0008FCFD0200FFFEFE02070088
:106110000105020101FE00FC00FD00FE0000FFFB86
:10612000000000000004010060035950340000002A
:10613000000000000000000000000000000000005F
:10614000000000000000000000000000000000004F
:10615000000000000000000000000000000000003F
:10616000000000000000000000000000000000002F
:106170000000000000000000FF01FE000003030318
:10618000FFFF01FBFCFAFC0101FC000001FE000125
:10619000FC0201FEFF00FF010201FF03F8FEFCFF0D
:1061A000FAFF03FCFEFD01F600F800FDFF02FD050D
:1061B000FD060101FC02FF010002FF01080303FDCF
:1061C000FBFF0304FC00FD010100FCFBFC03FA03E0
:1061D000FFFF00000500FD0002FFFAF9FAFE0102D0
:1061E000FB01FFFEFBFDFDFAFE000301FFF900FECF
:1061F000F9FDFDFD0000F5FE0000000000FE0300BB
:10620000C00359502200000005FBFBFF03FDFE0206
:1062100009FFFF02FC060100FB0302FD00FDFE0377
:1062200001040201F8FD00FDFC02FB0105FCFB007E
:10623000020004FFFFFB01FF0104070102FF08FE4B
:10624000FC00FF00060300FDFFFFFF06FB0002024B
:10625000010102FA01FF00FAFA050400020001063A
:106260000303FAFB060801FFFDFF0802030206FF15
:10627000FDFF0001FEFF0303F9FE0202FC03FC0325
:10628000FF00FAFE0000000100000000000601000F
:1062900000045950050000000A0F06F9F9F0EF0F4D
:1062A00000000007000000000000070000405950F7
:1062B00066010000F3FAF9F9F7F0F9F8010104F8C2
:1062C0000805FF02FCFB0007F9FAFDFC00F6F8FBED
:1062D0000300FD0002FFFEFE04FEFA02080AFBFCBA
:1062E0000000000B00000000010AFEFEFF05040094
:1062F000000101FE0000000000000000FBFBF8F5BB
:10630000FF01FEFCF8F5F40606F9F3FB0000FF08B8
:1063100000000000020000FFFAFBF7FBFAF8F5FBB3
:10632000F9F7F6F50301F80100FF00FBFF0000FF9D
:10633000FEFEFF02F5F9F8FF00F5F3F100000000A2
:1063400000000000000000000000000001FCFD0053
:10635000FCFD02FFFCFDFD01FEFCFFFB0404FDFE55
:10636000FA06FDFE01FC01FB04FD0405000100002E
:106370000000000000000000F9000000FBFF03FB2C
:1063800000F6FBFA00000000000000000000000022
:1063900000000000000000000000000000FF0000FE
:1063A00000000000F4000000F6F8F5F7F9F8F1F34A
:1063B00000FAFCFBFCFBF700FFFF01FFFEFE000004
:1063C0000000FE01000000000000000000000000CE
:1063D000FFFF00000001FD02FE0001FF05FBF8FFCA
:1063E000F700FBFC0000FDF90000000000000000C9
:1063F000000000000000000001FAFB040401FBFFA4
:1064000002FCFEFEFCFD00FCF9FF01FDFB02FCF9B5
:1064100000FEFEFE0000000000000000FA01FBF597
:1064200006FFFDFD00F6F50BFEFDFD01FC08040472
:10643000F6FC04F5FDFCFCFFFB00FBFB0002FDF994
:106440000000000000000000F8FC0000FEFDFEFC63
:10645000FFFE0103FDFCFEFFFEFAFAF9FFFEFDFD63
:1064600005060800FDF3F5FAFCFCFEFAF8FB020253
:10647000FDF8FF0000FFF8FE00000000FD00FEFE3A
:106480000000FFFE0000000001FCFCFFF8F6FDFB31
:10649000000000F500000000000000000000000007
:1064A000FD000000FFF8FBFE07F9FC02000000FF02
:1064B000FF0000000A080800FD02050800000102B4
:1064C00000FF0000FEFFFF0001FF000002FF0300CD
:1064D000FF00FFFEFFFFFFFF010006FFFB020004BD
:1064E000FC03FEFD02FDFFFF000001FF01000101B2
:1064F0000301FF03FF01FEFF00FF01FE0001010198
:106500000000010000000100000000000000000089
:1065100000000000000000000001010001FF00FF7A
:10652000000000000000000002010000030100FF65
:10653000000003FE0000000000000000000002FF59
:10654000FF00020001FF010101FF00000000010245
:10655000000000000000000000000000000000003B
:1065600001020202FF0103FF000100FF00FF000023
:10657000020000FF01FE0201000101010000000015
:106580000000000000000000000000000000FF000C
:10659000000000FEFE000001FF0201FF0200FF00FC
:1065A000FFFF02FEFD01FEFF0000000000000000F2
:1065B0000000FF00000000000000000000000000DC
:1065C000FF00000000FF0100FFFEFD0001010000D0
:1065D000000002010100FF00FF01FEFF000000FFBC
:1065E00000000000000000000000000000000100AA
:1065F00001FE00FD000101FF00010100FFFFFF019E
:10660000010001000202FFFF000000020000000084
:10661000000000000000000000000000000000FF7B
:1066200001FE0000FF00FF00FD0102FD0202020169
:10663000FF020102FE01FE0201FFFF000001000156
:10664000000000000000000000000000000000004A
:10665000010000000100FF0200FF02000000000036
:106660000101000000000001000100010000000025
:1066700000000000FF00000002000100020202FF13
:10668000000000000000000000000000000000000A
:10669000FF000000000000000000000000000000FB
:1066A00000000000010000000200FEFE00000001EA
:1066B00000000000FE010000FEFE010001FE0001DE
:1066C000FF0100FF01FF0001FFFF01FE0000FE01CE
:1066D000000000FF00000000000000000000FF00BC
:1066E0000000FF00000000000000000000010000AA
:1066F00003030100FF03020002010000FF01FE038B
:106700000101FFFF0001FE000100FD0102FF00008A
:10671000010201020101FFFFFF010103FFFF01026E
:106720000000FF010000000000000000FFFF00006B
:1067300000FF000100000000000000000000000059
:106740000000000000000000000000000000000049
:106750000000000000000000000000000000000039
:106760000000000000000000000000000000000029
:106770000000000000000000000000000000000019
:106780000000000000000000000000000000000009
:1067900000000000000000000000000000000000F9
:1067A00000000000000000000000000000000000E9
:1067B00000000000000000000000000000000000D9
:1067C000000000000103FF0904FB040305040203A9
:1067D0000301FB0001030007FE050404030203009C
:1067E0000302FA03FEFCFE010601FDFF0101FBFCB2
:1067F00001FFFE060301010105020009010002FE7E
:10680000FEF9010303FDFE02FF060302FF0404017B
:1068100005FE040102030102FE02010001FF04045F
:10682000020000030002FF02030304020404020149
:10683000FD0101FF03FFFD00020300060303FE004C
:1068400000000901000000000001050080425950CD
:106850002200000000FF05FF0501FF01050102FF06
:10686000010006FA00FEFFFE010204000107050216
:10687000FE07FAFF0205000301FB04FE0305010702
:106880000000FEFBF706FF07FF01FEFB0205FF030A
:106890000001010100FE02FF02FE03FD06FDFFFDF7
:1068A00000FEFE01FBFF01FC0402070102FFFA04E7
:1068B000FFFDFB0105FEFF04FD0001FD00FC02FAE7
:1068C000FCF9FA01FFFF060700FDFDFEFC000202D5
:1068D0000000F9000000000000FCFE00C04259501A
:1068E0003400000000000000000000000000000074
:1068F0000000000000000000000000000000000098
:106900000000000000000000000000000000000087
:106910000000000000000000000000000000000077
:10692000000000000000000000000000000204075A
:1069300002020805FE06030303040306050300FA2A
:106940000502FB01FE06FB02010002FD0202FF023E
:10695000FE000B0209FE02FE020402030101020610
:106960000102FB0408FA07FF000003FE04FF06FE15
:10697000F9FE02040303020201FE01FE0002FCFE16
:1069800004020209040505FEFF0102020905FC03D9
:10699000010302FF0C03030A030003FF0300F902D3
:1069A000FAFFF9FC04FF00FB0000020600000000F3
:1069B00000FC000020435950220000000303FFFFA9
:1069C0000402FBFFFEFBFD00FEFD00FD0304FB00D7
:1069D00002020301FF010000FFFB020103FEFE05AE
:1069E00004FE0001FEFD0001FEFC010106FFFC06A5
:1069F00002F900FA0203FFFF02FEFB02030502FA9E
:106A0000010100000001000004FA0103FF03FB0183
:106A1000020000FB010003FB040000010206FCFE73
:106A200000FE0201FE01FBFD00010301FEFE03FB6F
:106A3000FFFFFE010000FF040000FC00000000005A
:106A400000000400604359503400000000000000C2
:106A50000000000000000000000000000000000036
:106A60000000000000000000000000000000000026
:106A70000000000000000000000000000000000016
:106A80000000000000000000000000000000000006
:106A90000000000001FF050004FFFE0002000203E9
:106AA000FE0600FE020004FE040200010BFF0201CC
:106AB00000020203020200FB0C060100FA00FEFEC7
:106AC0000B06FA0C080B0101FC0503000200020092
:106AD00009FE000204040102FE03FE080204FEFD9A
:106AE0000202020304FCFF01FF020004FD01FF0497
:106AF000000303FEFE040100FB00FE09FFFFFDFF93
:106B0000020104050703FD01060C000101FF06094F
:106B1000000000010000000000040400C0435950C0
:106B20002200000003010202FFFD03FE030204FE37
:106B3000FD02FC02FEFE000003FF08FC02FE00FD59
:106B4000F9FC05FEFF0303FF0004FEFF04FFFF0046
:106B5000FBFF00FD010302000405FE0100FE02FD33
:106B60000001FEFF030001FCFD0102FE060105FB22
:106B70000104FB020000FBFF08FDFE0002FE01FF16
:106B80000003FFFDFF0301FFFC02FDFFFCFF02020B
:106B9000000101FFFAFF00010202F500FF00FEFF05
:106BA0000000FF010000000000FEFD0000445950FD
:106BB0000500000008F6F7F50BFA17F30000000ACD
:106BC0000000000000000500008059506601000030
:106BD000FBFFFDFDF8FBFFFC05FD03FAFB04FF03D3
:106BE000FCFC0504FCFCFCFA01FFFD00FDFF0303B7
:106BF0000003FB020307050600000104FE02FD037B
:106C0000FF0301FDFDF80200FBF9F70000FEFFFFA6
:106C1000FFFFFEFF0000000000FE0401F9FDFBFB8A
:106C2000FC04FE00FD0003000000F7FBFEFF000176
:106C3000FD00FFFFFBFF06FF05FCFF0300FF000058
:106C4000FEFEFF0100FCFC0101FE01FFFCFFFC0257
:106C5000FC00FD0000FEF9FDFFFF0100FF0001FE4A
:106C600000000000000000000002FD00FD05000023
:106C7000FE0105FBFD020301FEFDFDFEFE0205FD1A
:106C8000FCF8FD01F901F9F90003FF03000100021E
:106C9000FF0100FFFDFA00FFFB01FBFF00FEFCF916
:106CA000FF0100FF00FF0000FEFDFEFEFFFFFEFEF5
:106CB00001FF02FFFFFFFDFDFF0100FF00FEFF00DF
:106CC00000FF0000FD02FFFBF9FB01FAFC01FEF9E9
:106CD000FFFEFF030200FD02FF010100FF0100FCB7
:106CE00002FF01FEFCFDFEFE000000FE00FF01FEB3
:106CF000030401FC01FEFFFEFD0505FFFA0304FF8E
:106D0000FE0101F90203FF02FFFEFF0000FF000188
:106D1000FF01FF01F700FE05FAFAFEF900FAFB0198
:106D2000070101FFFE0104FF02FEFBFEFF02FDFA68
:106D3000FFFC000001FD000007010005FF05FDFE4E
:106D4000FCFD06FBFDFDFDFB020BFFF802FF02FE52
:106D5000FEFFFEFB03020501FD04FD020000000032
:106D6000000000000007030004FFFC03FAFBFDFC29
:106D7000FDFBFBFC03FBFEFEFD0303040400030319
:106D8000030100FD03FF050202FFFB0001040002F6
:106D9000FDFC0506000000FFFDFF0000FEFFFDFDFD
:106DA000FEFEFFFEFEFF010402FF01FFFF000000E8
:106DB000010100010100FFFEFF0000FFFD000000D7
:106DC000FC01FD02FE0106FF02FDFF01FD020100C4
:106DD000FDFEFDFFFDFBFFFDFE0006030402FE00BD
:106DE000FFFCFE00FE00FEFFFFFE0000FDFDFCFCC0
:106DF000FEFDFEFDF9FB00FFFC0004FFFDFC0705A6
:106E0000FD0001FE00F8FA03FCFDFE01FE0002FD9C
:106E1000FAFFFDFD01FF020101040301000500FC72
:106E2000FE00FFFDFDFE0001FEFE04FFFEFC02FF72
:106E3000FB00FEFDFB0001FE0001FFFB0000000166
:106E400000000000FF010000020201FFFC0101FE42
:106E5000FEFB00FCFB00FF020105FCFFFD05020438
:106E600000FCF601FFFBFBFF01FFFDFBFFFF04043D
:106E7000050603FF0107FA01FB0406F7FCFFFD020C
:106E8000FBFF03FB0002FD0203FCFFFBFE04FFFB14
:106E9000FE04FC05FFFE0301FCFCF90003FE05FAFD
:106EA0000000000000FFFFFF02FD00FE01FD0100E9
:106EB0000301FF01FC040002FC00FE0303040200C6
:106EC000FDFEFEFDFFFD02FE000002FEF8FCF802E2
:106ED000F9FAFDFCFDFFFFFCFAFE04FC0003FC02D6
:106EE000FD02FD03010002FEFFFBFBFC02FFF800B8
:106EF000F800FA02010000F800FE01FE03FBFD01AC
:106F00000502040300000505FE000105FFFEFCFB71
:106F1000FBFDFF01010604FE0501FD0402FFFD0566
:106F200002FDFE0101FF00FBFF01FC03FCFF03FE6D
:106F3000FD060105FEFBFAFBFFFFFFF7FEFEFFFE6D
:106F4000FDFDFDFEFEFDFBFDFCFBFEFD020000FE67
:106F5000FFFE01FE0301020401FE020400FBFDFE30
:106F6000FEFEFA010000FBFF00000000FE00000032
:106F700003FF040205020203FFFAFAFAFFFEFE0015
:106F8000FE02FCFD010003010000030300000000FD
:106F9000FC000000FCFDFAFDFCF902FF04FFFD050A
:106FA000050305FF03FEF701FFF6F8FBFBFEF3F90F
:106FB000FFFD00FB01FCFD0003FD04040401FB01D7
:106FC000FDFEFAFDFFFEFC04FDF8FAFDFCFEFDFFF0
:106FD000FE01000403020300FA01FCFDFEFEFBFAC1
:106FE000FBFC02FA01FCFE00F9FDFBF9FBFAFAFEDC
:106FF000FDFCFAFAFC00FDF700FE00FF03FE03FFB4
:107000000003FE02FD010402FBFBFAFC0101040087
:10701000FE0203FFFAFCFB02FE010200FC00FE037D
:10702000FCFCFAFBFF02FCFF010300F800FD04FF7B
:10703000020504FFFEFF0304FCFEFDFDFFFFFCFC58
:10704000FFFF0000FF000000FFFE0000FEFF01FF49
:107050000000000000000000000000000000000030
:107060000000000000000000000000000000000020
:107070000000000000000000000000000000000010
:107080000000000000000000000000000000000000
:1070900000000000000000000000000000000000F0
:1070A00000000000000000000000000000000000E0
:1070B00000000000000000000000000000000000D0
:1070C00000000000000000000000000000000000C0
:1070D00000000000000000000000000000000000B0
:1070E00003FEFE0003FE0107FEFA01FA03010001A0
:1070F000FE02030102FFFF04F8FEFB000004FFFC98
:1071000004000101FEFE040201FF05FDFC06030070
:1071100001FDFD03000500FFFF02010203FF040261
:10712000FC07030404FEFF000002000601FF00FF4D
:10713000FE030401FD0102FF0202030201FFFC063F
:107140000202FB020104FDFE06060200FF09030322
:107150000103FCFF0705FD0600050203000001090D
:107160000000000000000000808259502200000052
:107170000103FC01000203FCFF0100FE020200F912
:107180000203040004010102FEFD00FCFF000000F8
:1071900000FC0004FF03FE01FFFF00FE00FEFE03F3
:1071A00001FF030101FD0100FF00FEFC00FFFE01E5
:1071B000010001FD00FD00040102FFFC0000FF04CE
:1071C0000601FFFA03FB0203FE03FFFDFE0204FDBE
:1071D00001FFFF00FFFE00FB05020304010001FEAA
:1071E000FD00040500FE00FE0002FF000000030198
:1071F0000000000000FB0100C08259503400000074
:10720000000000000000000000000000000000007E
:10721000000000000000000000000000000000006E
:10722000000000000000000000000000000000005E
:10723000000000000000000000000000000000004E
:10724000000000000000000001FC06FDFD00000041
:107250000103FDFE04FF02FE03050503FF00030713
:1072600002FA0201FE040100020201020000FA0615
:10727000FB02030400FE04030401FF010101FB0003
:1072800000030301030002030104FEFFFF0801FDE8
:1072900006FEFB01000003000901040201020100D7
:1072A000010506FD020202FE02FFFF03FF000000CF
:1072B000030204FD01010402030207060B02FF0A98
:1072C000000804050000FF00000000000003FD00AE
:1072D000208359502200000002000402FFFEFD023C
:1072E00000020602FF0001030400FDFF00FFFE0193
:1072F000FAFEFC000203FE0105FF0500FDFE03018E
:10730000FBFFFF0002FFFE01FB01FBFF010100018B
:10731000FFFEFDFFF801FBFF0802FFFF0101FCFE7D
:1073200001020603000005FFFE02FAFFFA03010056
:1073300003FF0201FCFD06000003FB00FF0101004A
:107340000500FE000202000000FF01FF030104FE31
:1073500003FE0100000001FF00000000000100002A
:10736000608359503400000000000000000000005D
:10737000000000000000000000000000000000000D
:1073800000000000000000000000000000000000FD
:1073900000000000000000000000000000000000ED
:1073A00000000000000000000000000000000000DD
:1073B0000202FDFFFCFF08FF010003FE01F5F9FFDB
:1073C000FFFFFD01FE0305FCFAFC030202FA0401C3
:1073D000010105FEFCFC00FE00FC0104FD010602AB
:1073E000FBFFFD010201FE0101FF0002FA0403FDA3
:1073F00007F802FD02FE01FB00FFFD02FDFFFD009C
:1074000002050200FC0100FF0403FD00000402FF6E
:1074100000FEFEFC050300F701FD01FF000101FE77
:10742000FD01FDFFFDFB02000301FCFA000003FF6C
:107430000000000000010000C0835950220000003D
:10744000FF040000FFF9000703FF04FD040100072B
:10745000FBFCFEFBFC04FFFCFE03FF05FF02010139
:10746000FF0602FC01F800070700FFFC03FA020612
:107470000204000700FDFF05FDFEFF03FF02FB0203
:107480000A040102FF00FE04000607FCFEFD0001E5
:10749000FCFEFE0000FEFFFD0201FB00020003FEF9
:1074A000FFFEFB02FB03F80000FE00020303FD04E5
:1074B00007F802FC00FF0300FC0301000000FB01D1
:1074C0000000000000FCFD00008459500500000091
:1074D000F70BFC0FF0FDFB06000000F900000000B8
:1074E0000000030000C059506601000003FE03FDC8
:1074F00005040200FF03030004030200FDFCFB007F
:107500000204FE00FD00FC02FD03FE03FDFDFC0283
:10751000FF00FE00FD00FCFF020100FF020300026D
:1075200002FE00FDFFFE02FD00FF01FE0000000064
:1075300000000000F7FF01FB00FF02FE00FDFE045B
:10754000FB08010104FE04FFFDFFFFFD00FC02FC3F
:10755000FD00FDFCFC02FD0100FDFEFDFCFFFFFF48
:1075600002FC02FFFE01020204FB0202FD02FA0419
:107570000000FEFC00000000000000000000000011
:1075800000000000FCFB01000103000500FEFF00FD
:1075900000FD000302FE0301FDFFFFFFFFFEFC02F2
:1075A00000FCFDFFFDFE0305010001FFFF000100DF
:1075B000FFFD00FFFC03FD0000FEFF0200000000D5
:1075C00000000000FEFFFFFFFEFEFEFE000000FECA
:1075D000FF000000000000FF0000000003FFFF00AC
:1075E000FFFFFF02FD0400FF02FA01010000FF029D
:1075F000FDFEFEFC0302FFFE0001FC01FF01010194
:10760000FFFF01FFFFFD00FCFD030202FFFCFEFC8B
:1076100003FCFDFDFFFDFDFFFD0004FF0000020176
:10762000000000000000000000000000000000005A
:1076300002FF00FF0100030300010302FE03FF003D
:10764000FDFD0002FCFD00FF00FBFFFC0000000050
:1076500000000000FF01FBFEFEFDFBFF00FBFDFE46
:10766000FC00FEFEFDF6FFFC0300FCFFFD0002FE39
:10767000000101FDFE00000201FFFFFF0100FEFF0F
:10768000FE02FD01FE02FE0103FFFBFEFC04FDFE07
:10769000FB0103FCFCFF030301FB010205FFFF02EA
:1076A0000301FD04000206FCFEFE02FE02FCF902DC
:1076B00000FFFBFC00FCFC010000000000000000DB
:1076C000FEFC03FF0001FFFE000000FF00000000C1
:1076D0000000000000000000FE0000000001FCFFB0
:1076E000FFFFFFFD00000000000000000604FE0098
:1076F000060200FD02010506FE00FE010100FEFC7F
:107700000000FF0100000000FFFFFFFFFEFEFEFF84
:1077100001FCFBFD0101FEFFFE000401FEFCFC007C
:107720000001FE0001FEFE00FEFC00FD0000000066
:107730000000000000000000000000000000000049
:107740000000000000000000000000000000000039
:107750000000000000000000000000000000000029
:107760000000000000000000000000000000000019
:107770000000000000000000000000000000000009
:1077800000000000000000000000000000000000F9
:1077900000000000000000000000000000000000E9
:1077A00000000000000000000000000000000000D9
:1077B00000000000000000000000000000000000C9
:1077C00000000000000000000000000000000000B9
:1077D00000000000000000000000000000000000A9
:1077E0000000000000000000000000000000000099
:1077F0000000000000000000000000000000000089
:107800000000000000000000000000000000000078
:107810000000000000000000000000000000000068
:107820000000000000000000000000000000000058
:107830000000000000000000000000000000000048
:107840000000000000000000000000000000000038
:107850000000000000000000000000000000000028
:107860000000000000000000000000000000000018
:107870000000000000000000000000000000000008
:1078800000000000000000000000000000000000F8
:1078900000000000000000000000000000000000E8
:1078A00000000000000000000000000000000000D8
:1078B00000000000000000000000000000000000C8
:1078C00000000000000000000000000000000000B8
:1078D00000000000000000000000000000000000A8
:1078E0000000000000000000000000000001000097
:1078F000FF00010000000000000000000000000088
:107900000000000000000000000000000000000077
:107910000000000000000000000000000000000067
:107920000000000000000000000000000000000057
:107930000000000000000000000000000000000047
:107940000000000000000000000000000000000037
:107950000000000000000000000000000000000027
:107960000000000000000000000000000000000017
:107970000000000000000000000000000000000007
:1079800000000000000000000000000000000000F7
:1079900000000000000000000000000000000000E7
:1079A00000000000000000000000000000000000D7
:1079B00000000000000000000000000000000000C7
:1079C00000000000000000000000000000000000B7
:1079D00000000000000000000000000000000000A7
:1079E0000000000000000000000000000000000097
:1079F0000000000000000000000000000106F80682
:107A0000FD00FFFE000004000602FD00010303006C
:107A100002040200FD03010101FEFF0105FF020156
:107A2000000002F90304FD050000FF020100FE0052
:107A3000FCFF050201020404060202FC01FD04042D
:107A4000FE0003030105FFFF000501FE050403001E
:107A5000FFFF050308FB0402FD020001FC03020214
:107A600000FE020005030104FF06010102FDFF0004
:107A70000303060103FFFF000000000400000000F4
:107A80000000010080C259502200000001000100E6
:107A900002FD0000000001FD030200FCFDFE05FFE9
:107AA00004FB030106FF01FC010300FC01FF0401CC
:107AB00002020104FD0401FE0202FFFEFC0601FEBB
:107AC00003FFFC0003FBFF0102F9FF020102FE07B6
:107AD00002FD020101FDFAFF0500FFFD010402FDA8
:107AE000010203FFFD01F90403FEFD03FDFC01FBA0
:107AF000FD0302FE00000201FC010102FFFC030283
:107B00000101020001FC02000000FF010000000072
:107B100000010100C0C25950340000000000000004
:107B20000000000000000000000000000000000055
:107B30000000000000000000000000000000000045
:107B40000000000000000000000000000000000035
:107B50000000000000000000000000000000000025
:107B600000000000F4030308010301FF0106FFFF0A
:107B700006FFFFFF05FF01FEFF0200070404FB03F1
:107B800007FF02FC01020201FCFE01FF00FF08FFEB
:107B9000FDFFFEFF050100010002FCFB010101FFEA
:107BA0000100FE000500FB020307FFFEFD03FBFCD6
:107BB0000100FDFC03FD01F902FE06FF01FF0201C9
:107BC000FCFE0003010100010001010004000004AB
:107BD000000103FFFDFEFF0004FE02040005050591
:107BE0000000FC04000000000002F40020C3595013
:107BF00022000000FE05FF02FE060001020203FE55
:107C0000FDFC0002FC00FDFE01020301020505FC73
:107C100001FD04FCFB00FF04FA0001FE08FD01FE6B
:107C2000FFFDF802FF000103FEFFFF00FDFEFFFC69
:107C3000FD01000201FE05FAFC00FE0201FE01FE4C
:107C4000FE00FC0205FDFBFDFC03FF04020500FE37
:107C500003FF020002FEFE04F7FBFE04030105FB26
:107C6000FEFDF5000200FE0505FAFD00FE00FF0422
:107C7000000001020000000000FDFC0060C359503C
:107C800034000000000000000000000000000000C0
:107C900000000000000000000000000000000000E4
:107CA00000000000000000000000000000000000D4
:107CB00000000000000000000000000000000000C4
:107CC0000000000000000000000000000203FFFCB4
:107CD00002FBFB01FDFE01000001FC0005FF01FCB1
:107CE000FE000002000501FFFFFCFEFF0300FAFAA0
:107CF000000401FA01F8FEFE03FEFBFF00FD01FD9A
:107D0000FEFCFB03FBFEFC0205FC07FC0301FEFF7F
:107D100009FDF7FEFF01FD020400000105FFFEFE64
:107D2000FB0305FE000004FAFEFD01FE0303000252
:107D300002FE0202F9F800FA000001FD0003FE064F
:107D4000FE000405FC050502000003000000000021
:107D500000FD0000C0C3595022000000010305FCD3
:107D60000706FBFE030300FEF7FE00FEFBFF01011A
:107D70000405FE0001FFFF01FC020202040201FCF7
:107D8000FCFE02F9FCFDFF01FE03FF05000402FDFD
:107D9000FF010204FD06FF05FFFDFE04030300FDD5
:107DA000FC010502F904FF0000FD0204FCF80101DA
:107DB00001FDFFFF0302FF0501FA000002FD0202C0
:107DC00002FC0301FC05FFFC00FC0900FDFFFE06B0
:107DD000FFFB01FE0300FC010000000000000000AA
:107DE00000FA040000C4595005000000FE0AEC042B
:107DF000F709FEF90000000A000000000000FD0085
:107E000000005A506601000004FEFE00050504044F
:107E10000100060004FBFB030404F901FC02FDFE63
:107E2000FBFC0205FFFDFBFC01FCFCFEFFFEFF046A
:107E3000FEFDFDFE010202FAFE01FD00FDFFFF0254
:107E400001FE0701000204040202000200FF01FE1D
:107E50000AFF020CFD0001FB0203FFFA000304FF0E
:107E6000FFFE060402FC0103FDFD04FE01FCF80216
:107E7000FB020100F804F4F20601FEFA04FE00021F
:107E8000FE02FF0303040201FC0100FD00FE0006E8
:107E900000000000000000000000000000000000E2
:107EA0000100010004F900FF0003FE01FD0400FCD5
:107EB000FA0304FC00FF00F90201020101FCFD03CA
:107EC000010201FF0001010500FEFE0002FD01FEAE
:107ED000040500010005010600FF0000000000008D
:107EE000FEFEFEFEFFFFFFFF0100FFFF02FF02009C
:107EF00000000200FF0001FFFF0001FE05FD03037B
:107F000003FF0401FCFD000101FFFCFFFC00FBFA84
:107F100003FBFBFDFEFDFFFFFEFF000001FF02FD76
:107F2000FF0303FCFEFBFF03FE0003FBFD02FFFC5F
:107F30000303000105FCFEFFFEFFFAFCFE01010247
:107F4000000101FF0000000000000000FDF9F9FD44
:107F5000FFFF0200FD03FE01FE0001FDFBFD01012C
:107F600004F7FF01FF0402FD00FFFE020101FEFF16
:107F700001030204FBFD00FEFC00070109FEFD04F5
:107F8000FF00FBFC0404FD06F701FBFEF3F7EEF037
:107F9000FCF1F4F000FE0101FEFE000107FB00020F
:107FA000FB02FAFAFD0101FFFFFDFCFB010103FDED
:107FB000FFFE01FEFD0003FA05FD00FDFC04FD01CE
:107FC000F6FFF9FAFEFAFCFB0101FAFD0001FDFFE4
:107FD000FE02FDFFFFFFFFFEFEFFFFFF01FDFC03B2
:107FE00003FAF9FB00FF000200000100000100FF9E
:107FF00000000000070000000109FF06FE02FAFD74
:10800000FDFE0100FD00FFFFFDF9F90000FAFCFB99
:10801000FFFCFAFAFE00FEFC000003FDFEFEFEFF80
:1080200001FE00FFFCFCFCFCFCFCFBFCF8FEF8FB8A
:1080300004F6FD02FFF9FAFAFF0401FC02FFFE015B
:10804000FD02FFFEFCFC00FF02FF01030206FFFF32
:10805000FFFFFF07FFFFFFFFFEFDFFFEFEFEFDFD32
:1080600002FEFEFE02020202020202020101010100
:10807000010101010000000100000000FCFF000000
:1080800002FDFCFE01FCFDFD0201010102010102F5
:108090000101FEFFFF0102FFFFFDFCFFFDFCFEFDF5
:1080A00000FEFEFC0100FE01FD0100FFFDFDFCFCE9
:1080B000FDFDFEFC0202020202030202FFFFFF03BB
:1080C00000FFFF000001000001020201FE010103A8
:1080D000FFFFFDFDFFFFFFFE0000000000000000AD
:1080E00001010100020102010301010102FF00037D
:1080F000010204000101020101010102000000006F
:1081000000000000FF01040001000202FFFF010067
:10811000FFFFFFFFFFFFFFFFFD0203030001FDFE66
:1081200001000102010102000100FE00FD0200FC4D
:10813000FDFDFCFDFCFCFDFD00FCFCFC0101010162
:1081400001010101FCFDFDFCFCFCFCFCFD02FFFC4F
:108150000000FE000102000001010101FD0000011C
:10816000FDFDFCFDFCFDFDFCFDFCFCFDFDFDFDFD44
:10817000000000FD00000000000000000000000002
:1081800002000000020202020303030204050400CD
:1081900005010505FDFDFE07FEFDFDFD0000FDFDE1
:1081A00000000000FE00000002FF020100FF0102CB
:1081B000FDFEFEFDFEFEFEFE00FFFFFF0000FFFFD6
:1081C000000000FF00000000000000000000FF00B1
:1081D000FF0000FF0101020100010001000000009A
:1081E00000000000FFFF0000FFFFFFFFFF02020191
:1081F00000FF020000FFFF01FF01FD03040001007A
:108200000303030403030303FC000303FDFCFCFE60
:108210000300FDFF0003030201030200FCFDFEFF5B
:10822000FEFD0000010101FD0202020200FE020249
:10823000FFFFFF010200FFFF00FDFF01FE00FEFE49
:108240000000000000000000050301000503010418
:108250000102FF0004040102FFFF0002FF00FFFF14
:1082600001FD01FFFBFDFBFFFDFCFDFD020100FC2C
:1082700000000201FFFF0000FFFFFFFFFFFFFFFF05
:10828000000000FF000000000000000000000000EF
:1082900000000000000000000000000000000000DE
:1082A00000000000000000000000000000000000CE
:1082B00000000000000000000000000000000000BE
:1082C00000000000000000000000000000000000AE
:1082D000000000000000000000000000000000009E
:1082E000000000000000000000000000000000008E
:1082F000000000000000000000000000000000007E
:10830000000000000000000000000000000000006D
:1083100000000000000000000000040306FF03014D
:1083200002030004FE020200FEFFFEFE05FF01053F
:108330000201FE0002FF0103FC0301FE0600FC0037
:1083400001FF0804010001FF00FEFE01FF0102071A
:10835000FF04FF01FE02FE000203FD02010400FD16
:1083600002FEFEFD03030000020204FE0001FD0206
:10837000FF00FEFDFFFF01FF030302FD0101FF00FF
:10838000FF010001FF02FFFFFC01040003FF0203E5
:10839000000401FE000001FF000000000001FE00DB
:1083A00080025A502200000000FCFE0103FC05FF81
:1083B0000003FF04000104FF040003F9FF050101AD
:1083C000010301FFFC0BFE030103FAFAFEFC0000AF
:1083D00003FFFF0201FE02FDFF06030100FF010192
:1083E000FD050203FFFEFE04000303FD0105010776
:1083F000FEFE04FF01FF000500F8FE0002FAFDFE8C
:108400000100FD07FDFF05FF0403FFFDFCFFFCFF6E
:1084100001FF03FD0102FD0200FB0601FBF601FA6C
:1084200000FF00020000FCFE0000000000FA020055
:10843000C0025A503400000000000000000000009C
:10844000000000000000000000000000000000002C
:10845000000000000000000000000000000000001C
:10846000000000000000000000000000000000000C
:1084700000000000000000000000000000000000FC
:10848000FBFFFE0003FD00F9030501F9FFFCFBFD06
:108490000501FDFEF90202000101F9FEFFFCFCFBF3
:1084A0000001FFFF01FA0106FE010003FE01FBFCD3
:1084B00004FEFE0201FF06FE02020200FFFFFD00B5
:1084C000FEFF0000F8FD02FE000105FB00FEFEFFBE
:1084D00005FD02FCFE00FEFFFC04FB0803FC00009F
:1084E00000FB04FEFE05FEFF02FFFFFE00FF02FF91
:1084F0000201FCFB02F90502FE0600FD0000F90284
:108500000000000000FDFD0020035A502200000082
:1085100004FA05FCFE01FFFC06FD0002F902FFFC67
:10852000FDFDFC02020005030302FAFDFD0202004C
:10853000FFFB010602FFF8FC04FFFD0202FFFF0142
:1085400001FA000001FF03FE01FDFF00FEFC000038
:108550000106FDF901FF04040001FD0500FD00FE18
:108560000000FD0300FE040402FCFC01FE0000FB11
:1085700007FD00FCFE01FF04FEFE02FD020400FCFC
:10858000FDFE02FE0203FF01FB0102FF000000FEF0
:10859000000000000001030060035A503400000096
:1085A00000000000000000000000000000000000CB
:1085B00000000000000000000000000000000000BB
:1085C00000000000000000000000000000000000AB
:1085D000000000000000000000000000000000009B
:1085E0000000000000000000010501FD0602FBFD87
:1085F000010002FBFEFBFE0001FBFEFEFD0001018F
:10860000FB01FD00FFFAFDFF00FFFCFEFE00FFFD89
:1086100001FEFDFFFCFF01FCFFFE01FCFDF9FBFD7F
:1086200001FEFEFE01FC0200FFFD0000FAFEFE005E
:10863000F9FFF9FBFE01FD01FE0300FDF9F9FD0262
:1086400004FCFAFCFDFA01FBFDFB000005FE02FB49
:1086500001FD02FFFF04FEFBFF00FC04FBFA010228
:1086600004FEFE020000FFFD00000000000200000A
:10867000C0035A5022000000FAFD02FDFDFF040075
:1086800002FE05FD0301FE0005FE0300FAFEFAFFEF
:10869000F9FF000500FC05FCFD000401F9020502DC
:1086A000FCFE0300FCFA030303FFFF00FAFDFCFDE0
:1086B0000703FBFDFB02FFFAFCFD01000802FA00C4
:1086C00005FEF7FBF802FDFB08FFFDFE0205FBFEC1
:1086D000FEFD03F6F904FB030300FD00FEFEFAFFB6
:1086E0000602020406FFFFFF010403000802000760
:1086F000060101040000FE04000000000007030062
:1087000000045A50050000000005040CF00D00F5AF
:1087100000000003000000000000FA0000405A5072
:10872000660100000500FF03FE020003050202F8D7
:10873000FC0201FD000200FFFE0502FC02FD02003A
:10874000FFFFFE0001FDFCFC0301FFFEFBFDF90045
:10875000FFFEFCFEFE01FF00FCFDFF00F800FEFD39
:108760000002FE0300000000000000000404FF0CF3
:108770000105FEFE090704FB0001050000FF0504DA
:108780000000FE00FE0000FFFE03FBFEFB0103FEF7
:10879000F1FDFFF2060007FBFD00FD02FE0001FCFB
:1087A0000105000303FE06030000030100000000B2
:1087B00000000000000000000000000002FBFB00C1
:1087C00002FEFA010402FD03010405FCFA0003FFA6
:1087D000FEFEFEFD00FAFDFBFC010303FE0103FDAE
:1087E000000000070000FF00F7F80000FFFFFEFB9D
:1087F00000FC01000000000000000000FFFFFFFF80
:10880000010101000101FF010001FFFFFFFF000165
:1088100000FF01000600FF00010104020004FFFE4A
:10882000F9EFF5FAF8FAF0FDFF02FEF801FE01FD9E
:10883000000004FB00000000FFFF000000FD00FE40
:108840000000FF00FEFEFC01FF00FFFD040508FB29
:1088500002FCFE01FF000103FF00000000FEFFFF1D
:108860000000000000000000FC01FC01FDFD00FE16
:10887000FF020508030201FEFB02010301FDFD00EA
:10888000FF06FDFF010100000101FE0107040A07C8
:1088900000FF0100020004FF0203010207080601B5
:1088A000FFFE0006F1FCFBFBE8F4EFE9F3EDF4F466
:1088B000000000000000000008FFFA0000070201AD
:1088C000FF04030100FE01FC05FFFDFEFC0406039E
:1088D00003FB0000FF02F500F9FC00FAF0F4F603D8
:1088E000F8F5FBF5FD01F8F900FE01FFFE000002BE
:1088F00000FF01FF0000FF0001F7FEFDFE02F7FC94
:10890000000000FC0000000000010000000000006A
:10891000040000000505FC04000100FDFEFF00004E
:10892000FFFF01FE0300FCFFFE00FFFEFFFEF8F963
:10893000FF00FFFF00010000FFFF00000001FF003B
:10894000FBFBFCFBFBFBFBFBFEFEFCFB01F8FA0266
:10895000FFFBFBFF04FDFF0004FC0206FE03FEFF1D
:10896000FE00040200FE000301FF000502FFFF04F9
:108970000102FF010001FF0100FF000000FF0100F4
:108980000000000000000000FFFFFFFFFF0003FEEB
:10899000000000020000000001040000FE0401FCD1
:1089A000000102FE0000FF00FF01000002FC0000C9
:1089B00000FD03020003FE0002FCFEFF00000201B6
:1089C00000000000000000000000000000000000A7
:1089D000FE0104FEFF0401FFFF0000010000000093
:1089E00000000000FEFD020100FF01030000000086
:1089F000000100000000FEFFFEFEFFFDFEFD03FF84
:108A000003FC0001FDFFFCFCFF01FE020402FD026D
:108A100002020100FF0404020001FF000000000048
:108A20000103FE0001020301000000FD0000000040
:108A3000FD00000002FEFC03FDFF02FC01FEFE0340
:108A400003FF02020003FF0003FE0101FD0200FC20
:108A5000FEFD000100020000FF0001020101010013
:108A600001FD01FEFE02020200010101FFFD000105
:108A7000FF020001000200020001010200000100EB
:108A80000100000000000000000000FF00FEFE01E9
:108A9000FE02FDFF0101FEFE0303FD0202FC02FFD8
:108AA00003FD00FFFE0001000102FF00030304FDBF
:108AB000FF00FEFF03FFFFFF0000010200000000B7
:108AC0000400000000010103FFFD00000301FFFF9F
:108AD000FFFF00FE01FF00FFFF00FF000000FEFEA1
:108AE0000000000002000000010100000100FF0181
:108AF000FFFF0002FF020101000000FF0000000074
:108B000000000000000000000000000001FF000164
:108B100000000000FDFFFE01FF02FCFC0000000061
:108B200001FFFF01FEFFFF0002FF00FF040402FD42
:108B3000010304FD01FF020101FDFE0003FE02002E
:108B4000000000010000000001000000FFFE010322
:108B500002FEFFFFFE010303FE0404FFFEFFFF030E
:108B6000FFFF00FEFD02FF00FF04010101030204FC
:108B7000FCFCFE0303FFFDFEFE03020201FCFE03FC
:108B80000301FD0304020001000003FE0100FFFDDC
:108B90000000000301000000FC000000FE020001D4
:108BA00002FF0001000000000000000000000000C3
:108BB00000000000000000000000000000000000B5
:108BC00000000000000000000000000000000000A5
:108BD0000000000000000000000000000000000095
:108BE0000000000000000000000000000000000085
:108BF0000000000000000000000000000000000075
:108C00000000000000000000000000000000000064
:108C10000000000000000000000000000000000054
:108C20000000000000000000000000000000000044
:108C30000000000000FE00FA0304FF0005FFFC0333
:108C4000030305FD020004FBFFFC02020003000217
:108C50000501090301FFFD0006FC0302FE020109F4
:108C6000FC00FEFD010405FF02FD01000204FD06FB
:108C7000020203FC02040304FEFF01020301FF00E1
:108C8000FF0100040704FCFF04000302FF010101CF
:108C900000040700FDFE00030402020200FDFFFEC7
:108CA000030100050202000102010203FFFD0201AF
:108CB0000000FC01000000000000010080425A504A
:108CC00022000000FEFDFFFF0101FC0102FB060285
:108CD00001FEFFFCFF03000001FA03010404FFFF93
:108CE000FDFD08000100050100FFFCFFFE0200027F
:108CF00003010001FE02020203FEFE01FE0503FE67
:108D0000FB0200FD030303FF04FF01FD0703FD0158
:108D1000FF03FCFDFB02FEFD0501000300FEFD005C
:108D20000802FD0100FF0503FA0501FD060000FC35
:108D300003FC0102FD0000040200FAFEFFFBFC0040
:108D400000000401000000000000FC00C0425A5076
:108D500034000000000000000000000000000000DF
:108D60000000000000000000000000000000000003
:108D700000000000000000000000000000000000F3
:108D800000000000000000000000000000000000E3
:108D9000000000000000000000000000FEFEFF01D7
:108DA000FF03FC0400F9F90603020304F9FF0207BC
:108DB00001FE0001FFFFFF03F8020701FF000002B0
:108DC000FF030401F8FD0105FD050302040201068D
:108DD000000204FB00FBFEFE0401FFFEFE02FCFBA2
:108DE000FFF704FE0201FE09000100020102030474
:108DF00004FF02FF00050204000702FE04FE03FD5B
:108E0000FCFCFF03050000FB0105FD04010002015D
:108E1000FEFF010201FD0303000001F90000000054
:108E20000001FD0020435A5022000000040400020B
:108E300002FCFC0206010101F7FD010802FC03FF30
:108E40000002FDFEFCFE0501FDFB03FF0205FD0027
:108E50000103000703FA01F802FD02FE0201FD030F
:108E600002FC0300FEFFFC050401FFFEFE02FFFB07
:108E700000FB0102FE02FFFC0201FB01000105FDF7
:108E8000FF0403FB010002FF00010104FC0103FDDC
:108E900003FCFE0701FF00FCFEFDFEFDFE02FE02DC
:108EA0000003FE04FF00FB040000FD0300000000BF
:108EB0000000FE0060435A50340000000000000033
:108EC00000000000000000000000000000000000A2
:108ED0000000000000000000000000000000000092
:108EE0000000000000000000000000000000000082
:108EF0000000000000000000000000000000000072
:108F000000000000FF01FE02FA05FD0206FF00035B
:108F100003FB00FB0405FCFDFCFD060101FB010059
:108F2000FF050601FD000902020200000403FB0325
:108F300000FE02FAFBFEFC0202050404FD0206012B
:108F4000FF0603FD05FEFAFD0206FC00FE01070018
:108F5000050806F903060108020303FE09030100E0
:108F6000FE06010300FD04F904FE0701060304FEEA
:108F7000FF050301FD0204FD00F902FF0100FEFBF5
:108F8000000000010000000000FF0400C0435A5030
:108F900022000000FAFD01FFFDF90703FC040004B4
:108FA00004000103060100FAFF0001F9FEFE0101C1
:108FB000000505FDFF03FEFB0304FF03000104FFA2
:108FC000FC0204FE000101FDFEFFFC0106FCFD02A7
:108FD000FBFFFFFFFBFC000104FF00010302FD019A
:108FE0000102FBFE06FFFF0203FFFCFAFD03060180
:108FF000FF00FB00FD02FAFF0203FE030001030372
:109000000009FBFF010001010000FEFFFFFB00FF64
:1090100000000101000000000003010000445A505C
:1090200005000000EE08000C1205ED00000000092C
:10903000000000000000F30000805A5066010000AC
:1090400000FE0400FF02FDFEFF000401FF01050514
:10905000FDFFFD02FD01050202FC0303FD03FEFD11
:10906000FC03FEFD040505060403FCFC02000104EC
:10907000FBFF02FEFB0202FF01FA030200FBFEFD02
:1090800001FEFFFF01000000080003070106FCFFCE
:109090000303FE0302FE00FEFE02FD03FC00FEFED3
:1090A000FA01FDFD000000FEF6FDFDF8F700F9FDF8
:1090B000FF0304040304FCFFFD01040002FD0102A0
:1090C000FE00FDFF00FE0402FFFFFEFE01FFFF00A9
:1090D000010000000000000102FD000001FEFB0194
:1090E00001010304FBFD04F9FE00FDFD01FCFE038C
:1090F00000FAFDFFF8FC020001FE03FFFF0200FE84
:10910000FF0000FEFF02000003FD00FE00FEFD0464
:1091100000FFFF0000000000FEFEFEFEFFFFFEFF5E
:10912000FD00FD0000FD0102FFFE02FE000100FF48
:109130000400FDFFFE010301FCFFFE00FFFE030033
:10914000FB00FD0002FF030201FC000201FD020220
:10915000FFFD02FDFFFE02FEFBFC01FCFFFE02FC28
:1091600003FBFBFC02FEFCFE020608FFF902FF0106
:10917000FEFF01FDFFFE020100FD010200000000F4
:10918000FFFF0000FBF8FE00FE00FBFDFF020500F4
:1091900001FEFF01F8FF020202F9FEFC03FC02FDE2
:1091A00003010002FE0003FE050306FE00010403A6
:1091B000000002FF0305FF020704FEFEFD02050298
:1091C000FFFFFB0102FC01FD03FF010301000101A0
:1091D000FF00000203FDFAFE0204FAFA0001040097
:1091E00001FDFEFB00FB02FF05020401FF06FF007C
:1091F00002FBFAFAFBFA03FBFC0002020002FEFF8C
:10920000FF00FF0303FB04FFFDFCFE01FFFFFFFE69
:10921000FEFEFEFEFF03FE0101000100020000FB56
:1092200000FE00FE0001FF0000000000FA00000048
:109230000201FEFE010606FE02FF01FEFDFFFE0228
:10924000000502FF01010500020003FE0001FDFF11
:10925000FFFEFE010202FDFF01FC00FEFDFDFDFD23
:10926000FEFDFDFDFFFDFFFE00010503FAF8000015
:10927000FFFEFE0202FA000502FBFCFFFDFEFC02FF
:10928000FDFDFDFE0301020001000003000101FFDE
:109290000000000100FF00000000000100000000CD
:1092A0000000000001FF01000001FF0100000001BB
:1092B0000000000002FD00000301FF0101FF0404A3
:1092C000010100010000010000020000FE02FEFF9B
:1092D000010102FEFEFE0103000002FF000000008B
:1092E0000000000000000000000000000200FF027B
:1092F00003040001FF0000FD00000000FE0000006C
:10930000FFFD01000002010100000000000000005C
:10931000FF0000000000000002020100FD00030049
:10932000FE0200FDFF01FEFDFF00FEFFFEFEFEFD52
:1093300000FF03FE0000000000000000FEFEFD0034
:10934000FE01FDFF0000FE00000000000100000023
:1093500001000102FF01FC0203FF0002FE02FEFE0B
:10936000FEFFFDFE000002FF020000FCFF01020004
:109370000202020101FE02FF000000020203FEFFE2
:109380000001FD0201FFFDFF03FF00FEFFFE0303DE
:10939000FEFEFE02FF03FDFF00FF00FF00000000D5
:1093A0000000000000000000FF0000000000FFFEC1
:1093B000FD02FE02FD0200020301FF00020003FEA7
:1093C000010101FF03000001030000FE0000030093
:1093D00001FF00FE000000FD00000000FF00000093
:1093E000FFFF00FF0101FE0100000100000001007D
:1093F0000000000000FF000000000100000000006D
:10940000000000000001000000000000FFFF00FF5E
:10941000FF00FF0100FF010000000000010100004B
:10942000020001FF00000100000000000000000039
:109430000203030100FD000100FF02010101010020
:1094400004000001030201010301020103000304FF
:10945000020200FE02FC01FD010303FE0000010008
:10946000000001010000000001FFFE0000000001FB
:1094700001020102010001020102030103FFFD01DB
:109480000102FF0303010204FF02040401FD03FCC7
:10949000FCFEFD03FEFD020002FF01FC02FF0102D3
:1094A000FDFFFD00FEFF03FEFF0101030000FF01C1
:1094B000000000000200000001FF0001FF020200A6
:1094C000000000000000000000000000000000009C
:1094D000000000000000000000000000000000008C
:1094E000000000000000000000000000000000007C
:1094F000000000000000000000000000000000006C
:10950000000000000000000000000000000000005B
:10951000000000000000000000000000000000004B
:10952000000000000000000000000000000000003B
:10953000000000000000000000000000000000002B
:10954000000000000000000000000000000000001B
:109550000200FCFC00FEFF010101FEF901FF050114
:10956000000103FFFA010301FF02040003FE0502EC
:1095700001FF050103040502FCFFFD00FE00FE00E3
:10958000000007FE02FEFFFD0003010203040002CB
:10959000000001FE00FE0101FF02010100FF02FECA
:1095A000FD03020102F8FFFF05FF07FDFC040004B4
:1095B000F904FBFEFFFFFF010103FF0205030202A6
:1095C000FEFC040102FFFFFE01FEFE04000000FE9F
:1095D000000000000000010080825A5022000000BC
:1095E000FEFCFF0001FFFF00010104030101FE0179
:1095F000000201020300FDFFFDFF00020300FF0067
:10960000FF00FF04FB0401FFFD02FE03FF00FF015A
:10961000FEFEFE00FDFF02FEFF00FEFC0401020054
:10962000FE00FCFD010600FE03FB02FCFBFB040048
:10963000FF0402000005FE00FFFDFE010100FE0325
:10964000FF00FFFF05FE00020402FDFF000205FC13
:10965000050201FE01FC00030200FEFE000002FF05
:10966000000000000003FC00C0825A5034000000DB
:1096700000000000000000000000000000000000EA
:1096800000000000000000000000000000000000DA
:1096900000000000000000000000000000000000CA
:1096A00000000000000000000000000000000000BA
:1096B000000000000000000003FFFE0506FDFCFEA8
:1096C000040102FCFFFE020103FF02FD0202FF0093
:1096D0000106FC04F9FB000202FFFEFF0203FF0388
:1096E000000004FFFC020204FE0200040202FF016B
:1096F0000204FFFE0001000002FE020200FE02055D
:109700000301FAFFFDFFFC01FEFAFDFDFEFF010172
:10971000FE05FFFAFDFC010002FFFF0200FEFBFA5E
:1097200003FDFF0200FBFE00FFFCF9FF0100050046
:1097300003FFFF010000FEFE0000000000FD050029
:1097400020835A5022000000FE000002FE010201A8
:1097500000FF0304FF0002020203FDFDFE00FCFF08
:10976000FF02FF02FE01FA04FD0001FDFE010105FA
:10977000FCFFFEFFFE02FE06FEFFFC0102FE0001F2
:10978000FDFE0201FCFF0300FDFF02FEFD020006DC
:10979000000102FFFFFDFFFE02FE00FE01020000CD
:1097A000FE03FCFDFFFF030104FD0100FEFFFCFEC4
:1097B0000200040001FF010106FF04FE0200FF0099
:1097C000010201FE000002FD0000000000FE040096
:1097D00060835A50340000000000000000000000C8
:1097E0000000000000000000000000000000000079
:1097F0000000000000000000000000000000000069
:109800000000000000000000000000000000000058
:109810000000000000000000000000000000000048
:1098200002FAFFFEFDFF0101FEFEFFFDFA0000014E
:10983000020203FF00FC0004FD03FD00FAFEFDFE32
:109840000202FFF600000002F902FAFFFDFEFCFB37
:10985000FEFEFDFDFF01F906F800FF030000FEFF1C
:10986000FE02FFFF0406FCFC01FFFE0301FCFB01FE
:109870000401FD01FF04FEF9FFFE00FEFEFEFCFFF9
:1098800002000001FBFFFFFFFA00FCFEFDFB02F9F6
:109890000000FA00FDFDFFFE030401FC0000FF00D4
:1098A0000000000000FCFE00C0835A5022000000AF
:1098B000FEFF01FDFDFEFEFAFE03FFFD0204FEFCBD
:1098C000FEFFFF0201F6FF02FEFF0100FFFD03FBAA
:1098D00000010000FF0302FEFFFF0002FE04FF0084
:1098E000FFFF0101FD0000FFFF00F9FF02FF02057D
:1098F00000FF02FE0003FF01FFFEFE05FA05000265
:10990000050000FDFFFB0301010201FC03FFFDFF59
:1099100001FCFE020200FE0003010101FFFDFD0348
:1099200000030102FE0202000200FDFD000002022F
:10993000000000000004030000845A5005000000ED
:109940000B08EF01F6FBF8FD0000000E0000000020
:1099500000000C0000C05A506601000001FE030325
:109960000204030102FF0305FEFF030301FD01FFE3
:10997000FCFB02FEFD03FE01FB01FF02FCFF00FBFE
:1099800000FEFC00FBFDFCFF0303FCFBFCFE0302EE
:10999000FF02FF0101FF04010000FD020100FF01C1
:1099A000FFFF0101F801FEF60602FFFEF8F0F701E5
:1099B000F20000FBFE0101FCFE00FE00030101FEBF
:1099C000FC0401FAFEFD04FAFAFAFAF9FBF7FCFDD1
:1099D00000FCFEFFFBFC03FDFDFB01FD02FFFE02A0
:1099E00000FE04F70000000000000000000000007E
:1099F0000000000000000400FF0201FF02FCFEFE68
:109A00000101FE00FF010201FE00F8FFFCFCFFFC6B
:109A1000FB00FFFCFAFC01FEFEFE00FD010001FE62
:109A2000010201FD0403030100FD04030000000026
:109A300001FF0100FEFFFFFFFEFDFEFEFE0200FD36
:109A4000FD00FFFE0000FE0101FF00FFFCFDFFFE28
:109A5000FCFF03000503FC02FFFAFF03FD03FE0207
:109A6000FD010302FE0203FC0003FFFFFD01FDFDFB
:109A7000010103000001FC0100FCFF02000001FCE9
:109A80000201FF01FAFA03FC00FA01020001FC00E6
:109A9000000000000000FF010000000000000000C6
:109AA00001FFFC03FE02FD010003FF01FC02FF00B9
:109AB00000FC02FE02FFFDFD00FAFF01000001FFB5
:109AC000FF000000FCFFFFFDF9FDFF00FBFDFBFABE
:109AD000F80003F9FAFBFDFDFEFCFFFE0002FE04A8
:109AE00002FC00FBFCFDFEFFFC0201FF0003020282
:109AF000FB02FB0000FDFDFEFF03FCFDFE01FC047C
:109B0000FF040403FDFEFE0002FCFAFE06FEFD0457
:109B10000504FE07FC02FEF602F9FB010103F8FB57
:109B2000FCFF0201FFFD0302FEFEFFFFFEFEFEFE44
:109B300004FAF7FEFCFBFE03000000020000000038
:109B400000FF000000FFFF00FC00FFFFFCFF04021D
:109B5000F9FA000400FE0000FF0001000002FF010E
:109B600004FDFCFC03FDFBFD02000101FDFC00FC0B
:109B7000FFFFFDFDFFFF00FEFFFFFFFFFEFEFEFFFC
:109B8000020101FD02FC0202FF02FE0201FC01FBD8
:109B9000FF01FFFEFCFF0102FC0001FE04FC0503C7
:109BA000FA04FDFF020303FDFA00FCFD0102FDFCC7
:109BB000FEFDFC010200FD050300000502FCFE03A2
:109BC000FF06FC02FEFE01FE000000FE0000000099
:109BD000FBFD00000200FBFDFA0501FEFAF5FCFAB0
:109BE000FFFFFBFB03FD03FC06040403FCFFFB0279
:109BF000FBFC00F9FF02FCFC0204FF040103010569
:109C0000FC05F9FDF5FD03F802FFFE02FA03FDFA7B
:109C10000002FCFD04FEFCFE0002FFFC00FDFEFD58
:109C2000FBFF0101FE03FBFB000100FFFFFF000043
:109C3000FFFFFF0001FAFDFDFA00FBFB040400003A
:109C4000FFFF0101FEFAFB05FAFFFAF80004050028
:109C5000FF0001FFFF00FD00F8FDFF0001FAFE0418
:109C6000FBFEFBFD01FB03FEFEFC01FEFDFCFCFD1B
:109C7000FC02FCFF03F8FA000700FFFFFAFBFD05FA
:109C8000FDFD01F801FDFDFF000002FE01FE01FFE8
:109C90000601FDFF0300FF01FEFFFDFEFCF8FBFFD8
:109CA000FFFD03F905FDFDFFFFFE0002030400FDBB
:109CB000FF00FB00FDFEFB00FCFB06F9FB0706FFB7
:109CC000FAFAFF0000FFFFF9FEFEFEFE01FBFDFDBC
:109CD000FE01FEFDFAFFFFFB000103FB040201FD94
:109CE000030602FE03030102FDFFFD02FCFDFCFD75
:109CF0000000FFFD00000000FD000000FB0201FB72
:109D00000504FF0304FEFCFC0804FFFFFFFE020342
:109D1000FF0000FE0000FAFD00000000010000004E
:109D2000FFFC0300F9FBF8FCFE03020003FF050241
:109D30000107FE05FAF700FDFCFBF4FA00FE01FD49
:109D4000F8FA00FFFCF904FE00FDF8FF020401022E
:109D500003000201F3F6FB01FFFAFA020204FBFE24
:109D60000600FE01FC0204020001FAFB0202FAFBFB
:109D7000FCFEFEFBFA01FFFDFF0302F8000600FCFB
:109D8000FE00FF05FAFFFF0100FD0100FEFEFF00DF
:109D9000FFFE03FBFFFD0403FEFFFEFEFD01FF03CC
:109DA000FEFCFF0102FF01FCFE00FCFFFFFFFAFDCD
:109DB000FEFCF801FC0101F703FCFF0307FFFF02B3
:109DC000F900FD07FEFCFBFE00FFFCFBFFFF00FEB1
:109DD000FFFFFFFFFFFFFD01FD02FFFE000000008F
:109DE0000000000000000000000000000000000073
:109DF0000000000000000000000000000000000063
:109E00000000000000000000000000000000000052
:109E10000000000000000000000000000000000042
:109E20000000000000000000000000000000000032
:109E30000000000000000000000000000000000022
:109E40000000000000000000000000000000000012
:109E50000000000000000000000000000000000002
:109E6000000000000000000000000000FFFEFBF901
:109E7000FFFC03FDFEFE03FEFFFDFBFEFEFD00FEFC
:109E800001FFFC00FE01FBFEFCFFFE00FF07FEFEE3
:109E9000FDFD03FB03FDFAFDFDFFFD01FF00FA02DE
:109EA000FF00FBFEFEFEFEFE01FB04FCFEFAFBFED5
:109EB000FE00FC00FEFAFD01FAFDFCFC00FB0000C8
:109EC000FAFFFEFF0005FFFDFEFEFAFFFBF8F700BC
:109ED000FDFC0100FEFDFEFAFEF8FF0301FE00009E
:109EE000040303FEFB0102FE0000FFFE0000000071
:109EF00000FD010080C25A50220000000201FBFE5A
:109F0000FB030204FC06FF0400000303FD0300FF43
:109F1000FD01FE0102FE0003FFFD05040302FF0038
:109F20000203FEFEFBFE030202FBFF02FBFF09FD34
:109F3000FFFF03FEFF03FDFD0101F8FB03FD00FA37
:109F4000FE040100FDFFFBFFFEFA010200FE04001B
:109F5000FF020000FB01020000FBFF04FB01000305
:109F6000050400FEFE05000204FEFEFF010704FEDC
:109F7000FCFE02FF0101FDFF000004FE00000000E6
:109F80000000FF00C0C25A50340000000000000072
:109F900000000000000000000000000000000000C1
:109FA00000000000000000000000000000000000B1
:109FB00000000000000000000000000000000000A1
:109FC0000000000000000000000000000000000091
:109FD000000000000001FF02020202000302000371
:109FE0000305FD0108000002FCFE03FC0101FF0067
:109FF00003FF00010000FB00050000FC03FFFD0063
:10A0000002000302FDFE0203FD02FDFDFFFB02FE56
:10A01000FC030602F901030000090204FA02FF0032
:10A02000FFFEFDFF04FCFCFDFFFDFC0100FFFFFC4B
:10A0300004FD0003050100FF0002010201FDFFFE17
:10A04000040003FF00FEFF0004FC080200FE01FE06
:10A050000000FE010000000000FAFF0020C35A507B
:10A06000220000000500FF0201FFFAFF030500FDCA
:10A07000FBFF05FCFF04FFFEFEFD0104FDFDFFFCF0
:10A08000FB0103FF000403030301FDFCFEFD0401CB
:10A09000020300FAFF000001FFFC0502FD04FE00C0
:10A0A0000302FFFD03FF00FC02FE04FD02030407A0
:10A0B0000102FF0202FE06FCFF0101FD0202FEFB9F
:10A0C0000403FEFE0400FCFC01FE00FC04FF03FE92
:10A0D000FE02FF00030101030306FD05FFFCFF0074
:10A0E000000007FE000000000000010060C35A509D
:10A0F000340000000000000000000000000000002C
:10A10000000000000000000000000000000000004F
:10A11000000000000000000000000000000000003F
:10A12000000000000000000000000000000000002F
:10A13000000000000000000000000000FD01000021
:10A14000FE040001FF0207000303030502000100F3
:10A15000020400040302FEFFFA040501010303FEEA
:10A1600000FFFEFF01FE00020203070403010004DA
:10A1700001050504FF0001030405FBFEFC01FB05CE
:10A18000040400010201FE050103040002060004AC
:10A1900002020200030504010201FD04FE0001FDAC
:10A1A000030204050104FD00FF03FE030404FD0196
:10A1B000FE000502FF0106FD000003030000000091
:10A1C00000010500C0C35A5022000000FEFB02043B
:10A1D00000040105FEFB02030305FF010304FEFF6B
:10A1E00003FEFE0101030105FDFEFF01F902FF026E
:10A1F00002FF03040500010002F90206FF03FFFF4E
:10A20000FE00FDFC02FA00FDFF0501FEFEFE00035C
:10A210000400FF000201FD0302FEFEFA0306FFFE3A
:10A220000101010100FEFDFD0206FC02FF09FE0323
:10A23000FDFEFC0001060604FE02FA0302FC02FF1A
:10A240000104FF0301FC01000000FDFF000000000D
:10A250000004FC0000C45A50050000000910F80674
:10A260000606FEF400000000000000000000ED0003
:10A2700000005B506601000006F602FD0100FE02D0
:10A28000FFFC00F9FE050403FFFC04FFFD0200FCD7
:10A29000FE01020105FC000201FF0005FF000201B2
:10A2A000050401020001FC05000101FEFE0402009C
:10A2B000020501FCFEFFFE04FFFEFF01000000019D
:10A2C00001FEFE06FD05FC00040203FB0203FCFD8B
:10A2D00000010303FFFF00FEFE010000FDF8FD0486
:10A2E00000FCFDFC020101FF06060006FE0302FF62
:10A2F00002FE02FDFF03FE03FD05FFFD00FDFF0260
:10A30000FF010000FEFF00FE000000000000000052
:10A3100001010100FE0500FFFE000107FD01FD0037
:10A32000000101FDFD01FDFF0805010001FF02FC28
:10A33000FCFD0504FF0001FCFF000000FF04FF001E
:10A34000FB0204F800FA0004000000000000000016
:10A35000FEFDFDFDFFFFFEFE010002FF00FD00FF10
:10A36000FF02FFFEFEFEFF01FF00FF00FD03FC01F8
:10A37000FAFBFCFBF8FDF9FEFAFE03FCFFFE01020E
:10A38000FBFF01FCFF00FF00FE0000FD02FFFE00DE
:10A3900000FFFE000100FFFF02FF0101FEFB0303BF
:10A3A000FCFBFCFD0900010701FD03040000FEFDAC
:10A3B00000FE000001000000FF0000FFFE0600F9A3
:10A3C00006090306FF03040002FDFE02FBFBFEF983
:10A3D000FBFEFF00FFFE040503000202FF02FD0278
:10A3E000F8FE0400FBFBFC00010107030800FF016D
:10A3F0000204FF0502F9FE01FAFE00FEFEFCFD0468
:10A4000003FEF803000000FF00000000FF00FF0053
:10A41000FB0302F901FE03FEFAFF04FB06FEFE0346
:10A42000FE06FC020502FDFC01010201FFFAFBF938
:10A43000FDF7FC00FE01FBF8FF000400FF00FE003A
:10A44000FE000000FEFEFEFEFEFEFEFE050107FE13
:10A45000FC02070000000001FE00FF00000001FEFA
:10A46000FF0000000200000006F70000FDFBFBFEFD
:10A4700000FF0202FE00FFFFF9F8FD0105F5F803F9
:10A48000FDFDFDFC01FFFEFFFE00FF0101FFFFFFE0
:10A49000FFFF0000FCFCFCFCFDFDFCFCFDFA00FDE8
:10A4A000FCF8FCFE05FEFF01FFFF00FD000000FDC3
:10A4B00000FD01FEFFFDFDFBFCF7F9030605FF01B2
:10A4C00008FF0103FD010602FF0503FEFAFC01027D
:10A4D000FEFFFFFFF906FDFC00FD09FEFE0104FA88
:10A4E000FF05FB04000100FC000001000004000067
:10A4F00000FEFDFA00FEFC00F505FDFAF9F900FF8B
:10A50000FF00FFFB00020500F9FBF6FD01FDF9FA73
:10A51000FD0403FFFF04FF00FBFCFEFFFD0303003F
:10A5200000FE0102000301FEFA01FDF9FCFFFEFE40
:10A53000FDF8FAFB070503FFFEFAFFFDFCFBFEF743
:10A54000020100FEFF00FF00FDFFFFFFFE00FE0115
:10A55000FF0003FFFDFEFF03FEFBFFFE05FEFC0008
:10A56000040105FCFBFDF8FDFBFCFBFCFFFE00FF0E
:10A57000FEFF00FE030003FEFCFFFCFC030304FAE5
:10A580000401FF04FD0207060100FE0203FBFDFCBF
:10A59000F8FBF5FDFF00F6FAFEFFFDFF05FD02FCEE
:10A5A000FD01FD00FC00FF01FB00FFFDFE0405FFB7
:10A5B00002FE0002FFFAFBFEFCFBFCFE0504FEFBB4
:10A5C00000000403FFFF06050002FCFDFAFFFBFB91
:10A5D00000000003FF0000050001FDFB02FDFEFB83
:10A5E000FF0100FDFFFF0001FBFF00FEFB00FFFE7F
:10A5F000F9FEFC01FAFAFFFAFD01FDFF00FAFF0780
:10A600000005FDFEFEFEFB02FEFD02FF0000020053
:10A610000000000004000000FBFE020004FCFC033C
:10A6200000FEFFFBF6FE0501FCFAFA02FDFF00FF4B
:10A630000000FAFF000000000500000000FFFC061B
:10A64000F301FFFD00FC0000FEFFFCFEF6F3F7FD4A
:10A6500003FDFBF9FEFF0404FCFBFCFDFBFCFCFF1F
:10A66000FFF601FA0100FE0104FF01060003FDFCF4
:10A67000FBFCFEFDFB0401FA03FF06FF04FEFB07E3
:10A68000FB0602F9FDFD02FAFCF900FE0000FEFEE9
:10A6900001FF000400FFFDFF00F8F9FD0002F2FADF
:10A6A00002FFFFFFFB01FCF90303FF0103FE03FEB2
:10A6B000F9FFFAFB01FBFCFAFBFFFDFD0B03FF02B8
:10A6C000FAF7FEFDFDFE03F80003000101FB01FCAB
:10A6D000FE01FBFD010102FAFD030506FB02F80481
:10A6E000FC0000FD00FF03FE01FF00FFFE0000FD77
:10A6F000FC0003FEFFFCFD01000000000000000064
:10A700000000000000000000000000000000000049
:10A710000000000000000000000000000000000039
:10A720000000000000000000000000000000000029
:10A730000000000000000000000000000000000019
:10A740000000000000000000000000000000000009
:10A7500000000000000000000000000000000000F9
:10A7600000000000000000000000000000000000E9
:10A7700000000000000000000000000000000000D9
:10A78000000000000000000003FB0001FCFB0304CC
:10A79000000400030201FF02FE06010201020301A0
:10A7A00001FF00FF020201FF00020000FE000100A5
:10A7B0000203FEFD0303010101010304FF02FE0089
:10A7C0000006FF0203010300FB0100020000040178
:10A7D000050402030103000103000205FF02030355
:10A7E0000101FF03040502020200FE02FE01020253
:10A7F00000FE0005FFFC02FEFF01FD04060105034B
:10A80000FD00000000000502000000000003010040
:10A8100080025B5022000000FD0001FF0003FFFEEC
:10A82000FC02FE0002FEFF000101FFFEFFFE02002F
:10A8300003080000030504000201FDFE04FC000003
:10A84000F60202F803020101FE0305FCFD01FE0011
:10A85000010102FF02FCFEFD0205020002FEFF05EF
:10A860000301FC0602F8FC02020301FD01FFFF03E5
:10A870000304FF01FBFDFDFE000205FFFEF802FFE1
:10A88000FD02FFFB0400FE03FBFAFF01FEFFFCFEDE
:10A89000FE00010A000000030000000000FC0100AF
:10A8A000C0025B5034000000000000000000000007
:10A8B0000000000000000000000000000000000098
:10A8C0000000000000000000000000000000000088
:10A8D0000000000000000000000000000000000078
:10A8E0000000000000000000000000000000000068
:10A8F000FA00000004FD00040307FFFFFEFFFEFE58
:10A90000040202FE00FE030006020204030301FC2F
:10A91000040003FF02FFFD00FF01FF0202FEFE0034
:10A920000300FF010301FCFD0000060100FF02FF20
:10A93000040002FF020300030001FE00FF02010405
:10A940000302FD0300FF020303FF0203FE000302F4
:10A95000FE000002010202000000FD01FD000402F1
:10A96000000200FF020101010700000600000303CE
:10A970000000000000FDFC0020035B5022000000EE
:10A98000FF00FF010202FF03FCFFFFFE02FF0003C6
:10A9900002FE00FB0001FF0204000102040203FCAE
:10A9A000010100FF03FD0200FEFF04FB00FF0304A2
:10A9B000FE00FFFEFF03FD02FC030402FFFFFE009A
:10A9C000F9FF01FEFF02020200FDFEFEFE00000094
:10A9D000FF02FF0004020203FE0301020200000066
:10A9E000FF0202FE0101FF01000200FD0302FF0061
:10A9F000010003FFFD0202FE00FDFF000000010157
:10AA0000000000000002000060035B503400000002
:10AA10000000000000000000000000000000000036
:10AA20000000000000000000000000000000000026
:10AA30000000000000000000000000000000000016
:10AA40000000000000000000000000000000000006
:10AA500000000000000000000300FCFD0301FB01FA
:10AA6000FFFCFE000100010201F8FF01FC010100F2
:10AA7000FC04FF01FDFDFE030402F7F8020102FBE6
:10AA8000FAF9FCFB0003FC0000FE000000FCFDFDE9
:10AA9000FFFCFD02FCFA01FDFE02000001FC0201C8
:10AAA0000200FBFD03FCFE02FDFBFEFCFA000003BE
:10AAB000FBFCFD00FFFFFDFEFD00FE04FF00FAFEB3
:10AAC000F9FAFD0001000501FFFFF8010000000197
:10AAD000030202FE000005FF000000000001FF006D
:10AAE000C0035B502200000000000203FDFE00FBDB
:10AAF00000FD0201030401FFFC02FF050300FB014E
:10AB0000FE00FFFE01FCFCFC01FEFD04FF0503F856
:10AB100001FC010002FE0201FCFEFB030102FDFD3F
:10AB200000FEFEFF0006020001FE00FF010200FD24
:10AB3000FC0306FCFEFEFFFA0407FFFDFEFF020316
:10AB40000206FCF9FF05010301FDFEFF00FEFC000B
:10AB50000401020007FF01FD06FDFF02FF090A05CF
:10AB6000FFFE00FE0000FF010000000000050200E3
:10AB700000045B50050000000CFCF501F40403F830
:10AB8000000000080000000000000A0000405B50C8
:10AB90006601000006FE01FD00FF0206FAFFFFFD50
:10ABA000FFFA0200FF0205FBFDFD03FEFB0300FFB1
:10ABB000FD00FEFB03FDFCFC02F904FF0402FEFFA6
:10ABC000FE00FC060002FFFDFE0001FEFF01FFFD8E
:10ABD000FE010301FEFEFF02000001020402030069
:10ABE000FF050001040200FCFF04FDFD02FB04015F
:10ABF000FF02FF03FF000200FDFEFB04FAF902F56D
:10AC0000FF0300F5FD00030302020101FF0203FF41
:10AC100005FEFF05FE040400000202030000000020
:10AC2000FF000000000000FF00000000FAFF01002C
:10AC300001F9FB0001FD00FD0101FE0102FEFE0025
:10AC4000FE0102020901FB0301FBFE00FD04FE0000
:10AC500001FEFF0100000000FF02FFFF030601FCF0
:10AC6000FFFE01FF00FF000000000000FDFDFCFDF5
:10AC7000FEFEFCFCFF01FEFEFE0200FEFF01FF00E7
:10AC800000FF0202FFFF0100FE00FB06FE0100FFC5
:10AC9000FEFBFAFDFAFEFDFDFCFC0300FA02FCFFE0
:10ACA000FE01FE020102FEFE02FF0000FCFCFD01AF
:10ACB00001FEFF0200FC0100FDFFFCFCFD0201FCA7
:10ACC0000101FE03FE02FF05FF0200FE0002020179
:10ACD0000000000000000000FAFB00FB05FF02FE80
:10ACE0000103030207020206FE01FE010000FAFE54
:10ACF0000000FD0300FEFD0001FE01FDFAFEFF0164
:10AD0000FAF2FBF90504FF01000202FC0007050549
:10AD100000050306FBFFFCFCF8FCF7F6F6F8F6F876
:10AD2000FF010001010000FF00FBFAFEFD03FAFC39
:10AD300002FF03FCFD0003FCFEFE01000400010015
:10AD40000202FEFD01F5FA03F6F8F7FAFAFCFCFD43
:10AD5000FCF9FCFAFC0001FBFD0002FCFDFFFD011B
:10AD6000FFFEFEFEFEFEFEFEFEFF030402030001E8
:10AD700000000000FF0000000000000000000000D4
:10AD8000FA000000FBFBF4FEFAF8FAF6FDFE010003
:10AD9000FE010202F6FBFAFEFDFCFEFB0302FAFDD9
:10ADA000000302FFFFFEFFFD000100FF00000001A5
:10ADB000FCFBFCFCFCFDFBFCF7FEFAFCFDF9FEF9DC
:10ADC00001F9FAFBFEFFFC01FC0102FD01FDFBFEA7
:10ADD000FCFDFEFA0202FE0203010000030201FE76
:10ADE000FFFCFF020200FE02FF03FFFD00FEFD0369
:10ADF000000000000000000001030400FCFEFE0053
:10AE0000000000FF00000000FE03000004FE00FF41
:10AE1000050302020600FD03FD0404FEFDFB020221
:10AE2000FDFFFF00FF0100040001FD0005FEFDFF26
:10AE3000FEFE06FE0001010402FE04FD02FDFFFD10
:10AE400002FEFC01FDFF0102FFFDFC040005FF0303
:10AE500001FCFDFDFD03030200FF010200000000F4
:10AE60000000000000FFFFFFFF0000FFFEFEFD00EE
:10AE70000200FD01FF00020201FDFDFD01FEFD02D9
:10AE80000203FC0000FF0302FF00000000000000BE
:10AE90000102FE000200FF0002FEFFFF01FEFFFEB6
:10AEA000FD03FCFF01FEFF00FF00FFFD00FD02FCB3
:10AEB000FD05FDFD03FC0300000002FFFFFF000392
:10AEC000FF010101FE0100010002FF03FFFCFC0085
:10AED000FDFDFD0002FE01FFFD020400FFFE020376
:10AEE000FE02FC0100FE0204FAFF00030103FF0161
:10AEF00004FD00060202FFFC02FB00FFFF01FF0150
:10AF0000010001FF0102000001020201FD00FD003D
:10AF100003040403FD050200FCFAFC02FC03FF012C
:10AF2000000000FD01FF0100000000FE0000000025
:10AF3000FE000000FEFEFBFD0201FD01FD00FDFE26
:10AF400000FF0000FDFE00FFFD02FEFC000000FE11
:10AF5000000000000000000005FCFFFC0002FD01F5
:10AF6000FD010101FF01FD02000000FD00000000E5
:10AF7000FFFF00000000000102000000FFFEFF00D4
:10AF800000FFFF01FEFC010301FE02020105FFFDBF
:10AF900000FD01FEFEFE040003010301020103FDAA
:10AFA0000403030303FF0403FC0102000303FDFD8C
:10AFB0000303FF0102FF050202FEFF010403FE027C
:10AFC000FF00FE0001FFFE01FEFE02FE020200FE87
:10AFD00003FE000302000101010303FE0201FCFD68
:10AFE00002FF00FFFF01FEFF00FEFD01FFFDFD026D
:10AFF000FE00FDFCFEFFFF01FE000102000001005B
:10B000000000FE0200000000FF0000000101FFFF41
:10B010000200FF000000000000000000000000002F
:10B020000000000000000000000000000000000020
:10B030000000000000000000000000000000000010
:10B040000000000000000000000000000000000000
:10B0500000000000000000000000000000000000F0
:10B0600000000000000000000000000000000000E0
:10B0700000000000000000000000000000000000D0
:10B0800000000000000000000000000000000000C0
:10B0900000000000000000000000000000000000B0
:10B0A00000000000FDF800F200F90001FBFB03F9CD
:10B0B000FDFFFEFC0101FE00FAFFFAFFFDF8FDFBBB
:10B0C000FC01FDFEFA01FDFBF9FEFE0304FEF7F9AB
:10B0D000FEFDFE01FCFDFCFD00FEFEF8FC03FCF99C
:10B0E000F90300FFFFFEFFFFFF00FEFDFFFCFEFF78
:10B0F00004F7FFFFFF01F9FD0005FBFAFE00F8FA77
:10B10000FF00FCFEFEFBFBFDFE00FDFEFEF8FCFE6C
:10B11000FCFDFD0003FD0000010103010101FBFB3B
:10B120000000FD010000000000FFFF0080425B50B6
:10B1300022000000FFFFF803010206FD01FD01FBF4
:10B14000FE00FEFE01FE050001030102FFF904FD01
:10B1500002000504FEFE01FEFE010300040301FEE1
:10B16000FF07FCFAFF050704FF000002FF020203CD
:10B1700001FE0200060104FFFEFDFFFF00FB0100CF
:10B180000102FEFD01FF03FE0500020005FFFFFFB7
:10B19000FFFC02FA03FF0300F806FFFBFCFBFD02C5
:10B1A00002FD0201FF04F900FFFFF9FC020402FCAA
:10B1B000000001020000000000FDFE00C0425B50E4
:10B1C000340000000000000000000000000000004B
:10B1D000000000000000000000000000000000006F
:10B1E000000000000000000000000000000000005F
:10B1F000000000000000000000000000000000004F
:10B2000000000000000000000000000006FEFE003C
:10B21000000100FFFCF5FE0501FE00FDF8FDFA004F
:10B2200001FC03FDFAFA00FAFA0000FDFEFDF8FF4A
:10B23000FFFEFD00F9FDFF0000F7FE0100FDFFFB32
:10B24000FFFCFBFDFFFBFEFEFCFB00F9FCFD03FF2A
:10B25000FBF9FBFEFFFCFE03FDFAFBFBFDFEFEFC23
:10B26000FCFEFDFAFEFBFEFD030001FEFB0100FEFD
:10B27000FFF9FB00FBFFFDFDFAFFFAFFFFFEFEFFFB
:10B28000FFFCFD02FB01FEFF0000FBF800000000D8
:10B2900000FA050020435B50220000000102FD017E
:10B2A000FE00FB010200FFFCF7010003020101FEAA
:10B2B00003FE03FF01FE0000FFFE01F9070003008B
:10B2C000FD01FEFEFB00FB000000000104FEFE008D
:10B2D000040100FFFEFF010200FD02FFFCFF01FD73
:10B2E000FB04FA0206020201FF03FC02FDFC00025D
:10B2F00001010101030200FDFE000401FEFC01004A
:10B30000FFFBFEFF0700040003010302FE00010033
:10B3100002020002FEFEFB01000000FE0000000031
:10B320000001020060435B50340000000000000098
:10B33000000000000000000000000000000000000D
:10B3400000000000000000000000000000000000FD
:10B3500000000000000000000000000000000000ED
:10B3600000000000000000000000000000000000DD
:10B3700000000000FD0101020001FFFF01FDFCFDD6
:10B38000FFFFFFFEFF000301FCFBFDFCFEFDFF01D4
:10B39000FE0301FDFF0003FFFCFDFE06FF0603FEAA
:10B3A000FB0202F9FDFAFFFE010202FE01FE04FFAC
:10B3B000FE06FCFF0001FFFFFF030400FEFF040286
:10B3C000FD0801FBFF08000101FFFDFA0602FF0175
:10B3D000020303FFFE0102FF03010505030402FB54
:10B3E000FEFEFB00FFFD01FDF8FBFFFBFAFBFAFE92
:10B3F0000000F9FE0000000000FEFD00C0435B50AD
:10B40000220000000000FC0301FE00FA030202011A
:10B41000030002FDFC000407FCFC00FE00FEFDFC36
:10B42000FEFC01FA00000001FB07FEFE0105FFFD26
:10B430000303FCFB0400FE010004FF0200FAFEFC13
:10B44000FF01FFFF00FC010101FE01030002FF01FB
:10B45000FE0300FFFE05FEFDFDFC02050503FBFEED
:10B460000304FCFE04FE02FEFEFDFC010201FE04DC
:10B47000FFFF0203010203050404FE03030300FFB0
:10B4800000000009000000000006FE0000445B50C0
:10B4900005000000F6FC14F60603F30C000000079C
:10B4A000000000000000F40000805B506601000016
:10B4B000FEF9FA02FCFCFFFE040202FCFBFCFBFDB1
:10B4C000FC04FDFFFCF705FD01FBFB040305030283
:10B4D000FB0104FB04FEFF0101FFFDFD01FDFEFC7D
:10B4E0000101FD00F9F803FEF9FEFFFC01F8FD0083
:10B4F00000FF000100000000FF00FBFE0001FEFC59
:10B50000FD000702FD00FD01FF00FB04FEFFFF0040
:10B51000FC00FF01FD0004FB04FC02FFFE0400FC34
:10B52000FCFFFC00FDFE01FF01FF020100FE010225
:10B53000F90103F900FEFAFA01FF01FFFF01FF0123
:10B54000000000000000000001FCFB00FDFFFFFC0C
:10B55000FA020403FF01FB00FFFCFC00FB01FEFFFD
:10B56000FEFFFFFAFBFAFBFA03FB01FDFE0000F908
:10B5700000000000FEF9010101FFFEFC0001FEFEDB
:10B58000FF000000FFFF0001FFFEFEFE0000FEFFC7
:10B59000FE0101FF02FE02FE00FF000100FF00FFAE
:10B5A00003FF0001FE04FBFDF9FEFCFD010302FAAE
:10B5B00004040305FF020104010200FFFEFEFBFE7E
:10B5C000FF02FF020002FEFD00000100000001FF7B
:10B5D000FE00FDFF00FF02FF01FD04FFFC0502F974
:10B5E000FF00FCFCFFFFFE0300FD0002000100FE67
:10B5F000FEFFFE00FB02FFFB020201FEFAFF01FC60
:10B60000FFFB020102F9FC0402FFFF0103FA000440
:10B610000200030002FE010301FA04020500FA021F
:10B62000FA00FD0005F8FF020305FBFCFE0307FE20
:10B63000FEFF00FB04FE04000203FE040000000005
:10B640000000000004050000000002FCFF040002EE
:10B6500000FEFF01FEFFFDFE0201FD02FDFC04FEF7
:10B66000FE06050500FA05FC03FBFCFE010601FED3
:10B6700000FF010600000000FF000000FF00FEFECA
:10B68000FFFFFFFEFF03FE07020301010000FFFAB8
:10B69000FCFF00FFFF00FFFF000000000100FF00B3
:10B6A000FF05FF04030007010002000002FE000185
:10B6B000F5F6FD02060203FD01FE04FFFD01FFFF9A
:10B6C00001FCFEFFFF0002FF000000FFFCFCFCFC91
:10B6D000FDFCFDFCFAFBFFFE00FF00FEFDFBFF0191
:10B6E000FE030200FFFB02FF0000FDFF010203FC5E
:10B6F0000001FD030302000001000004000000003F
:10B700000000000000000000000000000000000039
:10B7100000000000FF010000010100000000000027
:10B720000000000003FD0000FE0204010002FE0212
:10B73000000000000000000002FDFF00FE0200010A
:10B740000101030202FDFD030000FFFD00000000F7
:10B75000000000000000000000000000FEFEFE02ED
:10B76000FE000100000000030000000003FF0000D5
:10B770000301030100FF00FE0000000000000000C4
:10B78000000100FFFF00FF0000FFFD01010100FEBE
:10B79000FEFDFE00FCFC02FD00FD01FD03FFFF02BB
:10B7A000FF0102020000000000000000FEFE010098
:10B7B000FF01FF00000001FE00000000000000008B
:10B7C00002FFFF03FEFCFEFF02FF01FF010200FF7C
:10B7D00002FF00FF01FE010000FFFC0200FEFF016E
:10B7E00000FE000000000000000000000001FEFF5D
:10B7F000FFFF02FDFF0002000204020002FE01FE44
:10B800000301FE0300FEFF00000000000000000036
:10B81000000000000000000001FF00FF01FEFFFF2C
:10B82000FFFEFE0101FF0000FFFDFFFF00FF000122
:10B83000FF010101FEFEFD000200020400010104FF
:10B84000FF0102FE0000FF020000000001000000F6
:10B8500003FF0203FF0102FE010001FF01020000DD
:10B8600000000000000000000000000000000000D8
:10B870000000000000000000FF00000100000000C8
:10B8800001010000000000000000000000000000B6
:10B8900000000000000000000000000000000000A8
:10B8A00001FE01FEFE00FF0000000002000000009B
:10B8B0000101000000FF03FE01FD0005020000027F
:10B8C0000203FEFEFFFF02FF010003010000000172
:10B8D00000000000FF0300000102FFFF00FF00FF67
:10B8E000FE01FFFEFEFFFE0100FF00FE00FF000163
:10B8F0000304FF00FF03FDFFFE01FF04FD0202023F
:10B90000FE0002000000FE010302FEFF0101000133
:10B91000FF00FE00010100FE00FEFF010000FF012C
:10B92000000000000100000002FF0100FE02000113
:10B930000000000000000000000000000000000007
:10B9400000000000000000000000000000000000F7
:10B9500000000000000000000000000000000000E7
:10B9600000000000000000000000000000000000D7
:10B9700000000000000000000000000000000000C7
:10B9800000000000000000000000000000000000B7
:10B9900000000000000000000000000000000000A7
:10B9A0000000000000000000000000000000000097
:10B9B0000000000000000000000000000000000087
:10B9C00001FDF7040003FC00FDFEFC00FB00FCFF92
:10B9D000FFFDFEFBFE0003F8FB02F9FDFCFDFC028F
:10B9E000FEFDF5FD00FD01FEFEFE00FFFDFEFF0079
:10B9F000FDFEFCFFFEFA0101FEF8FEFEFDFDFA0170
:10BA000001FAFDF8F5FD00FFFEFB0101FD0101FE5D
:10BA1000FE02FC04FFFDFAFEF9FFFB01FBFC000047
:10BA2000FAFC020002FEFFFDFDFFFE00FDFEF9FA3A
:10BA3000FCFC00F801FBFE05FFFFFC000000FD011F
:10BA4000000000000002FC0080825B502200000029
:10BA5000000000FFFFFF0302FF0100FFFEFFFF00E9
:10BA6000010000FE020000FD01FE0100FF020000D7
:10BA7000000102FF0500030002FF0100FB00FD00C2
:10BA800001FE02000201FFFF010100FF0001FF00B3
:10BA9000FBFEFF00FA03030100FEFEFFFF01FE02B2
:10BAA000FDFF0000FE02FDFEFEFEFEFFFF000000A7
:10BAB000FF010102FF0004000001FAFFFFFE000089
:10BAC000FD0000010101FF0202010501000002FF6B
:10BAD0000000000000000500C0825B503400000040
:10BAE0000000000000000000000000000000000056
:10BAF0000000000000000000000000000000000046
:10BB00000000000000000000000000000000000035
:10BB10000000000000000000000000000000000025
:10BB20000000000000000000FB0002FEFDFD01001F
:10BB3000FBFF000103FBFE03FB010000FE01FCFA1A
:10BB4000FBFC05FEFC00FE01FFFD00FDFBFC01010E
:10BB5000FCFF0701000002FC03FFFCFF04FE05FFE1
:10BB6000FD04000307FE06FC0301FB01FFFF00FBD1
:10BB700000FF06020A01FF03FD00020404FD05FDAB
:10BB800001010007FD06FE01FF0402FF02FD0102A4
:10BB900001FFFEFFFD030102FCFB06FAFC03FCFDB6
:10BBA000FF01FB00000002FE000000000005F6009F
:10BBB00020835B5022000000FB00FF00F9FE00FE26
:10BBC000FEFC00FE05FFFEFF00020201FBFEFA057F
:10BBD000FB010201FFFEFE00F8FCFF020008070166
:10BBE000FF00030106FD00000101FC01FDFEFE0453
:10BBF0000203FDFF000003FF0002FDFB0101F9024B
:10BC0000FF01FFFC0000010102020103FB0204FF2F
:10BC10000002FBFA02FD03FE00010100FDFEFBFF36
:10BC2000090403FC0301FDFF0603060003000205EF
:10BC3000040201020000FDFE0000000000010000FF
:10BC400060835B5034000000000000000000000032
:10BC500000000000000000000000000000000000E4
:10BC600000000000000000000000000000000000D4
:10BC700000000000000000000000000000000000C4
:10BC800000000000000000000000000000000000B4
:10BC90000206FAFF00030500FAFDFAFAFDFBFDFDBE
:10BCA00000FEFEFE00FE01F901FB01FC02000100A6
:10BCB000FFFB00FFFA0300FDFCFB04FD00FFFCFBA3
:10BCC000FFFC01FEFE0300FCFBFE00FAFCF907008E
:10BCD00001FE0100F70102FC00FDFEFFFEFFFF0276
:10BCE000FE05F90202F90006FE00FAFFFE03FAFF64
:10BCF00004FEFE03FAFB00FDFBFAFBFEFFFD06FB64
:10BD0000FCFC0207FAFEFCFE0402FAFB000001FD47
:10BD10000000000000FEF700C0835B50220000001E
:10BD20000301FE02FD05020402050400FEFE0204FA
:10BD3000FFFCFFFD0405F9F700FC00050201FCFF14
:10BD4000FE0501FEFEFD010203FEFA0305000100EF
:10BD500000FFFDFFFF01FF03FE03FE00FF03FBFDED
:10BD60000400FFFCFEFF0106FAFB03FA020206FDD7
:10BD7000FEFCFBFCFC0603FFFEFDF8FC00FCFDFEE8
:10BD80000500F8020200FC05FDFF02FCFEFF0000BA
:10BD90000506030200F9030202FF04060000FF008B
:10BDA000000000000003020000845B50050000005A
:10BDB000F4FB01FCFBF7F61300000000000000009C
:10BDC0000000140000C05B5066010000FAFEFCFA9F
:10BDD000FAF7FDF906FFFEF90303040503FCFC0670
:10BDE0000300FE0100FFF8010200FF0100FF010057
:10BDF00001FEFBFC010203FD000000020000000048
:10BE0000030C000002010A00000402FD0000000013
:10BE10000000000002FE010000FEFCFCFDFBFAFD3C
:10BE200007FDFD030000FE0600000000FF0000000B
:10BE3000FCFBF6FBFCFDFAFBFEFAFC0502FFFDFF36
:10BE4000000000FB0000000000030000FEFCFF01FA
:10BE500000FEF4F9000000000000000000000000F7
:10BE6000000000000303FE00FFFCFE0002FE01FED6
:10BE7000FEFDFFFE0604F901FD02FD06FCFCFEF6D8
:10BE8000FF03FFFBFC0104FE000000FF00000000B8
:10BE9000FC010000FCFE02FB00FDFE0000000000B3
:10BEA000000000000000FF00000001000000000092
:10BEB000000000000000000000000000FE00000084
:10BEC000FBFCFDFBF6FAF8FC03010302FEFDFD019D
:10BED000000001FE00000001000000000000000062
:10BEE00000000000000000000000000000FFFF0153
:10BEF000000000000A020200F3FBF9010000F6F85E
:10BF00000000000000000000000000000000000031
:10BF100001FDFF0602FFFD010300FDFEFE0201FE22
:10BF200001FE00FEFE0200FE00FFFD00000000001A
:10BF300000000000FD0600FA08030505FBFD0604ED
:10BF400009FA0306FB01F804FCFD03F703010202F2
:10BF50000004FE030000FD000000000000000000DF
:10BF6000FD01FE00FFFFFFFFFDFAFF00FFFEFE01E7
:10BF7000FCFFFFFC0401FD01FE0206FEFBF8F8FFDA
:10BF800001FAF9FA0701FEFFFF0505050000FC06AE
:10BF900000000000000000000000000000000000A1
:10BFA000FEFAFFFE0506FDFD000000000000000097
:10BFB0000000000000000000020000000AFD090768
:10BFC0000C03FF0B000000000000000000FEFF005B
:10BFD000FBFEFDFD0000FEFD00000000FF00000074
:10BFE00000FF000000000000FF00FFFD0100000056
:10BFF00002010300FE01FF030000FEFDFF0100003F
:10C0000000FE00010000000000000000FC01020032
:10C010000103FFFDFEFCFDFE010100FD0304FEFE29
:10C0200000FE040500FF0203FF0101FF010101FF03
:10C0300002FF02FEFF00FEFF000000FD0000000006
:10C0400001FD0000FC0003FC0001020202000202EC
:10C05000FEFFFEFE0103FD04FF010104FDFF0204DB
:10C060000100FCFF0200FCFD03FEFD0000040000D7
:10C07000FFFF000000000100FF01FFFEFE0102FDC6
:10C0800002FD010201FD0300FCFDFCFD01FF0301B7
:10C0900000FF020200FF0000FFFEFE00FF0000FFA5
:10C0A0000001FF00FFFE02FFFDFF01FF000200FC98
:10C0B0000000FE0400030100040403FE00FD02FE74
:10C0C000FEFE0000010101FEFDFC02FE01FF020375
:10C0D0000103FE0100FBFF03FFFC02FBFDFF01FB70
:10C0E000FC01FE00FCFD000100FE0004FC02010159
:10C0F000FC02FD000000010301FEFE01FE0000FF46
:10C100000303020305FE010002FDFF020100FD0121
:10C1100002FD00FE03FDFDFCFF00FDFDFF0002012E
:10C12000030301FF04FF0303FD0204FDFE03FD0002
:10C13000FE020302FF00FFFDFEFF010202FF01FFFE
:10C140000000FEFF03FF00FF0003FB00FFFBFEFCFF
:10C15000020303FFFE0303FE0101FEFFFF02FCFCDE
:10C1600000000203000000000500000002040400BB
:10C1700004000304000001FE01FFFE02FFFEFDFFBC
:10C18000040000FD000002030000000000000000A9
:10C19000FDFFFD03FC00FEFD0402040002FF03039B
:10C1A0000000000300000000FEFF000001FF01FE90
:10C1B00000FEFFFE0000000000000000FEFEFFFE8B
:10C1C000030202FF010000FEFE0203FF0101000165
:10C1D00003FFFC020202FC03FF000303030201FD54
:10C1E00002FC0000FCFFFFFCFFFF0202FEFD00FF5F
:10C1F000030301FD03FF01FD0401FF020103040429
:10C20000FF0300FC0002FF01000004000403FEFD28
:10C210000104FDFE01FC010303030100FFFFFE0218
:10C22000FE0100FEFFFF01FCFDFD000202FF00FF1A
:10C23000FEFDFD01FF010203000001FE0000000001
:10C240000300000002020201FEFCFF0100000000EA
:10C2500000000000000000000000000000000000DE
:10C2600000000000000000000000000000000000CE
:10C2700000000000000000000000000000000000BE
:10C2800000000000000000000000000000000000AE
:10C29000000000000000000000000000000000009E
:10C2A000000000000000000000000000000000008E
:10C2B000000000000000000000000000000000007E
:10C2C000000000000000000000000000000000006E
:10C2D000000000000000000000000000FDFEFEFC69
:10C2E0000103FE020101FCFDFEFD040201FFFBFF54
:10C2F000FDFFFAF503FD04FF00FF0403FFFCFF0050
:10C3000000FFFFFFFDFFFC03FFFBFBFEFF04050139
:10C3100002FBFFFF01FF00FF0201FFFFFEFDFDFE2C
:10C32000FAFCFE000000000400FF020000FEFC0119
:10C3300005FAFE00FE00FEFFFCFE00FDF6F9040219
:10C3400001FCFC020300FEFF0200010500FEFA01F1
:10C3500001F9FBFF06FFFDFF0000FEFF00000000EB
:10C360000005000080C25B5022000000FFFC02FFBD
:10C37000FD06FFFD0400FFF9FFFE00FBFCFB0002D1
:10C3800000FDFC05FCFDFDFC0202000301000001B4
:10C3900006FBFAFEF80005FCFD0202F9FE040506A4
:10C3A0000900FE0BFBFE00010300FDFC04FFFDFF86
:10C3B00004F90102FFFD0102FE0400F60000FFFB8C
:10C3C00005FC0003FCFD02030401FDFAFFFD020071
:10C3D000010302FC00FEFD040902FC0BF905FE004E
:10C3E000FC01FDFD00FDFDFE00000201000000005B
:10C3F0000003FE00C0C25B503400000000000000DB
:10C40000000000000000000000000000000000002C
:10C41000000000000000000000000000000000001C
:10C42000000000000000000000000000000000000C
:10C4300000000000000000000000000000000000FC
:10C4400000000000FFFEFFFDFC04FBFC00FDFFFA06
:10C45000FAFCFFFF0001FFFDFB0002FFFEFE0201F0
:10C46000FD000304FDFD01FCFDFE0102FAFDFF00DD
:10C47000FEFEFD00FAFEFFFDFCFEFBFEFEFEFF00E1
:10C4800000FEFCFFFE01FD0004FD0104FAFCFBFEC2
:10C49000FAFE02010306020500FC0001FBFB01FBA2
:10C4A000FBFC0004FFFC01010002F805F90000FF9D
:10C4B000FEFDFBFEFF0004FEFD0802FEFBF8FB0292
:10C4C000000004FF000000000002FB0020C35B50DE
:10C4D00022000000FC05000200FF02040002FFFE33
:10C4E0000200010501FE00F7000300FD0202FE024A
:10C4F0000102FEFC000801FB0200FF0002F8FEFB47
:10C50000FEFF000301FA01FEFEFD0000FE0400FF35
:10C51000000000FF00040302FFFB0504FC00FE0016
:10C5200002FDFF02FFFA01FEFD0304FD01FFFD0411
:10C53000FF0402FF01030004FFFCFF07020302FFE8
:10C54000FE0301FEFEFF000101FAFF01FEFE0009ED
:10C550000000FF000000000000FF010060C35B500E
:10C560003400000000000000000000000000000097
:10C5700000000000000000000000000000000000BB
:10C5800000000000000000000000000000000000AB
:10C59000000000000000000000000000000000009B
:10C5A000000000000000000000000000FEFEFCFE95
:10C5B0000102FF0002FDFDFF0000FC02FFFC02FF84
:10C5C000FEFEFF000002020302FDFF030501FC0561
:10C5D000FE0006FBFDFD03FFFCFFFD0200FEFDFF6C
:10C5E000FFFEFE02FAFFFC04FFFC000101FF00FF5A
:10C5F000FEFC04FDFCF9F9FF00FCFBFF02F800FD66
:10C60000F9FFFE00FEFDFFFE0202F9FE03FEFB0144
:10C61000FB02FDF8FDFA00FE0000FE01F8FFFF003E
:10C6200002FFFE00020008000000060100000000FA
:10C630000001FF00C0C35B50220000000503FFFCA7
:10C640000202F805010405FEFBFFFFFFFCFFFD00F1
:10C650000000FDFCFEFFFF00FC000601010003FCE2
:10C66000FCFE03FC00FBFDFEFC01FC0101FE0101E0
:10C67000FFFE02FFFC04FE04FF00FFFF04000100B8
:10C68000FDFD0102020201FDF9FDFFFEFFFB01FDC0
:10C69000FD0302FF0206FEFC010002FF08FD070188
:10C6A00005FC0201060502F8FFF804F901FF01008C
:10C6B00002FDFF0402FFFAFD000003FB0000000082
:10C6C0000000090000C45B50050000000F07EC0BE0
:10C6D000F6FFFC01000000FE000000000000FA0070
:10C6E00000009850660100000201FDFE00010102F9
:10C6F000FAFEFA04000100FAFE0106000302FE0041
:10C700000300FF0000FE01FE00FE0201FEFFFBFE33
:10C7100001FDFF01000100FC03FEFFFEFDFB010225
:10C72000FFF9FA010003FDF6000000000000000020
:10C73000F901FAF805F90400F7FAFA06FEFEF8FC2A
:10C74000FEFD0200FDFFFDFD0402010002FDF4FB01
:10C75000F7FC02F5FFF300FBFCFCF7F80101010414
:10C760000001FBFDFCFB00FEFD0102FE00FDFEFAE8
:10C7700000000000000000000000000000000000B9
:10C78000FD010000050204FEFEFDF9FEFE00FBFFB8
:10C79000FAFC03000403FFFBFD020205010604008E
:10C7A00002FC0000FF000102010101FFFE04FFFF87
:10C7B0000401FE000001FEFE000000000000000079
:10C7C00000FF0101FFFEFFFFFF0001FF010000006D
:10C7D000FF00FF01000000FFFDFF0000FC00FF0163
:10C7E00005FF03FD02FC0100FE01FEFFFE0002F951
:10C7F00001FEFEFDFF00FCFE0001FEFFFB00FEFD52
:10C8000002FE0001FEFDFF030001FFFC0000FDFF32
:10C810000FFFFD01000401FB0000FD030000FF000D
:10C8200000000000000000000000000004000402FE
:10C8300001FCFFFFFEFCFF010100FEFF0201FEFD07
:10C8400000FA01F900FDFC000000000000000000FB
:10C85000EDF6F1EFFBF7FDF500FAF6FFFD01FBF950
:10C86000FEF300FBFFFDFCFEFA040400F6FBFBF800
:10C87000010102F9FF01FEFF02FDFF00F7FBF7FFD8
:10C8800001F8FAFF0300FFFCFFFE0000FDFFFF03BD
:10C89000FFF90203FDFCF8FFFEF7F5FEF904F5FAD7
:10C8A000010105FE0700000103FDFFFCFCFD020382
:10C8B000FDFDFD03FEFEFEFDFFFFFFFF0103FEFB8E
:10C8C000FB04FDFF000000F9000000000000000074
:10C8D00000000000FB000000F9F0FAF600F9F9FE94
:10C8E0000000000000010001FE0001FF000705FD3F
:10C8F00000000203FE01FD00FF0300010000FF0035
:10C9000000000100FFFFFFFFFFFF00FFFE02040029
:10C91000010200FBFB0502FDFEFEFDF9FBFBFB0136
:10C9200000FE00FF010200020302FC01FFFE030300
:10C93000FDFFFDFF0100FCFDFDFDFFFFFD02FCFE14
:10C9400001FE02FB0101FFFFFE0000FF04FEFD02ED
:10C9500002010104FF0000010000FF0003FF0000CE
:10C96000FDFD01FE040204040202FEFC00FBFEFBCE
:10C97000FE04FFFDFC0301FFFE01FD0201FFFE00BE
:10C98000FFFE0100FD01FCFF00FF000104FDFEFDB4
:10C99000FD04010102030104FB02FAFE03FE05008F
:10C9A000030104FEFD02FD0201FE000200FD000283
:10C9B0000100000000FF00FF00FF0000000000FF7A
:10C9C000000201FFFFFEFD000201FDFDFB0300FD73
:10C9D000000301FE04FD030302020303FF01FFFF46
:10C9E00000FF0001FEFE0200010100FF020101FD47
:10C9F00001010202000402FDFC0202FCFE03FC0233
:10CA000002FC00FE0201040402FD03030100FDFD1F
:10CA1000FF00FFFD00FE00FFFDFEFEFFFDFE04FF28
:10CA20000203030501FE000100FEFF000401FD01F9
:10CA3000FF01FC00FEFF00FDFC02020306FEFDFDFF
:10CA40000103FB0104FE02FFFF02FEFFFE0203FDE5
:10CA500001FF00000001000100FF000000000000D5
:10CA6000FD00FF01FD01FC00FCFD01FB00030200D5
:10CA700000020304FDFFFF0300FF0000000000FEB2
:10CA80000000000001000000FC02FF04FBFDFF00AD
:10CA900000FF00FF00FFFFFF02010300FE02030092
:10CAA000000000FF00000000010000000103FC0482
:10CAB0000002FCFE01FFFF04FE00FD02000000007A
:10CAC00000000000FFFF000000FEFFFFFFFEFF0070
:10CAD00000000000FFFF0200FCFDFDFF0002FD0062
:10CAE0000002FDFDFF010300010204FE000002023E
:10CAF000FDFE000002FD0300FD03FC02020100FF39
:10CB00000102FEFB0304FD02FFFC00FE030103FF24
:10CB100001FCFF01FDFDFD02FFFF010302FDFEFF21
:10CB200002FC040301FEFCFCFF00FDFDFF0300020C
:10CB3000FC01010302030001FC02FDFE000100FDF7
:10CB4000000201FD0001FF00FDFD04FFFDFF0200EA
:10CB500000000000000000FE0000000000000000D7
:10CB600001FFFEFE010001020000000000000000C5
:10CB700000000000000000000000000000000000B5
:10CB800000000000000000000000000000000000A5
:10CB90000000000000000000000000000000000095
:10CBA0000000000000000000000000000000000085
:10CBB0000000000000000000000000000000000075
:10CBC0000000000000000000000000000000000065
:10CBD0000000000000000000000000000000000055
:10CBE0000000000000000000000000000000000045
:10CBF000000000000000000003020405040300031D
:10CC00000103FFFE0003FDFD01FFFEFF0402FF0321
:10CC100000FEFFFF000002FE0003FE0000FDFD021B
:10CC2000000002FF02FF00FA03FDFAFE05FFFFFF0E
:10CC300002FF03FF0501FD0101FEFDFF0100FFFEF4
:10CC4000000100FE07FEFEFF0403FB03FE020004DA
:10CC50000300FFFE03FC0302020207FFFE020000C6
:10CC6000FF0100FFFC0100FDFE04FFFEFEFBFF02D2
:10CC7000FF020102000002FD0000000000010200AE
:10CC80008002985022000000FE010400FFFCFFFF1C
:10CC9000FF0301FCFEFFFEFF0001010300FF000196
:10CCA000FE04FD0401FDFF00FE0202FFFE0501FA85
:10CCB00000FAFDFB02FE00FD04FD030104FE00FF7F
:10CCC00002FE0500000200FC01FFFDFE0004FE0163
:10CCD000FFFDFBFEFDFF0001FE01FFFD0302FF0162
:10CCE0000403FC01000502000100FF0500FE02FF35
:10CCF000FF0600FE02FCFFFD000300FD0101FC0336
:10CD0000FEFF04FF0000FE01000000000003FB0026
:10CD1000C002985034000000000000000000000035
:10CD20000000000000000000000000000000000003
:10CD300000000000000000000000000000000000F3
:10CD400000000000000000000000000000000000E3
:10CD500000000000000000000000000000000000D3
:10CD6000FC00FEFDFD020103FBFE0101FBFEFFFDD9
:10CD70000101FE030200FFFEFF020301FB00FDFFB5
:10CD8000FBFF01FCF8FE010403FFFCFC00FD01FFBA
:10CD9000FF0201F906FC0602000201FDFDFFFEFB99
:10CDA000FC01FEFE02FBF9FC00FE0101FE04010590
:10CDB000FC02FD0503FD03FC00FFFD02FD0303FE75
:10CDC000FEFDFEFCFFFD00FDFD0201FB00FF020178
:10CDD000FFFF03FFFBFEFDFAFDFD00FC000000FC71
:10CDE000000000000000FF00200398502200000017
:10CDF000FDFC08FD0003FC02020200010302FE002C
:10CE0000FC0000FE0000FE00FBFE00020101F9FD37
:10CE100000FFFE01FF0001FF05FE00FE02FEFEFD19
:10CE200001FFFD00FF00FEFFFFFEFD01FB01000111
:10CE3000050001FF00FC0002FF0102FEFE010202EC
:10CE400000020100FFFF040201FE01FE00FF0201DB
:10CE500000FFFFFDFEFEFF020003FE0100FFFFFEDC
:10CE6000040001FEFE0001FF020200FD000000FDC3
:10CE7000000000000002FD00600398503400000034
:10CE800000000000000000000000000000000000A2
:10CE90000000000000000000000000000000000092
:10CEA0000000000000000000000000000000000082
:10CEB0000000000000000000000000000000000072
:10CEC0000000000000000000FD0200000100010061
:10CED00002FD0003FEFE0100FEFEFD00FFFDFF045B
:10CEE000FEFD00FD0101FEFCFD00FE0501FC000150
:10CEF000FB0004FFFE0002FFFE02FD02000203FC35
:10CF000005FF0002FE0103FFFEFE0503FC0305030F
:10CF1000FDFE0604FCFC01FFFEFF01FF0402FE0013
:10CF2000FF0201040702020003020000FB030000ED
:10CF3000FD02030300FFFEFDFBFF0600FDFFF902FB
:10CF4000FDFF01FC0000FEFE0000000000FCFE00F2
:10CF5000C00398502200000002030205FAFC00F60C
:10CF6000FE0002FD07FE0100FCFB010AFFFCFBFEC8
:10CF7000FE01FCF701FCFAFA00FFFFFD010500FBD2
:10CF8000000701FB050600FD00FFFE030108FF0886
:10CF900001F6FFFCFA04010600FDFE0202FB02FEA0
:10CFA000FCFF05FE000207FE0003FEFE0101000873
:10CFB0000004FD010102FEFEFDFEFA0602FCFF0078
:10CFC000FE0500FE04F7FCFE06050305FF06070745
:10CFD00002020102000002050000000000FD010045
:10CFE0000004985005000000FBFB0DFB04F6F70C55
:10CFF000000000F40000000000000800004098500D
:10D000006601000004040102FE000002FD02FEFFB2
:10D010000104FD030003FAFB03FFFDFEFE0401FF14
:10D0200001FEFEFE01FBFEFD000403FB0100FDFD11
:10D0300001FEFEFCFF00010101FCFDFE050201FFF7
:10D04000000003FB00000000FF000000F6FF01F5F8
:10D0500001FA0100FFF9FF01F7010001000300FBE5
:10D06000FC03FDFFFEFFFDFDFD04FDFCFDFF01FDDA
:10D0700000F60005FDF9F7FDFF03FCFDFAFFFFFFD9
:10D0800002FE00FFFFFCFB0300FEFDFA00000000B3
:10D09000000000000000000000000000FE0204008C
:10D0A000FDFB02FFFCFC000100FFFE0304FCFDFC95
:10D0B00002FEFD05FE00FEFB03FEFFFCFDFCFDFF86
:10D0C000FE0200FCFE020000FF02FEFFFEFC04FF69
:10D0D00000FDFD010000000000000000FFFFFF0058
:10D0E000FEFEFEFEFF0000FD00FF0101000001FF4B
:10D0F0000000000001FFFF00FF0102FE050405041F
:10D100000302030502FEFD01FEFFFCFB0300FC0120
:10D11000FFFE010001FD0101FE00010101FF03010D
:10D1200003FE00020103FFFEFCFFFC0203070401F3
:10D13000FAFAF8FE0000FBFE00000000000000000C
:10D140000000000000000000FFFD03FE00FEFE00E6
:10D150000002FEFB0204FDFEFDFD030300FD00FCDA
:10D160000002FFFC0000000000000000F905FBFECB
:10D17000F7FC01FCFDFCFEF5FA0001FDF7FD00FCEB
:10D18000FFFCFDFCFFFE01FEFD00FFFEFE02FCFFBA
:10D19000FDFF02FEFE00020101FE030101FD01018F
:10D1A0000100FFFF00FC0301000402FCFCFEFD0285
:10D1B00000FEFBFDFEF6FCFF02FEFA0302FF00FA92
:10D1C000FE0001FF0101FDFE02FFFE030000FF0063
:10D1D000FFFF0000FFFFFFFFFCFEFC0006FF010158
:10D1E000000000FE00000000000000000000000041
:10D1F000F9000000FBF901FF01FCFAFE00FF00004E
:10D200000000000004050000FAFF01F801FEFCF92F
:10D2100001FF00FD01FE030001FF0000000000FF10
:10D22000FFFFFFFFFFFFFF00FD0201FFFCFCFBF91A
:10D23000FF0200FD020001FC0203FBFEFFFDFE00F9
:10D240000000FFFDFD04FE0401FB0606F7F80009DF
:10D25000FCF8F4FDFE00F6F7FD02020200000505F1
:10D260000206FE02F40202FC04FFFBFE0104F9FFC9
:10D27000000000FC00000000FC00FF00FBF8FD03C4
:10D28000FCFAFA040200050004080106000A020381
:10D2900003FF0703F8010003F5F7020102FEF8F6A9
:10D2A000FD02FF03F6FF0302F4F8FFFAF9FBFAFAB6
:10D2B0000104F9FCFDFB010002FEFCFCFF0101FD85
:10D2C00000FB03020001FDFFFCFE01FB02FC07075F
:10D2D0000A01FC08FC000100FEFCFFFEFEFD01004F
:10D2E000FBFDFD01FD0003FBFCFB02F404FF00005D
:10D2F0000103FFFEFF02030100000001FF0001FD2A
:10D300000504040101F8FA04F5FDFDFBFAF7F7F452
:10D3100003FAF4F501FBFB02020301FD040504FC22
:10D32000FF040500FDFEFFFFF8FAF8F9FDFC04001C
:10D33000FDFDF9FCFEFC01FEFDFFF1FCFBF6FFF23A
:10D34000FBFEFBFFFCFDFCFDFBFCFFFAFFF5FDFE19
:10D3500001FEF5FC05FF00FFFE060301FEFFFE00D7
:10D3600004FFFBFF03F8FBF9020203FFFE000001CC
:10D37000FF0000FFFA02FEFEF9FBF8FCFFF9F7F9E7
:10D3800004FF00FC0002FD0300000105FFFF03FD98
:10D39000FC00FE03FAFAFD000000FEFE00000000A3
:10D3A00002000000FA05FDFA03FD00FE04F8FEFE8F
:10D3B00002FEFE0103FBFCF6060503040000030267
:10D3C00000000000FE000000FCFAFCF807FEFCFF75
:10D3D000FA00FBFC04FA06FAFBFA000800FF00FD65
:10D3E000FEFB0504FEFFFFFCFFFDFAFCFCFEFD005A
:10D3F000FBFFFD010103FD07FE00FA01FF00FCFE3B
:10D40000FFFAFBFDF903FAFDFB0000FA02FB01063F
:10D41000020203050609070201FBFA0004040102E7
:10D42000FC0101050101030302F50507FEFE0107EA
:10D43000FD000001070604080109080A010505FEB0
:10D44000FB0103FFFAFEFD02FFFD0100FBFBFEF8FE
:10D45000FEFF03FCFEFE0605FF02FCF80205FA01D2
:10D46000FDFCF900FBFEF7050204FAF800040200D7
:10D470000002FF02FE00FFFF01FCFC00FEFFFEFEBB
:10D48000010102FE0000000000000000000000009A
:10D49000000000000000000000000000000000008C
:10D4A000000000000000000000000000000000007C
:10D4B000000000000000000000000000000000006C
:10D4C000000000000000000000000000000000005C
:10D4D000000000000000000000000000000000004C
:10D4E000000000000000000000000000000000003C
:10D4F000000000000000000000000000000000002C
:10D50000000000000000000000000000000000001B
:10D5100000000000FE06FD0502030304FFFE0300F9
:10D52000070101040006010404010000FE01FD02E0
:10D53000FD0503FC09000202FB0101FFFD010704D8
:10D540000503030104FF00070402FF0100010103BA
:10D5500008FD050301FE0D06000100FF040302FFA4
:10D56000FC040502FC030503FDFC08030906030592
:10D57000FE020101FF04010102FEFEFF0302030798
:10D58000FF03FFFF06FF070402FDFF010104FB0587
:10D590000000FD01000000000007FE0080429850DE
:10D5A00022000000FFFF02000503F9FF04FA050254
:10D5B000010105000001FEFC03FCFD070304040457
:10D5C0000602FC0203F405FE010205FF01FCFE0455
:10D5D0000005FBFCFB03FEFEFDFFFEFE000002015A
:10D5E000FE0403FE0004FB01010105FA04FAF9013F
:10D5F000FD05FD010100FE03FD040702FEFCFA0229
:10D60000FFFEFB03FE020203FF0401FD01FEFEFF1D
:10D61000FDFEFE00040105F9FF01FBFAFC02F9FD25
:10D620000000FAFE000000000006FC00C042985016
:10D6300034000000000000000000000000000000B6
:10D6400000000000000000000000000000000000DA
:10D6500000000000000000000000000000000000CA
:10D6600000000000000000000000000000000000BA
:10D67000000000000000000000000000F90201FDB1
:10D68000FE0002020102050402FD00FF070201087C
:10D690000503FF0600FE06FE0301FEFFFE03000277
:10D6A0000202FD0401FE0405010103FA020000FD6F
:10D6B00000FF04040300000400FE01FC0401FF0459
:10D6C0000104FCFCFDFF010303FF03FFFE0705004F
:10D6D0000104010102030101000702000102FD0231
:10D6E0000103040002000104FF0205040101040219
:10D6F00004FF0303FF01FF070000FE03000000001A
:10D700000003FB00204398502200000000FF0101AD
:10D7100003FEFF0204FE060801FEFE060102FDF9FB
:10D720000001FE00030100FFFF060206FDFC02FEF1
:10D73000FFFC0307FFFEFD05FD01FF01FF01FFFEEA
:10D74000FE01FE0402FCFFFCFEFDFFFDFEFF0002E9
:10D750000101FF01020103FDFE00FB00FF030104C4
:10D76000000200F802FDFD0601060101FD0300FFB5
:10D7700002020201FD05030000010701FF0500FC94
:10D7800004FEFDFC04FA00FB000002F900000000AA
:10D790000001FC00604398503400000000000000CD
:10D7A0000000000000000000000000000000000079
:10D7B0000000000000000000000000000000000069
:10D7C0000000000000000000000000000000000059
:10D7D0000000000000000000000000000000000049
:10D7E0000000000002030105FEFB0300FF0301FF30
:10D7F00007FC01FEFE04FD040406FFF900FCFFFB2C
:10D8000006020201FBFB0401010202FCFFFFFE0510
:10D8100008010504FE040402020703FB04FD04FDE5
:10D82000010502FC04FC01FBFE02FF0605FFFFFEF2
:10D83000010002010104030407FE02060004FF01C7
:10D840000108030503FF010103010500FDFB0106BB
:10D8500004FC070301010302000403060306FF02A0
:10D86000000001020000000000FBFE00C0439850D1
:10D8700022000000F8FD02FFFBFD00FD00FD03FD9E
:10D880000301FEFB0400FE07F9F8F9FEF902FE01B0
:10D8900001FC02FBFEFE0001FE070AFC000004FF83
:10D8A000FC020A0203FFFB070003FC0009FCFDFD6C
:10D8B000FE03FB00FD01FE030501FEFE0203FDFD6C
:10D8C000FE0705FB0000FE030302FE0200FF05FE4B
:10D8D000FF03FF0202FDFE020705FF030603FD0131
:10D8E00003FF03FE030202FEFD040107020301FA27
:10D8F0000000FF01000000000003040000449850F5
:10D9000005000000E9EC07070CFF0712000000FA11
:10D910000000000000001000008098506601000028
:10D92000FE04FDFF010000000003FE04FD010200F3
:10D930000204050003FEFDFEFFFDFEFE02000104E1
:10D9400000FCFC03020103FCFF01FAFC01000203DE
:10D95000FEFDFEFFFCFCFEFF010303FC01050305C9
:10D96000FEFFFFFF00000000FD010002FDFC02FCC5
:10D970000405FFFBFDFE05FEFC0004FD010100FFA8
:10D980000201FFFFFCFF02FBF9FEFCFD000101FAB2
:10D9900001010003FFFFFDFFFF0003FBFF05000087
:10D9A000FF000402FF00020501FFFF00FE01FF006F
:10D9B00000000000000000000301020005FDFD035F
:10D9C000FC02FCFC00FF0300FD00FCFE04FF000065
:10D9D0000000FF00FF00FFFF030403050001000239
:10D9E000FF00FF0001FBFF00000303FEFF04FE0237
:10D9F0000000000000010000FEFDFDFDFEFEFEFD3A
:10DA000000FEFDFE020100FF000002020000000017
:10DA1000040000FF0403FFFDFD0102FEFF03FF0001
:10DA200002FCFFFE02FE0104FBFC020202FEFFFFFD
:10DA300000FF00010101020102010101FD02FB01E1
:10DA4000FEFD0002FCFF0301FEFDFF040100FEFEDF
:10DA5000FF0002030201010000FFFE010100FFFFC1
:10DA600001FFFF0001FDFBFF04FC03FDFAFDFF05C4
:10DA700002FE0201FC03FFFF02FCF9FD0004FEFBB5
:10DA8000010203FEFFFDFD00FFFD030601FFFFFD98
:10DA9000000104010501FCFF0402FC00FCFF05027B
:10DAA000FFFCFDFD01FEFDFFFB0202FCFF0001008B
:10DAB000FEFE000005010100FB0003FBFEFFFE026D
:10DAC000FD020103FDFEFBFD0500010102FF030154
:10DAD0000202FFFD0002FDFEFFFC00FFFEFCFC0257
:10DAE000FFFFFD0101FEFD01FE02FE02FEFEFEFE45
:10DAF000FEFEFEFE0302030304FDFD030000FFFB28
:10DB0000FF01FFFE000000000000FFFF04FF000017
:10DB1000FF03FD0301FF030001000101FDFE000101
:10DB2000FAFBFFFE04FBFBFDFEFD00FDFD02FFFD19
:10DB300000FB0100FFFEFFFEFFFEFF00FDFDFDFDFF
:10DB4000FDFDFCFDFBFEFDFCFDFF010001FBFE04F5
:10DB5000FD00FEFF01FD03FFFD0101FDFAFBFCFEE0
:10DB600000030101FE00FE02000201FF00010000AF
:10DB700000000000000000000000000000000000A5
:10DB80000000000000FF010000FFFF01000000FF97
:10DB90000000000000FE00000201030000FF03FD82
:10DBA0000102020000000000000000000000000070
:10DBB000FE01030003FF01020000FF00000000005F
:10DBC0000000000000000000000000000102020050
:10DBD000020201FE0000010401000100000000013A
:10DBE0000000000000000000000000000000000035
:10DBF0000000000000000000000001FF0000000124
:10DC00000002FFFE0100FD02FFFFFFFE0102FF0216
:10DC1000FEFD030100000000000000000000000005
:10DC2000000000000000000000000000FF000000F5
:10DC3000FEFE000201010200FEFE01FEFF020001E5
:10DC400001FEFD01010200FE010102FE00000000D4
:10DC500000FF01FF0000FF0100000000FE03FE02C4
:10DC600001FE0102000000000000FF00FEFFFFFFB8
:10DC7000FE02FE0300FF03FF0000000000000000A2
:10DC800000000000FF0000000000000100FF01FF95
:10DC9000FEFE01FE02030201FE02FF020302FD017D
:10DCA000030301030100000000000000FFFE01006B
:10DCB000FF00000000000000000000000000000065
:10DCC0000000FF000000000002000001FF00000152
:10DCD000000000FF00000000000000000000000045
:10DCE0000000000000000100010000FF0000000033
:10DCF0000100FF00000000FF000000000100000024
:10DD000000FFFFFF00000000000000000000000016
:10DD1000FE01010001FFFE02000000000000000003
:10DD200003000000000302FE00FF00FE00000101EE
:10DD3000000000FF000100FEFE010101000000FEE6
:10DD400000000000010100000000000000000000D1
:10DD50000000000000000000FFFF01FE02030001C0
:10DD600002FF0003020303FE00FD0102FFFF0001AA
:10DD7000FD00FE00FE020203FE01030200FF00019F
:10DD8000FF010000FE00FEFF0002FFFF0000FEFE9C
:10DD9000000000000000000000FF00FFFEFFFFFE8B
:10DDA0000000000000000000000000000000000073
:10DDB0000000000000000000000000000000000063
:10DDC0000000000000000000000000000000000053
:10DDD0000000000000000000000000000000000043
:10DDE0000000000000000000000000000000000033
:10DDF0000000000000000000000000000000000023
:10DE00000000000000000000000000000000000012
:10DE10000000000000000000000000000000000002
:10DE200000000000000000000000000000000000F2
:10DE3000020001FCFC06FF0105FE00FE000007FEDB
:10DE4000020001FEFBFDFEFCFD01070003010403CF
:10DE5000FCFF04010503FDFEFCFF0307FCFF02FEBF
:10DE6000FE03040000020300FEFE0200010602FFA2
:10DE700001FE00010100040000FEFF00FF00FFFFA3
:10DE8000030206FE0201FF0004FB0300FF00000185
:10DE900003010102FFFE0201FF02FF010102FF0276
:10DEA000FFFE0200FDFEFAFEFEFC00010000FEFE89
:10DEB000000000000005020080829850220000004F
:10DEC000FE0002FE010000FF05FD00FE01FE04FF52
:10DED00001FEFF0301FFFD0304FC02FFF903FEFF47
:10DEE000FD010203FFFCFD000401FE03030200012B
:10DEF000FE0102000000FFFE020000FFFBFC01FE2D
:10DF00000301020501000302FAFEFF010301FB0009
:10DF1000FF0105FC030204020100FFFFFFFCFFFFFD
:10DF20000402FEFCFA02FBFD01FDFE000102FB0102
:10DF30000100FCFDFC02FDFDFE0107FE0000FF04E8
:10DF4000000000000001FB00C08298503400000077
:10DF500000000000000000000000000000000000C1
:10DF600000000000000000000000000000000000B1
:10DF700000000000000000000000000000000000A1
:10DF80000000000000000000000000000000000091
:10DF9000000000000000000000FF05FBFEFD000384
:10DFA000FAFEF801FCF90202FBFEFCFC01FEFC009B
:10DFB000FFFD0100FEFFFF01F802FE020101FD036B
:10DFC000F9F903FCFEFBFDF8FFFD00FC00FE00FE7E
:10DFD000FE04F70000FCFE01FFFEFF0103FFF80551
:10DFE00006FBF9FE0202FEFEFE01FE01FA0005FC40
:10DFF000FEFA01030400FDFAFAFA0101FFFCFEF942
:10E00000FAFC00FBF9FCFC010002FC000101040029
:10E01000FC01FFFE000000FD000000000007FE0004
:10E020002083985022000000F402FEFFFE02020648
:10E03000F5FFFFFD00FA02020901FDFFFAF9FE01FA
:10E04000FBFDFF050502030301FE04FE05FD05FEC1
:10E05000F8FE0600FE00FEFDFEFF02FF0301F401D4
:10E0600003010201FD02FEFFFF01FA020002FCFCB7
:10E070000003F9FCFB0001FF040102000300FE03A2
:10E08000FD000A06FE01030203FEFE0200FFFEFE83
:10E090000903FE0108030202FFFEFCFEFE0204006B
:10E0A0000805FFFB00000300000000000001FF0066
:10E0B0006083985034000000000000000000000061
:10E0C0000000000000000000000000000000000050
:10E0D0000000000000000000000000000000000040
:10E0E0000000000000000000000000000000000030
:10E0F0000000000000000000000000000000000020
:10E10000FFFFFFFFFF00FD0201F8030004FEFEFD1C
:10E1100001FC000200F9FF01FF0203FF0201FFFF03
:10E1200001FEFE06FBFF0207070405FBFEFCF9FFEC
:10E13000F9FF01FBFE01FFFF0001FFFFFFFEFE02F2
:10E140000003FF00FDFCFD0200FFFE01FEFFFF00DB
:10E1500003FC02FEFEFBFDFB00FF020203FF07FEC5
:10E16000FEFDFF0204FE00FD0800020202010500A0
:10E17000000202FE01FF00FCFC00FF000000FA01AB
:10E18000000000000001FB00C08398502200000046
:10E19000F60203FFFD01FEFFFDFFFE010EFC010183
:10E1A000FFFF0000F6FFF900F9FCFD01FFFEF9FD9D
:10E1B0000000FC01FD0207FEFE010600040008004D
:10E1C0000501FD06FE02FC010500F7FCFFFF000053
:10E1D00000FEFB0108FDFCFCFAFF02000003080042
:10E1E000060102FFFE020002FF00010003FF03FF21
:10E1F000FF02FAFF0200FD00010101FD0402FC0024
:10E200000603040401070C020604040100000001D7
:10E210000000000000FEFF00008498500500000090
:10E22000FCF913EE0809FE03000000F500000000F1
:10E230000000FF0000C0985066010000030402FEC9
:10E24000FE0300FEFBFFFB03FDFD00FE0102FC00E0
:10E25000FC00FE01FEFCFC04FBFFFAFEFDFE0303D6
:10E26000FC02FCFBFAFAFD0101FCFCFBFFFC03FFD6
:10E2700002FF0201FE02FB0100FF0303FEFFFF019C
:10E28000FE020002FEFE01F7FE020402FEF802FD9D
:10E29000F60109FD00FDFEF5FE020204FD04000387
:10E2A000FE02FEFCFD0003F8F5FDF8F9F7F0F8FDBD
:10E2B00001010100FA03FFFDFDF9030205FE000262
:10E2C000000203FD0001000000000000000000004B
:10E2D00001000000FCFE000002FE0202FEFF00053D
:10E2E00003FC0004FD01FD01FB00F900FDFD00FC45
:10E2F000FBFF00FCF9F8FCFC01FDFDFEFFFCFC034C
:10E300000001FEFE01FE03000004010100FF000009
:10E31000FF00FFFFFEFFFEFFFBFBFEFD02FF02FD15
:10E3200002FDFD010000020201FFFDFEFF01FEFDF6
:10E330000201FE02040305FD02F903010301FAFBD9
:10E34000FE03FCFE01FBFDFFFD0002FF010102FFD9
:10E35000FBFF0303FFFF000300FC00020101FBFBC6
:10E36000FF03FEFD00FEFD0002FE030300020506A2
:10E3700000FE000000FFFF020000FF0000000000A0
:10E38000FD01FC01FE00FDFCFDFEFD00FD0200FBA9
:10E39000FBFFFD0302FBFEFD0200FBFEFFFF000092
:10E3A00000000000FA02FAFDF9FF00FD03FAF9F996
:10E3B000FCFF04FEF8FBFFFD020204FF0104FC0267
:10E3C00002FC0002FE00FCFF030101020100FDFE51
:10E3D00002FBFD01FAFBFDFC00FDFFFC00FEFBFE65
:10E3E00002FD030003FC0202FC01FA0000F9020333
:10E3F00003FFFD03FC0301FC04F9FFFE01FEFD0128
:10E40000FFFFFCFEFEFCFF00FEFEFEFEFEFEFDFE2C
:10E4100001FEFBFAFCFE00FD000000FC0000000015
:10E42000FFFF0000FFFFFF00FEFFFFFFFEFD0602F3
:10E43000FBFFFB0000FE000000FF01FEFE050001E7
:10E440000802FDFF0403FD000001FEFCFDFCFD01D0
:10E45000FFFFFDFFFF000001FFFFFFFFFEFEFEFFCD
:10E46000020303FD02FF01FFFEFBFEFDFEFC01FDBA
:10E470000105FEFFFF01FFFFFAFAFDFB00000000AF
:10E48000000000000000000000000000000000008C
:10E49000000000000000000000000000000000007C
:10E4A000000000000000000000000000000000006C
:10E4B000000000000000000000000000000000005C
:10E4C000000000000000000000000000000000004C
:10E4D000000000000000000000000000000000003C
:10E4E000000000000000000000000000000000002C
:10E4F000000000000000000000000000000000001C
:10E50000000000000000000000000000000000000B
:10E5100000000000000000000000000000000000FB
:10E5200000000000000000000000000000000000EB
:10E5300000000000000000000000000000000000DB
:10E5400000000000000000000000000000000000CB
:10E5500000000000000000000000000000000000BB
:10E5600000000000000000000000000000000000AB
:10E57000000000000000000000000000000000009B
:10E58000000000000000000000000000000000008B
:10E59000000000000000000000000000000000007B
:10E5A000000000000000000000000000000000006B
:10E5B000000000000000000000000000000000005B
:10E5C000000000000000000000000000000000004B
:10E5D000000000000000000000000000000000003B
:10E5E000000000000000000000000000000000002B
:10E5F000000000000000000000000000000000001B
:10E60000000000000000000000000000000000000A
:10E6100000000000000000000000000000000000FA
:10E6200000000000000000000000000000000000EA
:10E6300000000000000000000000000000FF0000DB
:10E640000100FF00000000000000000000000000CA
:10E6500000000000000000000000000000000000BA
:10E6600000000000000000000000000000000000AA
:10E6700000000000FF00000000000000000000009B
:10E680000001000100FF0000000000FF000000008A
:10E69000000000000000000000000000000000007A
:10E6A000000000000000000000000000000000006A
:10E6B000000000000000000000000000000000005A
:10E6C000000000000000000000000000000000004A
:10E6D000000000000000000000000000000000003A
:10E6E000000000000000000000000000000000002A
:10E6F000000000000000000000000000000000001A
:10E700000000000000000000000000000000000009
:10E7100000000000000000000000000000000000F9
:10E7200000000000000000000000000000000000E9
:10E7300000000000000000000000000000000000D9
:10E7400000000000000000000000000002FE0402C3
:10E7500002FC0000FF03FFFFFD02000200FDFF03BB
:10E760000000FE0001020101FE0206FC010000FFA4
:10E77000FEFF020300FF01FCFC00050102FE00FE9B
:10E78000FF0100FE01FEFE01FEFFFFFFFE02FAFF99
:10E790000304030200FF0500010300040300FFFE61
:10E7A0000103FEFFFDFE01010100000402FAFE016B
:10E7B000FF0A0000FF02FFFDFDFD03FCFF0304FC58
:10E7C000FF0300FE02FE09FB000001010000000043
:10E7D00000FD010080C298502200000002FFFCFCF6
:10E7E000010104FFFCFEFB00FEFC02000403FC022E
:10E7F00000FE03FF020103FF02FE02FF0301FD030F
:10E8000000010002FC03FD00FF0003FFFEFE02FE0C
:10E8100005FE0001040002FEFFF9FD0202010201F3
:10E82000FB0301000403FD00FC0200030003FEFFE4
:10E8300000FCFFFF01010101030000FEFD0101FFDB
:10E84000FEFCFFFF01FFFD01010300FF02010104C7
:10E85000FF02FCFEFD01FD030000FE0200000000BF
:10E8600000FCFE00C0C29850340000000000000010
:10E870000000000000000000000000000000000098
:10E880000000000000000000000000000000000088
:10E890000000000000000000000000000000000078
:10E8A0000000000000000000000000000000000068
:10E8B0000000000000FDFAF8FEFCFEFEFE00FD0078
:10E8C000FDFE07000001FDFCFB0001FF00FEF6FD60
:10E8D0000101FE05FCFE00FEFEF901FCFEFFF9FE53
:10E8E0000006FDFBFFFFFF00FFFD030102FEFE022D
:10E8F0000201FD00000005FFFB0203000100FFFC18
:10E900000402FDFC00FE00F3FFFEFDFDFCFFFCFA2F
:10E9100003FCFE03FCFF0301FDFFFE01FBFFFBFB0D
:10E92000FE00FCFE02FF00FE02FA00FDF8FAFEFD0A
:10E930000000FFFE0000000000FFFD0020C3985013
:10E9400022000000FD00FBFF0000FF04F1030305AF
:10E95000FE0300030802FDFDFC02FDFE0003FB04B4
:10E9600002030702040404FC06FB0606F80002FA90
:10E97000FEFE0300000302030102F60005FE06FF8F
:10E98000F801F9FBFDFEFD00FE0400FC04FFFD00A4
:10E99000FAFC040001FDFE000305F90002000AFE76
:10E9A000F90306FF0102F8040600FE030401FEFE5F
:10E9B000090105FDFD06FEFFFCF901FDFEFBFA0065
:10E9C000000005000000000000FE030060C3985036
:10E9D0003400000000000000000000000000000003
:10E9E0000000000000000000000000000000000027
:10E9F0000000000000000000000000000000000017
:10EA00000000000000000000000000000000000006
:10EA10000000000000000000000000000100FDFBFD
:10EA200006FE0301FEFEFF03FB0A0003FFFB0501D8
:10EA300001FFFF050504FE04040200FF050400FCBD
:10EA40000303F801F9FD01FB00FFFF0200FB0300D7
:10EA500000FC05FC0200FCFF01FA02FFFC020101C0
:10EA6000FEFDFFFF03FC01FF05FBFE08FDF4F8FEC1
:10EA700003FFFC03F700020100FB0100FB03FD02A2
:10EA8000FB06F4FBFCFCFE0504FB0107FEFBFAFCA5
:10EA9000FF00FB010303020200000600000000006B
:10EAA0000001FD00C0C3985022000000F901FF02E0
:10EAB00001000C00FEFE06FB05FEFDFE0400040640
:10EAC00003FC0600020203FF02F701FCFA02030244
:10EAD000FB03FAF8070001FFFFFF02FF02FEFE0240
:10EAE0000202FB0106FF02FBFD03FC00000107FF21
:10EAF0000102FFFE070403FF0400FA000201F3FD18
:10EB00000502FF07FF0304FF0201FE01FC01FB00F9
:10EB1000F6F9F5FE020207FC01FBF8FF060202000F
:10EB20000102FA04FC0302010000FB0100000000E6
:10EB300000FFF60000C49850050000000E08F7051D
:10EB4000FDFC0AF7000000E90000000000000600DC
:10EB50000000995066010000FBF3F6F9FA02F7FE97
:10EB600002FFFDF5020100FCF7FE04FFFDF9F7FAD4
:10EB700001F9FE04FEFEFFFE01FCFC02FCFFFFFFAC
:10EB8000FDFF0500FFFE0001FF00FFFF0101FE0089
:10EB9000FD0302FBFF04FDFB00000101000000007B
:10EBA000FB02FF010000FFFFF901FEFBFFF6FAFC8C
:10EBB0000000FBFDFF0000FF02000000FEFB01FE65
:10EBC00003FD0003FE0702FDFEFD0104FEFF01F947
:10EBD00001000000F9FFFF00FDF9F8FA00FBF80062
:10EBE000FF0000000100FF00000000000000000026
:10EBF000FD010000010203FD02000606FE02FDFC0D
:10EC000001FE01FCFFFB02FD01050305FE01FEFD07
:10EC1000FDFCFF020000FFFF00000000FEFF0000FF
:10EC2000FA00FEF600F900FD0000000001000000FF
:10EC3000FDFCFDFDFDFDFDFD020202FE0000FEFEED
:10EC40000000000000FF00FFFD000000FC05F2F5E1
:10EC5000F4FA06FAFE01F7FDFCFD060203FFFF05CC
:10EC6000FB03FCFC0000FFFEFF0001FF00FF0201B0
:10EC70000000FF00FF000000FF02FD03FCFCFF029C
:10EC8000FBF7FDFC06040200FF02090A010202FF75
:10EC9000000100FE0000000000000000FD04FDF780
:10ECA000FE060304F9F6FA0003FCFB0401FCFFFB7B
:10ECB000FC0601050101FFFEFF0201FEFFFF01014D
:10ECC00000FE0203FE02FAF90500FD0400FF01FE4A
:10ECD00004020502FAFB020100FBF4FCFD02FEF94E
:10ECE000F9FCF9F80000000000000000FD0204003B
:10ECF000FB0301FE00FBFE00FD01FDFD05FDFFFE27
:10ED0000FF0002010700FFFEFC02030000F8FC0008
:10ED100000F7F6FCFD05FC00000003050000000004
:10ED2000FE000000FEFEFEFEFEFEFEFE030200FFF1
:10ED3000F8010500000000FC000000000000FF00DA
:10ED4000FF000000FA000000FBFFFAFDFDFFFCF7EA
:10ED5000FE0000FEFF00FF00F5F7F8FF00F7FC03E0
:10ED600001FF0304FDFF000000FF010000000000A0
:10ED700000000000FCFCFCFCFDFDFCFCF7F8F9FDCC
:10ED800002F6F6FF000303FEFC00FEFE0100FBFEA0
:10ED900000FEFCFD02FDFE01FCFB04FC030400027E
:10EDA00001FEFA0203F902040404FF000004FEFC61
:10EDB00001FFFD01FE02FC010100FE0001FF020354
:10EDC000040401020000000000FF00000400FFFF37
:10EDD00002FC03FD04FDFB02FD010204FDFC04FF37
:10EDE000FFFDFEFDFBFA0701FC00FCFDFCFE00033D
:10EDF0000500000201FE00FF0100FA03FBFEFC011A
:10EE000005FFFE0001FA00FC05FFFEFE0001010106
:10EE100004FE00050807020605020404FDFAFF03CC
:10EE2000FFFD03FDFDF6F30600FEFD00FF00FEFF03
:10EE300000FF000001000001FEFDFF00FEFFF9FCE5
:10EE4000FFFAFDFDFFFBFEFF0701030400000000C9
:10EE5000000000000C08FD00F90502F8FF000AFFA1
:10EE6000000003030000FEFE00FE00FF0000FFFFA5
:10EE700005FEFD02FEFEFFFFFF02FFFDF9FCFFFFA6
:10EE80000000FDFDFF000000FD00FDFFFFFEFD0096
:10EE900001FCFEFEFFFFFFFDFF00FEFBFCFEFC0091
:10EEA0000306FEFD03020502000105FD0201020149
:10EEB000080404FC030908040100FEFEFC0104032D
:10EEC000000000020001FF00FE00FEFE010000FC49
:10EED000FF0001FCFDFF0303FCFFFFFD01FD020439
:10EEE000FCFDFDFD02FEFCFC02010201000000FD34
:10EEF00000000000FC000000FEFDFBFD0403040018
:10EF0000FBFD02FBFDFDFDFD02FD0101040105010C
:10EF1000000002000000000005000000050205FDE1
:10EF200001070704FF000000FCFDFFFFFAFE0204DA
:10EF30000B000203FF000107000001FF02FF0000B9
:10EF4000FC0500FE04FDFF020301FEFFFBFD03FDC7
:10EF5000050405FEFFFD0103010002F9FFFEFDFDB2
:10EF600005FDFEFFFDFF0000000403FB0506040293
:10EF7000FFFE0706FC03000101FC0106FFFD04047F
:10EF8000FEFEFDFD0100FE0300FC01FFFBF9F7069C
:10EF9000FD0305FD0103030002FB0001FC0200FE6E
:10EFA00000FD0202FEFE00FD03FBFCFD03FCFFFE74
:10EFB000FCFCFEFDFB00FDFFFF00FEFD0000FF036B
:10EFC000FF0001FF0000FEFF0000FF000000000046
:10EFD00000000000FEFF0001000000000000000033
:10EFE0000000000000000000000000000000000021
:10EFF0000000000000000000000000000000000011
:10F000000000000000000000000000000000000000
:10F0100000000000000000000000000000000000F0
:10F0200000000000000000000000000000000000E0
:10F0300000000000000000000000000000000000D0
:10F0400000000000000000000000000000000000C0
:10F0500000000000000000000000000000000000B0
:10F060000000000000000000FEFC01FBFFFEFE00AF
:10F07000FAFFFCFDFAFAF5FFFCFF0202FE02FCFFBC
:10F080000200FFFDF200FAFCFAFDFEFFFBFD02FAB2
:10F0900001FDFD00FFFEFB02FFF8F9FCFFFAF7FFA0
:10F0A00000FFFEFFFBFDFF02FBFBFA01FE00FF007D
:10F0B000FCFEFBFEFFFE01FF0400FCFBFF02FB0168
:10F0C000FB0400FB0203FD0001FEFCFAFB0500FC53
:10F0D000FEF9FEFDFBFAFCFEFEFCFDFEFE02FCFF5F
:10F0E00000FF02FB000003FE0000000000FD010025
:10F0F0008002995022000000FDFBFF03000003FD89
:10F10000FD0002FFFE0301000303FC0101FE0101FB
:10F1100003FFFFFE03FE020301FC020100030301E3
:10F1200001FEFEFEFC03FF010008030104F9FCFFE1
:10F1300004FD00FFFC00FAFEFD0403FDFB00FFFEE2
:10F1400000FE0606FC0401FF00FFFDFD00FEFD02BF
:10F150000205FF00FF0602FEFE01FE0300FAFCFEB0
:10F160000303010003020102FC0003020202FF0587
:10F1700000FE04010000FDFF0000000000FF04008D
:10F18000C0029950340000000000000000000000A0
:10F19000000000000000000000000000000000006F
:10F1A000000000000000000000000000000000005F
:10F1B000000000000000000000000000000000004F
:10F1C000000000000000000000000000000000003F
:10F1D00000FEFDF5FA00FDFDFFFFFA00F0F5FEFE72
:10F1E00000FFFFFEFAFEFDFDFFF9FFFFFB00FD0340
:10F1F000FA01FDFDFCFDFDFAF8FDFFFFFEFAFD053D
:10F20000F9FE03F5FEFDFCFEFD00FD03F6FDFFFB30
:10F21000FD0102FF03FFFEFDFBF5FCFEFDFDFCFF13
:10F22000FB03FAFFF9FC00F9FCFAFEF8FDFE00040E
:10F23000F7FF0000FD00FCFEF4FD00F6FFFEFAFC07
:10F24000010100FFFBFD03FAFEFC02FA000000FCD6
:10F250000000000000FD0100200399502200000082
:10F2600002FD03FE01FF00FD0300FFFE03FD00F5AC
:10F27000FEFF00000202FF01FEFEFEFEFF0AFF0489
:10F28000FF0701FF00FD01FBFEFF00050204FFFE7A
:10F290000100FCFCFEFE02040106FEFDFF00FE0272
:10F2A00000FFFF0004FE01FEFEFF0001FFFBFE0267
:10F2B000FFFF05FCFE04FE0102000001FF01FCFD52
:10F2C000FFFC0005010100FE0206010402FC01032F
:10F2D000010102020003FE04FFFE03FC0000030123
:10F2E000000000000005FE0060039950340000009B
:10F2F000000000000000000000000000000000000E
:10F3000000000000000000000000000000000000FD
:10F3100000000000000000000000000000000000ED
:10F3200000000000000000000000000000000000DD
:10F330000000000000000000F601FD0003FD0400D5
:10F3400000FBFA00FF00FDFFFEF8FC01FFFDFBFCE7
:10F35000FD00FE05030201FC01FFFB00FBFD00FFB9
:10F36000F7FD03F9F5FD03F9F7F9FD01FD010101D1
:10F37000FC02FD01FA00010200FCFE03FD0302FC99
:10F38000FAFB000000F9FE02FEFAFCFFFDFFFBFEA7
:10F39000FD03FDFAFF04FA02FFFEFD02FA02FCF291
:10F3A000F5FE01020302FE03F90002FE00F8FEFE74
:10F3B000FFFAFCFC000003000000000000FDFD005F
:10F3C000C0039950220000000003FFFCFDF4FD0A79
:10F3D000FB03FF03FDFE0202040502FA02F907F82F
:10F3E00001FC0004060700F904040BFCFF04FE0303
:10F3F000F8FB03FB0101F9FEFDF902FEFDFD000330
:10F40000FFFE0402FAFE00FB00FAFEFFFEFCFE0710
:10F410000605FEFDF806FDFC04FE02FCFC02FEFEF5
:10F42000FE05FEFE00010402030102FC0100FE09CC
:10F4300002FCFC01030BFC04FEFCFB0200040302C3
:10F4400002FCFA0800000C030000000000060700A0
:10F4500000049950050000000004FE04FFF4F00CC5
:10F46000000000EF0000000000000D000040995077
:10F47000660100000404FD03FEFFFD030101040416
:10F4800004FEFA020402FBFCFC01FEFC010205FD85
:10F49000010302FEFF00FD02000202FCFE00FCFE72
:10F4A000FC0203FD01FDFD0002020002FEFE03005E
:10F4B000FFFE010501FF00000000FF0108FC05053B
:10F4C000010702000706FDFF010001FD020005FD26
:10F4D0000204FE02FF04FD020205FFFCFB0101FD28
:10F4E000F4FDFAEF01FF04F9FC03FF02FB02010047
:10F4F000050102FDFE01FD0100FD04030000000006
:10F5000000000000000000000000000003FB0400F9
:10F5100000FBFBFC0400FEFB00000403FA00FF00FC
:10F52000FCFFFEF7F80002FDFAFF010604FBFCFAFF
:10F530000201FF000000FD000204FF000003FD04C3
:10F540000005FF01000000000000FF00FF00FFFFBA
:10F5500000FE00FF02020000FE00FEFF01FFFF00B0
:10F56000FE01000105010000FFFDFFFD05FC04FF99
:10F57000FCFF02030001FA00FB020001FD01FB0297
:10F58000FF0200FD02FF0000FDFE0201FF0001FE80
:10F5900002FDFD0202FC0203FF01FE03FDFB04016C
:10F5A00001FFF9FCFEFEFEFD0000FFFF000101006F
:10F5B0000000000000000000FCFC0001FD02FAFA5F
:10F5C0000102FE040304FFFCFC000300FFFEFF0039
:10F5D000FE02FE02FFFEFEFE00FFFEFD0900060326
:10F5E000FF01050101FEFE0402FCFD03FE03FF0115
:10F5F000FBFEFF06FCFBFFFCFFFAF9F4F8FDFFF54C
:10F600000001FDFEFF02010005FA0100FFFFFB0201
:10F61000020200020204FEFEFBFC0303FDFE05FCE9
:10F6200001FE05FB04FEFF0202020602F600FB05D6
:10F63000FBFAFDFB0303F700030100FDFE00FFFFE3
:10F64000FFFFFFFEFFFFFFFF04F7F9FEFCFCFBFBE3
:10F65000FF01FF01000101000000000000000000A8
:10F66000050000000701020103040101FFFEFFFE87
:10F67000FFFDFF0101FFFD00FBFDFDFCFDFCFCFBB0
:10F68000FFFDFCFDFE00FCFF0202000100FEFF008A
:10F69000FCFDFDFDFCFCFCFCFAFBFDFBFEFD01019D
:10F6A000FD00FAFD03FF02FDFEFD0302FC0100FD6B
:10F6B000FCFDFFFD04FD010103FF0304020201FF45
:10F6C000FB01FE00FEFEFCFA01F9FB03FDFE010258
:10F6D0000102FCFBFD00FF02FEFDFD02FD01FCF945
:10F6E000000000FC0000000000FD00000204010218
:10F6F000FF000002FCFAF9FC060002FE0105FF0112
:10F7000004FEFF020201050102FC00FFFE02FEFCF6
:10F710000301FFFFFF01FEFFFFFBFDF90004FE00F8
:10F7200002FDFB03FB01FCFCF7FE01FE01FAFE02F9
:10F73000FE00FF01FDFCFBF9FDFEFEFF0100FDFDEB
:10F7400000FFFF01000000000000FEFF010100FEBD
:10F75000FFFF01FF03FBFCFD02FEFB0301FCFD03B9
:10F76000FCFFFCFDFDFB00FD01FF01FF0101FEFFB1
:10F7700001FA00FE000000FF0200FEFDFF01FC0395
:10F7800001FCFF03FD00FE02FFFD01020001FC0180
:10F7900000FD00FD0100FD010001FD00FDFEFF0078
:10F7A000FEFEFFFFFEFFFFFFFC0201000105FD0260
:10F7B000FFFDFC00FDFFFC0002FD03FC040402FC55
:10F7C0000303FF0300FF03000402FC03FC0301002A
:10F7D0000204FCFF00FF01030001FF020001FEFD27
:10F7E000FF0000FDFFFF000000FFFD00FF00FFFD28
:10F7F000FBFCFEFBFBF902FB020102FC05FF01031F
:10F8000000000002FE02FFFF0000FEFE00000000FC
:10F81000FB000000FDFFFDFF02010200FAFF00FEF9
:10F82000FDF9FDFA00FC00FC00FDFE040000FDFEF9
:10F830000000000003000000FC01FC00FDFBFBFCDD
:10F8400002FDFF01FE05FFFC060B02FFFE010802A0
:10F850000200FEFEFCFDFF00FF0202FEFAFFFBFCC1
:10F86000FBFCFF01FB0300FE01FD0502FDFAFFFCAE
:10F8700000FD000101020001FF010004FF0403007C
:10F88000FF01FEFB03FEFF02FE030003F8FD02FC86
:10F89000020100FAFA010501FCFD0100FDFD00FF77
:10F8A0000401FC00FD01FFFD0302FD020001000058
:10F8B000FF01FE00FFFF01FE00FE01FD00FEFF0153
:10F8C00000FE00FAFDFFFD00FDFEF9FBFC02FEFA62
:10F8D00001FE02000303FDFEFFFFFB010000FFFE2F
:10F8E0000000FF0000000000000000000000FF001A
:10F8F000FF00000000000000000000000000000009
:10F9000000000000000000000000000000000000F7
:10F9100000000000000000000000000000000000E7
:10F9200000000000000000000000000000000000D7
:10F9300000000000000000000000000000000000C7
:10F9400000000000000000000000000000000000B7
:10F9500000000000000000000000000000000000A7
:10F960000000000000000000000000000000000097
:10F970000000000000000000000000000000000087
:10F9800000000000FC00FCFCFD02FEFEFFFBFEFE92
:10F99000FFFAFF04FF0004FEFF0100FCFD01000070
:10F9A00000FEFFFFFFFAFAFF000206FCFFFDFBFD71
:10F9B000FBFEFDFF000004FE00F8FE0400FE000157
:10F9C000FF01FEFB00FDFF04FC01FFFD01FD000047
:10F9D000FCFEFC0105FFFAFDFFFDFEFFFD01FF033C
:10F9E000FAFC00FFF500FD02010002FD01FFFBFE35
:10F9F000FFFDFE01FC00000300FDFDFDFAFEFFFC23
:10FA0000000002FD00000000000203008042995047
:10FA1000220000000100FE00030102FE010300FCC1
:10FA2000FDFB02000200FF01010202FCFE02FF00DA
:10FA3000FC030002FF01FC020001FF00000500FBC7
:10FA4000FD00FE02FD0500FF03FE00000200FEFEB9
:10FA50000300FEFF02FF020303000404FE00000196
:10FA600001F900050103000302FC01030000000688
:10FA7000FFFEFE010202FFFC00FCFE0301FDFFFE93
:10FA8000FEFDFC0302FA02030303FF00FF00040073
:10FA90000000FD020000000000F9FE00C042995085
:10FAA0003400000000000000000000000000000022
:10FAB0000000000000000000000000000000000046
:10FAC0000000000000000000000000000000000036
:10FAD0000000000000000000000000000000000026
:10FAE00000000000000000000000000000FE020412
:10FAF0000706060109FDFC0406080206FA000503D4
:10FB00000000FC03010A0103FA01050507FA0402DB
:10FB100003FC04FA00020DFF0405010503FEFF06C5
:10FB2000030803010404FE05050303FB03FFFC03B4
:10FB300006F80304FD070206FD02FF08F9000106AE
:10FB400003010601FE0406FFFB05FF0003FEFE02A3
:10FB5000FFFE05010A03FFFF06FBFF04020204FB90
:10FB6000F902F9FD040902FF000006FA0000000096
:10FB70000004FE0020439950220000000200FEF91C
:10FB800005FCFE00FF050101FBFFFF01FFFCFFFD7F
:10FB900002FC00040304FE030107FFFEFEFF00FE5B
:10FBA0000502FD00FFF702FA0200FFFAFCFB04FD6C
:10FBB00001000202FFFA01FBFD03FA020201000448
:10FBC00000F9FD04FFFD0103FCFE030201FC01013D
:10FBD000FCFE000302FC0002FBFB02FF000A00FB2C
:10FBE00004000205FCFEFF08FE0C0303FEF803F907
:10FBF00001FFFFFB02FEFD000000FF04000000000B
:10FC0000000500006043995034000000000000002F
:10FC100000000000000000000000000000000000E4
:10FC200000000000000000000000000000000000D4
:10FC300000000000000000000000000000000000C4
:10FC400000000000000000000000000000000000B4
:10FC5000000000000300F403FD0101040001FD01A8
:10FC6000FCFB02FE0406FDFD00FFFAFBFEFB0301A8
:10FC7000020205FEFEFF0502FC00FFFDFC00FE0384
:10FC8000FC0209F9F7FBFC060D0AFE03FE03040261
:10FC9000FC06010102FFFCF8070400FF01FF00045D
:10FCA000FC020100030300060501FE04050602FC38
:10FCB0000005F804050100FEFCFE0403FBFCFDFE4C
:10FCC000FBFA0303FEFF0302FCFEF800030201FB44
:10FCD0000000FD010000000000FA0300C04399503D
:10FCE000220000000102FF0103080001FE070201DB
:10FCF00000FF02FCFFFE00000005000100070100FC
:10FD0000FFFF0403FF06FEFF0000FBF70001FFFDFD
:10FD100002FDFE0800FFFEFE01FCFE0300030103DE
:10FD200002010001010800FDFF0300030103FE02C0
:10FD3000FEF9F90603F6FE0001010107FE020102C9
:10FD40000000FDFFFEFEFF0400F8FD05030802FAB7
:10FD5000FDFAFEF80201030100F6FE070003FF01B1
:10FD6000000002000000000000F8FF00004499506D
:10FD700005000000F90FF01008E9EE14000000146F
:10FD8000000000000000080000809950660100009B
:10FD9000010503FE01FEFF05010004FFFFFDFDFB61
:10FDA000FC01FD0100FCFF01FE03030403FD03FB56
:10FDB000FFFE04FF010200FCFDFEFFFEFD0003FB51
:10FDC000FC000400FD02020100FFFC0500FDFCFC3C
:10FDD00001FF0000FD0100FD0202040105FCFCFD25
:10FDE00005FDFCFFEEFF00FD03FB03F902FF03022C
:10FDF00001FF03000100FCFBFCFF04F7FAFCF8FD27
:10FE000004F9FD0202FEFB02FC0002FDFEFD0400FF
:10FE1000FCFFFE03FF03FC010001000000000000E6
:10FE200000000000000000FFFCFCFC0000FEFD04E0
:10FE30000102FA02FC00FEFD010003FDFF00F9FED5
:10FE4000FBFBFDFE0100FAFA00FEFDFC01FE0200D4
:10FE5000FE00000205FF0102FE04FD000005030490
:10FE6000FFFF00000101FFFEFDFEFDFEFCFFFDFCAB
:10FE7000FEFFFFFDFCFEFFFFFF00030201FDFD0191
:10FE800003FC0001FE01FCFF0303FFFD0403FDFC76
:10FE90000404000102FC00FDFC0103020203FF0355
:10FEA000FD03FBFE02FCFF0201FC02FF030103FD58
:10FEB0000102020003FC040103FB00FDFFF9FFFF48
:10FEC000FEFFFF030101FE0000FE00FE0000000136
:10FED00000000000FD00FEFFFDFB00FE03FE02022D
:10FEE000FDFEFD0203FEFD010101FE01FFFDFCFC24
:10FEF00000FEFE00FE020101FBFBFDF9F7F901FD2A
:10FF00000301F9F7FC03FDF8030202FCFC00FFFE0D
:10FF1000030401FE0203FE01020100FC010203FED4
:10FF200001020301FFFFFEFC0001FFFEFF03FCFBDB
:10FF3000FEFE0204FBFF02FC01FEFE00FDF9F9FDDE
:10FF4000FEFEFF01FF02F9010205FFF503F905FFBF
:10FF5000FD01FEFE01030001FEFFFBFDFEFDFEFEB6
:10FF6000FEFEFEFEFFFC02FF0402FF03000100FC98
:10FF700000000000FFFF0000FFFFFFFFFBFFFFFF8F
:10FF8000FFFC0000FDFCFCFD0000FEFFFE0100FD8B
:10FF90000001FE00FDFE00F9FD03FEFE02FD000370
:10FFA000FD0300FE0101FF030000FEFDFFFFFFFF58
:10FFB000FEFEFEFFFFFDFFFEFAFCFBF8FEFF03FC6A
:10FFC00000FDFCFD02FFFCFEFFFEFEFEFDF9FEF95A
:10FFD000FEFF000003050205FF01FB02FFFD01FB20
:10FFE0000504FD00F9000304FEFBFE050007FD000B
:10FFF000FDFE01FCFFFDFDFD08FF0503FF00000203
:020000041002E8
:100000000001000002000100FEFFFDFC05FAFC04F7
:1000100000040400F9FC07FEFFFF01FF04030302D4
:10002000FFFEFBFEFEFBFEFFFF05FF00FAFE02FCEB
:10003000FCFAFAFCF8FBFDFD02FEFD00FEFDFCFDF6
:1000400002FB0000FD000303FB010204FE0101FEB0
:1000500004040102FD03FB00FBFB00FDFEFBFDFCB5
:10006000FFFF000000FFFF00FFFEFF01FDFFFD019D
:10007000FEFB0002FD02FC02FEFCFCFEFD01FBFF9C
:1000800006030102FF0000FF000001FF050901FF58
:10009000FAFBFDFCF9FB03FD05FAFDFA020105FC84
:1000A000FEFC02FFFDFD030205FCFD030001000351
:1000B00000FE03FC02FFFEFEFF01FC01FF00000149
:1000C000FDFFFE00FD05FDFCFFFAFFFEFFFA00FC50
:1000D00001FBFEFCFD01FFFFFDFFF8FF050500FD34
:1000E000010306FF04FD0402000101FC06040703EE
:1000F000FFFB02FF000301FD0000FE06FF0200FF00
:10010000FEFDFE000002FE02FFFEFFFD04030101F2
:10011000040606FC0301FE05FD0002FEFFFEFDFBDA
:1001200001FDFE02000000FB00000000FE000000D8
:10013000020300FF00060104FD01FA01FFFE01FEBB
:1001400001FB01FDFF02FD03000001FF00000000B4
:10015000FF00000001FA00FBFFFFFF0600FF01FFA8
:10016000FFFCFE00FF0106020CFF0301FFFF040776
:100170000001FF0105FFFFFEFD03FB0209FFFF0574
:10018000FEF902FF02FD0200020505FDFAFB03FF76
:1001900004FEFDFDF903020103F9FD010204FE0561
:1001A00001FB05FC00000200FC03FF00FEFF08034A
:1001B00004FC01060100000107010300FF0305071D
:1001C000FCFD01FF02FEF90102010402000202FF30
:1001D000FE02FEFB0302FD0303FF0102FD01FDFE23
:1001E00000010201FE0300FFFEFBFFFFFDFAFCFB26
:1001F000FCFCFBFBFF00FD00FC01FDFF0000FEFD21
:1002000000000000FF00000000FF0000FFFE0000F3
:1002100000000000000000000000000000000000DE
:1002200000000000000000000000000000000000CE
:1002300000000000000000000000000000000000BE
:1002400000000000000000000000000000000000AE
:10025000000000000000000000000000000000009E
:10026000000000000000000000000000000000008E
:10027000000000000000000000000000000000007E
:10028000000000000000000000000000000000006E
:10029000000000000000000000000000000000005E
:1002A00005FE07F8FF03FD02030201FFFF0701023D
:1002B0000200FEFD02040000FE02FE0202000AFC33
:1002C00004FD03000103000202050402FD0200FE1A
:1002D00006FE02FD02020003020105020005FEFB0C
:1002E0000303FF00010503020002FD010202FF01FA
:1002F0000706FF0100020004FD0203FE02030002E4
:1003000007030003020402030605010003FB0503C3
:10031000FC0603FEFF000001020001020000FDFDDB
:1003200000000000000601008082995022000000B9
:100330000000FE00FD02FEFFFFFD00FE04020600BD
:10034000FDFDFFFDFC00FE00F90303FFFEFEFEFEC7
:10035000020202FFFDFE06020000FE000401FB0196
:100360000101FE000101FF06FF0200000200010280
:100370000400010000FD000000FEFE00FE02FE0081
:1003800000000000FEFF010204FFFB03FD0203FF6B
:100390000201FF02FD00020001FC02FFFF05FD015A
:1003A00004FF040301010103000404000000FC0435
:1003B0000000000000FE0500C082995034000000DB
:1003C000000000000000000000000000000000002D
:1003D000000000000000000000000000000000001D
:1003E000000000000000000000000000000000000D
:1003F00000000000000000000000000000000000FD
:1004000000000000000000000001FF040602FFFFE2
:1004100001020100020205FAFFFE0306FC020102CE
:100420000400FB07040004000203FF00FEFE02FCC0
:1004300005FFFD0202FF010103010006FC02FD00B1
:10044000FE0002000300FF00FD0002FD010000FEAF
:10045000FC01FEFDFCFDFEFE03FE03FEFF0102FEAD
:10046000020102FDFDFAFDFDFD0302FFFF02FDFB9F
:10047000010205FFFE0101020000FF0100FD02FC78
:1004800001000302000000040000000000FC010065
:1004900020839950220000000103030300F9FB02AE
:1004A000020406FDF802FF010200F9FD02FFFDFF54
:1004B000FE00FF02FBFE04FE00020100FC0202FF40
:1004C000FCFFFDFFFB01010003FB0001FEFE03003A
:1004D000FDFFFC00FE0000000000FB0100FCFAFE36
:1004E0000101FE01FEFF0003FCFDFEFF040502FE0C
:1004F000010301FAFC02F90002FD020107FF04FFFB
:100500000101FCFEFCFD09FFFD0205020401FF01E3
:1005100002FCFF01000002000000000000020300D6
:1005200060839950340000000000000000000000CB
:1005300000000000000000000000000000000000BB
:1005400000000000000000000000000000000000AB
:10055000000000000000000000000000000000009B
:10056000000000000000000000000000000000008B
:1005700003FD00FAFF01F70102FA01FFFF07FFFF89
:1005800003F802FCFEFFFD05FE04FEFDF9FBFCFE88
:100590000104FCFEFD02FDFCFBFEFD0202FEF9FC77
:1005A00002FE03F8FCFFFB04FF010003FC00FEFC5D
:1005B000FD04FE000200FDFCFE0101FFFEFAFBFD52
:1005C0000104FFFBF60001FC01F302FEFFF8FCF75B
:1005D000FCFA00FFFFFC02010001FEFBFAFFFDFC3C
:1005E000FE01F7FFFEFCFEFD01FB03FB0000FEFD2C
:1005F0000000000000FD0300C083995022000000AD
:1006000003FE000204FDF501FDFD0003FD07FEFBF6
:10061000F70700FB0400FDFDFF040104FBFE0108D9
:100620000801FB0802FF050205FDFE0000F300FFC4
:10063000FE0201FC01FB07FDFE030201010502FBB6
:10064000FF060100FDFD01FD03FD0601FDF6FD00B5
:10065000F80BFFFA0102FEFF0204FEF80304050195
:100660000005040202FEFE0304030000FEFF050372
:1006700002F8FF03FC000105FDFFFC020000FD0085
:1006800000000000000804000084995005000000EC
:1006900004FF01FAEE0D04F60000000F0000000058
:1006A0000000F80000C0995066010000FD0002043F
:1006B000FE0303FCFE00FD05020103FC020004042E
:1006C00003FD02FDFFFE0001FF030103FB00FC012F
:1006D000FF04FCFF010200FFFE0100FFFCFFFF031F
:1006E00000FF01FC04FC01FD00FC04FE0100FF0012
:1006F00000FF0000F7030301FFFE05FEF903010000
:10070000F6FBF9F801FFFCF8FDFF01040004FCFD15
:1007100003FEF900FA03010001080B01FFFB0808C2
:1007200000FD02FA010301FD03FA0102FDFBFC02D8
:10073000000204FA000000000000000000000000B9
:100740000000000003020600FF000406000003068C
:100750000203FFFF030102FC01FE010002FEFF0392
:100760000805FE0300FC0A0A0202FF00FEFF00016A
:1007700004050001FD04FD030003FD050000000069
:1007800000000000FDFDFEFEFCFDFCFD00FEFEFC89
:10079000FE000100FF000000000100FFFC0000FF60
:1007A00003FEFD00FE0200FE03FC03FD000001034A
:1007B000FF0103040100FF0301FEFE01FF0203FD30
:1007C000FBFDFEFEFF01FD020301FB03020203012C
:1007D00003FF03FD01FF020301FBFDFB0000040119
:1007E0000000000000000001000000000000000008
:1007F000FFFEFCFB02050704030303FDFC0100FDF3
:10080000FEFF04FB03030103FFFC000500FFFFFFE5
:100810000000FF01F802FD01FDFBFDFC0205FCFEEE
:100820000503FE01FFFC01FEFEFB00000000FCFFD3
:10083000FDFDFEFFFFFEFDFF0102000002FF0002C2
:10084000FDFE00FEFAFF01FE02FBFDFFFDFBFEFCCC
:10085000FF00FCFFFF030002FD0002FF03FCFF029C
:1008600001FDFEFDFE04020004FBFE01FE02FC028F
:10087000020003FFFEFFFFFFFEFEFFFFFEFEFEFE87
:100880000201FF00FE03060200000003000000005A
:10089000000000000000000001000000050001FD54
:1008A000FC02FB0200FF00000000000001FFFF014E
:1008B000020302FAFE01FEFE00FBFDFCFFFCFD014F
:1008C00001FF01FF00000000FEFEFEFEFEFEFEFE38
:1008D0000303FCFDFFFDFFFE05FF00000000060115
:1008E000FCFE01FDFEFF01FC01FEFAFFFFFE010020
:1008F000FF010200010000FE0000000000000000F7
:1009000000000000000000000000000000000000E7
:10091000010100FFFF01FF000000000000000000D7
:1009200000030000FFFE0302000300FE000000FFC2
:10093000000000000000000000000000FF01FF00B8
:10094000FEFF0003000002010000000000000000A4
:10095000000000000000000003FF0302000200FF8F
:1009600001FF000200010000000000000000000084
:100970000000FF000000000000000000FF0000FF7A
:100980000000000001FEFE00FF010000FD0200FE6D
:1009900001FF00FEFEFD02FD03FF03FFFF00030158
:1009A000000000000000000000FFFF000000000049
:1009B00000000000000000000000000000FE020136
:1009C000000200FE01FF02FF0002000000FF020221
:1009D00000030201FF000202FF00FFFF0000FFFF13
:1009E000000000000000000003020103FE0100FE01
:1009F000000000FF00000000FF020000FF030200F3
:100A000000FEFE04000000000000000000000000E6
:100A100000000100FEFEFF0101020000FF00FF02D6
:100A2000FF01000201FD0200020003010200FF01BC
:100A30000200010200010000FFFF000000000000B2
:100A40000000FF01000000000000000000000000A6
:100A5000000000000001010001FFFFFF000000FF97
:100A60000000000000000000000000000000000086
:100A70000000000001000000000000010000000074
:100A80000000000000000000FF0000000000000067
:100A900001000000000000000000FF00FF0200FE57
:100AA000FE0102FE000000FE0000000001FD00004B
:100AB000FD0203040102FFFD00000000010001002F
:100AC000010001FFFFFD0201000000FF0000000027
:100AD0000001000000000000000000000000000015
:100AE00000000000FE010300020200FEFE01FF0103
:100AF000FFFEFE02FFFFFEFE0200FE0102010201F8
:100B000000FF02000200FFFD00010000020202FFE0
:100B1000FEFD0103010200FE0000000200000000D3
:100B2000FF000000FE0000FF0101FFFE00000000CA
:100B300000000000000000000000000000000000B5
:100B400000000000000000000000000000000000A5
:100B50000000000000000000000000000000000095
:100B60000000000000000000000000000000000085
:100B70000000000000000000000000000000000075
:100B80000000000000000000000000000000000065
:100B90000000000000000000000000000000000055
:100BA0000000000000000000000000000000000045
:100BB000000000000000000000000000010100FC37
:100BC000FEFEFFFF01FF01FE01FF01FE0603020022
:100BD0000201FEFF0101030102030200020108FFFE
:100BE000000006FE010200FC0005010100FF0701F4
:100BF000FEFF03FD01020001FFFD00FCFFFB0203FD
:100C0000040401FFFF0001FF02FE00FF03070100D3
:100C1000020001000201010202020102010201FFC1
:100C200000FD0301000303010001010300FFFFFEBB
:100C30000102030001FD02FF0000FC0400000000AF
:100C40000001FC0080C2995022000000FFFDFD045D
:100C5000FEFF0102FDFFFF000202FFFC03FBFEFCA2
:100C6000010200FF010600FD01090202030500FF69
:100C700002FC03F8FF03FF02040001FA0106010170
:100C8000FF000001FF0BFE03FE0100030001FF0453
:100C90000101FB01FDFBFD02FEFA010300FE02FB68
:100CA000FFFB03020002030DFF0204FEFFFA010531
:100CB000FEFC00FFFD00040000FBFE0103F8030A38
:100CC000FEFA020101FCFE06000000FD000000002B
:100CD00000F70200C0C2995034000000000000007C
:100CE0000000000000000000000000000000000004
:100CF00000000000000000000000000000000000F4
:100D000000000000000000000000000000000000E3
:100D100000000000000000000000000000000000D3
:100D200000000000040505010103040601FF0103A2
:100D30000700FC030006030506010209FD0300018C
:100D40000403FF000502FE030307000701FF0A0476
:100D50000303030607050002020401030301FF0168
:100D6000030101020602020101FF05020606020656
:100D7000FF03040304FF03FF030202010206FF0155
:100D800004020300020303050AFE06FE050300FC3D
:100D90000602FE0105020305030301020304050127
:100DA0000000FE00000000000003070020C399506F
:100DB0002200000000FEFEFA02010003020200040D
:100DC00002FC02F4FF0501000200FF050302FDFE24
:100DD000FF010001FFFCFF0201FF03F9FCFDFD0024
:100DE00001FEFFFCFF01FEFCFFFFFF00FEFF00FF16
:100DF000FEFBFE0301030103000102FF0307FF06E0
:100E00000202000103FFFFFE00FB01FF01FEFCFFE9
:100E10000005000002FFFF000004FF0002FC0206C4
:100E2000000402FEFFFF04FB01020000FFFC0103BF
:100E30000000FF000000000000FEFE0060C39950AB
:100E4000340000000000000000000000000000006E
:100E50000000000000000000000000000000000092
:100E60000000000000000000000000000000000082
:100E70000000000000000000000000000000000072
:100E800000000000000000000000000004FD00FF62
:100E9000FD0005010506070102FC02FE0105FB003D
:100EA00000FE00FD02FEFEFB000006FE01FE070044
:100EB00000050204FF03FB01FE0407FE0004050514
:100EC000040001FF00FF03FE0106FE0203FF050010
:100ED000FE00FCFD010403FF0004040104060208F7
:100EE00004FD03020403FB0001030000040000FEF4
:100EF000FE020A0504040301020307FD00020106C5
:100F0000010102020001FE030000020100000000D6
:100F10000000FE00C0C3995022000000FF0404043A
:100F200002020A04030503F902FEFC0602F600F9B8
:100F3000010403F4FDFC030500FD06FCFA0201FBBD
:100F4000FEFFFD0208FF0104FDFE04000303000292
:100F50000206F900060104010007FFFD00FF03037C
:100F60000500FE0605F701F80501F9FF0300F8FE8C
:100F70000608FE01030104FC06FBFA00FFFFFC0368
:100F8000FAFCF802030308FC0104F801060401035B
:100F900004F7FBFD000203070000FB010000000056
:100FA0000008F80000C4995005000000EEF50B049D
:100FB00007F9F50400000001000000000000160021
:100FC00000009A5066010000050004030202FF04BD
:100FD00000FC03FE0403FDFC02FF0502FEFE01020D
:100FE000FD01FEFF0301FF03FE04FD0402FC0103FB
:100FF00001FF02FDFEFCFEFEFC00FF03FFFAFF0105
:101000000003FFFC020000FC0100FFFE0100FF01E5
:1010100000FF0308FF00FAFB03FFFEFF00FD0002D4
:101020000103FFFC0300FD02FCFCFDFFFD00F804D2
:10103000FE0003F9FF0801FC06FF06000102FBFFAA
:10104000FB0304010506FC00020304FC0000060289
:1010500000000000FF01FF00000000010000000090
:10106000F902FC00050400FF0004FF0502FC000279
:1010700002FFFFFFFFFCFAFE070104010100FFF879
:1010800003FF0204FDFFFEFBFE01FE01000201FF63
:10109000FD00FDFF000102FEFF0100000000000056
:1010A000FDFCFCFDFFFEFDFD010001FD02FF010155
:1010B00002FE01FCFE00FD020200FEFE0001FD003A
:1010C000FF0301FDFBFAF9FAFAFF01FC0101FEFC46
:1010D000FF0300FEFFFD02FBFFFD01FDFF00FE0020
:1010E00001FE01FCFDFFFEFD00FCFCFE000002FD18
:1010F000FCFBFE01070102FD020207060202FFFDE2
:101100000000FF0000000000FFFF0000FFFFFCFFE9
:10111000020506FE00FEFC0100FF00FEFC00FC02D2
:101120000001FD0302FA020200FFFD02FD00FDFDC9
:10113000F9FD0103FDFAF9FCFE040301020401FFBD
:101140000401FC01FCFEFB03FBFB02FC03FAFBFEBB
:10115000FBF9FD01FF0200FE020101FEFDFE02FFA0
:10116000FF0200FD0200FCFFFEFC04FC01FF000387
:10117000FD04FA00FD03FD00FCF60502FDFEFDFF87
:10118000FCFDFEFAFBFAF8F80100FD00FCFE03008E
:10119000FEFE01FDFEFEFEFEFDFEFEFE00FE030362
:1011A000FEFB0701000000020000FF00FF0000FF3F
:1011B000FF000000FD00FFFF01FBFB03FAFDF7FE4F
:1011C000FD01FD00FFFDFFFD01FFFE0203FB00002E
:1011D000FDFCFEFBFDFCFEFC00FD00FE00FF000030
:1011E00000FF0101FDFCFCFCFDFDFCFDF9FBFAFD2F
:1011F000FFFBFD0101FBFDFCFB020600FAFEFFFD0B
:10120000FA00FEFFFBFD010100010103FEF900FEF3
:10121000FFFBFEFF0AFA0504050401FEFAFE01FFCA
:101220000AF6FB0203FD01070A02FD05FC00FEF7BA
:10123000FEF90501000000040000000002FD0000AE
:101240000303FEFE0E03FFFC01070704FEFF05FC7F
:10125000FCF2F9FBFEF702F903FF0605FA00FCFBBE
:10126000060700FCFB0204FEF7F80100FAF8FEFD99
:10127000FFFBEDFF040004FF0300FFFE0501020376
:10128000FC0802FD00FDFCFDF6F600F8F7F8F5F8A5
:10129000FDFFF7F800FF00FBFE00FFFEFDFF00FE74
:1012A000FF00FFFFFF02FF01FDFAFE01FC00FDFA57
:1012B000FF01FDFE05FD0103010201030000000026
:1012C00000000000FDF6000004020005FEF6050621
:1012D0000505FC03010405FE03FB0200FAF8F90012
:1012E000FF040403FB0000020706FEF7FAFDFE0000
:1012F0000001FBF6FE00FC01F7FDFDFEF7FBFDF82B
:10130000FEFAF8FF03FFFEFA06070105F8F7FE02F2
:10131000F6FAF8FC01FDFFF8040200FDF8FB0004FA
:10132000FCFB0AFEFEF7F40603FEFBFD02080604C2
:10133000FEFFFE0100FEFEFFFAFFFFFDFCFF02FDC7
:10134000FFFBFE02010101030100FEFFFDFA0004A4
:10135000FCF4F9F9FE01F9F900FAFDFA0000FEFCCF
:101360000000000000FF0000FBFBF8FC01FBFCFAA2
:10137000FA01FCF9F8FB01FCFB02FFFD02FD010490
:101380000000FE040000000006000000FF02FDFA5D
:10139000F9FEFF0000FEFEFF0000FDFF0100FA0065
:1013A000FA0406FA0000F9FAFF00000004FD00FF4D
:1013B000FE01FC00FBFE0AFAFCF9FCF9030002FC4A
:1013C000FBFEFDFFF1FCFAFD000202FBFDFD00004B
:1013D00008F7FBFD0207050AFAF9FF0203FCF7F81C
:1013E00000040204010606FF0202FC03F9FAFCFDF8
:1013F000FF01FDFDF8050100F9FBF9F60702FF000A
:1014000001FC07080504FF0501FDFDFBFFFDFAFFD8
:1014100001FAFFFCF9FBFB01FDFFFDFE03F90A04E5
:1014200001F7F405F90303F5FEF3FFFFFDFBF706F3
:1014300000FDFBFFFEFDFAFDFF00FDFC00FF00FDCF
:1014400000FFFE00FEFF00000000000000000000A2
:10145000000000000000000000000000000000008C
:10146000000000000000000000000000000000007C
:10147000000000000000000000000000000000006C
:10148000000000000000000000000000000000005C
:10149000000000000000000000000000000000004C
:1014A000000000000000000000000000000000003C
:1014B000000000000000000000000000000000002C
:1014C000000000000000000000000000000000001C
:1014D0000000000000000000FF0301FD0200FF0209
:1014E000FD0001F9FD00FF02FC00FF010000FCFD12
:1014F00002FBFEFEFDF800FD0201FEFEFE01030000
:1015000000FE00FF03FCFFFFFE010101FB0100FEE6
:10151000FF0000FE0003FBFC00FDFDFD00020100DA
:101520000000FFFF04FFFFFFFFFF01FD0304FFFBBF
:10153000FE01FC0104FFFA01FE04FB00FFFE00FEB9
:10154000FC02FFFEFFFB0000FBFD0900FAFE0504A4
:10155000FE06FFFD00000100000000000000FD008D
:1015600080029A502200000001FE0300FA01FE00F2
:1015700004FEFCFC01FEFE0702FB01FE0104FD016E
:10158000FBFC0203FD00FD00FD00FB01FC01070266
:10159000FF0400FE010403FF00020002FEFFFFFC47
:1015A00001FFFE0307FF0204FA04FDFF0200FD0134
:1015B000F6FDFC030103FE04FFFC01020001010033
:1015C00000FEFEFF07FA01FF020403FC020205020F
:1015D000FE0104FD01FFFF010503010004FB010002
:1015E000050201FF0000FE000000000000FCFE00FC
:1015F000C0029A503400000000000000000000000B
:1016000000000000000000000000000000000000DA
:1016100000000000000000000000000000000000CA
:1016200000000000000000000000000000000000BA
:1016300000000000000000000000000000000000AA
:10164000FE00FFFDFE01FDFB0100FBFCFC0002FCB7
:10165000FF00FEFD0401FFFFFC0104FE01FFFEFF91
:10166000FEFDFDFE01FFFB020200020203FC00FF83
:10167000FAFE00FE01FC000101FF0301FEFCFCFB81
:1016800003FD02FF0201FDFF01FCFEFE00FE02055C
:10169000FD02FE01F80005FEFDF7FFFE01FC02FE63
:1016A000FE01FCFB0001FF01FCFFFF01FDFF01FE4D
:1016B000FDFFFEFDFE03FCFCFE03FF010000030135
:1016C000000000000000050020039A5022000000E6
:1016D00004070401FEFE000405050205FF000305E2
:1016E000FE03FF000200020300000102FF0404FEEB
:1016F000FEFE0200FDFFFC0800FEFEFD0003FE06EC
:10170000FC00FDFB01010405FFFFFE00FF020000DD
:101710000201FD02000201020002000103FFFF03BB
:10172000FD00FDFFFF02040100FEFD0602030203AF
:1017300002030000FE0000FCFF03FFFEFEFD0101AE
:101740000100000101FFFE00010102FE0000FEFE9B
:101750000000000000FE010060039A503400000009
:101760000000000000000000000000000000000079
:101770000000000000000000000000000000000069
:101780000000000000000000000000000000000059
:101790000000000000000000000000000000000049
:1017A0000000000000000000FD04FE020002FEFE3A
:1017B00001FBFCFBFCFC01FFFEFEFD02FE00FAFF4C
:1017C000FF02FFFB03F5F700FCFFF7FBFE01F9FB4F
:1017D000F801F9F9FAFBF6FD020001FDF9FAFAFB4E
:1017E0000200FAF801F506FFFC00FE00F6FDFEFD22
:1017F000FD00FCFCFDFBF70001FCFCF5F9FBFD0224
:10180000FAF4F900FFFDFFF8FDFCFCFDF6FFF7011F
:10181000F700010502FD05F8FEFD0101FFFEFAFFDC
:10182000FD03FF00000001FE000000000006FA00BA
:10183000C0039A502200000001010004FF0001F6DD
:10184000FF0105FD0001FEFBFFFE020302FDFF0399
:10185000FD0000FBFE0101FD03FDFFFD0204FEFA99
:1018600001040000FB0700FFFF03FFFCFF05FD0272
:1018700000FBFF0001FD030603FE0100FDFD00FB70
:10188000FD020409F9FF04FFFE03FBFEFEFE000259
:101890000007FD07000300FF02FBFE02FDFBFEFC4C
:1018A0000706000102FDFC010501FF0A020001021A
:1018B00001FEFD03000000030000000000FBFF002C
:1018C00000049A50050000000AEF08F4EDF90AF947
:1018D00000000009000000000000140000409A50C1
:1018E0006601000000FD0404FFFD0401030205037E
:1018F00003FEFD0102FC0202FEFE02FFFDFE0202EB
:101900000202FCFD0301FDFC0104FF04FC020000D7
:10191000010202FC0102FC00FFFAFFFD03FFFC01D3
:101920000101010001FEFFFFFFFEFF00FE0001FEBE
:10193000F9FBFA0201020402FCFBFBFD01FEFFFEC3
:1019400003FE01FFFFFEFC01FE0300FBFEFFFEFDA8
:10195000F7FDF8F4FBF705FF01FCFF0201FCFEFDBB
:10196000FDF9000000020004000203030000000073
:1019700000000000000000000000000005FC010065
:101980000201020300020503FA00FEFAFCFFFD015A
:10199000FBFDFFFCFFFEFBFF01FCFFFD080801FE55
:1019A00002FE01FE00FFFD0103FDFFFE03FE01FE3E
:1019B00000FD010400FF00000101FF00FDFDFCFD32
:1019C000FDFEFCFCFF0000FDFCFF02010001000128
:1019D00001FEFEFF03FF020003FF0104020305FFF7
:1019E000FEF9FE030102FFFFFE01FFFDFE00FEFB0C
:1019F0000101FCFE020100FEFFFF02FD00030100E9
:101A0000FFFEFB0100FCFFFC0302FC00F8020500E6
:101A1000F70400FBFEFF05FCFE00010200FF0001D1
:101A200000000000FF0000FFFBFFFEFCFD00FCF9D2
:101A3000FFFC0207FFFD02FF0100FD0401FFFAFCAD
:101A4000FDFCFDFF02010201020301FEFF02FD0198
:101A50000104FAFEFFFEF9FDF70100F6010901FDA0
:101A600001020204F8FFFDFCF7FEFFFEFAFEFF0094
:101A7000FFFFFFFF0001FEFDFC03FCFEFBFD00FC81
:101A8000FEFDFFFF0303FC02FBFEFEFDFB00000466
:101A900000FAFF010303FE03FD0504FFF702FD0248
:101AA00005FBFCFEFDFE010303FEFB03FDFCFCFE4B
:101AB000FEFEFEFDFEFEFEFEFF0204000506FCFC2F
:101AC000000000FA000000FF000000FF000000FF1F
:101AD000FC00FFFFFF0AFFFBFD050EFCFF01FFFFFF
:101AE00002020100FEFDFBFF04FBFFF5FC00FD020E
:101AF000FEFE00FFFF01FF02FFFE0001FF00FF01ED
:101B0000FDFDFDFDFDFDFDFD0100FDFD00FBFBFEFE
:101B1000FAFAFAFE0502FE04FA00FE030102FBFDDA
:101B200000FEFEFFFBF80004010003FDFCFB0601C4
:101B30000904FC070305FF03FF030401F901FD0588
:101B4000FBF902FCFCFAFB03FEFDFBFF000205F9BA
:101B50000000000400FF0000FFFD000000FAFE018D
:101B600005F8FE00FF0903FDFB0304FE05F905FF70
:101B7000F8FA0100FCFCFCF7FBF6FDF302FFFCFBAE
:101B800000030402FC01FF0003FD04FFFFF9F6FD62
:101B9000F902FBFC00FD01FF01FB0002000201FE57
:101BA0000400FFFFFF030101F7F9FCF9FD00FFFE50
:101BB000FDFDFFFEFEFDFFFFFD01FDFFFDFAFDFF48
:101BC000FBFFFF00FC03FBFC01FC02FEFF03FB002C
:101BD00003FD04FE00FEFC00FF01FFFFFF00FFFF0E
:101BE00002010500F4060300F5F3FDF503FBFAF925
:101BF0000002FE01FE0102FEFFFFFCFE0203FFFDEC
:101C000005FF0100FBFF02FEFE03F902FFFE02FEDC
:101C1000FE00FBFFFB01FDFBFE01F9FD03FEFFFBE8
:101C2000FAFE0200FBF8030301FF03FC05FF00FFBF
:101C3000FF02060203050204FBFA0305FEFC02FA9A
:101C400004030205FEFE01FC00FC0102FEFDFF0193
:101C5000FFFBFCFE0002FEFEFA0003FBFDFDFAFFA7
:101C6000FFFC05FF07000102FE05FE04F9FB050667
:101C7000FDFDFDF700FE01FB00000003FF0000007A
:101C8000FFFF000004090100050307FF0503040628
:101C9000F9F9FEFF000005FB030204030000010048
:101CA0000000000007000000FD03FA01FE01010032
:101CB00003FBF8FEF801FCFC0101F0FF01FAF8F368
:101CC000FF00FBFFFEFF000002FC0001FF04FD001F
:101CD000030205FDFCFFFCF703FEFBFE0406050600
:101CE000FD0100FE0104F9FEFFFF010102F8FA0701
:101CF00003020200F9FA06FD04F7FBF90401FB00F8
:101D0000FBFE030007FEFD08FDFD0305FFFFFC01D0
:101D1000FCFDFB00FF00FBFFFBFE04FEFCFC06FFDE
:101D2000FAFF02FF0101FE01FCFE01FF03FCFEFDC4
:101D3000FAFBFB02FDF9F601FCF50BFFFFFDF6FADD
:101D400009F9F7FEFA01FFFAFCFCFA0303FEFCFDB9
:101D5000FEFBF9FCFFFEFEFEFE00FCFE01FFFCFEAA
:101D6000FDFF00FD0000000000000000000000007A
:101D70000000000000000000000000000000000063
:101D80000000000000000000000000000000000053
:101D90000000000000000000000000000000000043
:101DA0000000000000000000000000000000000033
:101DB0000000000000000000000000000000000023
:101DC0000000000000000000000000000000000013
:101DD0000000000000000000000000000000000003
:101DE00000000000000000000000000000000000F3
:101DF00000000000FF0203FF00FE00FF01010002DF
:101E0000FD0002FEFFFEFE0003FDFF01010002FFD8
:101E100002FEFE05FFFEFC00FCFDFDFF010100FCD3
:101E2000FDFF000002FE0100FE01FF00FE00FFFEBC
:101E3000FD00FC01FE0102FEFCFBFFFFFDFE01FDBB
:101E40000301FE01FCFFFDFB0103FFFCFAFD0103A2
:101E5000020303FC01FF0001FFFE00FDFF00FFFE87
:101E6000FE01FF02FCFE06FCFAFCFC01FEFEFE0089
:101E70000000FEFD0000000000FDFE0080429A50C0
:101E800022000000FFFC0002000303FC03FDFFFC36
:101E9000020101FDFEFD020502FD0001FFFF01FD43
:101EA000FE010202020000010104FFFC030201FE28
:101EB000FF04FF02FF00010501050104FF01FF020D
:101EC0000201FF0102FF010102F90306FFFC040108
:101ED000FB06FCFB020301FC00FD00030002FC0109
:101EE000FE0400FDFFFC0002000101FF00030002F0
:101EF000FF010105FD0101030102020502FF0000CF
:101F0000000000060000000000FF0000C0429A50E0
:101F1000340000000000000000000000000000008D
:101F200000000000000000000000000000000000B1
:101F300000000000000000000000000000000000A1
:101F40000000000000000000000000000000000091
:101F5000000000000000000000000000FF0002027E
:101F6000FFFDFDFE0102FEF501FCFEFEFFFEFFF996
:101F700001FD02FFFD00FEFC0201FDFFFBFC01FB79
:101F800000FA01FEFFFE00FEFBFFFCFCFEFEFF016F
:101F9000040005000000FCFEFFFEFAFBFDFEFFFD55
:101FA000FC03FD0000FEFDFD0202FD0000FD02FE3F
:101FB000FF0000FE01FFFD0503F7FFFCFDFE00FD35
:101FC000FD02FE01FEFB03FEFEFB00FDFE00FEFC2B
:101FD0000400FCFBFFFDFE000000FF02000000000B
:101FE00000FF000020439A5022000000FA02FD0189
:101FF000FF01FE020304FCFA05FE00FEFE00FF02E4
:102000000200F901FC01020100F9FAFFFCFE0102E5
:10201000FD0003FFFCFF00FD050201FFFFFDFC03C7
:10202000FE000102FD05FD02FE03FFFE03FF00FCB2
:1020300001FDFD01FE0001020202020100FB02FBA4
:10204000FA0507050501FCFE05070201FEFEFF0378
:102050000000FDFD07FE07FF00FD0003060106FF6F
:1020600002FE020502FE00020000FC020000000069
:1020700000FF000060439A503400000000000000A0
:102080000000000000000000000000000000000050
:102090000000000000000000000000000000000040
:1020A0000000000000000000000000000000000030
:1020B0000000000000000000000000000000000020
:1020C00000000000020201FD0100FE01FEFDFDFF17
:1020D000FFFBF900FEFBFE0000FEFF03FE03FB0218
:1020E00000F9FCFEFD01F6FBFC00FFFC02FDFDFD1E
:1020F000FD02FB01FCFEFEFEFBFBFCF900FBFCFE0F
:10210000FFF600FFFE000001F4FCFFFFFAFFF7F905
:10211000FFFBF704FAF9FCF9FDFAFF03F9F8F902FD
:10212000FEFAFFF9FC00FE02FF03FAFAFEFAFF01D5
:1021300002FC00FAFDFDFDFFFCFEFD00010201FDB9
:102140000000FFFA000000000001F600C0439A50B2
:1021500022000000000408FAFFF70205FE04020056
:10216000FDFDFE00080703FDFCFBFDFCF6FBFF0286
:10217000FF0407FC010302FAFF060806FA0003FF4A
:10218000F90101FD02FBFFF90001FC0304F7FE0168
:10219000FFFDFB0202FD020003FBFF040403FBFE44
:1021A000FF06FEFF04FCFDFF0202FDFC000106012C
:1021B000FEFFFC0002FFFBFD0401FB070302FF031F
:1021C00003090701FE0305020301FD0208FF0205E2
:1021D00000000000000000000003050000449A50C9
:1021E00005000000FFF60105EC0C08FA000000FDF8
:1021F000000000000000110000809A5066010000FD
:10220000FDFF0002FF00020003FD0203FBFE0101CF
:1022100002FDFC01FF02FFFE03FF0004FD00FA02C5
:10222000FF02FE0203FEFB01FEFEFE0001FDFDFCBF
:1022300001FBFFFE000001FEFC04FEFB01FC0005AB
:10224000FF010000FEFE02010401FF0BFD07FCFF81
:10225000020301F904040200FDFD02FF00FCFEFE82
:1022600001FC03FD0200F900F6FFFEFFFB00F9EFA1
:10227000050602FBFDFE0304FFFD04FF04FFFFFF54
:102280000401050400FD030500000000000000003B
:1022900000000000000000FF00FF0200FCF9FE0348
:1022A000FD04FDFD00000201F9FE0204FA02FCFE3D
:1022B000FDFFFFFEFEFF00FBFD0301F90101FF032F
:1022C000FF0100FFFEFDFEFF05FEFD00FF01FF0216
:1022D00000FF0000FF000000FEFEFDFEFEFFFFFF0E
:1022E00003FF02FFFE0201FE00FEFC02FD01FFFEF5
:1022F00005FE010104FE0003FD00FE0104FAFDFFDE
:10230000FC00F701FB0103FAFEFC01030001FC02E3
:1023100001FDFD0303FFFDFDFDFBFBFCFFFCFCFCE1
:1023200003FC020202FF0202040500FF00FB01039E
:10233000FD02F901FFFF010000FEFFFF00000000A9
:10234000FF000000FCFBFCFD00FCFCFC0103FC01A9
:1023500003FE01FDFBFF03FD03FAFAFF0201000289
:1023600002FD0001FEFE02FE00000308F9F804056C
:10237000FF04040207050404050003FFFB02FE003E
:10238000F900FDF8F5F7F8EEF4F5F6F400FEFDFDC2
:10239000FF0000FF06FFFC00FD06FEFAFD0004FC46
:1023A0000002FE0003020301FC040402FB01FDFC29
:1023B00001FEFC030200FC00FBFD0000FBF2FC013F
:1023C000FE00F7FF0303FC01FEFBFB02FFFEFFFE26
:1023D000FEFEFFFE01F8FB03FE01FF010001FFFB13
:1023E00001FF00000001FFFF0000000006000000E8
:1023F0000102FD05FEFCFDFE010101FEFEFD0201E4
:10240000FAFAFFFFFDF8FAFCFF02FDFCFFFBFDFD01
:10241000FDFF03FDFE0000010001FFFFFCFCFDFCD1
:10242000FCFCFBFCFAFAFBFB00F6FEFCF8FEFDFEF2
:1024300003FFFBFCFDFC03FE0001FD01FCFF01FBB3
:102440000AFC0307FD02FB05FCFBFBF904FC01FB96
:1024500002FEFDFE00FBFAFAFFFBF8F9FFFF0000A9
:1024600000FEFBFBFE03FE02F602FDFF000000FB88
:102470000000000004050100FFFE0205FBFAFA045B
:10248000FC0001FFFDFCFAFEF7F5FBF6F7F6FAFE9D
:10249000FDFF01FF06F9FF0AF8FDF2FC03FFF60459
:1024A000000400F90006F907F1FC04FAFAFEFCFC4E
:1024B000FCFAFA00FEFAFDFD09FB0609FBF8FA0238
:1024C0000607FCFEFC040105FFFD00FF04FBF7FB13
:1024D00001000000FFFFFFFDFD00FCFEFB00FE0110
:1024E00003FBFB0001FC00FCFB00FBF80306FF0004
:1024F000000705000000FF00FF000000FE0102FFD2
:1025000003FBFE02F7F9FCFD010000F00102FF01F0
:10251000FDFFFB03FEFE0201FEFC00FA070AFE02BD
:10252000F8FFFF01FEFFFE000203FDFDFEFDFDFCC6
:10253000EFFFFCFFFDF6FAF3020300FFFCFDFEFED9
:10254000FAF9FB00F1F4F0FDFB00FEF7FE0706FCD4
:1025500002FE00FA0503FE050107FDFEF70009FD76
:10256000FDFEFA00FFFDFBFAFCFFFEFDFDFEFFFF96
:10257000F5F8FDFEFCF9FCFCFDFE00FC010201008B
:10258000F80307FFFEFF03FF01FA04FEFFFD000052
:10259000FEFCFC000000FDFF00000000F300000056
:1025A000FDF805F5FDFCF800060501FD0707010231
:1025B000FDFCFA0004FC02FD0000FEFB0000000030
:1025C0000400FF0004FF0405F8FAF601F7F9F8EF3C
:1025D000FCF8FEF8050707FEFEFE0104FBFBFB010D
:1025E000FEFF01FEF9020300FFFDFDFCFD01FAFF05
:1025F000040309120604040006050604FF0804FB90
:1026000001FA05020303FFFE000201FF010103FEC0
:1026100000FDFB0002010905FBFBFFF80000FFFEC7
:1026200004FF06FE01FFFD03FFFCFF030B06F7F7A7
:102630000001000600FCFCF703FF050A000201FF91
:10264000FDFB00FE02F9FE0202FEFFFF020003078F
:10265000FDF2F6FDF5FEFFFBFAF902FDFFF9FDF6CE
:10266000FDFB01FDFFF8FB00FB01FEFB00FFFD0091
:10267000FF01FFFEFF00FD0000FE0100000000FF63
:10268000000000000000000000000000000000004A
:10269000000000000000000000000000000000003A
:1026A000000000000000000000000000000000002A
:1026B000000000000000000000000000000000001A
:1026C000000000000000000000000000000000000A
:1026D00000000000000000000000000000000000FA
:1026E00000000000000000000000000000000000EA
:1026F00000000000000000000000000000000000DA
:1027000000000000000000000000000000000000C9
:10271000000000FFFF01FEFE0300020102000303B0
:10272000040202050503030101050004030201027E
:1027300003000103010101FE040405040206040470
:102740000307FCFE01FF030604010705040100FE68
:10275000FE0404050701000301FF00FCFFFF060360
:102760000000070301010402030009FFFD01050049
:102770000003FE0600050005FE0101030402FDFD45
:1027800005030001FF02050102020401000000022E
:10279000000000000001020080829A502200000028
:1027A000FCFDFD00FF0202FCFE000000030400FE31
:1027B00003FD0000FF01010102FDFD020303000211
:1027C000FDFF01FC010202030102010202020300FB
:1027D0000100020200FFFE02010000FD00FE0001F8
:1027E000FEFE00FFFFFEFF00FEFDFE06010703FEEA
:1027F000040302FD00FFFCFFFBFC030200FFFFFEE1
:10280000FE01FFFF010101FBFBFDFE0101000002D3
:10281000FF04FE00FFFE0000040202FA00000201B5
:102820000000000000FFFD00C0829A50340000004C
:102830000000000000000000000000000000000098
:102840000000000000000000000000000000000088
:102850000000000000000000000000000000000078
:102860000000000000000000000000000000000068
:102870000000000000000000FEFF0302040004044A
:1028800001FE0102FB000001FC05FF03FE03FD0049
:102890000300FD04FC0303FE02FD0003020300012C
:1028A000000303FCFEFC0002020300FE0104FE0123
:1028B0000003FD03FEFE020201FFFD00FFFEFE001D
:1028C00002FF02030102000001FF01FE0304FF00FA
:1028D00000FF02020304FE0200030002FF0100FEEB
:1028E000000202FF010300000200FC030400FF04D9
:1028F00000020001000001FE0000000000040100D1
:1029000020839A5022000000FE0005020003FA0214
:1029100006FC0103FFFDF80404FF02FBFE010200B8
:10292000FD07000600FDFE06FCFF0003FB0100049E
:1029300007F8FFFE04FB02030404020001FC000090
:102940000702FB00FF02FB020406040004FFFEFE78
:1029500000FEFFFBFFFE04070406010003FD03FC6D
:10296000000301FCFD0403070204FC00FDFFFE025E
:102970000601F8FD0102FE0004FFFFFA030001005A
:1029800001FE01FE000002FD000000000005040041
:1029900060839A5034000000000000000000000036
:1029A0000000000000000000000000000000000027
:1029B0000000000000000000000000000000000017
:1029C0000000000000000000000000000000000007
:1029D00000000000000000000000000000000000F7
:1029E000FEFCF801FFFF03040003FC0401030201E5
:1029F000000001FF010207FE05FD0301FF080800BA
:102A00000301020000FBFD0006030202FFFD05FFBB
:102A1000FEFBFF0002020602FE02FF02000101FDB2
:102A2000FEFEFC040703FF010100010300FE050098
:102A30000502FF06060202FF020A04FEFF0200046E
:102A4000010302FB0603FF02030001FEFDFEFE047C
:102A5000FF0103FC000000FFFF01FD020000020275
:102A6000000000000005FF00C0839A502200000013
:102A700000FC00FBF6FFFB00F70507000101FEFD6F
:102A80000002F70501FCFE00FFFFFC0202FE07FD4D
:102A900008FD0800070106FFF900FD040202060018
:102AA00001FEFB00FF00FAFF03010909F3FDF80036
:102AB000FD010202F903000308040605FD0108FEFA
:102AC000FB00FB04FA00F9FF000205010205020108
:102AD00003F8F9FC0601FFFF0701FD0608FB01FAF8
:102AE00006020100FA010405FBFAFCFB000007FEE8
:102AF0000000000000FE010000849A500500000064
:102B0000000FFBFC0F01F708000000F800000000B8
:102B10000000F80000C09A5066010000FCF6FAFEC2
:102B2000F3F0FAFD04FDFFF90104FF02F9FD04FCD6
:102B3000FFF8F7FCFE00FBFA0103FEFF02FE0201B4
:102B40000202FEFE00FD05FCFDFFFF030001FFFF8A
:102B50000306FD00FEFE02FC0000FDFA01FF01017C
:102B600000000001FF05FBFDF9FFFD00FCFD07FE75
:102B7000FFFDFDFE0000FBFCFF0000FFFEFF01FF6C
:102B8000FEFF040504FEFC0302060A04FF01FD0526
:102B9000FF0002FEFEFEFEFDFAFCFF0004F9FEFE51
:102BA000FFFDF700FF0100010101FFFF0000000031
:102BB000000000000200FC00FE0603FFFFFF07000C
:102BC000FFFD01FF05FDFCFC0400FFFEFFFEFF0111
:102BD000FCFF0304F9F8FC020000000000FF000005
:102BE000FEFDFF01FCFD05FA0002FAFC00000000FA
:102BF000010100FFFFFEFEFEFFFFFEFE000002FEE1
:102C000000FE01FFFEFEFF0100FFFFFFFE0000FFD0
:102C1000FEFDF3F5F7F4FDF8FCFF00FBFE020300F8
:102C2000FF040004FEFEFFFB0000FDFE00FF0000AD
:102C300000FDFE010000FEFF0001000001FE01009A
:102C4000030002FCF9FA0200FE0307020201070872
:102C500002FE01FF010000010101FF000000000170
:102C600008050102FCFE0205F9F7F90001FDFB0071
:102C7000FF02FEF8F900FE0200FFF8FF00FF02016C
:102C80000002FEFE04F8040BFC03F6FA020302F94C
:102C900001FBFE0202FC02FFF9FA01FF03FEFDFD4B
:102CA000FF04FDFFFEFDFE05000000000000000027
:102CB00002FF060003FF06FEFEFEFD0401FD00FF0D
:102CC000FFFFFDFA020402030404FEFFFF0905FEF4
:102CD0000100060502FAFEFD030502FC00000100EA
:102CE000000000FEFEFF0000FEFEFDFEFFFEFEFEF9
:102CF000FF030400F901FE000000000202000000D2
:102D000000000001FF0000FF03000000FCF9FD03CC
:102D1000FFFFFE0301FFFE01FE020001F6F9FCFDCC
:102D200000F9F6FCFE0201FF03FF0101FEFFFEFEBB
:102D3000FFFFFF01FE0100FFFCFCFCFCFDFDFCFCB5
:102D4000FAF8FCFD02FDFD00050501FDFE03020190
:102D5000FE010200FF00FF01010201FC01FE040070
:102D6000FB02FDFEFCFAF7FC0201FF020200FE037B
:102D7000FAFF00FDF9FDFF00F801F8F9F500FEF09B
:102D8000FBFDFFFCFE01FEFC000000010000000056
:102D900000000000FE0605FE02020602FE05F0F835
:102DA000F8FA01F6FEFEFCFF00F802FF01FCFBFE54
:102DB000FF0903FC02030703FCFEFFFA01FDF90211
:102DC00001000401FEFB00FF060207090207FB04E5
:102DD000010208FDF9FDFDFE03FFFA01FDFAFFFB0C
:102DE000FAFEFEFB060201FFF7FAFDFF00FD01FE01
:102DF0000102FF02FCFCFDFEFC03000301FEFE01DC
:102E0000FEFB00FF0605FEFA01FB01FCFEFFFD01D3
:102E100000FD000100000100FDFBFBFF01FDFCFACD
:102E20000805FEFB050108090308040001FFFE0078
:102E3000FEFD000002F9FC03FCFD01FEFD02FF02A5
:102E400003FA00FF02FD060600FE01FDFD0305FF7B
:102E5000FDFF010005FFFE03FBFAFCFF0200FBF88B
:102E60000001FC03020102FBFD020803FFF9FAFE68
:102E700006FEFAF708FF0804FFFAFFFDFF0002FE56
:102E800001FF0604FD01000401FD01FD01FFFE013B
:102E9000FDFBFAFC08FFFCFD04040004FAFDFFFE44
:102EA000FCFC00FF00FFFBFCFF02FE020203FFFC34
:102EB0000000FD0000000000FF00000003FD00FE18
:102EC000FB01FE00FFFF0101010000020302FDFB08
:102ED000010004000000FC000000000002000000EF
:102EE0000101FC06FAFA03FBFEFF0201FDFD01FEF3
:102EF000FF00F8FD010203FC000001000000FF00DC
:102F0000F7FEFFFEFFFA03FCFDFFFEFE01FCFC02E4
:102F1000010700FEFEFC0602FA0300FCFAFA0600B6
:102F200005FBFC02F6FEFE00FAFCFCF50006FFFBCA
:102F3000FD04FEFA0300000300020A01F9FE040684
:102F4000FEFFFE000401FFFDFCFDFDFC02FDFE0294
:102F50000500F707FFFBFBFB00FCFAFD0103030381
:102F6000000101FFFEFB02FD0002FBF90105FCFD73
:102F700002FFFF000800FEFEFE030505070501072E
:102F8000FFFEFC0103FD03FE01FD05FF0101FF0043
:102F90000300FEFD0100FEFF020102FE0000000032
:102FA0000000000000000000000000000000000021
:102FB0000000000000000000000000000000000011
:102FC0000000000000000000000000000000000001
:102FD00000000000000000000000000000000000F1
:102FE00000000000000000000000000000000000E1
:102FF00000000000000000000000000000000000D1
:1030000000000000000000000000000000000000C0
:1030100000000000000000000000000000000000B0
:10302000000000000000000000000000FF0100019F
:1030300001FBFF02010000FFFE000102FE00FEFE98
:10304000FDFD02FFFFFE000005FCFDFE0006FB018A
:10305000FCFB00FCFF00FBFD04FFFE0300FEFF0085
:10306000FD04FCFDFE0500FFFE000001FF0201FF64
:1030700000FFFE0105FD02FFFDFF00FDFD02FFFF59
:10308000FF00FD02FF01FF02FEFDFFFD0001FEFE4D
:10309000FCFE020003FD00FBFFFBFDFF020001FD43
:1030A000FEFB04FE00FF03000000FFFF0000000025
:1030B00000FBFD0080C29A5022000000FD00FCFED3
:1030C0000102FEF803FEFFFCFCFE05FCFFFD020111
:1030D00002FF0A0306FC05FA00FD0302FBFC0400E4
:1030E000FDFCF90000FE00FF06FFF80201000805E4
:1030F00001FFFD01FE0201FF0302FEFD04FF01FCD2
:10310000FBFF0201FE0302060000FA02000103FDBC
:103110000A01FA0000010003FF0501FF0102FF039D
:10312000FCFBFE00FCFEFEFC02FD05040600F601B1
:103130000105FB010104FE00000002FE000000008A
:1031400000FEF900C0C29A503400000000000000E8
:10315000000000000000000000000000000000006F
:10316000000000000000000000000000000000005F
:10317000000000000000000000000000000000004F
:10318000000000000000000000000000000000003F
:10319000000000000301FCFFFCFFFEFD000102F83F
:1031A00001FB010500FF00FC01FF00FAFE0000FA30
:1031B00002FFFE01FD0200FEFE0100090300FF0008
:1031C000FDFEFBFAFBF9FF03FFFD00FFFD0002FC23
:1031D0000002FAFF03FF0201F6020502040000FAF2
:1031E000FCFFFFFEFFFF01F8FF02FD0002FDFAFAFF
:1031F000FEF8FCFEFDFE02FC0002F904FCFFFEFFEF
:10320000FC02FBFE00FEFDFFFFFCFFFA00FF02FCDC
:1032100000000201000000000002060020C39A50D6
:1032200022000000FC010001FDFBFBFBFCFD05FF93
:10323000000302020400FEFCFE01FCFFFEFEFAFC9D
:10324000FF03FFFB00FE04FDFE0701FEFAFF040181
:10325000030000FF01FF01020A00FD0502FB01015E
:10326000F8FBFF0100FBFEFEFF02FFFE01FD010077
:10327000FB010300FE00F9FF020000040403060145
:10328000FC000700FDFAFEFB0000FEFE04FDF80254
:103290000200F90500FE030303FE03FCFDFEFE0130
:1032A00000000200000000000004000060C39A500B
:1032B00034000000000000000000000000000000DA
:1032C00000000000000000000000000000000000FE
:1032D00000000000000000000000000000000000EE
:1032E00000000000000000000000000000000000DE
:1032F00000000000000000000000000004FD02FFCC
:103300000000FDFFFFFE0402000601FFFDFD0004BA
:103310000102FF02FE02FD00FFFEFAFEFE01FDFDBE
:103320000502FE000101F9FC0800FA060605FFFB94
:1033300000FF01F805F6FDFBFEFD0504FD01FE049E
:10334000F501F700FD02FBFB04F8FC05FBF5FCFDB5
:1033500000FB03FDFBFCF602FB0104FE0101FD0284
:10336000FE02FBFA00FEFE0905000100FFFCFEFF65
:10337000010200FE0101070100000601000000003B
:1033800000FFFA00C0C39A502200000004010100AF
:103390000207020400020604FEFDFE04FA0001001A
:1033A000FF02FE02FC0002FEFC0004FFFF0403FE1D
:1033B000FDFF0100FFFAFE0100FDFE05FB0301FC1D
:1033C00000FFFEFD0002010001FF040205FFFEFEFA
:1033D000FF03FE0202FD010001FE01FFFBF8FE00FB
:1033E00007FEFCFF010000FFFBFF0202020002FBE0
:1033F000FF000006FFFF02FF020105FEFF0102FFC2
:10340000FFFA0202FE01FE040000000200000000BC
:103410000000020000C49A500500000013EC0003F5
:10342000050511EE000000F8000000000000FD009E
:1034300000009B506601000004FE01FFFAFEF9FC4B
:10344000FDFBFCF900FDFD00FCFE010503FFFF0391
:10345000FBFFFDFC02FFFEFBFEFDFCFFFBFEFD0291
:1034600002FC000302FF0102FEFFFF01FB0103FE5D
:1034700000F7F5FC00FCFFF9000000000000000070
:10348000FFFD02FD02F70200F0EF00FFF9F0F6F792
:10349000FFFFF8F6000000FFFF00000002FD020140
:1034A00008FDFB0202F10004F9FBFAF5000000F64A
:1034B000010100FFFDFBFDFE01FE00020102FFFC19
:1034C00000FF01FF000000010000000000000000FC
:1034D0000003FC00F903FCFAFF0101FBFFFC020002
:1034E000FC03FD06030307FFFFFE00FD00FAF9FCE5
:1034F000020102FF00000002FF000100FEFF0000C9
:10350000FC0103FF00FCFFFF0000000000000000C2
:1035100000FEFF01FFFFFEFEFF0000FF000000FFB6
:103520000000000000000000FEFFFF00FE02FF00A0
:10353000F9FCFCF9FF070102FF05070301FFFFFF8C
:10354000FCFEFCFE00FFFBFB00FF00000000000093
:10355000000000000200FFFE0200FDFFFB02FCFE77
:10356000090600FDFF02090200FEFAFF000101FF4B
:10357000000000FE0000000000000000FEFD02044C
:1035800000FA00FB02FBFDFD0003FE010008020340
:1035900002FCFEFF0001FBFE02FF00FFFF00FF0038
:1035A000FEFFF5F8FFFC05FC05FE0100F60503FD36
:1035B000FFF800FC0902020203060004FF0301FDFC
:1035C000FE0104010000000000000000FDFE0100FB
:1035D00006FAFE060001FD03FFFF00FCFDFEFEFFF4
:1035E000FCFDFAFD0302000006FE050501020000D5
:1035F000050503060606060100000205000000009E
:10360000FDFFFF00FFFFFFFEFFFEFFFFF5FCFCFAE2
:10361000000000F80000000A0000000000000000A8
:1036200000000000F9FF0000F9FDF6FAFFFA01F8CA
:10363000020000000002FEFFFEFAFC00F600F9FBAB
:1036400002FFFDFAFE040103000201FFFFFE00007D
:10365000FFFEFEFFFDFDFDFDFFFFFFFEFD02FD0085
:10366000FB0301FA0103FB01FB00FFFB00FEFC0171
:103670000000FDFD02020202FDFDFF02FFFF04FD4E
:10368000FF0001FEFD0101FFFF01FF01FFFF01023D
:1036900000FF02000101FFFFFF000001010101FE28
:1036A000FFFF020000000002000000000003000015
:1036B00004FE01FE00FE0201FFFFFF00FF0000010B
:1036C00002FEFF04FE000403FCFEFD01010200FFF8
:1036D0000300FD02010202FF00FFFF0000000000E6
:1036E00000000000020303FDFD0200FF01FFFEFDDC
:1036F000010002010202FEFFFE04FF03010400FFBD
:1037000001000000FF0100FFFF000000FF000100BA
:1037100001FE02FFFFFFFEFFFEFF01FDFD01FCFEBB
:103720000200FC03FCFD0401FD0204FE0001FFFF9A
:103730000101020003020302FEFC02FC01FF01FE84
:10374000000100FF0201FF0102FFFD03030003026D
:10375000030101FEFEFD00FE0303FE02FC02FF0169
:10376000FEFD0202FDFFFEFE0202FEFDFFFE010263
:1037700004FF0003FFFE00FDFFFEFDFF0303000149
:10378000FE01FF03020002FF01FE01FFFF02020231
:10379000FE0000FD03010202FFFF0002FF01000026
:1037A0000000FEFFFFFFFE0101010101FE01FE011D
:1037B000FFFFFF0201000100FF02FE01FE03FEFD0C
:1037C00002010301FDFFFD0402010101000002FFEF
:1037D0000000000004000000010404FF04020203D2
:1037E00000010000000000000000010000FF0100D7
:1037F000000000FF00000000FF0000000001FF03C8
:10380000FFFFFEFE0001FF030003000000000000B8
:103810000000000000000000FF01000000000000A8
:103820000000000000000000FF03FE01FEFF010198
:1038300001FE02FEFE000101FEFDFF000402000188
:1038400003FFFE04FFFF0002FE0403FDFDFEFBFE7E
:10385000FCFDFE0000FF0001000000FF0100010070
:103860000302FF000500FE0001FE05FF04FEFF004D
:10387000FDFEFE00020203020001FF0200FF04023F
:10388000FDFDFFFFFC01FFFE020002000303FF023B
:10389000FEFE0002FE02020004040300FEFD02011F
:1038A000FEFDFFFF000003FF00000000010000001C
:1038B000FEFDFD03FDFEFEFF000000000000000015
:1038C00000000000000000000000000000000000F8
:1038D00000000000000000000000000000000000E8
:1038E00000000000000000000000000000000000D8
:1038F00000000000000000000000000000000000C8
:1039000000000000000000000000000000000000B7
:1039100000000000000000000000000000000000A7
:103920000000000000000000000000000000000097
:103930000000000000000000000000000000000087
:103940000000000000000000FE0204FCFEFC000479
:10395000FDFE00FEFCFDFDFD03FFFF00FB00FE0081
:10396000FE02FEFFFF0100FD000300000300000156
:103970000001FBFD0002FC03FEFE0401000502FD48
:10398000FE02000001FF01FCFF08FC0203FFFD0135
:10399000FDFC03FFFDFCFD0102FD02030005FCFF31
:1039A000FC0506FC09FDFBFE030300FE0200FCFD16
:1039B000FBFFFFFD0005FE01FFFCFE00FFFC030214
:1039C000FE0107000000FEFD0000000000FF0000F7
:1039D00080029B5022000000FEFEFF0101FF01015A
:1039E00001000400FAFEFDFC0303FEFEFC0303FEDF
:1039F0000005FFFEFF03040205FE0402FF00FE02B5
:103A0000030202FFFEFEFEFFFF0507FFFEFFFAFFB7
:103A10000004010101FDFEFB0406FEFDFD000200A5
:103A20000402FE05FDF9FD060100FA010AFD01048C
:103A300002FE01030003FE000000FFFC020203FF80
:103A4000FDFDFEFE00030101FDFF000404FD00FE7C
:103A5000FE0401000000FFFF0000000000FCFD006C
:103A6000C0029B5034000000000000000000000075
:103A70000000000000000000000000000000000046
:103A80000000000000000000000000000000000036
:103A90000000000000000000000000000000000026
:103AA0000000000000000000000000000000000016
:103AB0000401FBFFFFFF0302040100F9F90501FF08
:103AC000FEFEFCFE05FDFBFB02FBFEFE0102F9FC17
:103AD00002FEFE010000FD0302FFFD0603F8FF02E7
:103AE000FDFDFD02FD02FD00FD0002FFFBFEFF01EA
:103AF000FC020102F601030006FF0402FD000004BF
:103B000000FC03F5FE01FCFBFFFFFFF704FDFD00D9
:103B1000FEFE040302FFFE04FE01FFFE01FFFF00A4
:103B2000FF01FCFF02FC020500FDFE020000FB019C
:103B30000000000000FB010020039B502200000059
:103B400001FA00FF02F90203020206030300FFFF6D
:103B5000FD06FEF6000603FF0202FF04FF0805044F
:103B6000FE0102FBFEFFFBFD01FD02FFFE00FE0267
:103B7000010400FD02FB0505FD0002030001FC013C
:103B8000010204FF02FE01040702FD0103FCFB0227
:103B900002FFFCFD05FD03FD0101FEFF03FEFEFD2E
:103BA000FD03FDFFFE03FC0605FBFE050005F90411
:103BB000050106FEFEFCFCFCFCF9FFFD0000F9FD22
:103BC0000000000000FDFB0060039B50340000007B
:103BD00000000000000000000000000000000000E5
:103BE00000000000000000000000000000000000D5
:103BF00000000000000000000000000000000000C5
:103C000000000000000000000000000000000000B4
:103C10000000000000000000FDFF03FF04FCFEF9AF
:103C200003020401FE000203FBFE0303FE0706FA83
:103C3000FE00F901FCFEFE00000302FBFEFCFB019E
:103C4000FF00FD05FD0008FFFFFEFD01040104FC6F
:103C5000FFF901FDFC060203F9FC0300FCFDFEFE7A
:103C6000FF0002FCFF00FCFFFB02020202FF050056
:103C70000402FF00FF00040200FE000004FE01FC3D
:103C8000050800020102FEFFFC03FCFA01FB02042E
:103C9000000004FD000007000000000000FCFF0021
:103CA000C0039B50220000000604020200FCF80240
:103CB000FF010101FF00FD00FF0401F8010002FD0A
:103CC00001010004FD020404FE06FF01FAFCFEFFF0
:103CD00003FCFEFD00FA00FC0101FC0100FD03FDF8
:103CE000FF06FDFC000604010502020002FE0200C0
:103CF000FEFCFDFA02F9FF01FE0101F9FE0003FFDF
:103D0000FF05F9FFFF04020002040303FCFB0003AC
:103D10000101FEFFFE00060503FBFD0203FFFFFE9F
:103D2000FFFCFE040000FFFD000000000007FE0095
:103D300000049B50050000000A040613FC0405E67D
:103D4000000000FB000000000000F70000409B5056
:103D500066010000FD0001FE03FBFFFFFCFC030405
:103D600003FEFBFF030504FFFFFD03000001FE004F
:103D7000FE02FE0202FBFCFC01FBFC00FEFEF9FC65
:103D800001020205FB00FB01FC0701FDFD0002FD35
:103D900000FEFE02FFFFFF0001FFFF010302FB0523
:103DA000FE0400FD02FF03FC02040302FCFE060306
:103DB00002020101FC030202FEFDFB03F90201FE07
:103DC000FFFEFFF80503FC020303FBFEFB040001FA
:103DD0000302FEFD01FD040400FA010300000000DF
:103DE000000000000000000000000000FEFC0100D8
:103DF00003FFFE00FFFC01FC02FC02FEF9FEFA00DC
:103E000004FCFBFD03FEFF030101000500FB02FCB7
:103E100000FE0004010101020504FF00FC0000FE99
:103E20000004FDFC0000000000000000FF00FFFF98
:103E3000FF00000002000200FF000002FFFEFF0181
:103E400001FF01000301FEFDFD0004000104FDFF70
:103E500000F9FD00FD00FCFD01FC0001FDFDFC037F
:103E60000001FFFFFCFFFDFFFF030002FEFB00025D
:103E700001FCFC00FFFCFE01FB02FB00FFFD03FA5E
:103E800003FDFB0401FFF1FCFE0002FE00FEFFFE4D
:103E9000000000000000000101FF0002FFFDFD0224
:103EA00003FE00FCFEFE000001FEFE0201FFFEFD1F
:103EB000FEFA010300020101FF0200020106FEFDFD
:103EC000000103FCFEFA05FFFEFD0205FCF7FBFF07
:103ED00001FCFCFDFC000401F8FAF9FAFBFAFFF51D
:103EE00001FE0201FEFD01FF0102F9FDFC02FDFEE3
:103EF00000010407FFFF00FCFEFEFAFF0304FCFFC5
:103F000000FF01FDFEFDFB03FD0407FDF7000305B7
:103F1000FDFD0103FCFDFFFF00FEFDFFFE0102FBB6
:103F2000FEFEFEFEFDFEFEFE01F4F6FD02FFF5FBC9
:103F3000FEFF0100FFFF01000000FFFF0000000086
:103F400004000000FFFC020301FBF804FEFFFDFF7C
:103F50000100010103050302FB030402FEFEFC0154
:103F600000FFFCFF00FFFFFFFDFFFEFE0103FF015E
:103F7000FDFDFDFDFCFDFCFDFC01FDFCFEFA00026B
:103F8000FF02F8FFFD0002FB03FDFEFD00FD020144
:103F9000FE01FAFEFF00010104070000000300FB20
:103FA00003F8FE020704FEFD000401FE01FFFD040C
:103FB00002FDF8FD0306FCFEFD03020102FE06FF02
:103FC000FE00000300FF0000FF01000000020100EE
:103FD000FEFF01000608FE05F70403FBFFFDF8FEE7
:103FE000FCF90101FB0400FC0901030902FE0305C1
:103FF000FBFF02FCFC01FB03FF00FF0102000006C7
:10400000FA01FBFCFFFEFF010100FFFF03FD0102BF
:104010000502FFFBF9FBF704FCFDF5FAFFFDF3FBDE
:10402000FAFDFDFCFFFFFF00000001FF00FEFEFEA9
:10403000FC01FF0201F9FF02FC0200FBFF04FFFE8E
:104040000101FC0001FBFEFB000101000000FF007C
:10405000FE060300FBFAFF02FAFFFAF80300F8FD80
:104060000203FD02FEFFFFFB00FFFDFC07FAFF025B
:10407000FF04FD02FC02FE02FDFBFFFD0100FAFE53
:10408000FCFCFEFC0000FEFCFEFB05FF06FFFE0440
:1040900007FF01080006FDFCFCFFFCFCFD04FFFD22
:1040A00003050102FF000100FB02030401FF08FAFF
:1040B00001FEFC0AFF0200010200FCFE02FF00FC00
:1040C000FE020000FEFF02FEFCF901FFFF000201FC
:1040D000FD00000403FF0304FB0102FEFEFBFBF9ED
:1040E0000202FF01FD0101FC00010000FF000001D0
:1040F000FF000000FFF902FAFD05FE01FF01FEF7D7
:10410000FDFEFDFCFE02010102FDFCFF0000FFFFC1
:104110000000010000000000FF0205FEFE01FF019B
:1041200000FC00FEFFFFFC0203FEFAF9050A08FB93
:1041300001FE060600FF01FF00FCFFFDFC0005007C
:1041400000010402FBFA0502FCFDF6FF020605FF72
:10415000FC070001010302FBFBFDFC010500FEFC66
:1041600000FEFCFF02FC00FFFEFDFEF8FDFEFDFF71
:1041700003FBFCFE04FFFEFE0304FEFB030403FD41
:10418000FA03FDFEFAF9F7F5F4FBFBF8040000076B
:10419000FEFCF9FFFFFE0103FCFF03FFFBF9030A2E
:1041A000FCFFFFFAFCF8F802FEFA02010802FCFD2F
:1041B000FF00FC00FF0005FEFFFDFC05FFFDFFFF0B
:1041C000FDFFFCFEFFFDFEFFFD00FFFF0000FF0105
:1041D00002FF01FE000000000000000000000000DF
:1041E00000000000000000000000000000000000CF
:1041F00000000000000000000000000000000000BF
:1042000000000000000000000000000000000000AE
:10421000000000000000000000000000000000009E
:10422000000000000000000000000000000000008E
:10423000000000000000000000000000000000007E
:10424000000000000000000000000000000000006E
:10425000000000000000000000000000000000005E
:104260000000000000FF020002F8FEF906FEFB015C
:10427000FAFD02FE01FB0100FFFA0303FEFF070047
:1042800004010702FC04050303050001FD0301000E
:1042900001FEFF00000209FC030105FD03FC03030E
:1042A000FD07FD000403FCFFFD0300FEFC01FF0809
:1042B000FFFE0104FFFA010501FCFFFFFD0307FFFC
:1042C000FFFE0001FD010301030B0008FFFEFEFCE1
:1042D000020800FFFEFA00FCFEFF02FF00FD01FFE6
:1042E0000000FFFE000000000001010080429B5022
:1042F0002200000000FD0206030001FC0400010290
:1043000006FA05FBFF01FEFE0501FEFFFDFD0200B2
:10431000FE04FD0304FE0402FFFF0402FD03FE0190
:1043200002FE00FFFE01FF04FD01FDFF0001010090
:10433000FE010101000502FDFAFF010005FE020376
:10434000FE08FCFEFF02FEFC02FE0100FE03FB0273
:1043500004FC00FF01FFFF03FF0600FA000101FD5E
:10436000FCFCFE0507000202FE020302FAFFFE014A
:104370000000FD000000000000020500C0429B504C
:1043800034000000000000000000000000000000F9
:10439000000000000000000000000000000000001D
:1043A000000000000000000000000000000000000D
:1043B00000000000000000000000000000000000FD
:1043C000000000000000000000000000FD0201FBF2
:1043D0000000FFFB030000FDF50002FF010005FCEB
:1043E000F90002FD07F9FE0202FE0103FD00FFFBDA
:1043F000FEF9F90000FFFB0201F9F9FEFDFE01F9EB
:10440000FD00FEFF000101FFF7FFFAFF01FD0101C2
:104410000003010200FCFC03FD0000FEFC02FBFBAC
:104420000100FEFBFCF9FFFDFEFCFFFFFEFCFF00B0
:10443000FFFEFCFBF601FD00FFFF0001FD01F8019E
:10444000FFF7FF0402F8FB0100000100000000007C
:1044500000FAFC0020439B5022000000FC07FDFCFA
:10446000FEFA0200FCFE01FD000100FE0205030051
:10447000FDFD00FC01FBFEFD010100FBFCFB020059
:10448000FFFA0102FD040001000503FC010002091E
:104490000105FDFA00FB0100FE0102FCFCF8010829
:1044A000FE00FD0401FB00FE0001FF040303010107
:1044B0000002010200FC020200F801FC0100FFFE04
:1044C0000003FDFE02FCFEFF0004FF010205FC07E5
:1044D000FDFE02FFFFFB01040000000200000000DF
:1044E00000FEFE0060439B5034000000000000000E
:1044F00000000000000000000000000000000000BC
:1045000000000000000000000000000000000000AB
:10451000000000000000000000000000000000009B
:10452000000000000000000000000000000000008B
:1045300000000000FEFE00FF0000FFFE020201017D
:1045400000030103FD0106000204FE08010000054E
:10455000FD0001FF06040302FDFAFAFF00FAFEFF68
:10456000FF040200FE0002FEFF00FF05FF03000340
:1045700003FFF8FFFD0103020500FCFF04FC030339
:10458000FDFEFC0100FAFFFFFF0601FEFF0106032E
:10459000FFFBFF02FD00010203FEFCFBFDFE01FF2D
:1045A000FCFDFE02000201FC01010302FBFFFFFE15
:1045B000000003FD0000000000040400C0439B5005
:1045C00022000000FD000201FEFB00FAFEFF04FFD6
:1045D00002FFFE0004FF0208FFFB00FD0203FDF9DD
:1045E000FFFD04FCFFFB04FD030502FFFD0500FBCE
:1045F000FE03080001FEFFFFFF05FC03FFF8FFFFBD
:10460000FC020002FDFEFF0500FCFDFF0300FD00B3
:10461000FF0303FBFFFEFE01FE02FC04FE0004029A
:10462000FF02FC0003FE000103FF00010302FE0382
:1046300004FBFEFCFF020402FF0800010104FC0170
:1046400000000200000000000004050000449B5030
:1046500005000000090FFF04F0050BEF000000F754
:10466000000000000000F50000809B506601000083
:1046700005F7FFF80006FD02010201F901FD00FD4A
:10468000FEF80106F7FCFEF6FEFF04010203FF033D
:1046900001FDFE00FE030203060302010100FF020A
:1046A00000FF000004040000FFFEFEFD00FCFC0112
:1046B0000000000000000000FB0002F9FDFCFEFC11
:1046C000FDFDF7FDF0F6F7F50000FAF90000000037
:1046D000000000000102FE0505FE0004FB05F9F1E3
:1046E000F5F6FDFDFCFC00FFFF0000FDFDFA0000FB
:1046F000F700FBFA000005FC0000000000000000CD
:10470000000000000000000001FE0300060400FE9F
:10471000FAFF0904FA0004F806FF03FFFD01FC019B
:1047200005FEF90201FFF9010506FF020000000580
:1047300000000000FFFB0000FEFDFCFE00F7FA0198
:104740000000000000000000FCFDFDFCFDFDFCFC85
:10475000000000FD0000000000000000FF0000005D
:10476000FB0000000105FCFCFD020AFDFEFBFAFB5C
:10477000FDFAFCF80102FFF9FAFEFCFE0000010060
:1047800000000000000000000000FEFF000000002C
:1047900000FFFE0100FDFFFFF4F9FA0101FDFCF549
:1047A00000000A0B000000000000FF0000000000F5
:1047B00000000000F8FB0000FEFB05FDFBF8FD0516
:1047C0000AFD0204FB02FB07FEFCF9F900FF0202EE
:1047D00000FF000000000000FAFAFAFBF7FCFBF50E
:1047E000FFFBFCFEF500F7F6010801F901020604E3
:1047F000FAFAF6FDF8FBF2F1EFFBFDF7000000001E
:1048000000000000F6000100F8F7FBFDFDFFF8F6E0
:10481000FFFEFDF9FE000407FDFEFE020700FFFBA0
:1048200005FA0204FAFBFDFBFCF8FBFBFFFBF5F7C6
:10483000FF01FFFD00000100FD000000FEFEFEFD87
:10484000FEFEFEFE060500FF020303080000000452
:10485000000000000000000000000000FF00000059
:10486000FB03F6FAF4FD04FA00000000000000FF6C
:10487000FEFDFE0002FA03F9FF000202010000FE45
:10488000000000000000000000000000FCFCFCFC38
:10489000FDFCFDFC0200FEFDFEFFFEF90102FBFD3A
:1048A00000010206FEFCF8FFFD010000FEFEFFFD18
:1048B00002FBFE00FFFBFFFF03FFFDFFFF0301F50F
:1048C00004030203FFFE020100FF03FE0001FF00DC
:1048D000FF000100FBFD02FBFC020302000000FFE1
:1048E0000000000004FD0000FE02FD01FFFDFD01CF
:1048F000FDFDFFFF00030100FEFF0404FF040401AF
:10490000FDFE00FF00FF02FE0101FFFEFF04FD00AF
:10491000FD0503FF01FC0000FF00FE0002FFFFFB9E
:10492000FDFF02000100FB02FC0102FBFE0202018E
:10493000FF0201FEFF0002FFFE02FDFC00FF02FE7F
:104940000000000000000000FE01FE00020000FD6B
:1049500000FEFCFEFBFBFE000301FC02FEFB01FF70
:1049600004FFFFFF02FF0200FE02FFFEFBFDF7FE59
:10497000FC00FCFE040202FDFE0302FC02FB040339
:10498000FBFFFF02FF01FD02FA0101FF02FEFE0133
:104990000102FD0000FD02FFFEFE01FCFFFF02011F
:1049A00000FE02FE03FF01FFFE020000FFFEFFFF0C
:1049B000FEFFFBFE01FD02FC0403FC030002FC04FD
:1049C0000301FD01FC040001FDFD0501FFFEFE00E9
:1049D0000203FFFEFD03FC020100FDFAFF01FEFEE3
:1049E000FF0000FD00FEFF00FF00FEFFFB01FBFEDD
:1049F0000300FD00FE0300040302FD04FC00FE03AF
:104A0000FFFFFC000000FD0200000000FD000000B0
:104A1000FE0005FFFEFF01FEF9FDFFF9FFFB00FFB1
:104A2000FFFDFD01000104FE000000000000000089
:104A3000FD0000000100FD0103FCF9FDFDFF03FF87
:104A4000000200FF08090203FD030102010200FF4A
:104A5000000301FEF700FDFCF6F7FFF3FF00FBFE8D
:104A600002FFFE03FB02FD0201FB01FEFAFF020151
:104A70000300FE000202FE05FF04FCFF0002FDFB36
:104A800003FFFEFEFC0001FF02040003050500FC1D
:104A9000FD02FE0002FCFCFDFD020002030101FA22
:104AA00002FFFEFE030401040002FF00FCFFFFFC06
:104AB000020200FCFCFE03FDFFFFFCFE01FF000004
:104AC00003FBFC00020001FF01FF01FD020301FEE8
:104AD000FC0300FD0202FE00FEFE00FE000002FDDF
:104AE0000000000000000000FFFFFE01FE0000FECD
:104AF00000000000000000000000000000000000B6
:104B000000000000000000000000000000000000A5
:104B10000000000000000000000000000000000095
:104B20000000000000000000000000000000000085
:104B30000000000000000000000000000000000075
:104B40000000000000000000000000000000000065
:104B50000000000000000000000000000000000055
:104B60000000000000000000000000000000000045
:104B70000000000000000000000000000000000035
:104B80000201FE0402FD0002FE03020004000B000D
:104B9000030101000306FE07FFFD0503FF030401F7
:104BA000040502FE02000403040306FE00080306D7
:104BB00003FF0302010600000004010501FEFE04DC
:104BC000FF0500050503FE04000001FF01020000CF
:104BD000FD0706010103060104FE0504FE020304AD
:104BE00004FDFF0300020102060A0105FE010103A4
:104BF00000FF0402030304040308FEFE000001009A
:104C0000000000000003030080829B50220000008F
:104C100004FFFD04FFFBFE0201FE00FDFF0502FD97
:104C20000104FBFD01FD0101050302F70503FFFA85
:104C3000000202FF000601FE01FE01030400FDFD6B
:104C4000FC0505FF00FB00FC000102FCFEF800FE75
:104C500002040202FEFC0300FF0001FD02FD02FE51
:104C6000030002FE00040205FD0102020100010230
:104C700001FA01FE00FEFEFA02FD05FA000501FF41
:104C8000FF030201FFFD00FBFEF800FC000001FD38
:104C90000000000000FD0100C0829B5034000000B5
:104CA0000000000000000000000000000000000004
:104CB00000000000000000000000000000000000F4
:104CC00000000000000000000000000000000000E4
:104CD00000000000000000000000000000000000D4
:104CE000000000000000000004FFFD0304FEFE03BE
:104CF0000200F9020602FFFD00FE0301FFFFFFFFB5
:104D0000FD01F80103FE00FF01FFFDFF00FF0100B0
:104D1000FF0100FCFF030200FFFD0204FCFFFDFD9C
:104D200002F7FCFD03000301FDFE01FEFDFF02FF93
:104D300000020408FFFDFEFCFEFA03F505FEFEFD81
:104D4000FD05FFFE0004FBFE0001FAFC030205FE68
:104D500005FFFCFFFF020000FFFDF9FE00FBFF0561
:104D6000020102FC0000FCFC0000000000FB01004E
:104D700020839B502200000002FF0101FCFD04FF84
:104D8000FEFDFE00FFFC01FFFE0302FD00FC02022F
:104D900000FE03FEFDFE000201FE0100FD04FC0218
:104DA00001FEFDFF000601FBFEFF0202FF02FE0402
:104DB00000F8FEFF000103020004FFFE04FE0204EF
:104DC0000200FF02FE0103FD02FFFE0001FF0401DD
:104DD0000000FEFFFFFE010002050102FDFCFA03D8
:104DE0000003FF00FF0500FFFEFFFDFF03020603B7
:104DF00000FAFF00000001000000000000FFFE00BC
:104E000060839B50340000000000000000000000A0
:104E10000000000000000000000000000000000092
:104E20000000000000000000000000000000000082
:104E30000000000000000000000000000000000072
:104E40000000000000000000000000000000000062
:104E5000010006FF0000FC0102FE01000302FDFF4D
:104E60000200FFFC00FC04FF04FDFFFE010902FF3D
:104E700000FF0AFCFDFE00000600FA07FD0004FD2D
:104E800001FF01FF05010202FE020402FE0B030006
:104E9000FDFDFCFD0500FCFF05000400FE0107FE12
:104EA0000304000A060206FE070B04FBFD02FF02D4
:104EB000010202FC05FF040208FF00FAFF05F903E6
:104EC000FFFFFE02FFFE05F8F802FFFC0000FF01F5
:104ED0000000000000030300C0839B50220000007C
:104EE00002FB00FE01FCFD0202F8FF090203FC07C1
:104EF000010100F900FF01FEFF06010200FEFE04B1
:104F000001FBFDF900FDFD0605000000FFF9FF04AF
:104F10000003030004FC04FE00F8FD020303FFFC91
:104F2000FCFF020AFEFFFFFE0000FCFD01FFFBFA92
:104F3000FD0701030500FFFBFCFFFD00FE0303016D
:104F4000FD0502FFFE0504FDFB0403FF0004FEFF58
:104F5000FDFEFEFAFE0000FE00F601FB000001016E
:104F6000000000000005FD0000849B5005000000CB
:104F7000F60FFC041210F1F3000000050000000021
:104F80000000EF0000C09B506601000005FE00011C
:104F9000FCFFFFFCFE0205FA06FF0405FD0203000C
:104FA0000205030100FAFD01FB02FDFCFEFDFDFD13
:104FB0000601FE010007FDFF0001FE0500FFFEFEE9
:104FC000FB0101FFF901040001FF0102FE0101FFE5
:104FD000FF01FF01FFFD0208FF07FB00020204FCC6
:104FE00000FEFD06FE0103040202FEFEFFFF0001BB
:104FF000FDFC0004FDFAFCFB020201FF00060001BB
:1050000000FE020101FF06FEFD06FC040102020291
:10501000FEFAFE04FF0001FE01FE02010000000096
:105020000000000000040400FD04FE05FD04FBFD7B
:1050300003FDFDFFFBFD00FDFD03FE03020404FC78
:10504000FBFF0004FBFFFFFF01FF0000FFFE01FF6D
:10505000FDFD0100FDFD000201FEF9030100FFFF5F
:105060000001FF0200FFFFFF0101FF00FEFE010043
:10507000FFFF030302FCFF000101FEFF05FFFEFE30
:10508000FFFF0202FDFC00FFFAFE00FB0301FEFF32
:1050900000FDFF0402FB03030201FFFEFFFEFE0111
:1050A000FDFE010100FE00FE0101FEFD01FF02FD0B
:1050B000FB00FDFC02FD05010000FCFEFF01F9F70D
:1050C000FE010001FF00FFFCFEFF000101FE0001E8
:1050D000FFFBFB0203000301FB04FFFEFDFD0201D9
:1050E000FB03FEFCFFFC0300FFFD0204FE020200C6
:1050F000FD0102FFFFFF0504FFFFFC0203050000A6
:1051000002FD0403FF03FCFFFEFCFD03FAFB0302A8
:10511000FD0004FE0403FF000000000000FF00008B
:10512000FFFA0000FF03FBFD020201FFFBFF00FC92
:10513000FDFDFB020302FD030403FFFD0000FDFB78
:10514000FB00020105FDF601FBFEFCFEFDFD04FD7A
:10515000FFFDFCFEFE0101FCFEFFFEFEFEFEFEFE6C
:10516000FE0001FD02FEFDFBFEFE0000FEFFFD0154
:105170000001010101000000FE000000FD02FD0130
:10518000FF04FCFE02010102010101FF0104FFFE18
:105190000104000601FF02FD0303FF0200FDFCFE07
:1051A000FCFF0000FDFFFE00FDFDFDFDFDFDFDFD22
:1051B000FFFD00FE0104000501FD02040100FCFCEE
:1051C000FF0001FFFF01FF0101030100FEFDFC01E3
:1051D00002FEFDFCF9F9FDFE080300030204FD08D0
:1051E000010302FFFA01FEFDFF01F9F7FCFF04FCD9
:1051F000FEFD0101FCFA00FCFF0000FF00FF0000C3
:1052000004FBFFFEFEFA020306FCFE01FF06FC049F
:10521000FBFD0500FCF5FC01FCF9FBFB0202FD01B6
:10522000FCFF010301010301FBFC040101FBFCFC89
:10523000FDF701FD00FDFC03FFFF03FEFCFBFF008B
:105240000303FE03FDFE01FD03FCFB0202FEFC0462
:10525000F704FFFAF6F4F6F7F8F8F5F70000FFFEAA
:10526000FDFDFF00FF0101FEFCFDFCFE0104FAFE56
:1052700003F8FBFB0001FAF702FC04030201010240
:10528000FE00FEFF0000FE00000303FFFB05FC0123
:10529000FAFDFEF60102FAFFFC0503FE02FF00FC28
:1052A000FBFEFDFB0201FEFEFB030104FBFE03FC13
:1052B000FBFFFF02FF00FFFF0202FEFFFBFDFCFF02
:1052C000FDFDFEF9FCFDF802FD0100F9FFFCFEFE0C
:1052D000F80100FBF9FAFEFD0402FEF704010504E3
:1052E000FE010500FB0100FCFBFEFA0503FF0100C7
:1052F000FC030401FDFDFFFCFEFBFDFD00FDFFFFC7
:10530000FAFEFDFB04FFFFFEFF02FD030305FFFEA7
:1053100002FD0203FEFEFC00FCFDFA010004FAFDA2
:105320000000FC0000000000FC00000003FDFFF98D
:105330000000FE01000203FFFCF8FAFEFE01FFFA86
:10534000FD0102FE0000000100000000040000005A
:10535000FD04FD010500020203FFFAFAF6FBFAFC68
:10536000060704FD000404FEFFFEFFFEFDFE030031
:1053700003FEFC00FF050303FCFF06FDFE03020520
:10538000050201FC020205FEF5FEFC03FFFFFAFE2A
:1053900003FE00FC03FB0006FD03FD02FCFF07FF0C
:1053A000FBFF01FE00010002FF0001FE04040102F8
:1053B00000F9FFFE05FC01FDFBFCFDFDFB01030107
:1053C00000F7FBFFFCFC05030103FBFEFDFEFBFCFD
:1053D000FDFCFE00FCFDFBFE02020005FCFC00FFE4
:1053E000030303FCFC0405FBF6FF02F900FB02FECD
:1053F000FAF9F6FEFEFCF7FFFEFCFFFFFFFDFEFEE6
:1054000000FFFCFCFEFE01000000FFFF00000000AA
:10541000000000000000000000000000000000008C
:10542000000000000000000000000000000000007C
:10543000000000000000000000000000000000006C
:10544000000000000000000000000000000000005C
:10545000000000000000000000000000000000004C
:10546000000000000000000000000000000000003C
:10547000000000000000000000000000000000002C
:10548000000000000000000000000000000000001C
:1054900000000000000000000000000000070407FA
:1054A00004050103FF01020004030503FF040001DA
:1054B0000504030A04000405FF01FF0303060102BB
:1054C000020105030B0205040805010302FF01FFA9
:1054D000FE08020103FF000102FF0101010502FFB6
:1054E00007FE020103030001020502010102080197
:1054F000020805020801050404FF04010202020279
:1055000001000603FE020701030300030001FE057C
:10551000FF0102070204FFFE00000500000000007A
:105520000001FD0080C29B5022000000010003FF2B
:10553000020004FFFB0003000101FA000001FEFE6F
:1055400001FFFF02FF02FF0105FF0200FEFFFEFE5A
:1055500000FE0400FE00FE00FB000200010002014C
:10556000FF00FDFEFF0304FF02FEFF00FE0100003E
:10557000F902FEFE01FF00FE0103FFFF00FEFE0038
:10558000FF00020101FE04FFFFFFFFFFFFFFFE001F
:1055900001010500FF00FA0000000300010002FF06
:1055A00000FF02FFFEFF02000000040000000000F8
:1055B00000010600C0C29B50340000000000000043
:1055C00000000000000000000000000000000000DB
:1055D00000000000000000000000000000000000CB
:1055E00000000000000000000000000000000000BB
:1055F00000000000000000000000000000000000AB
:10560000000000000305000502FF0304050409056E
:105610000404FD0201020303040102040307020162
:105620000405FF030403050600040305080105043F
:10563000050004FC0401020300040906030403043A
:10564000060004040102FE05FD0201FE040203033C
:105650000203040305FD00040305FA010702000B21
:105660000303010002020203030306030402FF0313
:105670000103080303010106010301040001FF0304
:105680000000FE06000000000004FF0020C39B5045
:105690002200000003FC00FE01000201FDFF0107E3
:1056A000F804FFF6FB04F9FEFF020402FF01F9040F
:1056B000030805FDFCFC05FD0702FEFBFE03FB0BDA
:1056C000FE04FE010100FFFB020107FB03FA0102D9
:1056D000FEFCFCFF0105FEFE04FF00FE01030008C6
:1056E00000FF02FE00FEFA0000FF0103FEFC0201C3
:1056F000FC01FEFF08FD04FC00FF00FFFFFF0107A7
:10570000040305FF02FB02010100F9FAFAFA02F9AB
:1057100000000101000000000000010060C39B5078
:105720003400000000000000000000000000000045
:105730000000000000000000000000000000000069
:105740000000000000000000000000000000000059
:105750000000000000000000000000000000000049
:10576000000000000000000000000000030306022B
:10577000FC0200FE02060004030002000103FFFF1A
:1057800001010B0002FF01FD03050401FFFE0401FE
:10579000030003000706FF08060704010103FC08D5
:1057A0000305060102FE03FEFF03030102FFFEFEE6
:1057B000FE03FF000303FFFC0301050201080106CD
:1057C00007010C000506FE05FE03FE01040302FEB0
:1057D000060007080EFC0001010606050001FE0494
:1057E000050205030304FF0100000304000000009C
:1057F0000001FD00C0C39B5022000000060403000E
:10580000FDF90504050202FEFB01FE02FC0503FF93
:10581000FFF900FA0000F901000000FDFC0105FE9F
:105820000006FF00FDFDFC01010100FDFFF8FB008B
:10583000FDFEFF02FBFE06FDFB0202FD03FEFE0075
:1058400000FD0000FF04FDFDFC04FEFE0000F8006A
:10585000FC000002FD04FCFCFE01FF010503FCFF4F
:10586000FEFFFD06000100000508FF0303FE05041E
:105870000304FA0302FE00040000FF04000000001D
:105880000004080000C49B5005000000F1FA08FF66
:105890000C03FFF5000000060000000000000000FF
:1058A0000000D85066010000FFF8FEFFFCF6010280
:1058B000FB0304FC00FDFFFE00FCFFFDFA01FDFE02
:1058C000FEFBF700FDFCFE030200FC0106FF00FEEC
:1058D00007050402FC02FD05FF01FF00FDFB02FFBE
:1058E000FEFAFCFD01FFFE03FEFEFFFDFF0001FFCF
:1058F000FE00FD05020002040201FE0500FCFD01A0
:10590000FEFD0003FFFE00FD030100FDFEFD04059A
:1059100002F9FA02FD0204FEFEFF0001FC02FC0097
:10592000FFFC00FDFD050100FCFCFC0201FCFAFC93
:10593000FEFFFFFF03FF02FD00000000000000006B
:10594000FEFEFD00FF0105FDFBFDFDFD0002FD0269
:1059500003FDFDFDFFFEFF04FCFBFDFBFFFAFCFE6B
:10596000020400FEFF00FFFFFFFFFF0002FC00FE3D
:10597000FEFFFE0201FFFEF8FFFF010101FF000232
:10598000FFFEFEFEFF00FEFE000001FFFF02FD0025
:10599000FE01FE01FFFEFF02FFFEFE01FDFBFDFF1B
:1059A000F8F7FAFB010100FCFEFC030203FF000311
:1059B000FEFDFDFD00FE00FC02FEFEFDFFFD0201FE
:1059C0000101FFFF00FC01FD030202FC04FF0102D4
:1059D000FAFA0302FD040102000202FC000001FDCC
:1059E000000201FC01FF00FFFE000101010305FEB2
:1059F000FCFDFEFEFAF8FD010100FC01FB050200C2
:105A0000FEFC00FCFDFBFEFEFC02FD00FFFE0200B2
:105A1000FE02010200FF0000FF000200FE00FC0584
:105A200005070003FF00FF00FFFDFDFDFCFC030177
:105A300000050303FFFFFFFF00FFFF00FC02FE0065
:105A400002FD03FCFDFFFF0100FF01FA02FEF90168
:105A5000FE06FF0101040001FF04FE04010002FF35
:105A60000001FD030205FD00FEFF070001FDFE0031
:105A7000FD01FF02FEFEFFFDFEFEFEFE010302FF32
:105A8000040005FCFEFF0003FE00FFFD0000FDFF1B
:105A9000FFFF0000FF00FF000402FEFD000100FC0C
:105AA000FCFF0301FFFC01FDFF02FD000204FF01FA
:105AB000FD02020203FF02FE0002FDFCFFFCFE02EB
:105AC000FF000102FDFDFDFCFEFDFEFDFDFEFEFFF3
:105AD000FE0404FEFC01FE02F9FB000200F902FDD7
:105AE0000000FFFFFE0302FC020000010004FDFFB6
:105AF00004FEFCFEFE00F8FCFE03FE00F9FD00F4CF
:105B0000FAFAF802F9FE00F7F9F8050001010102BE
:105B10000506FD0200FF00FAFF000000FF0400FF81
:105B2000FEFDFF0202FEFCFCFF07F801FD0005FF81
:105B3000FDFBF3FA0001FB00FEF901FC020B05007E
:105B400003020E0AF304FCF8FDF4FBFE08FD08FD59
:105B50000500FA0D01FC02FBFB0100FAF90203F853
:105B60000103050407080703FE0004F9F8FCFBFC29
:105B7000F9FEFCF5FE0101FCFE0202FEFFFF00FF44
:105B8000FDFCFC000301FE000001FDFD0400FC091A
:105B9000000404FAFDFCFDFFFFFB01FC0002FF0016
:105BA000FF00FE0004FDFF0202FFFD00FAFEFD0102
:105BB00001FDFEFFFC00FDFBFD00FC02010000FBFF
:105BC0000001FB06FBFFFEFCFBF8FFFF01FBF9FFFA
:105BD00000FE00FDFCFC02FD04FB00FF04FD04FFD1
:105BE000030100FF00FBFA00FFFFFDFDFA00FBFDD3
:105BF00002FEFA0100FEFC00FC0303FCFFFF00FDB7
:105C0000030105FF0503040403FCFDFA02FE010481
:105C1000FE02FEFEFFFC01FFFD00FC0001FAFE0299
:105C200002FEFDF902FFFAFC0006FEFBFEFAFD0D86
:105C3000FAFA00FDFDFFF9FD01FFFDFB00FF00FC8E
:105C40000000000002000000FE00FEFC01FB03F962
:105C5000FD0AFCFDFAFE09FEF9FAF903FFF7FB0263
:105C60000000FD0300000000FE000000FEF8FE043E
:105C7000FDFFFAFDFCFEFF01FEFFFFFA030300003B
:105C8000FF0402FEFF0000FF00FEFFFE02FEFEFB1F
:105C900001FC0304FC02FA0502F9FA02FFFEFDFB17
:105CA000FDFFFB02000302FCFE00010606020103E9
:105CB0000307FCFC010203040201FCFFFFFCF7FBED
:105CC0000002FDFEFEFF00FBFDF9FEF9050402FFE8
:105CD000FD0203FEF701000402FA00FB00040003CA
:105CE00005FEFD01050303FD02FFFF0106FDFFFEAA
:105CF0000400FFFBFE0002F90001FF03FDFE00FEB1
:105D0000000305010202FE03FF050704F8FBFB0286
:105D100000FBFC0000010302FE00FFFFFDFD00028E
:105D2000FDFD0202020101FF000000000000000072
:105D30000000000000000000000000000000000063
:105D40000000000000000000000000000000000053
:105D50000000000000000000000000000000000043
:105D60000000000000000000000000000000000033
:105D70000000000000000000000000000000000023
:105D80000000000000000000000000000000000013
:105D90000000000000000000000000000000000003
:105DA00000000000000000000000000000000000F3
:105DB000000000000000000000FD01FEF9FE0101EE
:105DC0000601FCFDFFFF040102FE03FFFEFDFF00D4
:105DD000FD0507010A02020400FE06000604FE019A
:105DE00000010300FCFE01FEFF0505FE020006FDAA
:105DF00000070000FE00FDFE03FFFA050301030299
:105E000000FFFF03FEFF02FC00FF000002FFFE0395
:105E1000FEFE040102020203FF010100000202056E
:105E2000010400FC0404FE0500FB03FD0101FD006C
:105E3000FD0000FE0000FC00000000000003050063
:105E40008002D8502200000003FD00FF00FDFEFE8E
:105E500002FC02FEFFFD00FE01FDFEFEFDFC010254
:105E600003000100FB0403060101040100FEFA0225
:105E70000003FE06F9FF01010002FF01020302FF19
:105E800001FE0103FC020101FE04FF00FEFE04010D
:105E9000FF00FF0403FEFA00FEFE0503FE030304F9
:105EA000010202FD02FBFDFF00FDFF02060202FFF0
:105EB00001FD050400FDFB0204FD0402FE00FF02DB
:105EC000FF0400020000FB02000000000002FD00D1
:105ED000C002D850340000000000000000000000A4
:105EE00000000000000000000000000000000000B2
:105EF00000000000000000000000000000000000A2
:105F00000000000000000000000000000000000091
:105F10000000000000000000000000000000000081
:105F2000090300FD040201FF05FD0006FE0402FF57
:105F3000FC0501010501F8FF0404020300FE010055
:105F4000FE0402020103FD030201030102FD02003F
:105F500005FF03FC040502FE0001FF02010005012C
:105F6000020106050204FD060400FF05020100050A
:105F700003010004FD02FFFE01FF0302030201FA18
:105F8000FF01FF02000205F900FE04FF0401FD000D
:105F9000000200010001FF03FFFDFE03000006FFF9
:105FA00000000000000103002003D8502200000080
:105FB00000FC01060003FEFD01020302F9030001DB
:105FC00000FE07FF01FA000005FD01FEFEFF0102D1
:105FD000030201FFFF0101FDFC0104020003FD03B8
:105FE000010401010200000200FF02FFFC030002A5
:105FF000FF0000FCFEFD0000090100FFFDFFFB01AA
:10600000FF03FF020104FEFF010102FEFC03030186
:10601000FF00010300FEFCFC0501FFFFFFFD010086
:10602000FE0203FF0101FA00FB01FD010000000078
:1060300000000000000100006003D85034000000A0
:106040000000000000000000000000000000000050
:106050000000000000000000000000000000000040
:106060000000000000000000000000000000000030
:106070000000000000000000000000000000000020
:106080000000000000000000FEFF020201FE02010D
:10609000FF000202000201FFFF050001FEF90404F7
:1060A00001FF03FBFD05070002FF010502000109D6
:1060B0000807000105FF0200FF03030200FF0204BE
:1060C000030302FF0204FF01FD020202050403FEB6
:1060D00002040207FC02030104FD02030303FFFEA6
:1060E000FE03070002FF04FFFB0306020200000399
:1060F0000705040104040106030401FDFF0103FD7B
:10610000FE02FA010000FD0500000000000103008E
:10611000C003D85022000000060403FDFEF9FF086A
:106120000101060201FEFF03FA0501FDFDFDFFFD71
:10613000FBFEFF06FC0506FF01FF01F8FD04030757
:10614000FEFDFFFFFE00FE0302FBFFFD0103030255
:1061500002F8FEFFFF00F8FD04FEF902FDFCFF035C
:10616000FEFF05FB0007FFFFFB00FDFE02FFFC0139
:10617000000100FEFCF80004030901FA0306FD0714
:1061800007FD02030108040704000102FD05FBFBF3
:1061900000FB02030000FF000000000000080100F7
:1061A0000004D85005000000FEFE08F509FF0702B4
:1061B000000000F900000000000002000040D8507C
:1061C0006601000002F5FDFEFE00FFFE020201FA7C
:1061D000FC020102F8FC0203FBFC01F90400FE02D0
:1061E0000404FEFE00FD00FBFD06FFFEFFFFFDFDBB
:1061F000FEFC02FD0103FDFF01FAFDFEFCFFFAFDBE
:10620000FDFE00FF02FF02010000000103FEFDFF92
:1062100004FF02FDF9FFFEFCFEF90003FEFEFBFF9A
:10622000FDFEFE00FC0100FD02000404FF0101056B
:10623000FE0707FFFC030100FD02FFFCFEFD01FC61
:1062400002FFFDFDF902020000FDF804FDFF02FD62
:106250000201FF01000000FF0000000003FFFD003D
:10626000000605FFFB0302FCFDFCFD0204FC00032D
:10627000FC030201FD02020301F9FBFC00FFFFFF2A
:1062800002FF00FCFE02FF01FAFCFEFE01FD02011E
:10629000FFFCFFFB02FF00FE0000FE02FFFEFEFD12
:1062A000FF00FEFF0002FEFFFC03FE00FEFCFDFF00
:1062B000FE01010103FE00FF0004F1FAF7FE02F601
:1062C00001FF03FFFF04060003FC02FFFF01FC01C6
:1062D000FD0300FFFC0000FCFFFD0102FE01FFFFCB
:1062E000FDFF00FFFDFE03FD04FCFFFDFAFD00FCC9
:1062F0000103FF02FD000303FDFF01FF00FD030298
:10630000FD0101FEFD0201FE0202FEFCFF01FFFD98
:10631000F9FBFDFBFDFDFD040102FCFCFE02FE009D
:1063200001FCFA00FEFD000001FC010300F8040876
:1063300002FFFE01FBFF05FE04FE04000302FCFD5C
:10634000FBFAFB0104FF01FCFF01FFFD030100025A
:1063500001000101FFFF0100FF02FF00FC01FDFC45
:10636000FCFE01FF01FD01FB05FDFCFF0503FC0335
:1063700002FE01FE030100FC02FC00FE0002FA0620
:10638000FE0503FE00FE02010000FF00FEFE00FF0E
:10639000FEFFFDFFFEFEFEFD01040603FBFA06FE06
:1063A000FFFF00FC0202FE00FE00FF02010000FFF2
:1063B00002FE00000204FE0103FF04FFFFFDFDFFDB
:1063C000FCFD00FFF4FEF9FF04FCFDFDFDFC06FEF4
:1063D000FD000203020102FDFE000002FEFCFD00C2
:1063E000FCFCFCFCFDFDFDFD00FF01FE03FC04FFC9
:1063F00002FD0000FCFC01FCFDFFFCFC00FDFFFDBC
:10640000FF01FCFE02FCFFFC0606FFFF0303F8058C
:10641000010505FCFD010502F7FB01FE02F8FEF88F
:10642000FE03F6FCFCFD0BF9FFFFFD03FF01F80581
:10643000FFFF00F70000FF0000000000F8FDFAFC7D
:10644000FFF6F9FBFBFCF9FBF6FBFFFA0301FF018A
:10645000FF00FF04FBFBF9FE00FCF4F9FF0302035D
:10646000FA0102F901FCFDF7FFFDFEFD02FCFEFF53
:1064700005010305FD06FFFBFAFE00FCFBF8000129
:1064800007070000FC00FDFCFEFAFCFA04FF01FE19
:10649000FFFAFC06FF0001FFFE00FF00FEFFFEFE0C
:1064A000FC00FDFCFCFB000101FFF903FD0A0701F4
:1064B0000203FD00FDFAFB00FF0100000100FEFDEC
:1064C00001FA0000FB04FB0005FFFEFB09020106C8
:1064D0000000FF02FFFEFBFDFDFEFAFCF9F5FAFDF0
:1064E000FFFCFBF9010003FD05FD02FEFBFE0004BD
:1064F000FDF8FBFF00FA000005050307000607FE94
:10650000FBFAFBFDFBFBFEFF020106FE0502020794
:106510000003070400FF02FF02FCFE000100060664
:1065200007FF060000FF01FCFC00F901FDFFFEFF74
:10653000FCFEFEFD0303FDFC01010302F5FE00036A
:10654000F9FCFDFBFC01FCF90100FB0102FF030368
:10655000FFFBFB0300FBFFFA0000F9000000000056
:10656000FD000000F9F9FFFD02FBF8FFFE0003FB50
:10657000EDFA010001FDFBF9FB0505FF00FF01023B
:10658000000000000700000005040406FEFFFEF7FF
:10659000F9FD02FA00F9FD02F5F6F8FC0602FDFF2E
:1065A000F9FD0907FDFBFEFAF6FFFFFFFEF804FC0C
:1065B00000FDFD0203F90104F705F9FC02FBFDFEF5
:1065C000F905FFF406FA03000701F6040005FDFBD8
:1065D000FAF5F9F6FCFAF6FDFF0002FBFC030806EB
:1065E000FCFEFFFFF9FCFFFFFB02FA00FAFF00FAD6
:1065F0000300FCF90601FFFF01FD0302F9FAFCF7B5
:1066000000FEF9F9FD0004F80AFE0101FF0300FF96
:1066100004FE03FB03000006FA03F900F8FE03F989
:10662000FF0503FBFAFFFFFFFEFFFA02FC06FE0276
:10663000FEFE01FF00FEFE00FC00FEFEFFFFFCFE72
:1066400001FB00000000000000000000000000004E
:10665000000000000000000000000000000000003A
:10666000000000000000000000000000000000002A
:10667000000000000000000000000000000000001A
:10668000000000000000000000000000000000000A
:1066900000000000000000000000000000000000FA
:1066A00000000000000000000000000000000000EA
:1066B00000000000000000000000000000000000DA
:1066C00000000000000000000000000000000000CA
:1066D000000000000000FC02020001FF0601FF03B1
:1066E0000201070302020803030300060407FF0672
:1066F0000702FDFD03FF0501050501020005080174
:10670000FF030202010404010303040502FE03FF68
:10671000FEFD020001050104090201020303FD025E
:10672000FC010302FC030801FFF9010401010A0056
:1067300001FF04040004030604010105010A030724
:1067400001090101FE01FC020601FD010004FFFE3A
:1067500000000303000000000003FF008042D85047
:1067600022000000FBFCFF03FD0301FDFDFF00FC18
:1067700000FD00FD03FF000301FFFF0402FDFFFE1B
:10678000FD05010501FFFDFF01FFFD000101010401
:10679000FF020205000300070001000704030100D7
:1067A000FE0201FEF9010100FF0300FC0000FE03F0
:1067B000010003020200FF0001FD0201FFFE02FFD3
:1067C00000FCFD01FE00000400FE03FBFCFBFF04D7
:1067D0000001FD08FE030000FE0201FF01010100AF
:1067E000000003040000000000000100C042D85077
:1067F0003400000000000000000000000000000065
:106800000000000000000000000000000000000088
:106810000000000000000000000000000000000078
:106820000000000000000000000000000000000068
:1068300000000000000000000000000000FFFF0F4B
:10684000FFFE02030709030308070103FF04040412
:1068500000010509040D01FF0603FDFE05FF03FC11
:10686000000307030103040202FF01FC0AFC000904
:10687000040AFDFBFF00FD020B070307FE03FD04F6
:10688000FE0300FE02080002FFFF030605040203E8
:106890000201030F0306FC03010200FF08040006C7
:1068A000FD0302030F020305050308030100FEFEBA
:1068B000070202080A07FC050000FF0500000000AF
:1068C0000001FD002043D85022000000FDFCFE0125
:1068D000FA01FF02FD00000203FEFD00040202FFB8
:1068E00000FE010102FDFE01FE05FFFE02030100A4
:1068F00005010403FF02020105FD01FEFF02020083
:106900000000FF0201FA00FEFDFC03FD01FD020292
:1069100000FEFA030000FE0401000302FDFEFF0179
:10692000FF01FEFEFDFE020002FDFF01F9FE01FC7B
:10693000020503FD02FC01000300FE02040201FF48
:10694000FC0201FE02000001000003010000000043
:106950000000FE006043D85034000000000000003A
:106960000000000000000000000000000000000027
:106970000000000000000000000000000000000017
:106980000000000000000000000000000000000007
:1069900000000000000000000000000000000000F7
:1069A0000000000004000201FFFFFFFF02000701DA
:1069B00002030000030303FF01040C0100030401B0
:1069C000FF01010201FC00FF08FEFFFF1103FF01B0
:1069D0000803FE05080204010202FF020102000191
:1069E000020201020605FFFC04FFFF020203FFFF93
:1069F000070204000204FF0201010B020100000271
:106A0000030001FB010201020CFE060A0EFE01FD5D
:106A100001050204060000020009090303FD060542
:106A2000000008020000000000FF0200C043D85030
:106A3000220000000300030402FCF9FB01FD05FF36
:106A4000FF0001FFF900FF0300FDFE01010101004D
:106A5000F9000300060202FFFF01FFFA020000FF37
:106A60000103FEFF03FD0104000002FFFDFDFEFE29
:106A7000000301FC02F902FFFCFDFF01010204FC1E
:106A8000FD04FDFBFC0100FFFFFFFFFE0602FC0012
:106A9000020006FF020004FF02FE030106040202D8
:106AA000FD0103FE0100FA04FD070200F500F9FCF8
:106AB0000000FFFE00000000000001000044D8506C
:106AC00005000000FAFBF8F7051109F300000015B6
:106AD000000000000000F9000080D85066010000AE
:106AE000FFF7FDFFF9F9FBF70301FEF7FFFDFD03DB
:106AF000FA0202FE01F4FEFD06FEF6FAFC03FFFEBA
:106B0000FDFA0400FF04FEFD02050001010102FA86
:106B1000FC00FF01FAFEFE00FE02FAFD0101020583
:106B20000000FFFF00000000FDFF020203FFFCFD6C
:106B3000FE0007FE02FBFB040000F7FD0200FF0061
:106B4000FE00FF01FD0102FFFFF7FF03FF0405FF49
:106B50000208FD020002FDF9FF0101FDFBFDFD0041
:106B6000FDF8FCFBFFFAFCFBFE000101000100FE4A
:106B7000000000FF00000000FFFE0200FE0502FF13
:106B800001FC01FC0301FDFEFDFDFCFCF9FFFC0521
:106B9000FDF902FDFCFCFDF90205FEFF010000FB12
:106BA000FFFF0100FEFDFF010001FEFE000101FAF2
:106BB0000100FFFFFF0000FFFFFEFEFEFF00FEFFE3
:106BC000FD00FDFE01FFFEFF0101FF01FFFFFE01D1
:106BD00002FF0100FBFDF4FFFBFBFEF50002FFFAE4
:106BE000FF000301FC03030200FB00020100FFFDA4
:106BF00000FF010100FD0002FFFF00000001000096
:106C000000FE03FF01FDFD04FE02FFFDFA0200F895
:106C1000FFFD01FA01FFFFFE00FDFFFF0001FE0086
:106C2000FF0000FFFD00FFFDFD0403FAFEF903FF76
:106C3000FDF9FD02FFF80003FB03F9FCFDFB030077
:106C40000302010300FFFFFE06FB03060304FC032F
:106C5000FE000002FF0000FF0109F8FAFAFD00FF44
:106C600002FDFDFF01FEFF00030102010000000024
:106C700000000000FD07040004FA0604FFFAF90210
:106C8000FEFDFE01FDFEFDFA02FE04FE00FF010214
:106C9000FD040101FEFC010303FF0004FF0004FEEC
:106CA00000FF050200000000FFFE00FFFFFFFDFEE9
:106CB000FFFFFFFE01FE0201000502000000FEF9D9
:106CC00000FE00FD00000002000000FF04FF0100C4
:106CD000FE0400FCFD040AFBFF00FD0002010001B0
:106CE0000001FB01FDFF03FEFEFD0202FD020200AA
:106CF000FF0201000000FF01000201FFFDFDFCFC9E
:106D0000FDFDFDFDF9FAFEFE02010402050101048C
:106D100001FEFFFF01FCFCFFFFFFFFFEFF0303017D
:106D2000FC010202FEFE0102FEFE00FCFFFFFF016D
:106D30000201FFFF02FF05FF00FE01FE0000000050
:106D4000000000000100FE00FFFFFE00000000FF49
:106D500000000000FFFD0000020200FE0001FF0233
:106D600001FF0000FE0001010003000000FF000021
:106D7000000000FD00000000020300000103020407
:106D8000000100FD0000000000000000FF0003FC07
:106D9000FD020300FFFD0203FE0301FFFE010203EB
:106DA000FFFB02FEFFFEFEFD01FF000001020201EB
:106DB00000000000000000000000000000000000D3
:106DC00001FC0000FF0202FE01010203FC03FC02C1
:106DD000FEFDFF0000FF000000000000FFFEFF01BD
:106DE000FFFE00FFFF0000FE010003000001FF01A5
:106DF0000000000000000000FE02FFFE01FD01FE99
:106E00000000000200000000000000000000000080
:106E100003000000FF0004000100FEFF000000006E
:106E200000000000FDFDFE0003FEFF01FD01FF0369
:106E30000002FFFD03FD01FCFF0000040000010053
:106E400001000200FE000101000000FF0000000040
:106E50000000000000000000FF000000010002022E
:106E6000FDFCFD0002FD020301FFFFFE000000012A
:106E7000000000000000000000000000FC00000016
:106E8000FEFD03010200FD03000000000000000001
:106E900003030100FF0000000000FFFE00000000EF
:106EA00001000000FEFFFE03FEFEFEFF01FF03FFE8
:106EB000FCFCFDFB000000010000000000000000E1
:106EC00000000000000000000000000000000000C2
:106ED00000000000FF01FFFFFE00FFFE02FE00FFBA
:106EE000000002FF03FE02FE02FF020000FF00019D
:106EF000FFFCFE0200000000FF00000001FFFEFF9B
:106F0000FFFE0101FEFCFF01FFFEFCFFFEFEFFFE97
:106F10000002010300FF01FD020001020104000163
:106F2000020001FFFEFF02FC000001FD0000000066
:106F300000000000000000000000000000FC02FB58
:106F4000010301FD000000FC000000000000000043
:106F50000000000000000000000000000000000031
:106F60000000000000000000000000000000000021
:106F70000000000000000000000000000000000011
:106F80000000000000000000000000000000000001
:106F900000000000000000000000000000000000F1
:106FA00000000000000000000000000000000000E1
:106FB00000000000000000000000000000000000D1
:106FC00000000000000000000000000000000000C1
:106FD00000000000000000000000000000000000B1
:106FE00000000000000000000000000000000000A1
:106FF000000003FD02FF030302010100FEFEFE028A
:10700000FA01FE0200000300FF000400010000007E
:10701000FC01FF010104FBFF01FC020000FF040270
:10702000010205FCFFFBFC01FEFD0400020203025D
:10703000FDFFFFFDFD0300FF01FC00010102020254
:1070400001FC00FF0401FFFFFF00FEFF00FF040240
:1070500003010602FE00020304FFFFFB03FB02FF25
:10706000000400FE000305FDFEFCFCFF000003FE23
:1070700000000000000001008082D85022000000C3
:10708000FE0003FDFE02F804FF0100010304F90005
:10709000FE01FF02FF0200FE0A02FDFEFCFF0502E8
:1070A00002030601FF0401FE00FDFCFD030001FFD9
:1070B0000100FF02FF0100FAFF0303FEFD0103FAD6
:1070C000FF03FE0001010003FAFDFB010101FD00C9
:1070D0000300F9FC01FF02FCFCFE020204010005B2
:1070E000FEFB0000000304030406020004FFFFFB94
:1070F0000406020306030201FD040002000004FF6F
:10710000000000000000FA00C082D85034000000E7
:10711000000000000000000000000000000000006F
:10712000000000000000000000000000000000005F
:10713000000000000000000000000000000000004F
:10714000000000000000000000000000000000003F
:107150000000000000000000030000020201020223
:10716000FE0402FFFD0201FFFF00000500FD02FD1D
:1071700007FF030503030603FD01040201FFFF02ED
:10718000040501FBFD0203FFFF02FEFDFFFF0204F9
:1071900003020201FD0004FFFFFEFF0001FEFEFFEF
:1071A00000030102FD0501020A06000601FD0201BD
:1071B00003FC0304FE0200FFFF00000105010401BF
:1071C000FE02FD01FDFD02000202FC010404FF04B9
:1071D00002FAFDFE000005030000000000010300AC
:1071E0002083D85022000000FDFBFD0004F804FDC0
:1071F00002070100FA0601F7020802000000FC067F
:1072000003FB03FEFE0501000002FA010206FFF97E
:10721000FEFEFF070002FFF70408FF030003FC0364
:10722000FF03010000FCFF03FC0001F8FEFC00FE70
:10723000FEFBFD08FC04000003FD00FA01FD030253
:107240000107FFFDFD00FE00FEFA07F80200FF0047
:1072500002FFFE040100FD07F9FF020603FEFEFF28
:1072600004FAFFFD0000FDFE000000000004FC0029
:107270006083D850340000000000000000000000CF
:1072800000000000000000000000000000000000FE
:1072900000000000000000000000000000000000EE
:1072A00000000000000000000000000000000000DE
:1072B00000000000000000000000000000000000CE
:1072C00001FE04040000FD04FF02FF0205050203A5
:1072D000030204FF0401060108030203FE0A03027D
:1072E0000501040504FD010107FF03020505FC0774
:1072F0000501FD0302000009010601060104FE0369
:107300000204FE030F02070401FF0803000104004A
:1073100003010302010C05FC03070D02020100FE3C
:10732000FD0505FD0901000004FF00FFFE05FF0942
:107330000304FEFE01040701FEFF03060000FF0236
:107340000000000000070700C083D85022000000A2
:1073500004FAFF0300FF04FEFFFE0301030700FD24
:1073600002040102FCF904FEFFFF02FF03FD02FF1D
:10737000FFFB03FEFE0403FE0402FF04FA06000006
:1073800001FEFF04FE03010101FE00FDFEFFFE0001
:10739000000502FDFF0103020503FB000105FAF9E8
:1073A0000202FAFF000302FFFFFEFEFB0102FE01E4
:1073B000FFF9FE05FEFDFB020001040201FFFE00D5
:1073C000000103020409FE03000202FE0000FBFFAD
:1073D00000000000000301000084D85005000000F8
:1073E0000712FAF3140DFFFD000000F70000000083
:1073F0000000F00000C0D850660100000400040145
:10740000060404FE00020003FBFD04FB03FFFB0275
:10741000FFFEFEFCFCFE040103FC010101FD03FF75
:107420000301FEFDFFFD03FFFF03FBFB0402FF0161
:10743000FEFC04FE04FCFD0100FC0304FFFF02FE51
:10744000FE01020203FF0605FC0501FC0704F9002A
:10745000F4FEFCF5FE0201FD040300FEFE04FE0244
:107460000100FDFBFA0002FAFB05F70102FE07022C
:107470000401FD02FF0301FBFEFF04FFFE03FE0407
:1074800001010202FF0000FF0000FF0000000000F9
:107490000000000005FCFF0001FFFBFE03FCFCFCFC
:1074A00000FF020202FCFD04FBFE0302FFFBFF01E2
:1074B00006FF01F802070303FE02FF04FCFEFFFFC4
:1074C00000020202FF04FE0300020503FF010000A8
:1074D0000001FF00FCFDFDFDFFFBFDFF0100FEFDC7
:1074E00002020102FFFFFFFEFEFD020104FF02FF98
:1074F000FE04000302FFFFFD0005FEFEFE05FC0585
:10750000FDFF03FB00FDFB0100FFFBFD00FC03FD95
:10751000FE0101FFFD0003FD02FB04FCFFFEFF0175
:1075200000FC03FE03070100040103FEFDFEF9F960
:10753000FE0001FF00FD02FF000000FF0000000050
:1075400002FCFFFFFFFF000103FF0301000100FF3A
:1075500001FEFD000301FF0000FFFEFC0000FFFF35
:10756000FF01FFFD03FF010002FCF901FCFE05FA2B
:107570000003FD0003FEFDFD01000104010001FB0D
:10758000FCFD02FEFAFAFBFAFD0100FEFC0302001C
:1075900005FD020300FCFB01FC0203FFFD0002FDF0
:1075A0000303FF03FCFA0401FBFDFD0202FA0001E4
:1075B0000303FF03070404FDFE0604FD02030106A6
:1075C000FFFDFBFDFEFFFBFFFEFEFEFDFEFEFEFEE1
:1075D00000FAFFFB0002FEFDFF00000300000000B8
:1075E00000000000FFFFFF00FDFFFFFFFA04FCFAB0
:1075F000F8FD02FD02FD00FF00FEFF02FC01FDFDA3
:10760000FCFCFCF6FE02FF00030401FD0202000286
:10761000FC01FFFCFFFEFFFEFEFEFEFEFEFEFEFE88
:1076200003FFFDFDFEFCFEFAFA0100FF040300FB70
:1076300001FCFC03FFFC01FFFAFF01FB000202005A
:10764000020202020101020200010101FFFFFF002C
:1076500001010000FF010201FEFFFEFEFDFF01FD32
:10766000FF00000001FF0000000000020000000019
:1076700001010000FDFE01FF00FCFDFE010100FF15
:1076800001020201010101010100020102020202E4
:1076900001020201FCFD0201FDFCFCFD02FDFCFCFF
:1076A00002020303FF000102FFFEFEFE03020000D0
:1076B00000000002FEFFFFFFFEFEFEFEFFFFFFFFD9
:1076C00000000100020102010000000200000000B1
:1076D00000000000000000000000000000FF0000AB
:1076E000FF00FF00030000FF0201030300FDFC0395
:1076F0000000000000000000000000000100000089
:107700000000010101010000FF010101FFFFFFFF77
:10771000FFFFFFFF00030404FFFF00000000FEFF67
:10772000000000000000000000000000FF0000005A
:10773000FEFFFE00FEFEFEFDFEFEFDFEFEFEFEFE68
:10774000FF0000FEFEFFFFFFFFFFFFFFFFFFFFFF49
:10775000010000000101010101010101FFFF01021F
:10776000FFFEFEFF000000FF000000000000000020
:1077700000000000FE00000002FF01FF0202020202
:10778000FFFEFDFC010000FF0000000102010100FE
:107790000000010200000000FE00000001FF0200E6
:1077A00001010101010202020000020202020300C3
:1077B000000001020000FFFF00000000FF000000C9
:1077C000000000FF010101010101010000000101B1
:1077D0000102020102020202000002020000000097
:1077E000010000000102020200FF010102FF01008E
:1077F0000002FF02020201FEFEFFFFFFFEFFFEFE8F
:10780000FDFDFDFD00FDFDFD00000000000000FF8E
:107810000202020201010202FEFEFF0101FEFF0060
:107820000000FFFFFFFEFF0000FFFEFE0101000061
:10783000020101020304040304030404FF00000422
:1078400000FF00000101000001010101010201012E
:10785000020201010201010100FE00FF0000FE0121
:10786000000000FE0000000000000000000000001A
:107870000000000000000000000000000000000008
:1078800000000000000000000000000000000000F8
:1078900000000000000000000000000000000000E8
:1078A00000000000000000000000000000000000D8
:1078B00000000000000000000000000000000000C8
:1078C00000000000000000000000000000000000B8
:1078D00000000000000000000000000000000000A8
:1078E0000000000000000000000000000000000098
:1078F0000000000000000000000000000000000088
:1079000000000000000000000000000000FFFDFF7C
:1079100003F702FE01FE0107FEFF07FC020101FD65
:10792000000008FD030203FFFEF900FFFDFEFCFE60
:10793000FE00FF01FDFFFEFB02FF0106020202FA4C
:10794000FD0003040002020001FCFD0201FA000038
:10795000FA000500FD01FD040000FE0001FF00FD2E
:1079600004FFFF000101F8FCFB000400FEFC020024
:1079700002FDFEFEFFFBFEFF00FEFFFCFE0000FC22
:10798000FDFFFFFCFF0200FE000005FE00000000FE
:107990000001FF0080C2D8502200000001FDFC0061
:1079A000050303FE0000FF0000FFFF0302FFFEFFD0
:1079B00006FE00FEFF01FCFF0006FFFFFF02FD03C5
:1079C0000303FFFDFCFEFEF90101FE0300FE0001C2
:1079D00003FDFFFF01FEFEFE0004FF0000FFFFFCB1
:1079E000FE00FD030101020001FE00FDFEFFFDF9A6
:1079F00002FBFD0203FF02FF01010102010303007C
:107A00000300020003FCFDFDFE06FF0400FDFE0076
:107A100000FD0002FB01020A000002050000000058
:107A200000FD0100C0C2D85034000000000000007A
:107A30000000000000000000000000000000000046
:107A40000000000000000000000000000000000036
:107A50000000000000000000000000000000000026
:107A60000000000000000000000000000000000016
:107A700000000000F9030202FE01FF0002FFFDFC0E
:107A800005FC00FF030001FDFF0000010102F801F9
:107A9000FFFEFDFEFF0103FFFF0101FA000303FEED
:107AA0000106FB0403FF0200FDFD00FC02FD0000D7
:107AB0000200FE01000201FEFDFE0400FF0103FFC3
:107AC0000201030002FD04FE0201FF01010202FCAB
:107AD000FDFD000203FD0000010100070100FB02A3
:107AE000FE0101020303FEFDFEFA0202FF02000294
:107AF00000000001000000000000000020C3D8507A
:107B00002200000003030300FE00FEFF020107FE47
:107B1000FF02FE00FE02FE0001000003FFFE01FF67
:107B200000FF0600F8020400FCFEFF02090100004D
:107B300000FE01FF0000FDFE0201020203FF01FE44
:107B40000000FB0005FF0605F801FFFF08FE02FE2E
:107B5000FC0102FFFDFEF8020500010101FD00002D
:107B60000300FC0303020002FC03FEFD040002010B
:107B700004FD0101050200FF02FFFA03FFFF0201FD
:107B8000000000010000000000FEFB0060C3D850B0
:107B900034000000000000000000000000000000B1
:107BA00000000000000000000000000000000000D5
:107BB00000000000000000000000000000000000C5
:107BC00000000000000000000000000000000000B5
:107BD000000000000000000000000000040301039A
:107BE000FCFDFF00FFFEFD0100FB04FFFFFF0300A3
:107BF000FD06FD00FF0000FF01FA01010200FC028A
:107C0000FF050000FBFEF8FB01020301FEFD02FD83
:107C1000FEFE01FCFFFEFFFF02FB01020200FFFD72
:107C2000FCFEFB02FE01FE000202FCFFFFFE00FD67
:107C300000FFFE04FDFBFFFF04FBFF01FFFE00024F
:107C4000FB01FE00F5FB000401FF07FAFB00FFFF4C
:107C500002FDFEFF020304FE00000102000000001E
:107C600000FC0000C0C3D85022000000000501FE47
:107C700004F4FC07030002FF03FE0102F905FEFE07
:107C800004F900FE00FA02FFFB04FCFE0502F9FA0B
:107C9000FE07020505FFFCFD0003FEFC05FC00FDE0
:107CA00000FF0502FDFCFC0102FDFBFF00F802FFE6
:107CB000FCFD0401FD0009000606FC00F90002FDC0
:107CC00002FE01FE0104010004010A00FC0603FBA0
:107CD0000003010101FE0202FF0BFD060603FC0486
:107CE000F8FD01FFF8FD00050000FC0700000000A2
:107CF0000006FF0000C4D8500500000008FCFD0687
:107D0000F1EF04FD000000080000000000000F007B
:107D10000000D95066010000FDFFFC01F7F802FBEE
:107D200002FF02000103000405030206FDFFFDFE41
:107D3000FDFDF9F80103FC01FC0100F904FEFFFD63
:107D40000A0300FFFFFE0007FFFFFEFE020401FC26
:107D5000FA0003FE00FF0402000000000000000023
:107D6000FAF9FCF8FF00FBFBFEF9F904FCFAFB0250
:107D700000000001FF00FF0105FEFF01FDFCF8030C
:107D8000FBF6FCF709FCFF02FFFFFBFF0002FFF818
:107D9000FB01FEFB02FBFE03F9FFFDFE00F7F4FD15
:107DA000FEFF0000010100010000000000000000D3
:107DB0000503020001020002FFFF020000FAFEFAC2
:107DC00004FEFAF90005FF03FA010A02020607079A
:107DD000FCFAFBFC000000FC0000000005030000B2
:107DE000FEFEFF0300FCF9FA0000000000000000A6
:107DF0000000000000010000FFFEFE000000FF0088
:107E0000FFFF000000000000FDFF0000FCF601FD88
:107E1000FFF9F6FCFEFCFEFD000100FDFFFC020088
:107E2000FFFF00FCFE00FF00FFFFFF000100FF015D
:107E3000FFFE000001FF01000002FD00FEFC00FE4D
:107E40000700FC00F302F9FD01FFF7F10000FFFE5F
:107E500000000000000001FF0000000005FF02FE1E
:107E60000200FA0003FFFF00FCFFFDF90203FDF929
:107E7000FCFE00FC01FB01FC0202FE0200FEFDFF15
:107E8000F9FAF7FE01FCFDFBF8FD020501FF000019
:107E9000F8F904FDF90306FBFE040504FCFCFDFEF5
:107EA00000FD00FC0000000000000000FFFDFD00E0
:107EB00004FFFCFCFEFCF9FDFD01FDFD01FDFE00E3
:107EC000FC04FC04040407FBFFFDFBFD00FEFDF9C0
:107ED00002FDFCF8FCFEFEFD00FEFDFEFFFFFD00C6
:107EE000FDFEFFFCFDFDFDFDFFFEFEFEFBFEFA00BC
:107EF000FDFBF8FD0001FFFD0102FDFF000001FF99
:107F00000000000001000000FDF8FD04FF00F70084
:107F1000FEFFFEFC0101000102030800FE02000951
:107F200000FEFD01FF000001FF0200FD0101000055
:107F300003010001FEFEFEFEFFFEFFFE040202FF43
:107F4000030002FF05090402FF0105FD02FEFCFC1F
:107F50000003FEFF0204FD0400F30102F5F7FCF745
:107F6000FAF6F401FAFBFEFCFD00FDF9F900FAF463
:107F7000FCF9FEFFFCFB010200FDFC02FCFD00FE23
:107F8000FBFFFB00000000FB0000000004020000FB
:107F90000505020500FCF9F8FDFC00FCFF000003EC
:107FA000FAEDFBF7FFFB03FBF903010907FE0409E8
:107FB000FCF9F700FFFFFEF908F900FD00000304DB
:107FC000FE030101FA03FCF9000005FFFAFFFE07BA
:107FD00005040304FAF60404FF0300FCFEF40203A4
:107FE000FCF402010600FC00FF000000FDFDFCFEA9
:107FF00000FEFDFCFEFFFFFFFF0300FDFF02FEF69B
:10800000FE06FFFA0501070408000007FEFF00FF57
:10801000FE00000101FDFB010305FDFEF3F6FDFA84
:10802000F7FEFAF5FDFCFDFFFBFEFCFFFEFC03FE88
:10803000FD080001FEFF02FCF5FCFE00FE00FEFE56
:10804000000000FFFBFEFEFCFDFDFEFEFDFD03FA51
:10805000F8F8FFF7FDFBFBFCFCFCFDFDF5F8FDFE71
:10806000FF01FAFFFF03FEF9FD0002FDFB04FD0521
:10807000FE01000100FF06FBFAF9FDFCFC03F8FB22
:10808000FCFCFC0100FDFEFFFFFDFEFFFF01FF0108
:1080900003FBFE02FE01F9FEFDFD05F601EF00FC0B
:1080A0000007F703FF01FDF8FFFCFCFE0000FFFFE7
:1080B00000000000FB00000002FFFF06F702FCFCCE
:1080C000FD060201FE0401FBFC0101FF02FD00FEB2
:1080D0000000040000000000FFFF0000FAFCFF01A8
:1080E000FBFCF8FAFFF9F5FFFBFCFBFE000306FEC4
:1080F000F6FAFE03FFFEF2F200FEFDFEFAFEFF00BE
:1081000001F60803FFFAF70701FC0206FF03FBFE76
:108110000A0606F800020002FBFDFBFFFEFCFAFB6C
:10812000FA00FCFCF8F801FDFE0301FBF4F7FB018B
:108130000503F9F90001FB02FDFBFDFEFCFDFDFD61
:108140000503FFFE08FF01F6F5FAFE0105FFF8F54D
:10815000FFFD01020307010202FCF702FE00FF011E
:10816000060400FBFCFEFC07FBF7F3FAF804FFFB38
:10817000FB0109F6FEFE01FDF8FB01F9FBFEFD0126
:10818000FAFDFDFC00FF01FF0000000201FF00FD01
:10819000FFFF0000000000000000000000000000E1
:1081A00000000000000000000000000000000000CF
:1081B00000000000000000000000000000000000BF
:1081C00000000000000000000000000000000000AF
:1081D000000000000000000000000000000000009F
:1081E000000000000000000000000000000000008F
:1081F000000000000000000000000000000000007F
:10820000000000000000000000000000000000006E
:10821000000000000000000000000000000000005E
:108220000000000000000000FDFF0003FFFC00FF55
:108230000204FDFFFDFDFFFDFDFEFC0004FF00014B
:1082400000FEFCFEFAF9FCFCF900FAFEF9FDFEFE68
:1082500004FC03FEFE0202FFFDFB00FFFFFEFF0227
:10826000FEFEFEFEFEFEFD01FFF9FBFDFEFB010032
:1082700000FFFEFE020101FDFF00FEFDFFFEFC010E
:10828000FFFFFD00FD00FFFE00FF0200FE03FCFDFE
:1082900004FEFFFBFDFDFFFFF9FA00FDFBF9000303
:1082A0000003FDFE0000FEFE0000000000000200D2
:1082B0008002D950220000000000FF0000FC0101F4
:1082C000FE0300FE0002F8FD020101FF00FFFF03B4
:1082D000FF010201FF07FF020000FD00FEFEFCFDA2
:1082E00001FFFF020003FE02020201010204010479
:1082F0000500020301FC01FE000401FEFF01FE0176
:1083000000FEFE0001FE0004FF02FFFE01FFFE0072
:10831000FE03010602FEFD02FB00FFFF000505FE55
:1083200000FEFBFFFBFC0001FA010104FCFB000363
:10833000FCFD0404000004010000000000FCFC003F
:10834000C002D9503400000000000000000000000E
:10835000000000000000000000000000000000001D
:10836000000000000000000000000000000000000D
:1083700000000000000000000000000000000000FD
:1083800000000000000000000000000000000000ED
:10839000FBFCFD00FEFEFBFCFDFDFCFCFFFDFDFF0C
:1083A000FFFFFDFD030200FCFFFBFDFEFDFE04FFE1
:1083B000FC0100FDFAFBFAFEFFFFFF01FCFEFE02DE
:1083C000FDFF020001FD06FEFEFF02FE0000FDFBB8
:1083D000FFFDFEF9050002FDFFFB00040A0100009D
:1083E000F9FDFAFEFFFB0002FB03020BFBFFFC02A0
:1083F000FEFBFFFDFEFEFBFFFFFF00FFFC0002FD9A
:10840000FD00FFFBF7FCFCF5FF0100FC000001FB99
:108410000000000000FFFF002003D95022000000F0
:108420000301FF05FFF600FAFFFFFAFE05FF02FE5B
:10843000010300FF0000FF0A02FE01FB00FD00FB3C
:108440000301FEFF020304FDFD0201FC050200FC26
:10845000FC04FE04FE04020000010000FDFD000417
:10846000FD0100FD000302FF020000060403FE01FF
:10847000000101FAF8FE01030302FFFF0307FBFC02
:10848000FEFBFEFE02000103FFFB020202020403E8
:108490000001FF000101FEFF00F8000100000405DB
:1084A0000000000000FFFE006003D950340000000F
:1084B00000000000000000000000000000000000BC
:1084C00000000000000000000000000000000000AC
:1084D000000000000000000000000000000000009C
:1084E000000000000000000000000000000000008C
:1084F0000000000000000000FE01FC0202FE03FE7E
:108500000000FC00FBFCFD01FFFB00FBFF04F80189
:108510000000FD0101FDFC00FE0400FEFCFCFFFF6D
:10852000F4F702FCFDFFFEFBFDFE02FCFE01FB007A
:10853000F701FD04FF0005FEFDFD020101FF03013F
:10854000FBFE0104FDFEFA0001FCF9FC0004FE0143
:10855000FFFC01FF01FEFEFF02FFFC00F603FC0032
:10856000F1FBFCFEFDF800F6FE010400FFFCFCFE42
:10857000FC02FFFA0000FFFC000000000003040002
:10858000C003D95022000000FB00FA01FCFFFFFDF0
:10859000FEFE00FE04010501FAFAFFFF0303F6FFE9
:1085A000FA000100FCFFF500FA04FA0401FB0604DE
:1085B0000401FFFF080100000204F803FF06F800B1
:1085C000FC00F8FE0100050002FF0501030001FDAB
:1085D000F5FF00FA020005000700FFFBFA030502A1
:1085E00004FFFBFD090000010801F8FFFB00F90092
:1085F00002FC06FDFE00FA0208FB050300FC0BFD71
:10860000020106020000F5030000000000FD040066
:108610000004D95005000000FF0FFD03EEF1F8093A
:108620000000000300000000000008000040D950D6
:108630006601000004FBFE000104FBFEFBFFFEFFE1
:10864000FEFA0202FB00FB02F900FEF703FC040342
:10865000FFFFFDFFFEFAFD0101FFFD000200FEFC31
:1086600000FEFEFCFF010101FC010000FBFFFAFA25
:1086700000F9FE0201000001000000FFFCFDFDFF0B
:10868000F9FCFBFCFE00F9FDF9FAFAF7FEFFFF0129
:10869000000000FF04000000FA06F6FDF4FB07F4FA
:1086A000F705FAF7FEF6040100FFFB01FF01FDFEEE
:1086B00002FB0001FFFCFB030000030300000000BD
:1086C000000000000000000000000000F8FB0100B6
:1086D00001FCF900FDFC0403FBFBFFF8FF010106B0
:1086E000FB02FFFE0501FFFDFDFBFB000205FFFB9A
:1086F000000100040000000000F90000FDFEFBFD89
:1087000000FDFEFB0000000000000000FCFCFCFC83
:10871000FDFDFCFCFFFF00FDFF0000FFFF00FE0071
:1087200000FE01FF01000000FF06FC00FD0306FE45
:10873000FFFDF8F6FCFFF9FEFCFE0502FFFFFEFE62
:108740000000FCFAFF00000000000000FE0101FF35
:10875000000000000000FFFDFF00000100FB00FD25
:10876000FA00FFF700000305000101010000FF000F
:108770000000000000000000FCFDFB02000103F807
:10878000F7FB020709FAFF02FFFBFF05FFFCFEFAF9
:1087900000FD00FC00FFFF000001FF00F1FCF8F805
:1087A000F2F5F8F304FFFBF7F5FFFBF1020C01FF14
:1087B000FFFF0105FDFC03F7FFFFFE00F7F9FBFEDD
:1087C00001000000000000FFFEFCFD00FBF9FC02C0
:1087D000FB00FEF8FE0002FFFE020402FFFFFB01A9
:1087E000FFFEFAF905F2FA0AF6FDF3F9FBFBFEFBD0
:1087F00008FFFAFBFF000204FF0001FEFD0000027B
:10880000FEFEFEFDFEFEFEFE0500FE000702FC0170
:10881000000000FC0000000000000000000000005C
:10882000F9000000F9FDF7F8F7F3FBF4000100FF91
:108830000000FF00FCF9F80001FAFFFCFEFFF9FB65
:108840000100FE0000FF00FFFF000000000000002C
:10885000FCFCFCFCFDFDFBFCFEFDFDFDF9FF00FD4D
:10886000FBFAF8F9FC030505FFFFFE02FF01FDFD21
:10887000FEFF00FE0000000000FF000000000000FE
:1088800000000000000000000000000000000000E8
:1088900000000000000000000000000000000000D8
:1088A00000000000000000000000000000000000C8
:1088B00000000000000000000000000000000000B8
:1088C00000000000000000000000000000000000A8
:1088D0000000000000000000000000000000000098
:1088E0000000000000000100000000000000000087
:1088F0000000000000000000000000000000000078
:108900000000000000000000000000000000000067
:10891000FE00000100000000000100FF0100000057
:10892000FF00FF00FF010000000000000000000049
:108930000000000000000000000000000000000037
:108940000000000000000000000000000000000027
:108950000000000000000000000000000000000017
:108960000000000000000000000000000000000007
:108970000001FF00000000000000000000000000F7
:1089800000FF0000000000010000000000000000E7
:1089900000000000000000000000000000000000D7
:1089A00000000000FF0100000000000100000000C6
:1089B00000000000000000000000000000000000B7
:1089C00000000000000000000000000000000000A7
:1089D0000000000000000000000000000000000097
:1089E0000000000000000000000000000000000087
:1089F0000000000000000000000000000000000077
:108A00000000000000000000000000000000000066
:108A10000000000000000000000000000000000056
:108A20000000000000000000000000000000000046
:108A30000000000001000000000001000000FF0035
:108A40000000000000000000000000000000000026
:108A50000000000000000000000000000000000016
:108A6000000000000000000000000000FFFF000107
:108A7000000000000101000000FF000000000000F5
:108A800000000000000000000000FF0000000000E7
:108A900000000000000000000000000000000000D6
:108AA00000000000000000000000000000000000C6
:108AB00000000000000000000000000000000000B6
:108AC00000000000000000000000000000000000A6
:108AD0000000000000000000000000000000000096
:108AE0000000000000000000000000000000000086
:108AF0000000000000000000000000000000000076
:108B00000000000000000000000000000000000065
:108B10000000000000000000000000000000000055
:108B20000000000000000000000000000000000045
:108B30000000000000000000000000000000000035
:108B4000000000000402010A030701010802FB06FD
:108B500002FE00FFFD0301FF04FE050100FE05000B
:108B600007FFFE05FF0203010907FDFE03030B05D6
:108B700002FE00FC010303010103030101FF0200E7
:108B80000104040506FD0301FD0004010103FE00CC
:108B9000000A030101FE0303FDFE010705030109AD
:108BA00002020701040308050102030501FF040492
:108BB00003000203020002FF030300060203FF0595
:108BC0000000FF0000000000000202008042D950B7
:108BD00022000000FC0001010000030100FFFE0173
:108BE00000010300FF04010301FD02FCFCFFFE0085
:108BF00004FEFF010101FE01FC000401FE0202016E
:108C000003FE010005030102FC02FC010001FC005F
:108C1000FE01FDFD040400FF0200FF02FEFF05FF50
:108C2000FC040202FFFB03FF04000002FD0003043A
:108C3000070302010202FF0303FAFEFD00FEFAFF32
:108C400002FFFCFF06FEFE04FD010201050001011A
:108C5000000002FE0000000000FDFD00C042D950EF
:108C600034000000000000000000000000000000D0
:108C700000000000000000000000000000000000F4
:108C800000000000000000000000000000000000E4
:108C900000000000000000000000000000000000D4
:108CA000000000000000000000000000FA0107FCC6
:108CB000F8FF0100FE0302FDFBF90203FF01FCFCCB
:108CC000FC0003FF06FD08FEFEFEFE05FE0300019C
:108CD000FFFD00010800FDFF0102FF02F90003FD96
:108CE00005FD0700000901000100FFFEFD05010070
:108CF0000300FDFFFDFE04FD040401010308FD0E59
:108D0000010100FB02020109FDFEFE01FE0001015E
:108D1000FE01FFFFFB020308FF000103000207FA48
:108D2000010BFF0000FDFAFE000009010000000039
:108D30000005FE002043D950220000000801040471
:108D4000030301FB050000FCFCFFFE0001FFFFFE2A
:108D5000020000020303010301FD02FE05FFFF0004
:108D60000207F90000FFFBFFFFFC00020100020305
:108D7000FEFF06FF000101FD0203FDFDFE02FDFDF9
:108D800001FF00FE0100FEFAFE0002FFFFFFFDFEF4
:108D9000FD0105000001FCF7FC01FF0102040002D7
:108DA000FDFF01FE000102FD02FE03FEFE060104BE
:108DB0000003FA02FE01FF050000020300000000AC
:108DC00000FB03006043D9503400000000000000A5
:108DD0000000000000000000000000000000000093
:108DE0000000000000000000000000000000000083
:108DF0000000000000000000000000000000000073
:108E00000000000000000000000000000000000062
:108E100000000000FF020104FD030401FEFDFF024B
:108E20000603FF01FFFFFD000201FEFF05000AFE31
:108E300003030000FF01FF0E0AFF040304020D00FC
:108E40000E0000090205FFFFFDFE010208040103F8
:108E50000700FAFE0600040401FF080402FD0006F4
:108E6000FF0001FAFF0005000301FFFEFDFF050002
:108E700002050501010202010404FFFE00FCFE00E0
:108E80000007FF0305000C00050A030302FD0305AC
:108E900000000204000000000004FF00C043D9509D
:108EA0002200000009050204FE0200FC05FD00F995
:108EB000FFFEFBFFFAFCFF0A01FF060300FAFFFBBF
:108EC00004F7FFFBFD000708F800F9FD07FFFA00B3
:108ED00001FFFDF900FCFE0504010300FEFF03FC99
:108EE0000005000107FE05FAFFFB0301FEFE08FC7A
:108EF0000308FE040104FFFB0301FE080303FBFF5C
:108F00000007FFFD04F8FEFDFDF9F800FEFDFE057B
:108F1000FCFE02070200F605040DFE02000003023B
:108F20000000FE00000000000002FB000044D950D9
:108F300005000000F5F704F70DFF1215000000F51D
:108F4000000000000000FC000080D9506601000015
:108F5000FDF3FB020101F7FE02FDFDFA0202FD0234
:108F60000002FEFFFB02FFF5FB0001FFFE03010113
:108F70000501030205010001FEFEFEFC00FF0106E3
:108F8000FFFFFFFFF9F90000FEFEFAFE0104FF04F7
:108F9000000000000000000004FE0102FB04FFFCD2
:108FA000040301FD0200020000FFFE0400000000B7
:108FB000FD00000000FFF601F7F9FDFCFCFEF5F6F0
:108FC00000FE060001FF0201FE000102050500018E
:108FD000F9FDFFFC00FAFF010000000000000000A6
:108FE0000000000000000000FD010300FE03F9FA8C
:108FF000FB0202FCFBFE01FBFCFE00FEFDFEFBFE95
:10900000020602FFFBFCF7FB0201FFFF0000000469
:1090100000000000F9FA0000FCFFFEFC00FBFC0071
:109020000000000000000000FDFDFDFDFEFEFDFD56
:10903000FF00FFFDFFFFFFFF00000001FF00010038
:10904000040000FF0305FCFCFDFF01FEF9F8F9F840
:10905000FDFCFDF603020200FBFF0100000002FE22
:1090600000000000FF01000000FFFF000000000002
:10907000FFFFFD00FFFC01FFF8FB02FD05F9FEFF0D
:10908000010002060100FF01000000FF00000000D7
:1090900000000000FDFDFEFA01FF03FCF9FC05FDE8
:1090A00000FA0004FDFFFF0302FAFAFCFF0004FED1
:1090B000FF0101FFFE01FEFEF90303FFFFFAFDF9C8
:1090C000050005FFFE03FE040507000501FD00FF86
:1090D000FDFDFBFDFFF7FBFAFBF9F6F900000000D0
:1090E00000000000FFFBFA00F604FC00000406FF8D
:1090F000FF0002FC020000FFFD03FD00010503FC70
:10910000F9F8FD01FDF7FBF8F8FBF8FEFAF7F4FAC1
:1091100000FFFFF900000200FE000002FFFFFEFF5B
:10912000FEFEFEFF00FF01FF060401060000000333
:10913000000000000000000000000000FD00000032
:10914000FEF9FAFCFBFEFBFA0101000100FF010140
:10915000FEFBF800FDFCFDFD00FEFE01FF01FF012E
:109160000000FF000000000000000000FCFCFCFC10
:10917000FDFDFCFCFCFEF7FDFEF8FDF9FEF703FE2D
:10918000FD00FE03FF020105FDFEFE00FCFF00FDE9
:10919000000000000000FF000000000000000000D0
:1091A000FFFFFF00000000000000000000000000C2
:1091B00000000000000000000000000000000000AF
:1091C0000000000000000000FF00000000000000A0
:1091D0000000000000FF0000000000FF0000000091
:1091E0000000000000000000FFFF00000000FF0082
:1091F000000000FFFFFFFFFFFFFFFFFF0000000078
:10920000000000000100000000000000000000005D
:10921000000000000000000000000100000000004D
:10922000000000000000000000000000000000003E
:10923000000000000000000001000000000200002B
:10924000010001000000000000000000000000001C
:10925000000000000000000000000000000000000E
:109260000000000000000000FFFFFF00FFFFFFFF05
:109270000000FFFF000000000000000000000000F0
:10928000FF000000FFFFFEFFFFFFFFFE00000000E9
:1092900000000000000101000100000000000101C9
:1092A00000000100010000000001010100010100B7
:1092B00000000000000000000000000000000000AE
:1092C000000000000000000000000000000000009E
:1092D000FFFF000000000000000000000000000090
:1092E000000000000000000000000000FF0000007F
:1092F000FEFFFFFFFFFEFFFF000000000000000078
:10930000000000000000000000000000000000005D
:109310000000000000000000000000000101010149
:1093200001010101FF00000100FFFFFF000000003C
:109330000000000001000000010101010000000127
:10934000FF000000FFFF00FF000001FF010000011F
:1093500000FF00000000010000000102000000000A
:1093600000FFFF00000000000001000000000000FE
:10937000FF000000000000FF0000000000000000EF
:1093800000000000000000000000000000000000DD
:1093900000000000000000000101000000000000CB
:1093A00000000000000000000000000000000000BD
:1093B00000000000000000000000000000000000AD
:1093C000000000000000000000000000000000009D
:1093D000000000000000000000000000000000008D
:1093E000000000000000000000000000000000007D
:1093F000000000000000000000000000000000006D
:10940000000000000000000000000000000000005C
:10941000000000000000000000000000000000004C
:10942000000000000000000000000000000000003C
:10943000000000000000000000000000000000002C
:10944000000000000000000000000000000000001C
:10945000000000000000000000000000000000000C
:1094600001FD030502060304FB0004030601FE02DE
:10947000FC050004060200000301FA02FD04FDFFE2
:109480000A05FD02FCFD02FB01FD04010502FF04CB
:1094900002FDFCFF02FDFA0400FE040107010203C5
:1094A000FE01050403FD0202050003020205040398
:1094B000FE03FF01FE040A06080504070700060272
:1094C00003030206FF0202FF04020204FEFEFFFF86
:1094D00002050204000002050103FE000000020371
:1094E00000000000000301008082D950220000002B
:1094F000FFFD01010300FEFEFE0002FF03FE01016D
:109500000002000001FD040200FFFCFF02FEFA045D
:1095100002F7040303FF0403FF00FF020001FFFF43
:109520000101FE0300FBFE01FE0201010100FE0538
:10953000FC03FDFE030303FEFE0300FF0003FCFE2D
:10954000000001FDFE010302FFFEFAFE03FBFEFC2C
:1095500002020002FF0400FFFF0007FFFDFE0106FC
:10956000030203FAFF02FFFCFF02000000000100FB
:109570000000000000FFFD00C082D9503400000050
:1095800000000000000000000000000000000000DB
:1095900000000000000000000000000000000000CB
:1095A00000000000000000000000000000000000BB
:1095B00000000000000000000000000000000000AB
:1095C0000000000000000000FA02FD00F9FFFD00AD
:1095D0000206010104FDFFFF09FA0002FB0106007B
:1095E000040202010802FFFBFE03FC02FEFE04FF70
:1095F00002FEFC03020404FFFE05FE03FF0001005F
:1096000003FE05FBFFFB0108FC010301FF0506FF4C
:10961000FF01030107FD03FE090100FF0701FD042F
:10962000010401FA000405040401FE000004010421
:109630000501FE05FF0405FF010606000AFE0802FB
:1096400000FF02060000FD07000000000000FA0015
:109650002083D9502200000006000200FFFBFB001F
:10966000040301FFFA0301FEFCFDFE0204FE0400F8
:10967000FAFF03FDFEFC05FFFB0106FFFB0300FCF8
:1096800006FBFBFFFF0100FE0101FB01000203FFDF
:109690000002010202FE010307FE03FCFAFFFF02C3
:1096A00000FF01020103FE0000FEFB0004FD0302B7
:1096B0000207FEFC000101FF07FF01FF00FB0200A3
:1096C00000FDFF01FE0203FEFF01F9FE0500FC03A1
:1096D00000FC01010000FF00000000000002FD008E
:1096E0006083D9503400000000000000000000003A
:1096F000000000000000000000000000000000006A
:109700000000000000000000000000000000000059
:109710000000000000000000000000000000000049
:109720000000000000000000000000000000000039
:10973000010304FD0003050101030501000600FF0C
:1097400000030100040404FF05FE03FA06090103F7
:10975000FFFF040407FC03000DFE030503000307DD
:109760000406FD06050208FD0301FE0003020702D0
:1097700005FFFE00FEFC0200000400FE05060801D5
:109780000105FF0408FF0204FF06FD0402080304AC
:10979000030603030602010209FE01050404FE0993
:1097A000020203020404000304010504000004088B
:1097B000000000000001FE00C083D950220000001C
:1097C00000FEFA0501FA00F6FC05FFFD0200FFFAB3
:1097D0000001FF0300F9FE03FCFD09F7FDFDFDFBA1
:1097E0000201FE00010501FC020102FE0104FEF679
:1097F000FFFC00FDFE04FC0301FDF9FB0401010771
:10980000FD0001FF00F8FFFAFF010103FF01FE0167
:109810000302FEF900FF0108010700010103000235
:10982000000000FD01FEFCFB03FF0203FE03F9053F
:109830000104FE040206040100FDFF010000020411
:1098400000000000000401000084D9500500000061
:10985000F5F5FE02170A06FE000000FF00000000FA
:109860000000FC0000C0D9506601000004FF0400A5
:10987000FAFAFE0003FFFEFBFEFC00010107FE00FA
:10988000FD0405FEFEFEFE00FDFC04FFFE0104FFDC
:10989000FC0204FEFE00FDFFFEFE0001000100FED2
:1098A000FDFB0101FC0001FB0101040600FFFF00BC
:1098B0000000000000FEFF040103FC030601050098
:1098C000070103000000050100FF0100040000FF84
:1098D00002050204FFFC00FE0201FDFB070400027A
:1098E000FF00FCFD00FF02FE0003FE0001FE01FE82
:1098F00000F7FFFDFF00010000FF00FF0000000077
:109900000000000004FEFD000100FD040406FBFD54
:10991000FEFE0201FA01FF01FDFCFEFBFFFF020259
:109920000003FCFE00F800FD00000001000000FF45
:10993000FE010100FFFC00FF0001FE03000001002A
:10994000000000FF010000FF02020101FDFF010114
:10995000FF00FF00FF01010100FFFE00060000FF05
:1099600000FDFF01FCF7FDFDFAFCFCF6010003FF22
:1099700001FDFC0004010000FE010200FEFEFF01EB
:10998000000100FF0000000000FE0100FD05FF03D4
:10999000FDFF0200FDFE0404FEFE0001FEFEF5F7E1
:1099A00002FEFF0100010000010000FFFF0000FFB8
:1099B0000300FDFEFE0304FD030407FCF9030100A0
:1099C000FDF7FFFDFCFDFD0102F9FD01FFFF01FDBB
:1099D000FFFF020204FE07010102FD060403050366
:1099E00008FC0006FCFEF902F7FCF6FC00F9FB029D
:1099F000FD0204FE0402FE02000000000000000060
:109A000006FDFD000105FFFDFD060502FEFEFE0050
:109A100002FFFD04FF050103FBFD06FEFE02FBF64F
:109A200000FAFDFBF9F7F104FC00FCFA00FFFE016F
:109A300000000100FF00FFFEFFFFFFFFFFFFFFFF31
:109A4000FBFDFE03F7FBFCFD000002F6FF00FEFF3E
:109A50000000020200000000FF01000000030201FC
:109A6000FFFEFFFB0001FF00FEFCFE010606FE01FB
:109A700003FE040002FE0202FF01FFFE000200FFDF
:109A8000FFFF0000FE000300FCFDFCFCFCFCFDFCF5
:109A9000060403FD060303FE0100FEFCFBFEFD01C0
:109AA00003FEFCFE0100FEFE0200FF02F9FC0700BF
:109AB00003FB01FCFB01080008FE03080302000190
:109AC000F6F9FCFB01F2F7F802FC050607FFFE06BB
:109AD000FB0503FF01FE00FC000000FF000000008A
:109AE0000001000001FDFF0105030504FD08FF0260
:109AF00001FE0304F8F9F5F903F903FB020500047C
:109B0000F60704FD0403FDFCF7FDFFFDF4EEF9FE8E
:109B100000F805FAFF03F705010405FFFB00030148
:109B200004070402FE0500FEFBFD01FF00F900FB37
:109B3000F8F8F9FD0201F7F8FDFEFD06FDFFFEFE57
:109B4000FEFDFFFE0100FCFCFDFEFEFF00FEFBFD36
:109B5000FB02FEFCFFFBFCF6FBFCFAFFFFFEFEFF38
:109B60000000000000000000FBF5F8000600FD0604
:109B700003FB080AFEFF01FD000000FE00FD0003DC
:109B8000F8FD0102FDFC0403FFFA0002FFFD03FEE5
:109B9000F7FCFBFCFC00FDFBFE00FBFDF0FFFAFF09
:109BA00001F5FFF904FCF602FBFBFCFB05000001DC
:109BB00001FFFBFEF9FDFBF7040000FC01FE02FDC6
:109BC000FCFFFDFFFDFF020000F8FFFFFFFD00FCB2
:109BD00007010203FFFFFD020000FEFDFCFEFFFD8A
:109BE000FC01030007FAFE03FF000002FBFF01FB7C
:109BF000F8FFFAFCF3F800FDFFFFFDF9FFFDFEFFA3
:109C00000000F9FF00000000F7000000FCF801F977
:109C1000F8F9F8FFFDFEFE00FAF6F8FB000101F886
:109C20000703030A000003FC00000000010000001D
:109C3000FE070003FAF9FEFEFDFFFCFFFBFCFFFE42
:109C400001020000F6FBFEFA0100FCF6FE00000037
:109C500004FF00FDFE08FEF801010DF7FAFAF9F61F
:109C600007FBFE03FBF7FD00F400FAFCFEF9FCF82D
:109C7000FEFBFC01FEF800F7FD00FF00FCFAFA0015
:109C8000FEF6FFFF0505040404070BFFFB020109B4
:109C9000FBFAFDFE0601FD03F800FD0100FB00FCE0
:109CA0000305FCFF04FE01030604030602FDFD0498
:109CB000FE00FA01F9FC00FFFAFAFEFCF906FF02C9
:109CC000FEFD030403F8F704FDFE01FE0200070396
:109CD000FDFDFD05FC0301FE01FE06FC0200FE0089
:109CE000FF0302FF00010100FDFDFE020000000075
:109CF0000000000000000000000000000000000064
:109D00000000000000000000000000000000000053
:109D10000000000000000000000000000000000043
:109D20000000000000000000000000000000000033
:109D30000000000000000000000000000000000023
:109D40000000000000000000000000000000000013
:109D50000000000000000000000000000000000003
:109D600000000000000000000000000000000000F3
:109D700000000000000000000000000001000001E1
:109D8000FF06000101FC010405040001020304FFB9
:109D9000FFFD0201FC0302020401020104FC0100B8
:109DA00006FDFEFEFE020001FFFE010202FB0205AF
:109DB00001FF00040101FD010406000303FF04028A
:109DC000030203020301010000020101FD0204FE7F
:109DD0000100040306FE0204FD010400FE00FCFE77
:109DE000000101000507FF03030004030202FF0254
:109DF0000203FF03000100FF0000FF01000000005C
:109E000000FC000080C2D950220000000301FEFCCB
:109E1000030001F90403FD020000FFFEFE01FE063F
:109E200001010300FC00000201F9FD02FEFE02FC3C
:109E3000000302FD00FFFFFFFEFDFF0201FFFEFE2B
:109E400001FD0702FF02FFFA02FC03020100040108
:109E500000FE020002FDFDFEFFFFFE03FE03020204
:109E6000020401FCFC03FFFEFEFEFE0000030402F0
:109E70000200FB02010401FF000002FB050602FDD7
:109E800002FFFD0400FD01010000FFFD00000000D5
:109E90000002FE00C0C2D9503400000000000000E3
:109EA00000000000000000000000000000000000B2
:109EB00000000000000000000000000000000000A2
:109EC0000000000000000000000000000000000092
:109ED0000000000000000000000000000000000082
:109EE00000000000FE03020405030402FBFFFF065E
:109EF0000102020101FFFF03FFFFFE040707080A3A
:109F000000000801FFFE0101FDFC02FB000103014E
:109F1000FF0002FB05FF05040104FFFFFE0403022E
:109F200003FF0201FFFF020307FF0002FE04FE0021
:109F3000020102010203FA0B03040203050006FFFB
:109F4000FD0303020105FB0105FE05FE04FE01FD04
:109F5000FFFE0000FEFD08FEFE07FE0802FEFFFDFC
:109F6000000007FD000000000006FE0020C3D950DD
:109F700022000000FF000503FC0102FDF7FF04FEC4
:109F800001FD04FF0000040400FEFD000203FE00CA
:109F900001FD01FF05010601030803FFFD0102FFAA
:109FA00000FFFC0201FE000402FDFF0100FF0500AE
:109FB000FA0200020103FBFBFFFD03FF0601FEFDA9
:109FC000F9000001FF01FFFFFD01FEFFFF0803FB99
:109FD00002020001FDFFFA0104FB0003050901FD77
:109FE00003FE020100030402FC00FE06FEFFFD0169
:109FF00000000400000000000001FF0060C3D95011
:10A00000340000000000000000000000000000001C
:10A010000000000000000000000000000000000040
:10A020000000000000000000000000000000000030
:10A030000000000000000000000000000000000020
:10A0400000000000000000000000000004FFFC0011
:10A050000200FD0400FFFB0204060102060301FDED
:10A06000FFF9010303060303000402FE06FE0304D6
:10A07000000307FD01F904FEF8FCFCFFFFFB01FFF4
:10A08000FEFD000BFA06010700FEFE030006FCFEC3
:10A090000A0001FE02FE000503FB02FE0701FF01AC
:10A0A0000105FBF7030107FB0400FDFFFF030200AE
:10A0B000FF02FC04FEFA02F9F900FD0400060105A6
:10A0C000FE00FF02FAFF04010000FB020000000096
:10A0D00000050600C0C3D950220000000107FEFFA2
:10A0E000FFFFF902030801FA03FFFBFCFB02FE027B
:10A0F00003FF00FDFBFD0200FA00FFF9FC00FF007A
:10A10000FA02010008FFFCFB0302040204FD010344
:10A1100000FE0104FE01FB03000001FC07FF02FC3E
:10A1200002FF0301FC06070004FEFD00FEFB000227
:10A1300004FFFDFB0106FD040405FE00FFFDFCFC21
:10A14000FCFCFF020300FDFE010000FE06FEFE0017
:10A1500000010101040002030000F9FE00000000FC
:10A1600000FCF90000C4D95005000000111DE6F004
:10A170000EFDF0110000000D000000000000F500D1
:10A180000000DA506601000002FDFDFDFDFDFFFF4D
:10A19000090A07FF02060602FA0305FDFDFD00FBA2
:10A1A000FFFEF903FBFE03FBFEFAFD0103090405B4
:10A1B000FCFC03010000FFFD00000000FDFA0000B0
:10A1C000FD00FC0300FBFA07000000000000000097
:10A1D000FDFFFF04FEFF000103060000FA0102FD7F
:10A1E000000000FD0000000002000000FE0608FD67
:10A1F000FFFB0704FAFF01F8F8F900000000FE0277
:10A20000000000FFFF000000FA00FD0400FC000158
:10A21000000000000000000000000000000000003E
:10A220000E08FF000409FD01FB05060401FF01FE05
:10A230000200FD010301070408FAFC05000602FE06
:10A24000050404FF0000000200000000FFF9000008
:10A25000FA02F9FE00FE00FB000000000000000012
:10A26000FEFEFDFEFFFEFEFE000000FF00000000FF
:10A27000000000000000FF0003000000FD00FD03DF
:10A28000FDFF01FDFCEFF8FCFAFFF8FC030204FB04
:10A29000FF01FDFF000001FF0000000000000000C2
:10A2A0000000000000000000FFFBFEFEFD00FAFEC3
:10A2B000FF0D07FBF90808FE00000605000000007E
:10A2C000000000000000000000000000FD01FBFD98
:10A2D000FEFC01FCFBFE0208030003060402050A63
:10A2E00000FFFD0100FC06FF000000000000000070
:10A2F0000A05070B0205070707000701FC05FEF921
:10A3000002070401FF060604F5F205FEF2F9F3EC7C
:10A31000F2F9FEF30000000000000000060CFE0051
:10A32000FA0503FD00FD00FD00FF02000400FEFC35
:10A330000200090308FDFE0E0601FE00FE0005FCFA
:10A34000F0F7FC03F8F3F7F400FFF9FB000000005E
:10A350000000000000000000FF000000040102FFF8
:10A360000505FBFD000000F90000000000000000F2
:10A370000000000006000000FC0AFCFDFC050CFECD
:10A380000000000000000000F7F8FB00FD00FEFAEE
:10A390000000FD00000000000000000000000000C0
:10A3A00000000000FCFCFCFCFBFBFBFBF9FCFEFBE3
:10A3B00000F8FDFC00FCFAFD04FDFD0300FEFE04B8
:10A3C0000000FFFFFFFF01FF010002FE020201FE8D
:10A3D000FEFDFD0100FEFEFF00FFFEFFFFFFFF018F
:10A3E000000000FF0000FFFF00000000000001006F
:10A3F00001000102000000FF000000000403000053
:10A40000FFFD03FFFF03FDFF0000FEFFFFFE00FF57
:10A410000000000000000000FE030200FDFE00033B
:10A42000000002FE0000000000000000000000002C
:10A430000000000000FEFDFE00FE02FCFF0000FE2A
:10A440000100FF000002000000010000000101FF08
:10A4500000000000000000000000000000000000FC
:10A4600000FD00FFFEFD0102010202FFFE020001ED
:10A47000FDFF01FF020401030302FE0000000000D3
:10A480000000000000000200000001FF00000000CA
:10A49000FFFFFF00FCFF00FF02FDFD02FFFEFEFFCD
:10A4A00003030303FE01FE00FF000301030100FD9F
:10A4B000FFFFFF0101FFFFFF00000100000001009E
:10A4C0000000FFFF0102FDFEFCFCFC00000000029A
:10A4D000FFFF0001FE0100FF010000030003020472
:10A4E00000000100FF000000FF00FEFEFF00FFFE75
:10A4F0000000FF0100FF00FFFFFEFFFF02FEFDFC6A
:10A5000002000101FEFE030003FF03000000010240
:10A51000020200FF0001010100FF01010000010132
:10A520000000000001000000000100020000000126
:10A530000200020002FF0201FEFFFF0000FFFF0019
:10A54000000000000000000000000000FEFF00FF0F
:10A5500000FFFEFF00000000000000000100FF00FF
:10A56000000000000000000000000001FF000000EB
:10A57000000100FFFFFF0100FF00010103FE03FFD8
:10A580000000010200000001FEFE0000010101FDCB
:10A59000FF0303FD0000FFFF000000000302FFFEB9
:10A5A00001010200FFFF00FD00000000FFFE0000AF
:10A5B000FFFF02FF00000101010000010001010195
:10A5C000FEFF0103FFFE0001FE03FE010000FE008E
:10A5D0000002FEFFFEFDFD02010201FF02FEFDFF83
:10A5E000FDFE010200000000000002FF0201FDFF6D
:10A5F00001FE0103000001FE000000000000000059
:10A6000001010201FF01FF00000000000000000046
:10A61000000000000000000000000000000000003A
:10A62000000000000000000000000000000000002A
:10A63000000000000000000000000000000000001A
:10A64000000000000000000000000000000000000A
:10A6500000000000000000000000000000000000FA
:10A6600000000000000000000000000000000000EA
:10A6700000000000000000000000000000000000DA
:10A6800000000000000000000000000000000000CA
:10A690000000000000000000FFFCFE0003FF0204B9
:10A6A000FCFF02FEFFFCFDFB000000FF0300FF07B4
:10A6B0000200F9FD00FBFA01FEFFFD01FAFD01FABF
:10A6C000FFFE00FEFFFFFFFEFD00F9FBFFFEFC01A9
:10A6D00000FE03FCFE02FF02FE050104FFFFFEFD7B
:10A6E0000600FF00050000FD0200FC00FF0502FD62
:10A6F000FE0005000002040104FEFF02FFFC01FB56
:10A700000401FF02FC01FE0302020102FFFE01043C
:10A71000FE03FE000000FCFE0000000000FE020040
:10A720008002DA5022000000FA00FEFF01FFFF0065
:10A7300001FE05FEFFFEFCFF020200FFFFFD01001F
:10A740000403FCFDFF020400FF00FF000001000005
:10A75000FF000000FCFFFE02FF0103030003FAFFFD
:10A76000FDFF02FF00FE00FF0301FCFFFF00FD00F4
:10A7700005FCFF030000FF04FE0001F902000102D6
:10A7800003FE0602FFFFFDFEFEFF000100000201C6
:10A79000FFFBF9000003000300FE020103FFFD00C0
:10A7A000FFFC05010000FE02000000000002FC00AA
:10A7B000C002DA5034000000000000000000000079
:10A7C0000000000000000000000000000000000089
:10A7D0000000000000000000000000000000000079
:10A7E0000000000000000000000000000000000069
:10A7F0000000000000000000000000000000000059
:10A80000FB0200060305010104080401040203FE23
:10A810000200FF01FFFC04020204050304FD010223
:10A820000202020405FF04FE0404FD030205000108
:10A830000301000AFA0204010001020501030104F8
:10A84000FF07010104FFF9FE01040101FFFC020101
:10A8500006FF030205FF04070305FD05FF000103D2
:10A860000500030002FC05050A02010404020B04B2
:10A87000010001000305FE010103030900000405B6
:10A88000000000000002FE002003DA502200000059
:10A890000304FE000303FD04F60500FC04000201AE
:10A8A00005FFFAFDFB04FFFCFFFB04FE060106FBAF
:10A8B0000305050102FE0004FB02FDFF03FB040289
:10A8C000FF000103FEFBF802FE0000FF03FFFC0097
:10A8D000040503FCFB01000004FE0500FFFAFD0275
:10A8E00003FDFF030503FCFCFF040501000002005B
:10A8F0000200FB00FFFEFEFDFFFEFBFEFDF903FE76
:10A90000FF00FC02FFFC01FE000301060000FF0047
:10A910000000000000FCFD006003DA50340000007D
:10A920000000000000000000000000000000000027
:10A930000000000000000000000000000000000017
:10A940000000000000000000000000000000000007
:10A9500000000000000000000000000000000000F7
:10A9600000000000000000000A05020101FD00FFD8
:10A970000000FE02030002FF02FEFF0100040601C8
:10A98000FF0105FDFDFE0300FD02FC00090104FFBF
:10A9900007FF00040902FC07070503020000FB0192
:10A9A000040102050401FF03FF0101FF0503010586
:10A9B000010603FE040301FFFD0104FDFD0109037F
:10A9C00001FD05FEFD0001FFFFFF04000602000976
:10A9D0000A010301FF0202000601FF060106040549
:10A9E00002020B0100000902000000000003040045
:10A9F000C003DA5022000000050404FE0000FE023D
:10AA0000FF02050200FF0000FF01FFFFFC0300FE44
:10AA1000FE020300FF010401040200FF030202031F
:10AA200000FF000401FD0100FF02FD0001FDFEFD2D
:10AA3000FF01FFFDFF02FD000201FFFEFFFF02011B
:10AA4000FF02070100FDFC00FD02FD02040001FF02
:10AA50000300FC020100FFFE0001FE02FF00FFFFF9
:10AA60000800060105FFFE0002FF03FCFFFFFD00DA
:10AA7000FCFEFEFE0000FA010000000000000000E5
:10AA80000004DA5005000000FAFAF8FE020B08FB99
:10AA900000000015000000000000FA000040DA503D
:10AAA00066010000F9F900FDFCFBFA0005FD02FC5F
:10AAB000FF0101F9FBFF06FEFFF901FF01FAFDFEB0
:10AAC000FD02FC000301FDFCFFFFFB02FC01FEFB9D
:10AAD000FF00000301FF0000FA00FE02FBF8FEFC8D
:10AAE00000F901FE0000000000000000FDFFFCFF77
:10AAF000FEFA01FBF6F90401FBF9FA020000F3F893
:10AB00000000000001FE0000F6FDFEFEFEFAF9FD69
:10AB100000F9FB00FCFDF9FB000000FAFEFF00005D
:10AB2000FBFE0000FCF9F90600FBF9F5000001004E
:10AB3000000000FE0000000000000000FF02000016
:10AB4000FF03FFFB01FDFCFEFEFC00FC03FF00FC1D
:10AB500004020501FEFB01FEFDFBFD0200FE02FFFB
:10AB6000000000FB0000000000FE0000FEFD0102EE
:10AB700000FFFBFD000000000000000001FF0001DD
:10AB8000FF00FF00000000FF0000000000000000C8
:10AB900000000000FDFF0000F9F8FFF8FAF7F1F9F6
:10ABA0000304FEFD0500FD05020202FDFEFFFFFCA1
:10ABB000FF0000FF00FFFF00000000000000000099
:10ABC000FD00FF00FFFD03020200FFFF0C07FE0077
:10ABD000F70A03F8FF0001F80000FFFF0000000083
:10ABE000000000000000000000FDFF01FD00FBFE72
:10ABF000000100FFFB0000FCFEFFFC03FD0100FF65
:10AC00000101FEFDFFFE01FF00FFFF0002F6F90259
:10AC1000FC03040201FBFDFFFB0B00FBF8FD01FD43
:10AC2000FDFDF8F4FFFDFF01010100FDFB02040141
:10AC30000000000000000000FFFFFB0004FDFEFC20
:10AC400000FD0103FFFFFA0002FEFFFAFEFE00FE18
:10AC50000404FE02FD00FFF8FCFC02FCFE05FD0002
:10AC60000304FF07000003FF00000000FE000000D7
:10AC7000FFFDFEFDFF0000FFFBFBFAFC01F9F9F10F
:10AC8000000000FD00000000000000FF00000000C8
:10AC9000F9000000FC03FBFBFD0302F8010000FFCC
:10ACA0000001FF00FDFDFFFEFC090300010004029E
:10ACB000020000030002FF0000FF0000FF00FE0092
:10ACC000FEFFFEFDFFFFFFFFFF01FD00FA03000096
:10ACD000FF050101FC00FEFCFFFE0102FDFFFEFD81
:10ACE000FF030201FF01FCFF05FD0302FD0204005A
:10ACF00003FFFFFEFEFBFF050602F903FC0503FC54
:10AD000000FCFEFFFEFCFA00F80100FCFDFDFF0068
:10AD1000000000F900000000FC050000FA0106FB3D
:10AD2000FCFEFDFC00F7F9F702FFFCFBF801FDFB60
:10AD3000F8F901FC0606FFFC0000F9F7FAFC01FC3B
:10AD4000F6F9FBFCFBF7FAFA01FCF9FCFCFF01FB4E
:10AD5000FEFBFBFAFFFDFD0000FCFFFE0300FF0011
:10AD6000FEFDFCFDFF0002FBF8FBFDFFF8F904FD12
:10AD7000F6F7FCFBFF00FFFF02FFFD0000FEFE00F8
:10AD8000FEFCFDFDFAFDFFFC01F801FCFF03FDFCEC
:10AD900001010304FD0105FF0000000000000000A8
:10ADA000FBFC0300FCF9FB01FFFCF8FCFBFDFF00D2
:10ADB0000200FBFE00FB0102FEFE00FE000904078C
:10ADC000F80000FEFFFBFCFB000302FBFC0000059B
:10ADD00001FC01FF02FE02F801FBFBFEF9FAF5FDA2
:10ADE000FDFBFDFFFDFC01FAFBFFFFFEF3FCFBFE9C
:10ADF000FC01FDF7FD02FDFCFBF9FC01F7F9FDF993
:10AE0000FAFEFFF902060204060706FDFF01FF0A2B
:10AE1000FE00FF00FDFF00FCFCFCFEFA06FCFEFE4F
:10AE2000FF060106FBF901FD01FFFE03F9F707022A
:10AE3000FCFDFF030100FDFE000000030000000018
:10AE400004000000FDFDFDFE00FDFD00FC0001FC16
:10AE5000F7FA02FF050A0BF70300FF090000FCFCEC
:10AE600000000000FA00000003FDFBFC03FC0300EF
:10AE7000FB00FFFBFBFFFFFCFAF9F8FDFF02FEFB06
:10AE800001000804FFFDFE01FEFFFEFC0201FEFBC7
:10AE9000F801FCFDF9FEFDFD040004FFF9F8F302E2
:10AEA000F3F6F8FCFCFFF7F0FF0201FDFE060504D7
:10AEB00003FDF9000502F900FF080107FE03080081
:10AEC000060206FEFD00FDFE0001FFFEFE04FF007F
:10AED000F900FF02FCF20501F9FBF8FF02FDFF019A
:10AEE000FA03FD00F3FB00FFFEFDFDFF01FCFE0188
:10AEF0000603FD01F907FEFCFAF100FF00FDF9FA77
:10AF0000FBFCFEF600FD010001F8FCFEFFFDFEFA71
:10AF1000FFFB01FCFEFDFD04000100FEFEFFFFFF44
:10AF2000FF02FEFF00000000000000000000000023
:10AF30000000000000000000000000000000000011
:10AF40000000000000000000000000000000000001
:10AF500000000000000000000000000000000000F1
:10AF600000000000000000000000000000000000E1
:10AF700000000000000000000000000000000000D1
:10AF800000000000000000000000000000000000C1
:10AF900000000000000000000000000000000000B1
:10AFA00000000000000000000000000000000000A1
:10AFB00000000000FF07FE070002FD03030E04006F
:10AFC00004F900FB0502FE01FE03FFFF05FB020082
:10AFD000FA02FC010500FEFDFEFFFF01FEFFF5FE8B
:10AFE00005FEF80201FEFC010100FF01FFFF00FC6D
:10AFF0000700050100FD02060500FE01020102FF37
:10B0000008000300FF03FE0005FF070305F8FA042C
:10B01000FF0301FDFA03FD00FF000100FE0102092C
:10B02000FDF7FDFE05010FFE00FE00020501000315
:10B03000000003FF00000000000001008042DA5021
:10B040002200000003FF000101010600FF010101D1
:10B05000FE01FF0000000300010004010300FF02E5
:10B060000300FB0001FFFE000300FDFF02FEFD00E8
:10B0700002FE00FFFAFF04010102FEFF030101FFCF
:10B0800000FFFFFF000101FFFE0104FFFF010001BF
:10B090000401FFFFFE00060003FFFF0102FFFD00A9
:10B0A000020000FF04FD0100FFFF01020402020292
:10B0B000FE00FB00FE02FC01FEFE00000000040199
:10B0C0000000FA000000000000010100C042DA5058
:10B0D000340000000000000000000000000000003C
:10B0E0000000000000000000000000000000000060
:10B0F0000000000000000000000000000000000050
:10B10000000000000000000000000000000000003F
:10B110000000000000000000000000000D05FC031E
:10B120000303FD0407FB09000A090203FDFF0102F6
:10B13000030103FEFE040003FDFFFC010402FF0403
:10B14000050D01050B01FCFC0103030BFBFFF709D7
:10B15000FF03FD0403020802020601FCFE010500D4
:10B16000FE00060402020E0702010002FDFFFEFDC2
:10B170000102F705020F04FE00FD01FB0705FC01BB
:10B1800003FBFF0607FE010A0103FA0205FEFEFFAC
:10B19000F50200F9FD0104F90000FDFC00000000CB
:10B1A00000FB08002043DA50220000000300FD01EC
:10B1B00004FF0100FD02FF01FEFF01020400FDFD8E
:10B1C000FD02FFFF0102FD03030105FD04FBFF017A
:10B1D00000FF0000FF0202FEFE030300020004FD68
:10B1E000FEFBFD04FEFC02FC010100010000FEFF6D
:10B1F000FEFEFF0203FC0200FFFCFF000002FF0155
:10B2000003FDFF02010003FF010002010400FC0036
:10B210000301FE01FFFEFD03FF0102FF030100FE2B
:10B22000FFFB03FF01FD01030000FF010000000020
:10B23000000208006043DA50340000000000000003
:10B2400000000000000000000000000000000000FE
:10B2500000000000000000000000000000000000EE
:10B2600000000000000000000000000000000000DE
:10B2700000000000000000000000000000000000CE
:10B280000000000001000206FE0201FE04FE00FDB7
:10B29000FCFF0201FC040101FEFFF903FB010502B2
:10B2A000FDF6FF01FE01FE030AFB0106F90604FE9E
:10B2B0000603010E08090803FFFF00FE04FF08FB58
:10B2C0000703FC02030307FEFF020005000202025F
:10B2D000FB08F7FFFEFF04FDFC02FAFEFBF700018E
:10B2E00000010300FD03FD01FC020206FB0BFF054C
:10B2F00005FCFDFB050103FD05060102FEFEFE0245
:10B300000000FC000000000000000600C043DA500E
:10B31000220000000C0500F800F80008FFFD0403FF
:10B32000FE0400FEFF06FDFD09F900FBFCFE000621
:10B33000010301FE01FF03FD0004000504FCF80009
:10B34000FEFFFEFEFDFBF70101FD01FFF9FB04001E
:10B3500000FFFAF709FF03FAFB010303FD0705FFEE
:10B3600003020501FFF8FFFEFA0200F80502FCFEE9
:10B37000FC05FF010903FBFD0001FD08FDFDFD03C8
:10B38000FF0A040503FAFFFD070303FF03FD0401A1
:10B390000000FBFF00000000000603000044DA503C
:10B3A00005000000F9F60502F6EF1E080000000394
:10B3B00000000000000003000080DA506601000079
:10B3C0000502FD030302FE0505FCFE0302FF01006A
:10B3D000FCFDFDFDFB0200FEFB0002FE0301FC0282
:10B3E00001FFFC04FD03FE06FCFEFAFB0101000068
:10B3F00003FFFCFEFBFEFD02FDFFFCFD02FA04065E
:10B400000200000000FE000006FF0000FB0001003B
:10B410000608FEFEFE030105FE01FD04FD01FCFD24
:10B4200003FFFEFEFA010102FEFE04FEFB0100FA2C
:10B4300004020100FF01FF0400010000FCFE03FD07
:10B44000FAFE0403FF020303FF00FE0100000100F7
:10B45000000000000000000005FCFF0005030004E0
:10B46000FB03FC02FAFB04FDFD01010400FD02FBED
:10B470000201FEFEFFF9FFFF0203FC00FEFEFEFFDD
:10B480000001FE010102010100FE05FC0102FFFCBA
:10B4900000FE00FFFE01FFFFFDFDFDFDFFFFFEFFC3
:10B4A0000000FEFFFD01FD01FF00FEFC01FDFDFEB1
:10B4B0000601FE02FF0401020104FE02FD00FAFC87
:10B4C000FAFDFEF9FE02FF010103FC000100FD028E
:10B4D000FD00FD01FF000202FB03FCFC00FE030374
:10B4E000FDFCFD0101000300FA040202FB02FAFD6B
:10B4F000FE00FE000101030000FDFDFD000000FF55
:10B5000000010001FAFFFBFC03FEFFFAFA00FD0058
:10B51000FD01FF0200FBFD04FB00FA01FC0001FC41
:10B520000203FFFDFF02FE00050400030100FE050B
:10B53000FF0000FD04FD02FF0609FD0003FFFF03FD
:10B5400001FBFFFA03FDFB020200FCFEFE00FF010F
:10B550000001FE000404FD00000203F90302FEFEE8
:10B56000FCFF04FC030204030301000100FF02FED0
:10B5700003FEFD0200FE00FAFC000000FBFEFDF8E9
:10B58000FCFD02FC0001FF01FE0203FFFEFFFDFEC9
:10B59000FEFEFEFE030402010101FBFD000000FFB0
:10B5A000010101FE0001FE02000000FFFF0000009B
:10B5B00003020300FF03FFFBFF01FFFE0200000088
:10B5C000FCFEF6FDFDFA00FD0202FFFD0002FC029A
:10B5D000FEFCFC01FF0000FFFEFDFE01FCFCFCFC8C
:10B5E000FCFCFCFCF8F8F9FC05FEFB00F9F702FC9A
:10B5F00004FFFAFEFD020305000202FE00FD01FE4B
:10B60000010002030100FC010001FDFEFDFFFEFF41
:10B610000203010100FEFD02FF0402FC0000010024
:10B620000000FF01FF0102FD00FE02FE000000FD20
:10B6300000000000FCFF000003FFFCFDFC0401FF14
:10B64000FE02FFFD01FDFEFE02FEFFFD0402020000
:10B65000FEFE0004FF01FEFFFD0000FFFDFD00FFF8
:10B66000030301FDFE0101FFFEFFFF01FCFD0201DE
:10B67000FC000002FDFEFE00FD03020101FE0004CD
:10B68000FF03FD0400FFFEFE0000000000010001BA
:10B690000000000100FF000000010000FF0100FFAA
:10B6A000FF01FF01FDFE03FFFC0002FDFFFEFFFFA7
:10B6B00001FD0102010101FEFFFF00FFFFFF00FF8E
:10B6C00001FF0001FE0102FF02FEFF04FF02030270
:10B6D000FCFE0200FCFFFE02FE00FCFE0200FDFC80
:10B6E00001FD000103FC0101000003000100000056
:10B6F0000100FF0003020404FF00040301FF000037
:10B70000FF0000FF00FEFD0103FD000000FD03033C
:10B71000FC00FFFD01FD0000030103000203FF0028
:10B72000020303FEFFFD0002000000010001010111
:10B73000FFFFFF00FE00FF00000000FF00FCFC0216
:10B74000FFFE02FBFF0001040400FEFFFE0000FC00
:10B75000FFFEFE000000FEFE00000000FE000000F4
:10B76000FF0001FD03FFFEFDFFFF000001000000E0
:10B770000102FCFFFF03FFFF0000000300000000C8
:10B78000FD00000004FF00000201FF0102040101AE
:10B7900004FE00FF0000000400000000FE000000A6
:10B7A000FEFFFE000001000000000000000000009D
:10B7B000FFFEFDFE00FE01000000FDFD0101FEFE9A
:10B7C0000202040303000104FC0201020101FE0065
:10B7D000FEFD00030103FE02000102FFFE01030360
:10B7E000020200FDFF000201FD02FE03FDFDFDFF60
:10B7F000020004FDFE0405FE00FE0400FE02FDFF43
:10B8000003FC000002FFFE02FEFEFD01FFFF00013F
:10B8100000FDFFFDFF00FD0002FE01FF00FFFFFD38
:10B8200002FCFEFDFF02FE03FE0002FF0000FF011E
:10B830000000000000000000FF0000000000010008
:10B8400000000000000000000000000000000000F8
:10B8500000000000000000000000000000000000E8
:10B8600000000000000000000000000000000000D8
:10B8700000000000000000000000000000000000C8
:10B8800000000000000000000000000000000000B8
:10B8900000000000000000000000000000000000A8
:10B8A0000000000000000000000000000000000098
:10B8B0000000000000000000000000000000000088
:10B8C0000000000000000000000000000000000078
:10B8D0000002FAFD01FBFE02FBFCFEFD03FF00007F
:10B8E0000204FE04F80601FDFE00FCFDF30104FB6A
:10B8F00006FBFEFFF8FE0401FEFFFA0100FEFE0259
:10B90000FD00FE02FCFF0000FF00FFFD0302040239
:10B91000FCFE060000FEFEFC01FF01FF01FC03FD32
:10B9200000FE00FFFEF6050203FA01FFF5FEFC0033
:10B93000F501FFFF00FD00FC02FD0103FC00000318
:10B9400004FD020700FF00000200FB010000FFFCF5
:10B950000000000000FF00008082DA50220000009A
:10B96000FF04FC05FF0202FF040100FFFF02FD00CF
:10B97000FEFB0002FFFF01FD0202FFFF0103FF03C8
:10B98000FFFF01FF01FD0300FEFD000100FE0001BD
:10B990000300FFFE01FEFD0200050002FFFFFE03A3
:10B9A000010402FCFF02030200FDFC04FEFB020195
:10B9B000FF04FDFD000103FFFD00000500FF030083
:10B9C0000102FEFE02FE01FF00FE02FE000406026E
:10B9D0000101030201FD01FE000202FC0000FFFE66
:10B9E0000000000000000100C082DA5034000000B6
:10B9F0000000000000000000000000000000000047
:10BA00000000000000000000000000000000000036
:10BA10000000000000000000000000000000000026
:10BA20000000000000000000000000000000000016
:10BA3000000000000000000005FF010704000000F6
:10BA400003FB04FFFD080400FF02FE000700FEFFE9
:10BA500001050601FC01FF00FFFC02FE0304FE05D8
:10BA60000104FEFD0103FC06FBFCFE0BFF05FC02CE
:10BA7000FF0506FDF603FD0003FF02020101FF03BF
:10BA800008010203FE000202FA03FE02FE000003A8
:10BA90000102070200FCFFFB04FFFFFF00FDFC02A8
:10BAA00004000207FE00F90203FD0304FD02FE008C
:10BAB000050203F9000002FC000000000003090079
:10BAC0002083DA5022000000FE0505FFFE00080278
:10BAD000FE010001FF010100FA00FEFDFF0205FC6E
:10BAE000000003FFFF020200FA020401FDFFFB0257
:10BAF00009000105FEFCFE020202020203FF010131
:10BB000001020103FFFDFC0004FF07FDFF02020329
:10BB10000300FF020100FA010100FFFC0403FEFE26
:10BB200000FE02000301FB0101FFFEFBFC03FA0221
:10BB3000FFFD03FCFC06FB04FF04FB02FEFBFBFD18
:10BB4000FF00FE00000000F9000000000002F80005
:10BB50006083DA50340000000000000000000000A4
:10BB600000000000000000000000000000000000D5
:10BB700000000000000000000000000000000000C5
:10BB800000000000000000000000000000000000B5
:10BB900000000000000000000000000000000000A5
:10BBA00000010005FC03FFFF03FE05FF05FA02FE8E
:10BBB00001FFFFFAFFFEFD01FB0001FDFCFBFE00A3
:10BBC000FD00020002FB0502F905FA010004010371
:10BBD00002040303FA03FCFB000101040205FE0258
:10BBE00004FF01FA0600F804FF04FCFF0004FFFB59
:10BBF000FD0504FEFD0102FD03FB0003FF01FF0143
:10BC0000FE0000FBFEFE0604FB0502020003FFFB34
:10BC100005040301050403FEFD0403010000FDFE0D
:10BC20000000000000FF0400C083DA502200000082
:10BC3000030104FE00FAFA03FFFF0601FE000008FC
:10BC4000FCFCFAFC0403FDFDFDFEFD00F80500FC14
:10BC500002FF02FC00FF04070200FC01FF0302FFD9
:10BC6000FE00FD010201FB01FDFEFC01FF040003DB
:10BC700001FAFF0200FE0001FC0001FD020202FBCE
:10BC8000FE03FE00FC0300FA07FF01FFFFFF02FFB7
:10BC9000050103010002010404030001FE0303FF88
:10BCA000000800FF02FA010100FCFE010000FE0096
:10BCB00000000000000403000084DA5005000000CA
:10BCC00003030009F3FA05FB000000120000000066
:10BCD0000000F10000C0DA506601000001FD00FD27
:10BCE000F8FBFFFA030101FC01040504F8F805055F
:10BCF000FEF9FFFD0300FBFA030201020200FC0053
:10BD0000FE04030302FF03FD01FFFD0600FEFFFE2C
:10BD1000050400FF03FE050001FD03FC000000FF19
:10BD200000000001F8FFF9FDFDFB04FEFCF9FFF93E
:10BD3000FDF7F4F8FEFEF4FB01FF01FDFE0100003B
:10BD4000FCF7FD02FEFB0002F70100F600F5FCFC2B
:10BD5000FFFE00F7FE00FF00FAFFFF00F7F8FBF917
:10BD600000FCF6FC01000000FE01000100000000E4
:10BD700000000000FE0202000304FEFEFDF80B09B5
:10BD8000FD00FAFD02FF00FE02FCFEFD0404F9FFC7
:10BD900000FFFFFDFF05010100000005000000009D
:10BDA00002FE0000FCFC01FE00F8FFFB00000000AA
:10BDB00000000000FCFCFDFDFDFDFDFDFF0000FEA0
:10BDC000FFFF0000000000000000FF01F900FF007D
:10BDD000FBFBF9FEF8F701F9FBF5F7FFFEFBFAF9BB
:10BDE00001FEFFFEFFFEFEFD000005010100FF0059
:10BDF000FE0100FF0001FE01000000FF0201FDFC4A
:10BE0000FE00FBFBF5FA040001020800FF000C082D
:10BE100001000100000100FF000000000000000020
:10BE2000F902FFFBFFFFFEFDFAF6F9FD04FBFDFC46
:10BE30000300F8FDFE04FA03FFFC0202FF0001FE0E
:10BE4000000101FFFDFBFCF9FE03FDFB0005030102
:10BE5000FC0003FC050602FFFC0105FDFBFDF707E6
:10BE6000F9F6EAF1F5F4F5F7000000000000FF0034
:10BE700001FD0300F702F8F800FE00FBFFFDFDFAEC
:10BE800004FCFCFA07FEFFFE0500FB06FFFAFEFFBE
:10BE9000F8F9FAFEFAFAFDFFFE00FDF701FFFF02D6
:10BEA000FEFEFEFCFE000000FEFEFEFDFEFEFEFFAE
:10BEB00005050700FF040104000000FD000000006C
:10BEC000FF000000FF0000FFFE000000F8FEF8FD8C
:10BED000FAF6FBF80000FFFF000101FFF8FBFE008F
:10BEE00000F7FB000101FA050200FFFF00FEFF0062
:10BEF000FF010000000000FFFCFCFCFCFDFCFCFC62
:10BF000000FC05FD01F5FCFD05FCFE02FC02FCFF4A
:10BF100002FF01FBFBFC00FD02FCFE01FF0002FF33
:10BF20000000FEFE01FF0102000001000000000011
:10BF30000000000000000000000000000000000001
:10BF4000000000000000FF010000000000000000F1
:10BF5000FF020000FF000200FF03FF0101000001DB
:10BF6000000000FF0000000001000000FE010100D1
:10BF700000FE00FF000000000000000000000000C4
:10BF80000000000000000000000002FF00FF0103AD
:10BF9000000000010300FE020000FEFD01000000A1
:10BFA0000001000000000000000000000000000090
:10BFB00000000000FFFF00000000FFFF010300FF82
:10BFC000020001FC0000FEFEFE0202FE0303000070
:10BFD0000000000000000000FF0000000000000161
:10BFE00000000000000000000100000001FFFDFF54
:10BFF000FE0001FD02FF0200FFFF0001000000FF44
:10C000000000000000000001FF000100000000002F
:10C010000000000000010000FFFF0001FF01FF021F
:10C0200000FF01FE000100FFFF000000010100FE13
:10C030000001020100FF00000100FE0000000001FD
:10C0400000000000000000000000010101010200EA
:10C05000FF0102FEFFFD01FF00FFFFFEFF00FF02E8
:10C0600000FFFF010000FF01FE00FF0000FFFFFFD7
:10C070000000000000000000000000000000FF00C1
:10C08000000000FF000000000000000000000000B1
:10C0900002FF00FF0000FE010000000000000000A1
:10C0A0000000000000000000000000000000000090
:10C0B0000000000000000000FEFF000001FFFF0282
:10C0C0000000000000000000000000000201FEFE71
:10C0D000FEFEFE01000000000000000003FE000064
:10C0E000FEFE020002FFFE0402010202000000FF49
:10C0F000FF0100FE000001FE000000010000000042
:10C10000000000000000000000000000000000002F
:10C1100000000000FF0002FFFE02FFFEFE02000022
:10C12000010003000202000100FE0202FFFF00FE08
:10C13000FDFF0200FD01FE020001FFFF0000010003
:10C1400000010100FE0100010000FEFF00000000F0
:10C15000FF00000000000000FFFF000000000000E2
:10C1600000000000000000000000000000000000CF
:10C1700000000000000000000000000000000000BF
:10C1800000000000000000000000000000000000AF
:10C19000000000000000000000000000000000009F
:10C1A000000000000000000000000000000000008F
:10C1B000000000000000000000000000000000007F
:10C1C000000000000000000000000000000000006F
:10C1D000000000000000000000000000000000005F
:10C1E000000000000000000000000000FF0203FE4D
:10C1F00000010201FF0304FE01FE01FD0301030132
:10C2000000000100000201FFFE00FFFFFF0202FF2D
:10C21000FF02FF05000003FF02010200020000FE12
:10C220000203000304FE0100FEFD02FF0100010203
:10C230000101020004FE04050500FD0600010201E3
:10C240000201FC000204020301FDFDFE0503FCFFE8
:10C2500003FD0100FC010100FD00FCFF00FE0301E5
:10C2600004FF0000FEFF0303000003FE00000000C7
:10C2700000FE000080C2DA5022000000FD02FE0134
:10C280000301FBFFFFFC0204000303FFFE0101FEAC
:10C290000500FEFEFC02FFFE0202FD0001FFFF039F
:10C2A00000030800FF000005FE02FFFC0002010180
:10C2B000FD00000400FF010300FD03000403FFFF75
:10C2C000FD0002FE04000001FDFD01FDFE01FEFE79
:10C2D00000FC01010100FBFD03FEFDFEFE0201FF6B
:10C2E000FDFF01FD04FDFF00FEFEFEFE0303010352
:10C2F000FF00FFFE03FF02000000FC010000000041
:10C3000000010000C0C2DA5034000000000000004C
:10C31000000000000000000000000000000000001D
:10C32000000000000000000000000000000000000D
:10C3300000000000000000000000000000000000FD
:10C3400000000000000000000000000000000000ED
:10C3500000000000040401FE0003FE0204040302C6
:10C36000FEFF00020302FEFFFE01FF04FE01FEFECF
:10C37000010200050100FF0001FF02FE0500FE00B2
:10C380000104FFFCFFFFFB040004FF0602010000A4
:10C39000FE02000102F90701FD0502010301050289
:10C3A000000001FE02FFFFFDFF02FE000001FCFD98
:10C3B00001FE00010500FF010003030702FFFD026B
:10C3C0000306FE0101FFFB0001FD000201FDFEFF6F
:10C3D0000000FB040000000000FFFF0020C3DA5053
:10C3E00022000000030402FEFEFAFFFF0000070126
:10C3F000FCFEFE05FEFBFFFD000201FFFFFF030345
:10C40000FBFF0400FE000305FC04FF030200FDFC2B
:10C410000503FD010200FE000102FF03FEFD040012
:10C42000FCFE020100000403FFFDFF0503FF000303
:10C43000FE00FE00FE01FB00040104FC02FF02FE00
:10C4400005F90600030301FFFB02FE0102FE0000E6
:10C450000002FBFD020202000400F9F90004FFFFE4
:10C460000000FE000000000000FFFD0060C3DA5085
:10C470003400000000000000000000000000000088
:10C4800000000000000000000000000000000000AC
:10C49000000000000000000000000000000000009C
:10C4A000000000000000000000000000000000008C
:10C4B00000000000000000000000000002FB060178
:10C4C000FEFCFBFB04010100FE030202FB00020272
:10C4D000FE04FD01FE02FA0200FF0301030100FE5B
:10C4E000030500FD00FEF8FD060807060409040523
:10C4F00006FD02FC07FCFE040400010000FE05042A
:10C50000F8FEF701000100FA0402FE02F9FD030142
:10C5100003FE0204FC00FD0000FC0400FE02010713
:10C52000FF030002FFFD020300FD02010101FC0008
:10C530000605010403FF08030000080100000000D5
:10C5400000020100C0C3DA50220000000101FE0118
:10C55000FF02F9FA060202FEFEFE01F9FA04FF05E7
:10C5600001FBFC00FFFFFDFDFAFF03FEFF0202FFDF
:10C570000005010001FFFFFE00FF03FCFFFCFF02BE
:10C5800004FE0405FDFEFDFBFFFF010300FDFFFEB1
:10C590000002FFFFFCFD030403020405FC01FCFD97
:10C5A000F901FF020108FCFDFF0002FE03FD02008D
:10C5B00007FF03FF01FF020401FF0702FF0403025C
:10C5C00000030206FFFFFE010000FB040000000064
:10C5D0000004030000C4DA50050000000FF3F70E5A
:10C5E000FF0517F0000000FF000000000000FD0044
:10C5F0000000DB5066010000FCFD01FEFDF9FD01BD
:10C600000001FE020403FD03010101FEFD0601FA23
:10C6100003FA03FE04FE00FCFFFC03FEFCFC02FE2A
:10C62000FF02FDFC01FF0003FF00FDFFFB04FFFF15
:10C63000FF030400FFFF0200FFFF000200000000F4
:10C6400002FFFA04FFFC00FCFFFE040107FD0304E7
:10C6500000FF03FD01FF00FD04FEFFFDFD02FFFCE6
:10C6600001FA02FC04040405050301FFFE02FFFDBC
:10C67000FB0200FD0000FF0300FF020000F9FF01C4
:10C6800000FFFD02FDFF00000000000000000000B0
:10C69000FD0404000005FE02FE04000200FF030189
:10C6A000FF0000FAFEFD0303000407020403FF007D
:10C6B000FEFC03FCFEFF0201FFFD00FFFE04FEFF87
:10C6C0000300FFFC0103FBFEFF0000FFFE00FFFE76
:10C6D00000FFFFFF0001FF00020302FFFEFD00FC60
:10C6E000FFFCFF0200FEFFFE040001FDFC01FB0059
:10C6F000F8FCF7FFFA03FAFFFCF90502FD00FDFD67
:10C700000101030300FDFC0203030103FF03FFFD1E
:10C71000FEFEFF0002FC00FF03FDFDFE030002031E
:10C72000FCFC0102000004010200FD0202FF03FF05
:10C73000FFFE010102FEFF0201FE01FF00040100F5
:10C74000FF020205FE0004FDFFFAFC00FC02FBFAFA
:10C75000FD0103FC03FEFA0001FEFDFCFFFD02FDEE
:10C7600000FC0005FF0202FE02FE06FD02FE0402BE
:10C77000FCFA00FCFFFAFDFAFEFF010002FCFD04DA
:10C78000FFFEFD0400FF00FFFF00000003FDF900B5
:10C790000202FDFC0205FE0301FD01FBFD02FB039D
:10C7A0000001FC03FF01FFFFF903FBFBFFFEFE019D
:10C7B00001FCF8FEFC0401FFFEFF0405FF00FFFE84
:10C7C000FEFCFE00FEFEFEFEFEFEFEFEFD0105007E
:10C7D000F8FB0104000200FCFEFF000000FF00FD6A
:10C7E00001FF010007000000FCFEFB01FCFFFC0252
:10C7F000FB02FDFC01010202F9FC02FE0200000442
:10C8000000FD0202FC0201FD00FFFE0102FF00FE2E
:10C8100000020101FDFCFCFCFDFDFDFDFE0302FE2E
:10C82000FEFF000004050102020203FB0100FFFC01
:10C83000FCFDFD02FDFF0300FFFEFEFEFFFFFFFF0C
:10C8400001010100020201010202020201020201D1
:10C8500003020101030303030303040301000102B4
:10C8600001020101000000010000000000010000C1
:10C87000FFFFFF00FFFFFEFEFFFFFEFFFEFEFEFECE
:10C8800000FF0000FFFFFFFFFFFEFEFFFEFFFEFEBA
:10C890000000FFFFFFFFFFFFFFFFFFFFFFFFFEFFA7
:10C8A000FFFFFFFE0000000000000000FDFDFD0096
:10C8B000FFFCFDFD0101FEFE01010101FC01020280
:10C8C000FCFCFDFCFBFBFCFC000000000000000089
:10C8D0000202020002030202020203020404030233
:10C8E0000104040401010101020101010000000032
:10C8F000000000000000FF00FF0000FF0201FFFF3A
:10C90000020201020202020102020202020202010A
:10C91000FEFFFEFEFFFFFFFE030404FF040303040B
:10C920000202030300000001FF00000000FF00FFFF
:10C930000100FF0000010000010101010000FF01F2
:10C94000000000FFFFFF0000FFFFFFFFFEFF0000F1
:10C95000FEFEFEFEFDFDFDFE0303030304030303D1
:10C9600002010104010101010000010100000000B9
:10C9700002000000010101020101010103020302A2
:10C9800004030303FFFFFF0400FFFF000000FF009C
:10C990000000000001000000010001010101000190
:10C9A000FF00FFFF00FF0000010101FF0102010184
:10C9B0000000010100000000000000000000000075
:10C9C000FF0000000202020202020202030303024D
:10C9D0000303030300000303FFFFFF00FFFFFFFF4C
:10C9E000FEFFFFFFFEFEFFFF01000102000100004D
:10C9F00001000000FF010000FFFF00FFFFFFFFFF3D
:10CA0000FEFFFFFFFEFEFDFDFEFEFDFE0102010139
:10CA10000201020100000002FEFFFFFFFFFEFEFE1A
:10CA2000FFFFFFFF01FFFEFEFF00FF00FFFFFFFF14
:10CA3000FFFFFFFFFFFFFFFF030403FF03030303E9
:10CA40000202020300010101FFFFFFFFFFFF00FFE1
:10CA5000FFFFFFFFFEFEFEFDFEFEFEFEF9F9FAFE01
:10CA6000FAFAF9FA0000FAFA0000000000000000EB
:10CA700000000000000000000000000000000000B6
:10CA800000000000000000000000000000000000A6
:10CA90000000000000000000000000000000000096
:10CAA0000000000000000000000000000000000086
:10CAB0000000000000000000000000000000000076
:10CAC0000000000000000000000000000000000066
:10CAD0000000000000000000000000000000000056
:10CAE0000000000000000000000000000000000046
:10CAF0000000000000000000000000000000000036
:10CB00000000000000000000FFFAFF02FA00FEFC37
:10CB1000000001FFFDFFF700F7FFFEFC00FE00F93B
:10CB2000FEFAFBFBFB02FF02FD03FCFC0100FC0321
:10CB300003FAFC01FCFEFFFCFDFCFAFE02FDFC001A
:10CB4000FE00FE0001FB020100FEFDFCF4FF01FB04
:10CB5000FF0000FCF900FDFB04FBFDFEFD00FDFDF8
:10CB60000106FFFF0203000004FEFDFA0004FDFBC6
:10CB7000FCFFFDFFFFFCF8FDFFFCFF04FF02FCFBD8
:10CB8000FB0302FD000000000000000000FE0100A9
:10CB90008002DB502200000000050401FF04FD01BB
:10CBA00000FF04FE05FF020100000204FE0202FF76
:10CBB000FE02020301FDFBFF00000503FF0201FF6F
:10CBC00001FEFE04FF010201000000FFFBFEFD0468
:10CBD000FE0205FD03030203FBFEFAFDFA0103FD5D
:10CBE0000001FCFEFF00FF01FD030202FFFF00FF4A
:10CBF00004FFFBFD05FF00FFFEFD0404FF02010032
:10CC000001FF0100FD01FEFD0102FF0001FD020127
:10CC1000050100010000F9010000000000FF030011
:10CC2000C002DB50340000000000000000000000E3
:10CC300000000000000000000000000000000000F4
:10CC400000000000000000000000000000000000E4
:10CC500000000000000000000000000000000000D4
:10CC600000000000000000000000000000000000C4
:10CC7000FD0200F8F5FBFF01FFFFFD02F7FBFE04DC
:10CC800001FDFB00FDFE00FBFCF702FA01FCF8FFD2
:10CC9000FBFDFC01FCFDF9FFFFFAF8FEFEFB00FEC8
:10CCA000F701FEF6FFFD010203FE0401FCFEFEFD9E
:10CCB000FB01FF0001020101FEFDFFFF03FEFD017C
:10CCC000FE00FC00FBFEFDF8FCFCFFFAFF01FE038A
:10CCD000F9FCFFFFFF000000F300FD0000FF01FD75
:10CCE00003FDFF0000FFFDFDFCF5FA01000003015C
:10CCF0000000000000FBFB002003DB5022000000CE
:10CD000008FC08FEFBFCFEFF01FF0300FAFFFF002A
:10CD100000FDFD0402FC030201FFFEFF03FE01FE15
:10CD2000FDFF02FB02FFF9FE0003FE0100FEFBFE19
:10CD3000FDFDFD0101020401FE0008000002FF00EC
:10CD400005FD010102FB01FF0206FEFB010100FEE1
:10CD50000102FB03FD030201FE05F903FE01FDFBD9
:10CD600008FE000200FEFEFDFB0001FD000007FEC4
:10CD70000303030106FEFA07FAFF040100000300A3
:10CD80000000000000FE02006003DB5034000000E1
:10CD90000000000000000000000000000000000093
:10CDA0000000000000000000000000000000000083
:10CDB0000000000000000000000000000000000073
:10CDC0000000000000000000000000000000000063
:10CDD0000000000000000000FCFA03FF03FD00FE5D
:10CDE000FBFEFA000004FEFFF900FCFF0002FAFA65
:10CDF00001FFFE05060603FDFFFEFE0703FFFDFC27
:10CE000005FC05FEFFFD00060003000100FD05FF17
:10CE100005FB01FF03FEFCFEF8FCFDFEFA02040028
:10CE200002FA03FC01FF0200FCFCFB0206FAFA0115
:10CE3000FE08020304040105FA01FFFEFEFFFCF9EF
:10CE4000FD00FEFF0300FE0BFC0003F30502FC02E5
:10CE500007FDFD04000004020000000000FDFE00CC
:10CE6000C003DB5022000000FFFB0101FBFEF903C1
:10CE700000FC0107FE00FE05FEFFFAFA0100F8FCC7
:10CE8000F901FC0302FDFEFE02FB02F9FEFD0806AD
:10CE9000FF03FA02000001040106FBFFFFFFFC0292
:10CEA000FEFEFA000204F9010302FC050403F9FD89
:10CEB000FC0402FBFA000BFD00050100FCFFFEFD77
:10CEC00004FAFF04FDFF0003070303000300FFFC57
:10CED0000003FDFD0102090103FE01FD01FC05FE49
:10CEE00002FCFEFD000004FD000000000000070041
:10CEF0000004DB500500000005EAFD0911FE0806EC
:10CF0000000000EA00000000000002000040DB50CA
:10CF100066010000FEFA00FEF7FEFD03FBFCFCF9D3
:10CF2000020000FEFDF900FF020002FA0200FDF817
:10CF3000FBFB0301FB0201FCFB01FFFD00050300FD
:10CF4000FEFF010501FE0102FDFEFCFCFFFBF5FDFD
:10CF500000FD02FD00000000000000FFFA0508FCD3
:10CF600000FC06FDF7F1FE05F7F7F9F70100F7FB06
:10CF700001FF01FEFEFDFD00FDFB080108FCF509B7
:10CF8000FDEFFC01FBFDF9F1FE0002F7FF020001DD
:10CF9000F7F4FE010301F7FD01FEFC000100FE01B4
:10CFA00000FF00010000000000000000FD0505007A
:10CFB000FC01020002FF07FDFD0100FC0400FD0270
:10CFC000010201FE02FE00FC00F900FEFDFCFE0075
:10CFD000000000030000FF00FBFE0000010001FF55
:10CFE0000000FDFC0000000000000000FFFEFEFF4E
:10CFF000FEFEFDFEFF0001FE01FF00010000FF003C
:10D00000FF00000000FFFE00FE01FA02FCFDFDFC37
:10D01000000106FE030301FEFE030004FBFFFF0008
:10D02000FEFEFCFCFF02FE02FEFEFE0001FE02FF11
:10D03000FBFDFD02FFFB03FD030100FF040200FEF8
:10D04000FD020102020003FC0000FFFF00FF0000E0
:10D050000000000000000000FBFC0103FDF9FAFBEA
:10D06000FDF9F80004FD01FEFB050401FCFA01FBDB
:10D070000101F9FD0101FEFEFF01FE01FE00F9F5CF
:10D08000FA02FCFA04060203FC04FDF9000403FDA5
:10D0900005FC0005010300FCFC02FA00F8FE01FD9E
:10D0A000FF00FF0000000000FB000500000000077B
:10D0B0000100FF00FFFC02FDFF01FBFF02FEF9FF84
:10D0C000050602FEFFFC060103FE03020AFF03043D
:10D0D000FD020703FFFE0305FF00FF00FD00FF0048
:10D0E000FDFEFEFDFEFEFEFEFBFAFEFE010401005B
:10D0F000FFFFFF02000000FF000000000000000032
:10D10000FE000000F8FAFBFDFCFEFDF700FF00004A
:10D110000001FF01000500FFF6FDFE000100FBFF1E
:10D1200000FEFEFE00000300FF000000FE00FDFF09
:10D13000FDFEFDFDFFFEFFFE04FFFC00F9FFFDFB11
:10D1400001FFFDFF01010000FC0000FD00FC01FEED
:10D15000FEFE0101FD03FCFCFEFE030300050400CE
:10D160000002FDFDFAFB030602FDFAFDFDFFFE01D4
:10D17000FEFBF9FCFCFBFBFB01FC010301FFFE01D4
:10D18000000000FE00000000FDFD0000FEFA04F9B2
:10D19000F8FFFA0200FBFBFA07020100FD01FDFAAD
:10D1A000FCFCFCFA01FD01FAFB01F7F6010000FCB2
:10D1B000FAFAF9FEF9FF0001FC01FCFDFA0004FD9A
:10D1C00002FF03FDFCFCFBFDFEFFFFF803FC01FE7C
:10D1D000FC01F7FCFBFD01FDFAFAFA01FBF903FF84
:10D1E000FCFCFBF901000000FE000001FFFEFDFE5B
:10D1F000FEFF00FEFEFD00FCFEFAFD0007FCFEF750
:10D2000000040506FF04020000000000000000000A
:10D21000FAFA000001FEFC0000FBFCFE0301FE0028
:10D22000FA03030401FDFA01000000FCFF040409F5
:10D23000F700FFFC02F9F9FD00050101FFFC000405
:10D24000FDFDFEFE000301FCFAFEFFFEFCFAF8F90C
:10D25000FDFDFBFDFEFBFDFDFFFF01FDFD04FDFBF4
:10D26000000300FCFE0304FEFEFAFCFDFF01FCFFD0
:10D27000FCFB040105FFFDFFFE00030100000001AF
:10D280000000FF00FEFDFFFEFAFD01FD06FF01FFAD
:10D29000FD030302FC01FDF9FFFBFCFDFCFAFFFDB1
:10D2A000FDFBFCFBFB01FFFD000000FC000000009B
:10D2B00000000000FE02FDFC0002FBFFFEFF00007C
:10D2C000FDFDFD00040507FCFDFF03070000FBFB5F
:10D2D00000000000FF0000000203FBFBFC00FE0456
:10D2E000FA01FC00FDFF02FEFAF9F7FA000000FC6B
:10D2F0000000070300FE00000200FFFE01FDFA002F
:10D300000003FCFFFCFBFAFC04000404FBFCFA0431
:10D31000F8F9FBFFF9FBF3F80403FFFFFEFF040439
:10D32000FFFEFCFB0300FA03FD080703FDFB0704F7
:10D33000030105FD0002FCFFFAFBFEFA01FE02FA02
:10D34000FCFD00FEFCF900FBFFFCFD02FBFF020000
:10D35000FAFBFFFDFCFEFEFA00FEFBFFFAFFFE00FB
:10D3600004FBF8FDFD0003F9FAFAF9FBFAFDFEFBF8
:10D37000FC00FBFE06020000FFFAFBFD0303FFFAC0
:10D3800000FCFDFD00FFFE0100FFFFFF00000000AC
:10D39000FFFEFC0000000000000000000000000094
:10D3A000000000000000000000000000000000007D
:10D3B000000000000000000000000000000000006D
:10D3C000000000000000000000000000000000005D
:10D3D000000000000000000000000000000000004D
:10D3E000000000000000000000000000000000003D
:10D3F000000000000000000000000000000000002D
:10D40000000000000000000000000000000000001C
:10D41000000000000000000000000000000000000C
:10D42000000000000001020201FE0102FE0006FFF2
:10D4300003FEF901FF03FCFFFDFFFFFFFFFCFC0003
:10D44000FE0200FD04050101FCFFFD02050002FBD8
:10D4500002030001FFFDFFFFFEFDFEFEFF060101CE
:10D460000200FD01FEFF0600010102FD0400FFFDB8
:10D47000FE0201000304FFFEF90001FD02000001AD
:10D480000303FCFF0200FF00FFFF02FC0001FF029C
:10D49000FF00010204FD040103040202FE03FDFF7C
:10D4A0000000FE030000000000FC03008042DB508F
:10D4B00022000000FC01FD0003FE06000201FFFB4C
:10D4C0000400FC030001FFFF04FE0400FFFCFC0459
:10D4D00000FC0401FE0302FD0102FFFF0403FEFB4A
:10D4E0000000FF01FEFF01FE02050202FC0400FF36
:10D4F000FD00FDFFFF00FFFCFEFF0302020101FE35
:10D5000000FF02FD0101FDFFFFFCFFFD000001FF28
:10D51000FB030101FD02000603FEFD01000301FD06
:10D52000FFFF03FFFEFEFF010001010201010005F4
:10D530000000FF04000000000002FB00C042DB50BE
:10D5400034000000000000000000000000000000A7
:10D5500000000000000000000000000000000000CB
:10D5600000000000000000000000000000000000BB
:10D5700000000000000000000000000000000000AB
:10D58000000000000000000000000000000205FC98
:10D59000FD000200050500010001FE04FEFE01057C
:10D5A0000202FEFF0100020204FFFFFCFBFCFE0280
:10D5B000FD02FF0308FE0102020501FBFE0001F966
:10D5C000FFFD0003FF0002FD020001FD0201030058
:10D5D000FCFFFE0200FD00FDFEFE02FDFDFF02FB62
:10D5E000FD0202FF000202FDFFFC01010102FBFD42
:10D5F000010204FB01FE0302FE00FFFE0000FF0229
:10D6000005020003FBFFFFFD000003040000000013
:10D6100000FFFE002043DB5022000000060403FC54
:10D62000FFFD030400FDFEFFFF01FEFEFF050003FA
:10D6300002FEFF0002FD0303FB01F7FEFCFCFFFC02
:10D64000FFFF020102FFFE0102FEFC010002FCFFDF
:10D650000007FBF9FCFDFEFEFF0300FC05FD01FFDA
:10D660000101FFFF00030200FF02FD030002FF00B3
:10D67000FD0203FD00FEFB0000FF01FD01050200AD
:10D68000FB03FBFF020001010203FA00020301FE9B
:10D690000201FEFE00FCFDFE000005FD0000000092
:10D6A000000000006043DB50340000000000000078
:10D6B000000000000000000000000000000000006A
:10D6C000000000000000000000000000000000005A
:10D6D000000000000000000000000000000000004A
:10D6E000000000000000000000000000000000003A
:10D6F00000000000020307FFFFFEF9FF00FFFE012C
:10D70000000400FDFFFE0000FFFD03010001FEFE1E
:10D7100001030001FEFDFD000502030304FEFDFE02
:10D7200006FFFB09050301FE00FF00FF0501FE01E6
:10D7300002FEFE0001020002FFFCFB0200FEFDFDF6
:10D740000002040103FE00FF0400FC02FE03FEFFD2
:10D7500002FE03010102FFFF010300020300FD03BB
:10D7600004FFFE050305F9FE0107FC0202FE0109A4
:10D77000000003000000000000050300C043DB5070
:10D7800022000000FCFD00FD01FD0101FEFF04FD83
:10D79000FF05FFFFFF05040302FA0101FEFF02FE81
:10D7A000FFFE00FFFB000102FC01FFFE030102007F
:10D7B000F90303FB00FE00020103F9FF03FD000073
:10D7C00002010104050004FE0300FC000403010142
:10D7D0000206FCFC0302FBFF05FEFF02010102FE44
:10D7E000FD06FE0002FD0105FB00FDFF0000000438
:10D7F00001FF01FF0000FD040306F904020201FD20
:10D800000000FF00000000000005FE000044DB50A7
:10D8100005000000FDF4FCFD0B091100000000F103
:10D82000000000000000F3000080DB5066010000F3
:10D830000004FFFDFCFF0002FD04FDFB05FE0101ED
:10D840000202FFFFFCFEFBFE01FFFCFA01FBFCFFF6
:10D85000FEFDFC030300FE000404FF03FFFFFF02C4
:10D8600001FC01FE03080202010205F900FD0202AB
:10D870000000000000000000FFFBFDF7FE01FE03BA
:10D88000F4F2F602FAFAEDF50001F9FBFD010202ED
:10D89000FD03FDFDFD00FBFB0101FC04FFF4FC02A8
:10D8A000F5F5F1F5FFFEFBFAFC0100FEFFFFFCFDC4
:10D8B000FD00000300FAF8F5000100010000FF0080
:10D8C0000000000000000000FFFD02000201010254
:10D8D00000FDFB02FCF9FF0100FCFFF90203FCFF65
:10D8E000F90301FBFF030408FA01FB0100FF00013B
:10D8F00000FF0000FEFF0100FCFEFE030001FBFE36
:10D90000000000000000000000000000FF00FF0019
:10D910000000010000000000FFFF00000000000008
:10D92000FC00FE01FCFD01FA0001F9F9FEFFFDFE1D
:10D93000FC030300FE01FCFE00FE02FD000000FEF1
:10D9400002FF010201FE0100FEFBFE0100FBFE02E0
:10D95000FDFEFF0202FFFAFC0802FEFDF6FDFDF8E7
:10D9600000FFEFF400FFFFFF0000000100000000D7
:10D970000000000005F90407FD03FFFFFE0000FAA8
:10D98000FCFDFF00FA050000FF00FFF7020003FEA8
:10D99000FEFE00FF00FEFFFFF800F4F201F703FCBB
:10D9A000F8FBFB05030101FBF9FF00FFFCFF06F993
:10D9B000FE03FF02FCFEF8FFFEFDFFFF0000FF017B
:10D9C000010000FEF9F7000100FB000201FFFAFB75
:10D9D000FDFEFBFFFAFA01FFFA0101FD020407FC5C
:10D9E000FEFD02FD0101FF030304FE01020507FF26
:10D9F000000004010200FC02FDFBFDFDFDFDFDFD3C
:10DA0000FEFEFEFEFEF3F7FD04FCFBFAFFFE010343
:10DA10000002FEFF00000000000000000400000003
:10DA2000FEF7F70100FCF700FFFEFEFEFEFD01FF22
:10DA3000060701FDFD050502FF010002FEFF0003D0
:10DA4000FFFFFEFD00FE0000030401FDFEFFFEFEE1
:10DA5000FFFFFFFF040104000104FD04FE0603FEB6
:10DA6000FD02FDFFFBFBFAFCFF0000FFFF02FF00D1
:10DA70000301FF05FE01FB02FEFFFDFEFDFEFFFDB3
:10DA80000000000303000500FFFD02FDFD02FFFF93
:10DA9000FCFD0000FC000301FFFD03030000000388
:10DAA00000000000030400000003FE01020400FF68
:10DAB0000105FF06FFFC04FDFD0202FC03FCFE0164
:10DAC000FE000106FFFC02FFFE05FE02FCFFFFFE5A
:10DAD00000F901FD01FCFF00FF03FD0201FF020050
:10DAE000FEFE020201FE030203030200FFFE04FE2B
:10DAF000010602FFFDFD0102FEFFFCFD0103010125
:10DB000000FE0100FF0102FF00FFFD0005FBFE011A
:10DB1000FA0100FF00FDFEFFFEFFFD01FF0401FE14
:10DB2000FD04FEFEFF00FE000000FFFF03FD0200FB
:10DB3000FB03FFFBFCFF00FD0600FE01FD05FE01EF
:10DB400002FA03FDFBFB0202FF00030305030105CC
:10DB5000FDFFFDFEFD02FD0000FFFFFC01FFFFFFDA
:10DB60000300FFFFFDFE0202040400FF00FEFFFEB3
:10DB7000FEFCFFFD00FB00FC02020101FE000100B3
:10DB800001020604FFFF03FE01040301FE02040676
:10DB9000FEFEFCFD04FD0201FD020102FF03020284
:10DBA0000102FFFF02FEFDFC040000FD0505FC0173
:10DBB0000104050202FD03FFFCFF0201FB00FE0061
:10DBC000FEFF02FE000000FF00000000FF0000005A
:10DBD0000004FDFC010202FD01FAFD04FEFC01004F
:10DBE000010001FD04FE02FD000003FD0000000035
:10DBF0000000000006FE06FE010300FFFEFDFDFF23
:10DC000001FF01FF080707FD06020500FFFF0104F1
:10DC10000000000001000000FB02FB0007FD00FC0B
:10DC2000FB0603FBFEF800FAFBFAFFFFFC0102F91A
:10DC30000205020101FF01FE04FE030500FF0403CB
:10DC4000FB04FE06FD02FB00FEFFFFFEFF020602D4
:10DC50000404010700FCFE000100FDFF0001FCFCC4
:10DC6000020100FF03FFFCFC04050103040504019D
:10DC70000303FFFCFFFDFF01FDFBFC00FFFDFFFEBA
:10DC80000001FE00FEFE02FEFE0003FEFE0501FA9C
:10DC900000FEFFFEFF020105FF02FFFC0000010283
:10DCA000000000FF01FFFF00FE01FFFE000101FF79
:10DCB0000000000000000000000000000000000064
:10DCC0000000000000000000000000000000000054
:10DCD0000000000000000000000000000000000044
:10DCE0000000000000000000000000000000000034
:10DCF0000000000000000000000000000000000024
:10DD00000000000000000000000000000000000013
:10DD10000000000000000000000000000000000003
:10DD200000000000000000000000000000000000F3
:10DD300000000000000000000000000000000000E3
:10DD400004FF04FF01FB070303FE00F506FE0100CC
:10DD500003FF03FF0101FE080004FD040003FFFCB4
:10DD600005FB020102FE0605FFFDFF01FC090004A0
:10DD70000103FD0105040402010003FF03FD01FF8F
:10DD8000010302050A0500FFFBFD0400FFFE03047A
:10DD9000FB02080000050903050108FDFEFDFE0168
:10DDA0000000FE050102FC01FE040300FC0701FF68
:10DDB0000506FB080301FE01060301020000030340
:10DDC000000000000002FB008082DB502200000007
:10DDD000FFFAFFFDFE00FF03FE04FFFEFC0101024F
:10DDE0000100FFFB010304FE04FF0102000902041D
:10DDF000FF0501FF00FE01FD01FEFFFA0300010027
:10DE0000010002FE04FD01000303FE05FD00FEFB10
:10DE1000FF0600FF01FCFE02FDFDFE0502FC04FE04
:10DE2000FFFEFD0000FF00FD0500000602FCFEFFF6
:10DE30000200FCFE06010102FD00000201030204D3
:10DE4000FFFF0300FEFAFFFFFFFF02030000FF00D9
:10DE50000000000000FCFF00C082DB503400000026
:10DE600000000000000000000000000000000000B2
:10DE700000000000000000000000000000000000A2
:10DE80000000000000000000000000000000000092
:10DE90000000000000000000000000000000000082
:10DEA00000000000000000000A0204020402050352
:10DEB000050204010400FC07FF0103050505FD053B
:10DEC0000106FDFF03FFFF05040101040003FE0836
:10DED00001020501000100FD0602FF06FE08FF0722
:10DEE00001FE03040102040005FC0103FB0200071C
:10DEF00002060400FF0100FFFFFB06FC0104050110
:10DF0000020200000403030103000505020107FFEC
:10DF10000601FE020802FD0605FCFE0203FFFF04E7
:10DF2000040502010000FE020000000000020A00D9
:10DF30002083DB502200000003FE00FA02030001F0
:10DF4000FE080203FF0000F90105FF00FFFEFF03CA
:10DF5000FDFEFD01020306020202FF07050401FDAA
:10DF600000000003FD0201FF0103FDFF02FD0201AD
:10DF7000030300010102FE0003FEFFFB03FCFFFEA2
:10DF80000001000800040003FE00FEFD00FC01FF8C
:10DF9000010302FFFBFDFD0006FBFFFA0100020288
:10DFA000FB00FE01010008FE0004FB0505FFFFFF6A
:10DFB000FEFD00FE0000FFFE0000000000FE01006C
:10DFC0006083DB503400000000000000000000000F
:10DFD0000000000000000000000000000000000041
:10DFE0000000000000000000000000000000000031
:10DFF0000000000000000000000000000000000021
:10E000000000000000000000000000000000000010
:10E0100002FF0400FB01FD0105FF0A01FEFF04F5FC
:10E020000003FE05050505FFFBF8FFFB03030601E2
:10E03000FDF506FF08020002FB09FBFD08050608C6
:10E040000304FF0A0A0509FA080008FF0106FE0793
:10E0500001FD05FFFD04F808040904FB080405FEA2
:10E0600002FFFC0A07FF07FF0307FC02FBFE080292
:10E070000204FEFDFD01FF03FE03010507FA09028C
:10E08000FFFFFEFD0302020306050001000002017E
:10E09000000000000000FF00C083DB5022000000F1
:10E0A000FFFD03FEFEFDFFFEFD020100020400FE77
:10E0B00000FF0403FEF8FEFCFEFFFDFE02FCFF0174
:10E0C000FF01FEFCFD0202FC0000FFFFFE05FEFC5E
:10E0D000FFFDFC01FC03FE04FCFCFE0000FF000051
:10E0E00001FDFFFFFE010202FE0000FFFE04FFFD36
:10E0F00002FCFF00F505FF000001FEFCFD02FD0231
:10E1000002F9FD020000FC05020500030201FEFF0A
:10E11000060603010203FE0302010501000004FFDD
:10E1200000000000000608000084DB50050000002D
:10E1300003EF06100FEC06EF0000000300000000E4
:10E1400000000F0000C0DB5066010000F7FEF8FB86
:10E15000F7F6FDFB000505F60704FF0103FDFE06CB
:10E16000F600FA01FDF6F6FAFFFE00FEFF03FE01DF
:10E1700002FBFAFD050D01FC000000060000000096
:10E18000FE09FF00010301FC00060201000000007F
:10E1900000000000FFFEF7F6FFFF0302FCF5F202AD
:10E1A00005F8F5F20000F90100000000030000008E
:10E1B000FEFFFA02FDF8F9FDFAF6F3F8FCFCF8F3BD
:10E1C000000000F70000000000010000F7FAFDFE6B
:10E1D00000F7F8F900000000000000000000000057
:10E1E000000000000403080003FFFF06FEFBFFFD24
:10E1F000FEFCFCFE00FDFDFAFF02FFFEFFFF00F843
:10E20000FDFEFF09FDFF010300000000000000000B
:10E21000FCFF00000000020000FBF8F90000000015
:10E2200000000000000000000000000000000000EE
:10E23000000000000000000000000000FA000000E4
:10E24000F8F9FCF6F6FAF7F9FFFC02FD00FBF9FF1E
:10E250000100FFFD03FF0000000001FF00000000BF
:10E2600000000000000000000000FF00FD0001FFB2
:10E27000FE01FB010601FEFDF708FDFC0000FEFAB1
:10E28000000000000000000000000000000000008E
:10E2900002F9FDFE030400FB01FEFFFA0001FEFF90
:10E2A000F602FFFDFDFEFEFC0000FDFD000000008B
:10E2B000000000000103FBF90A05FDFE01F6F90864
:10E2C00006FD0001FF000002FCFAFFFFFFFCFE015B
:10E2D000FFFCFCFC00FE00FC000000000000000051
:10E2E000F5F3FF00FEFBF700FEFCFDFBFEFCFB0070
:10E2F000F8FFFEFD01FC03FF03080BFD02F3FE0225
:10E30000F9FBF9FFFA01FDF803FA00030000FDFF35
:10E3100000000000FE0000FF000000FF0000000001
:10E3200002FD0002FDF6F8FD000000FE0000000006
:10E3300000000000000000000300000003FFFC03D9
:10E340000301F9010000000000FF000106070900B9
:10E3500000060703000003000000000000FF0000AB
:10E360000000000001010100FEFFFFFEFFFFFFFFB4
:10E370000704FFFF0502FF02FFFF00FD00FDFF0194
:10E3800001FE02FD020100000102000302FDFF0088
:10E39000FDFD0002FFFE0401020100020101FEFE7C
:10E3A000FD01FDFC00FE0001000000000000000077
:10E3B000FE00FDFDFD01FC01000000FF000000006B
:10E3C000FB0300000103FEFE03FF0002FEFC03034B
:10E3D000FEFD03FCFEFE0105FE04FEFEFF0102FE43
:10E3E000FF03FDFD00FEFC01FF00000000FE000138
:10E3F000FFFFFFFE0100FF00FE030304FD00FEFF20
:10E40000FA00FD00FBFE0100020100FC0201020215
:10E410000304000001000404000000FF01FE0001ED
:10E420000100FEFEFCFDFF02FC0102FE0203FDFDF9
:10E43000FFFFFDFD00FD000304FEFF05030007FFD5
:10E44000000000000000000000FFFF0000FDFDFCD8
:10E450000000FCFD0101000002020000FC00FCFEC7
:10E46000FCFFFE0301FE03FD0204FE0100010500A6
:10E47000FFFD0101FEFD0000FEFEFDFD000002FEAD
:10E480000004010201FF01FF010303FCFC02FFFD88
:10E49000FEFCFEFC010303FEFFFCFDFFFAFD01FD97
:10E4A000FFFF0104FCFEFDFDFDFDFEFFFFFFFF027F
:10E4B000FE000003FF00FEFEFDFFFDFF030301FF62
:10E4C00002FC02FCFFFC03FCFDFFFD00FEFEFBFB6B
:10E4D000020205000000040001FCFE03FE02000130
:10E4E00000000101010000FF02000000030400051C
:10E4F000FF0506000101010503030204FFFEFC0104
:10E5000003020400000002020000FF0002000000FD
:10E510000001FF05FFFF040401FE020400020000E9
:10E520000101020101020200020001FF02FEFF00E0
:10E53000FEFFFF0001FFFF00010101FE00FDFFFCE7
:10E5400001FE03FF01FFFF010203010605FF0404B2
:10E55000FE0406050200FF03FD02010103FFFF00A8
:10E56000FD01FF0001FC01FEFD0302FFFFFDFEFFB8
:10E570000002FE01FF01FE0104030202FE0104008D
:10E5800002020304FBFFFFFB00FF00FCFEFD010392
:10E59000000201FEFEFD04030002FD02030301FB75
:10E5A000030202FF000303FCFE04FF01FE0301FD62
:10E5B000FFFCFF0401010101FF01FE0200FFFFFE5D
:10E5C0000102FEFEFDFFFE0201FDFE010000000053
:10E5D000000000000000000000000000000000003B
:10E5E000000000000000000000000000000000002B
:10E5F000000000000000000000000000000000001B
:10E60000000000000000000000000000000000000A
:10E6100000000000000000000000000000000000FA
:10E6200000000000000000000000000000000000EA
:10E6300000000000000000000000000000000000DA
:10E6400000000000000000000000000000000000CA
:10E6500000000000000000000000000003020302B0
:10E66000FD0302FD03030801070402010007FF0088
:10E67000FEFE02FD06FE04010902030008FD04017E
:10E680000605FD000005FC060201FF02040300026E
:10E6900004FF0005010005040402070005020B0643
:10E6A000FF0400040303FDFFFF0301050205010150
:10E6B00001FE04040800FF0101010301FC02020144
:10E6C00004040006010401060400FD00080502051B
:10E6D000030204FD0501FC030000FF06000000002A
:10E6E0000002FF0080C2DB5022000000FDFDFD00A3
:10E6F000FDFCFE030505FFFF0301FF04010300FD10
:10E70000FE0AFE0201FF010002FF0204000303FCF7
:10E7100001FD0004FBFB0202FFFE010000000002FD
:10E7200001FF01FD010600050100FEFDFD04FFFAE9
:10E73000040502FFFCFB02FD04F9FF0400FCFF00DE
:10E74000FF0206FE02FFFE03FFFCFC02FE020201C6
:10E75000000704FFFE04FCFDFEFBFCFD01FBFD01C8
:10E7600002F5FFFD010001FF000002F800000000BB
:10E7700000FC0200C0C2DB503400000000000000BA
:10E780000000000000000000000000000000000089
:10E790000000000000000000000000000000000079
:10E7A0000000000000000000000000000000000069
:10E7B0000000000000000000000000000000000059
:10E7C000000000000503FD06040304080101010820
:10E7D000FF0702FDFD00050A0603FD000502040314
:10E7E000FD04070001FE020AFF05FF01060401FD0A
:10E7F00002050601FD03FD030003070202030107F2
:10E8000000060700FEFD040504FD010200080304E4
:10E8100006010505FE040202FE05FC080507FF06C9
:10E82000000703FF0203000402010BFC03040006BF
:10E83000040401030202FFFAFF09FFFEFE0101FFCB
:10E84000000005FE000000000000040020C3DB50B3
:10E850002200000003FEFEFB00010106FC04000094
:10E86000FB0001FB02FD00FA020501FF02FD0401AD
:10E8700003060305050304FE01FFFF07FCFEF90B79
:10E880000600FE0001FFFEFFFC00FDFFFF03050187
:10E89000010300FCFDFC04FEFFFEFD0104FDFEFE85
:10E8A000FB04FCFF00FE0400FE09FFF8FFFD00FE74
:10E8B000FE0001FF0101000404050005030100FF43
:10E8C000FF0304080007FB01FFFCFFFBFCFFFDFE4C
:10E8D000000005FA000000000005060060C3DB50E0
:10E8E00034000000000000000000000000000000F4
:10E8F0000000000000000000000000000000000018
:10E900000000000000000000000000000000000007
:10E9100000000000000000000000000000000000F7
:10E9200000000000000000000000000002FE0205E0
:10E930000003010202040703000A0202020603FEAA
:10E9400003FDFF0401010601FD05010804010506A0
:10E950000901FF07FF070804090103070600040275
:10E9600002050407010104040506FA01030602FF7B
:10E970000908040401FF0A06FC0905FE0302020659
:10E98000040BFDFC08040A0200020200FE0206015C
:10E9900000FE0408000500FDFFFFFF07040205FE5E
:10E9A0000608FE0202FC02030000FA02000000005A
:10E9B00000010600C0C3DB502200000001FAFBFD8D
:10E9C00007F6FA0004FBFD0EFD03FFFFFF0402F94A
:10E9D000FF02030007050002FA05020500F6FCF538
:10E9E00003FFFF0602040305FFFEFF02030408FF06
:10E9F000FEFA0200FDF7FD0104040501FCFF03051A
:10EA0000FF00FFF6FE0402030101FFFAFBFE020114
:10EA1000060201F8FE01FC02030403FEFD090301E6
:10EA2000FE0B03FC02030306FE01FDFFFCFF00FAE0
:10EA3000FB00F9FBFEF0F7F4000000FB0000000013
:10EA400000FFFF0000C4DB50050000000F0C02F1C6
:10EA500011EC050500000002000000000000EF00BE
:10EA60000000000057616974696E672E2E2E000049
:10EA70000A2A2A2A20434E4E20496E666572656E28
:10EA80006365205465737420616938352D76697427
:10EA9000202A2A2A000000000A4D6F64656C206F4E
:10EAA00075747075743A000020206F7574707574F9
:10EAB0005B25645D203D20256C640A000A2A2A2A11
:10EAC0002050415353202A2A2A0A0000CB0000007C
:10EAD000CB000000CB000000CB000000CB0000000A
:10EAE000CB000000CB000000CB000000CB000000FA
:10EAF000CB000000CB000000CB000000CB000000EA
:10EB0000CB000000CB000000CB000000CB000000D9
:10EB1000CB000000CB000000CB000000CB000000C9
:10EB2000CB000000CB000000CB000000CB000000B9
:10EB3000CB000000CB000000CB000000CB000000A9
:10EB4000CB000000CB000000CB000000CB00000099
:10EB5000CB000000CB000000CB000000CB00000089
:10EB6000CB000000CB000000CB000000CB00000079
:10EB7000CB000000CB000000CB000000CB00000069
:10EB8000CB000000CB000000CB000000CB00000059
:10EB9000CB000000CB000000CB000000CB00000049
:10EBA000CB000000CB000000CB000000CB00000039
:10EBB000CB000000CB000000CB000000CB00000029
:10EBC000CB000000CB000000CB000000CB00000019
:10EBD000CB000000CB000000CB000000CB00000009
:10EBE000CB000000CB000000CB000000CB000000F9
:10EBF000CB000000CB000000CB000000CB000000E9
:10EC0000CB000000CB000000CB000000CB000000D8
:10EC1000CB000000CB000000CB000000CB000000C8
:10EC2000CB000000CB000000CB000000CB000000B8
:10EC3000CB000000CB000000CB000000CB000000A8
:10EC4000CB000000CB000000CB000000CB00000098
:10EC5000CB000000CB000000CB000000CB00000088
:10EC6000CB000000CB000000CB000000CB00000078
:10EC7000CB000000CB000000CB000000CB00000068
:10EC8000CB000000CB000000CB000000CB00000058
:10EC9000CB000000CB000000CB000000CB00000048
:10ECA000CB000000CB000000CB000000CB00000038
:10ECB000CB000000CB000000CB000000CB00000028
:10ECC000CB000000CB000000CB000000CB00000018
:10ECD000CB000000CB000000CB000000CB00000008
:10ECE000CB000000CB000000CB000000CB000000F8
:10ECF000CB000000CB000000CB000000CB000000E8
:10ED0000CB000000CB000000CB000000CB000000D7
:10ED1000CB000000CB000000CB000000CB000000C7
:10ED2000CB000000CB000000CB000000CB000000B7
:10ED3000FA0000001600000016000000510000005C
:10ED4000340000007F0000007F0000007F00000012
:10ED50007F0000007F0000007F000000CB0000006B
:10ED6000CB000000CB000000CB000000CB00000077
:10ED7000CB000000CB000000CB000000CB00000067
:10ED8000CB000000CB000000CB000000CB00000057
:10ED9000CB000000CB000000CB0000004D000000C5
:10EDA0007F0000007F0000007F0000007F00000067
:10EDB0007F0000007F0000007F0000007F00000057
:10EDC0007F0000007F0000007F000000CB000000FB
:10EDD000CB000000CB000000CB000000CB00000007
:10EDE000CB000000CB000000CB000000CB000000F7
:10EDF000CB000000CB000000CB000000CB000000E7
:10EE0000CB0000004E0000007F0000007F000000EB
:10EE10007F0000007F0000007F0000007F000000F6
:10EE20007F0000007F0000007F0000007F000000E6
:10EE30007F0000007F0000003C000000CB000000CD
:10EE4000CB000000CB000000CB000000CB00000096
:10EE5000CB000000CB000000CB000000CB00000086
:10EE6000CB000000CB000000CB000000CB00000076
:10EE7000CB0000007F0000007F0000007F0000004A
:10EE80007F0000007F00000043000000CB00000076
:10EE9000CB000000CB000000CB000000CB00000046
:10EEA000CB000000CB000000CB000000CB00000036
:10EEB000CB000000CB000000CB000000CB00000026
:10EEC000CB000000CB000000CB000000CB00000016
:10EED000CB000000CB000000CB000000CB00000006
:10EEE000CB000000390000007F0000007F00000020
:10EEF0007F0000007F000000CF000000CB0000007A
:10EF0000CB000000CB000000CB000000CB000000D5
:10EF1000CB000000CB000000CB000000CB000000C5
:10EF2000CB000000CB000000CB000000CB000000B5
:10EF3000CB000000CB000000CB000000CB000000A5
:10EF4000CB000000CB000000CB000000CB00000095
:10EF5000CB0000007F0000007F0000007F00000069
:10EF60007F000000E4000000CB000000CB000000A8
:10EF7000CB000000CB000000CB000000CB00000065
:10EF8000CB000000CB000000CB000000CB00000055
:10EF9000CB000000CB000000CB000000CB00000045
:10EFA000CB000000CB000000CB000000CB00000035
:10EFB000CB000000CB000000CB000000CB00000025
:10EFC0007F0000007F0000007F0000007F00000045
:10EFD000CB000000CB000000CB000000CB00000005
:10EFE000CB000000CB000000CB000000CB000000F5
:10EFF000CB000000CB000000CB000000CB000000E5
:10F00000CB000000CB000000CB000000CB000000D4
:10F01000CB000000CB000000CB000000CB000000C4
:10F02000CB000000CB000000CB000000CB000000B4
:10F030007F0000007F0000007F000000460000000D
:10F040002F0000002F0000002F0000000C00000027
:10F05000CB000000CB000000CB000000CB00000084
:10F06000CB000000CB000000CB000000CB00000074
:10F07000CB000000CB000000CB000000CB00000064
:10F08000CB000000CB000000CB000000CB00000054
:10F09000CB000000CB000000CB000000EE00000021
:10F0A0007F0000007F0000007F0000007F00000064
:10F0B0007F0000007F0000007F0000007F00000054
:10F0C0007F00000002000000CC000000CB00000028
:10F0D000CB000000CB000000CB000000CB00000004
:10F0E000CB000000CB000000CB000000CB000000F4
:10F0F000CB000000CB000000CB000000CB000000E4
:10F10000CB000000CB000000CB000000CB000000D3
:10F110007F0000007F0000007F0000007F000000F3
:10F120007F0000007F0000007F0000007F000000E3
:10F130007F0000007F0000007D000000CB00000089
:10F14000CB000000CB000000CB000000CB00000093
:10F15000CB000000CB000000CB000000CB00000083
:10F16000CB000000CB000000CB000000CB00000073
:10F17000CB000000CB000000CB000000CB00000063
:10F18000040000007F0000007F0000001C00000061
:10F190000C000000CB000000CB00000009000000C4
:10F1A0007F0000007F0000007F00000034000000AE
:10F1B000CB000000CB000000CB000000CB00000023
:10F1C000CB000000CB000000CB000000CB00000013
:10F1D000CB000000CB000000CB000000CB00000003
:10F1E000CB000000CB000000CB000000CB000000F3
:10F1F000CB000000CB000000CB000000CB000000E3
:10F20000CB000000CB000000CB000000CB000000D2
:10F21000E10000007F0000007F0000007F00000090
:10F22000CB000000CB000000CB000000CB000000B2
:10F23000CB000000CB000000CB000000CB000000A2
:10F24000CB000000CB000000CB000000CB00000092
:10F25000CB000000CB000000CB000000CB00000082
:10F26000CB000000CB000000CB000000CB00000072
:10F27000CB000000CB000000CB000000CB00000062
:10F28000CB0000007F0000007F0000007F00000036
:10F29000CB000000CB000000CB000000CB00000042
:10F2A000CB000000CB000000CB000000CB00000032
:10F2B000CB000000CB000000CB000000CB00000022
:10F2C000CB000000CB000000CB000000CB00000012
:10F2D000CB000000CB000000CB000000CB00000002
:10F2E000CB000000CB000000CB000000CB000000F2
:10F2F000FB0000007F0000007F00000050000000C5
:10F30000CB000000CB000000CB000000CB000000D1
:10F31000CB000000CB000000CB000000CB000000C1
:10F32000CB000000CB000000CB000000CB000000B1
:10F330002C000000CF000000CB000000CB0000003C
:10F34000CB000000CB000000CB000000CB00000091
:10F35000CB000000CB000000CB000000F800000054
:10F360007F0000007F0000007F00000026000000FA
:10F37000CB000000CB000000CB000000CB00000061
:10F38000CB000000CB000000CB000000CB00000051
:10F39000CB000000CB000000CB0000007F0000008D
:10F3A0007F000000DB000000CB000000CB0000006D
:10F3B000CB000000CB000000CB000000CB00000021
:10F3C000CB000000CB000000FB0000007F0000002D
:10F3D0007F0000007F00000004000000CB00000060
:10F3E000CB000000CB000000CB000000CB000000F1
:10F3F000CB000000CB000000CB000000CB000000E1
:10F40000CB000000CB000000CB0000007F0000001C
:10F410007F000000DB000000CB000000CB000000FC
:10F42000CB000000CB000000CB000000CB000000B0
:10F43000CB000000230000007F0000007F000000E0
:10F440007F0000007F000000D9000000CB0000001A
:10F45000CB000000CB000000CB000000CB00000080
:10F46000CB000000CB000000CB000000CB00000070
:10F47000CB000000CB000000CB0000007F000000AC
:10F480007F0000006A000000CB000000CB000000FD
:10F49000CB000000CB000000CB000000DC0000002F
:10F4A0007F0000007F0000007F0000007F00000060
:10F4B0007F000000DC000000CB000000CB0000005B
:10F4C000CB000000CB000000CB000000CB00000010
:10F4D000CB000000CB000000CB000000CB00000000
:10F4E000CB000000CB000000CB0000007F0000003C
:10F4F0007F0000007F000000CB000000CB00000078
:10F50000CB0000001C000000500000007F00000045
:10F510007F0000007F0000007F0000005500000019
:10F52000CB000000CB000000CB000000CB000000AF
:10F53000CB000000CB000000CB000000CB0000009F
:10F54000CB000000CB000000CB000000CB0000008F
:10F55000CB000000CB000000CB0000007A000000D0
:10F560007F0000007F0000007F0000007F0000009F
:10F570007F0000007F0000007F0000007F0000008F
:10F580007F00000036000000EB000000CB00000010
:10F59000CB000000CB000000CB000000CB0000003F
:10F5A000CB000000CB000000CB000000CB0000002F
:10F5B000CB000000CB000000CB000000CB0000001F
:10F5C000CB000000CB000000CB000000CB0000000F
:10F5D000CB000000CB000000CB000000CB000000FF
:10F5E000CB000000CB000000CB000000CB000000EF
:10F5F000CB000000CB000000CB000000CB000000DF
:10F60000CB000000CB000000CB000000CB000000CE
:10F61000CB000000CB000000CB000000CB000000BE
:10F62000CB000000CB000000CB000000CB000000AE
:10F63000CB000000CB000000CB000000CB0000009E
:10F64000CB000000CB000000CB000000CB0000008E
:10F65000CB000000CB000000CB000000CB0000007E
:10F66000CB000000CB000000CB000000CB0000006E
:10F67000CB000000CB000000CB000000CB0000005E
:10F68000CB000000CB000000CB000000CB0000004E
:10F69000CB000000CB000000CB000000CB0000003E
:10F6A000CB000000CB000000CB000000CB0000002E
:10F6B000CB000000CB000000CB000000CB0000001E
:10F6C000CB000000CB000000CB000000CB0000000E
:10F6D000CB000000CB000000CB000000CB000000FE
:10F6E000CB000000CB000000CB000000CB000000EE
:10F6F000CB000000CB000000CB000000CB000000DE
:10F70000CB000000CB000000CB0000004D58435F51
:10F71000415353455254202573202325643A202811
:10F720002573290A000000002F55736572732F6A34
:10F730006F73686D696C6C61722F4D6178696D5380
:10F74000444B2F4C69627261726965732F426F611D
:10F750007264732F4D415837383030302F45764B17
:10F7600069745F56312F536F757263652F626F61D5
:10F7700072642E63000000004641494C0000000006
:10F7800000E00B4000800040E008000002000100A3
:10F7900040787D010100000000800040000008006A
:10F7A0000100010000E00B4000800040E004000088
:10F7B0000200010040420F000200000000800040F3
:10F7C0000000020000000100008000400000010075
:10F7D0000000010000800040040000000100010062
:10F7E000008000400800000001000100020000004D
:10F7F0000200000000040840400000000001010079
:10F800000004084080000000000101002F557365CE
:10F8100072732F6A6F73686D696C6C61722F4D61C2
:10F8200078696D53444B2F4C6962726172696573DC
:10F830002F4D697363447269766572732F4C45442A
:10F840002F6C65642E630000696478203C206E751F
:10F850006D5F6C656473000000800040080000006C
:10F8600002000000008000400300000002000000D1
:10F8700000800040003000000200000000900040C6
:10F88000030000000200000000040840C000000067
:10F89000030000002F55736572732F6A6F73686DD4
:10F8A000696C6C61722F4D6178696D53444B2F4CBC
:10F8B00069627261726965732F434D5349532F2EEC
:10F8C0002E2F506572697068447269766572732F65
:10F8D000536F757263652F554152542F7561727461
:10F8E0005F726576622E63004D58435F55415254F6
:10F8F0005F4745545F49445828286D78635F7561B8
:10F9000072745F726567735F74202A2975617274FF
:10F9100029203E3D20300000636C6F636B5F6F7089
:10F9200074696F6E203E3D203020262620636C6F68
:10F93000636B5F6F7074696F6E203C3D2033000015
:10F940002F55736572732F6A6F73686D696C6C6184
:10F95000722F4D6178696D53444B2F4C696272610F
:10F96000726965732F434D5349532F2E2E2F5065C7
:10F9700072697068447269766572732F536F75721D
:10F9800063652F4750494F2F6770696F5F636F6DD5
:10F990006D6F6E2E63000000706F7274203C204DFE
:10F9A00058435F4346475F4750494F5F494E535462
:10F9B000414E434553000000700000200A00000043
:10F9C000494E4600696E66004E414E006E616E0003
:10F9D00030313233343536373839616263646566C5
:10F9E0000000000030313233343536373839414287
:10F9F0004344454600000000286E756C6C290000E9
:10FA00003000000020202020202020202020202046
:10FA10002020202030303030303030303030303026
:10FA2000303030304E614E00496E66696E697479CF
:10FA30000000000042616C6C6F6320737563636546
:10FA400065646564000000002F746D702F6A656E38
:10FA50006B696E732D4743432D31302D706970658E
:10FA60006C696E652D3333385F323032313130316D
:10FA7000385F313633343531363139352F7372636F
:10FA80002F6E65776C69622F6E65776C69622F6C7B
:10FA90006962632F7374646C69622F64746F612E82
:10FAA000630000002F746D702F6A656E6B696E7352
:10FAB0002D4743432D31302D706970656C696E653B
:10FAC0002D3333385F32303231313031385F3136B7
:10FAD00033343531363139352F7372632F6E657794
:10FAE0006C69622F6E65776C69622F6C6962632F37
:10FAF0007374646C69622F6D707265632E630000AD
:10FB00000080E03779C34143176E05B5B5B8934619
:10FB1000F5F93FE9034F384D321D30F94877825AE5
:10FB20003CBF737FDD4F1575000000000000F03F03
:10FB300000000000000024400000000000005940C8
:10FB40000000000000408F40000000000088C3401B
:10FB500000000000006AF8400000000080842E4190
:10FB600000000000D01263410000000084D79741DC
:10FB70000000000065CDCD41000000205FA00242E2
:10FB8000000000E876483742000000A2941A6D4257
:10FB9000000040E59C30A2420000901EC4BCD6424A
:10FBA00000003426F56B0C430080E03779C34143F5
:10FBB00000A0D8855734764300C84E676DC1AB436B
:10FBC000003D9160E458E143408CB5781DAF154489
:10FBD00050EFE2D6E41A4B4492D54D06CFF0804464
:10FBE000F64AE1C7022DB544B49DD9794378EA4479
:10FBF00005000000190000007D00000020202020EA
:10FC000020202020202020202020202030303030B4
:10FC10003030303030303030303030302C2066757D
:10FC20006E6374696F6E3A20000000006173736543
:10FC30007274696F6E2022257322206661696C657B
:10FC4000643A2066696C6520222573222C206C6939
:10FC50006E65202564257325730A000043000000AB
:10FC6000504F5349580000002E0000000020202073
:10FC7000202020202020282828282820202020205C
:10FC8000202020202020202020202020208810102C
:10FC90001010101010101010101010101004040488
:10FCA0000404040404040410101010101010414146
:10FCB0004141414101010101010101010101010134
:10FCC0000101010101010101101010101010424248
:10FCD0004242424202020202020202020202020204
:10FCE00002020202020202021010101020000000A4
:10FCF0000000000000000000000000000000000004
:10FD000000000000000000000000000000000000F3
:10FD100000000000000000000000000000000000E3
:10FD200000000000000000000000000000000000D3
:10FD300000000000000000000000000000000000C3
:10FD400000000000000000000000000000000000B3
:10FD500000000000000000000000000000000000A3
:10FD60000000000000000000000000000000000093
:10FD7000F8B500BFF8BC08BC9E467047F8B500BF98
:0CFD8000F8BC08BC9E4670470000000064
:08FD9000E89CFD7F010000006A
:10FD980000200440FFFFFFFF0000000000000000FB
:10FDA800FFFFFFFFFFFFFFFF000000000000000053
:10FDB8000000000000000000FFFFFFFFFFFFFFFF43
:10FDC800000000000000000000000000000000002B
:10FDD800FFFFFFFFFFFFFFFF000000000000000023
:10FDE8000000000000000000FFFFFFFFFFFFFFFF13
:10FDF800000000000000000070000020000000006B
:10FE0800000000005C030020C40300202C04002034
:10FE180000000000000000000000000000000000DA
:10FE280000000000000000000000000000000000CA
:10FE380000000000000000000000000000000000BA
:10FE480000000000000000000000000000000000AA
:10FE5800000000000000000000000000000000009A
:10FE6800000000000000000000000000000000008A
:10FE7800000000000000000000000000000000007A
:10FE8800000000000000000000000000000000006A
:10FE9800000000000000000000000000000000005A
:10FEA8000000000000000000010000000000000049
:10FEB8000E33CDAB34126DE6ECDE05000B0000000E
:10FEC800000000000000000000000000000000002A
:10FED800000000000000000000000000000000001A
:10FEE800000000000000000000000000000000000A
:10FEF80000000000000000000000000000000000FA
:10FF080000000000000000000000000000000000E9
:10FF180000000000000000000000000000000000D9
:10FF280000000000000000000000000000000000C9
:10FF380000000000000000000000000000000000B9
:10FF480000000000000000000000000000000000A9
:10FF58000000000000000000000000000000000099
:10FF68000000000000000000000000000000000089
:10FF78000000000000000000000000000000000079
:10FF88000000000000000000000000000000000069
:10FF98000000000000000000000000000000000059
:10FFA8000000000000000000000000000000000049
:10FFB8000000000000000000000000000000000039
:10FFC8000000000000000000000000000000000029
:10FFD8000000000000000000000000000000000019
:10FFE8000000000000000000000000000000000009
:08FFF800000000000000000001
:020000041003E7
:1000000000000000000000000000000000000000F0
:1000100000000000000000000000000000000000E0
:1000200000000000000000000000000000000000D0
:1000300000000000000000000000000000000000C0
:1000400000000000000000000000000000000000B0
:1000500000000000000000000000000000000000A0
:100060000000000000000000000000000000000090
:100070000000000000000000000000000000000080
:100080000000000000000000000000000000000070
:100090000000000000000000000000000000000060
:1000A0000000000000000000000000000000000050
:1000B0000000000000000000000000000000000040
:1000C0000000000000000000000000000000000030
:1000D0000000000000000000000000000000000020
:1000E0000000000000000000000000000000000010
:1000F0000000000000000000000000000000000000
:1001000000000000000000000000000000000000EF
:1001100000000000000000000000000000000000DF
:1001200000000000000000000000000000000000CF
:1001300000000000000000000000000000000000BF
:1001400000000000000000000000000000000000AF
:10015000000000000000000000000000000000009F
:10016000000000000000000000000000000000008F
:10017000000000000000000000000000000000007F
:10018000000000000000000000000000000000006F
:10019000000000000000000000000000000000005F
:1001A000000000000000000000000000000000004F
:1001B000000000000000000000000000000000003F
:1001C000000000000000000000000000000000002F
:1001D000000000000000000000000000000000001F
:1001E000000000000000000000000000000000000F
:1001F00000000000000000000000000000000000FF
:1002000000000000000000000000000000000000EE
:1002100000000000000000000000000000000000DE
:1002200000000000000000000000000000000000CE
:100230000000000000000000980400209804002046
:10024000A0040020A0040020A8040020A80400208E
:10025000B0040020B0040020B8040020B80400203E
:10026000C0040020C0040020C8040020C8040020EE
:10027000D0040020D0040020D8040020D80400209E
:10028000E0040020E0040020E8040020E80400204E
:10029000F0040020F0040020F8040020F8040020FE
:1002A00000050020000500200805002008050020AA
:1002B000100500201005002018050020180500205A
:1002C000200500202005002028050020280500200A
:1002D00030050020300500203805002038050020BA
:1002E000400500204005002048050020480500206A
:1002F000500500205005002058050020580500201A
:1003000060050020600500206805002068050020C9
:100310007005002070050020780500207805002079
:100320008005002080050020880500208805002029
:1003300090050020900500209805002098050020D9
:10034000A0050020A0050020A8050020A805002089
:10035000B0050020B0050020B8050020B805002039
:10036000C0050020C0050020C8050020C8050020E9
:10037000D0050020D0050020D8050020D805002099
:10038000E0050020E0050020E8050020E805002049
:10039000F0050020F0050020F8050020F8050020F9
:1003A00000060020000600200806002008060020A5
:1003B0001006002010060020180600201806002055
:1003C0002006002020060020280600202806002005
:1003D00030060020300600203806002038060020B5
:1003E0004006002040060020480600204806002065
:1003F0005006002050060020580600205806002015
:1004000060060020600600206806002068060020C4
:100410007006002070060020780600207806002074
:100420008006002080060020880600208806002024
:1004300090060020900600209806002098060020D4
:10044000A0060020A0060020A8060020A806002084
:10045000B0060020B0060020B8060020B806002034
:10046000C0060020C0060020C8060020C8060020E4
:10047000D0060020D0060020D8060020D806002094
:10048000E0060020E0060020E8060020E806002044
:10049000F0060020F0060020F8060020F8060020F4
:1004A00000070020000700200807002008070020A0
:1004B0001007002010070020180700201807002050
:1004C0002007002020070020280700202807002000
:1004D00030070020300700203807002038070020B0
:1004E0004007002040070020480700204807002060
:1004F0005007002050070020580700205807002010
:1005000060070020600700206807002068070020BF
:10051000700700207007002078070020780700206F
:10052000800700208007002088070020880700201F
:1005300090070020900700209807002098070020CF
:10054000A0070020A0070020A8070020A80700207F
:10055000B0070020B0070020B8070020B80700202F
:10056000C0070020C0070020C8070020C8070020DF
:10057000D0070020D0070020D8070020D80700208F
:10058000E0070020E0070020E8070020E80700203F
:10059000F0070020F0070020F8070020F8070020EF
:1005A000000800200008002008080020080800209B
:1005B000100800201008002018080020180800204B
:1005C00020080020200800202808002028080020FB
:1005D00030080020300800203808002038080020AB
:1005E000400800204008002048080020480800205B
:1005F000500800205008002058080020580800200B
:1006000060080020600800206808002068080020BA
:10061000700800207008002078080020780800206A
:10062000800800208008002088080020880800201A
:100630009008002090080020FFFFFFFF000002004C
:100640001C2000204300000000000000000000000B
:10065000000000000000000000000000000000009A
:100660000000000043000000000000000000000047
:10067000000000000000000000000000000000007A
:100680000000000043000000000000000000000027
:10069000000000000000000000000000000000005A
:1006A0000000000043000000000000000000000007
:1006B000000000000000000000000000000000003A
:1006C00000000000430000000000000000000000E7
:1006D000000000000000000000000000000000001A
:1006E00000000000430000000000000000000000C7
:1006F00000000000000000000000000000000000FA
:1007000000000000430000000000000000000000A6
:1007100000000000000000000000000000000000D9
:100720000000000065900010218F00100000000004
:100730006CFC021068FC021024F7021024F702106F
:1007400024F7021024F7021024F7021024F70210F5
:1007500024F7021024F7021024F70210FFFFFFFF16
:10076000FFFFFFFFFFFFFFFFFFFF000001004153FE
:1007700043494900000000000000000000000000A4
:1007800000000000000000000000000000004153D5
:100790004349490000000000000000000000000084
:1007A0000000000000000000000000000000000049
:0C07B0008153001005020010E101001050
:0407BC000000000039
:0400000510001A25A8
:00000001FF
