// This file was @generated automatically

#define BIAS_0 { \
  0xe3, 0xec, 0x0b, 0xe3, 0xfd, 0xe8, 0xe0, 0xee, 0xe1, 0xed, 0xec, 0xea, 0xe5, 0xee, 0xea, 0xe4, \
  0xef, 0xe3, 0xec, 0xf3, 0xf1, 0xe8, 0xe3, 0xef, 0xf3, 0xe9, 0xe6, 0xe8, 0xeb, 0xdf, 0xe0, 0xe0, \
  0xe7, 0xe7, 0xee, 0xec, 0xee, 0xea, 0xe3, 0xe2, 0xde, 0xea, 0xef, 0xe3, 0xff, 0xe8, 0xe5, 0xfc, \
  0xeb, 0xe8, 0xe9, 0xec, 0xe6, 0xec, 0xed, 0xd3, 0xea, 0xe6, 0xe8, 0xf4, 0xf1, 0xe7, 0xe8, 0xf9, \
  0xfa, 0xe1, 0xdc, 0xe9, 0xdf, 0xde, 0xf9, 0xe5, 0xea, 0xe3, 0xf0, 0xee, 0xf0, 0xe9, 0xe8, 0xdf, \
  0xe3, 0xeb, 0xf4, 0xf6, 0xde, 0xe5, 0xe2, 0xe4, 0xed, 0xf3, 0xed, 0xf7, 0xf4, 0xe2, 0xee, 0xe8, \
  0xeb, 0xe5, 0xda, 0xef, 0xf9, 0xea, 0xdf, 0xe9, 0xd8, 0xea, 0xe9, 0xe7, 0xf3, 0xe1, 0xe6, 0xf2, \
  0xe9, 0xf3, 0xd8, 0xe4, 0xfd, 0xec, 0xe2, 0xeb, 0xe9, 0xe5, 0xe7, 0xe8, 0xe1, 0xf1, 0xf0, 0xed, \
  0x07, 0x0c, 0xf5, 0xfb, 0xfb, 0xf0, 0x14, 0xf0, 0xec, 0xf4, 0x08, 0x09, 0xfc, 0x1a, 0xf6, 0xfc, \
  0xf4, 0xfe, 0x0b, 0xfc, 0x07, 0x06, 0xf9, 0xf1, 0xea, 0xfb, 0xf8, 0xef, 0xfc, 0x13, 0x00, 0xf4, \
  0x0e, 0x15, 0xf4, 0xf6, 0xdf, 0xf5, 0x07, 0x07, 0xdb, 0xf7, 0xe5, 0xee, 0x0c, 0x14, 0x04, 0xff, \
  0xff, 0xeb, 0xeb, 0xfa, 0x0e, 0x0a, 0x0d, 0xf3, 0x17, 0x0a, 0xf6, 0xf0, 0xfb, 0xff, 0xeb, 0x1a, \
  0x07, 0x05, 0xfd, 0x03, 0x01, 0xfc, 0x02, 0xf8, 0xfa, 0xf7, 0x03, 0x00, 0x06, 0x00, 0xfb, 0x03, \
  0xf8, 0x00, 0xf9, 0xf8, 0xfc, 0xfc, 0xfd, 0x02, 0xfe, 0xfe, 0x02, 0xfd, 0xf7, 0xfd, 0xf9, 0x02, \
  0xfe, 0x03, 0xf8, 0x02, 0x08, 0x04, 0x04, 0xfe, 0xfe, 0xfb, 0xfd, 0xff, 0x02, 0x04, 0x07, 0x00, \
  0x05, 0x02, 0x07, 0x02, 0x03, 0x04, 0xfe, 0x01, 0x02, 0x00, 0xfa, 0x05, 0x04, 0xf9, 0x00, 0x04, \
  0xf8, 0xf9, 0x00, 0x04, 0xfa, 0x09, 0xfc, 0xfa, 0xfe, 0xff, 0xfb, 0xfd, 0xfa, 0xfe, 0x03, 0x01, \
  0xfa, 0xfd, 0x03, 0x0a, 0x00, 0x09, 0x06, 0xfc, 0x05, 0xfb, 0x08, 0x02, 0x02, 0x00, 0xff, 0x00, \
  0x04, 0x03, 0xfa, 0xf3, 0x0e, 0xf5, 0xfe, 0xf8, 0x0d, 0xf6, 0xf5, 0xfe, 0x07, 0xf9, 0x05, 0x00, \
  0x05, 0x01, 0xfa, 0xfb, 0xfa, 0xfb, 0x04, 0x06, 0x01, 0xfe, 0x06, 0xfd, 0x01, 0x0e, 0x06, 0x09, \
  0x00, 0xf5, 0xf4, 0x0b, 0xfb, 0x05, 0xfe, 0xfe, 0xf8, 0x13, 0xf1, 0x01, 0xfe, 0xf2, 0xff, 0xfe, \
  0xfc, 0xfc, 0xfa, 0x0e, 0x04, 0x05, 0x0c, 0xfa, 0x01, 0xf6, 0x0b, 0x0d, 0xf8, 0x03, 0x08, 0xfc, \
  0x0f, 0x14, 0xf7, 0xf8, 0x03, 0xef, 0x09, 0xf3, 0x06, 0xf7, 0xfd, 0xf0, 0xff, 0x04, 0x05, 0x0b, \
  0x09, 0xff, 0xf6, 0x05, 0xe9, 0xf9, 0xfe, 0x15, 0xf8, 0x02, 0x01, 0xf9, 0x07, 0x12, 0x08, 0x0f \
}
#define BIAS_1 { \
  0xee, 0xe4, 0xea, 0xf5, 0xee, 0xdd, 0xe1, 0xf0, 0xe6, 0xed, 0xeb, 0xea, 0xf3, 0xde, 0xe5, 0xe4, \
  0xe8, 0xeb, 0xdf, 0xdf, 0xe6, 0xec, 0xe3, 0xf3, 0xe2, 0xdb, 0xe1, 0xe4, 0xe7, 0xf5, 0xdc, 0xe2, \
  0xe5, 0xdd, 0xec, 0xe8, 0xed, 0xea, 0xe0, 0xf1, 0xe9, 0xe4, 0xe6, 0xe9, 0xed, 0xe7, 0xdf, 0xe4, \
  0xf0, 0xe5, 0xf2, 0xe6, 0xec, 0xf0, 0xeb, 0xf1, 0xea, 0xe4, 0xe0, 0xee, 0xf0, 0xdf, 0xf1, 0xf3, \
  0xe7, 0xdb, 0xf6, 0xed, 0xe7, 0xe8, 0xe4, 0xe4, 0xe1, 0xde, 0xe2, 0xe7, 0xf5, 0xef, 0xf1, 0xde, \
  0xec, 0xf3, 0xd6, 0xff, 0xe2, 0xe0, 0xe9, 0xed, 0xf4, 0xea, 0xf3, 0xe2, 0xec, 0xf4, 0xe3, 0xe0, \
  0xec, 0xec, 0xee, 0xdf, 0xf5, 0xef, 0xea, 0xe6, 0xec, 0xed, 0xe5, 0xf1, 0xea, 0xe3, 0xef, 0xe8, \
  0xeb, 0xe3, 0xe8, 0xdc, 0xf2, 0xf1, 0xe7, 0xeb, 0xf3, 0xe4, 0xe9, 0xeb, 0xec, 0xe2, 0xe9, 0xec, \
  0x01, 0x00, 0x01, 0x00, 0xff, 0x01, 0xff, 0x01, 0x00, 0x00, 0xff, 0xff, 0x00, 0x00, 0x00, 0xff, \
  0x00, 0x00, 0xff, 0xff, 0x00, 0x00, 0xff, 0x01, 0x00, 0x00, 0xff, 0x01, 0xff, 0x00, 0x01, 0xff, \
  0xff, 0x00, 0x01, 0x00, 0x00, 0xff, 0x01, 0x00, 0x01, 0x00, 0x00, 0x02, 0x00, 0x00, 0xff, 0xff, \
  0xff, 0x01, 0x01, 0x00, 0x00, 0xff, 0x01, 0x00, 0xff, 0xff, 0x00, 0xff, 0x00, 0x01, 0x00, 0x00, \
  0x04, 0x01, 0xfe, 0x00, 0xfe, 0xff, 0x01, 0xff, 0x00, 0xfe, 0x00, 0x02, 0x02, 0xfe, 0xfd, 0x02, \
  0x00, 0x00, 0xfe, 0x00, 0x01, 0xff, 0x01, 0x02, 0xff, 0x00, 0xff, 0xfe, 0xfe, 0x01, 0x00, 0x01, \
  0x00, 0xff, 0x02, 0x01, 0x00, 0x00, 0x01, 0x00, 0x00, 0x01, 0x00, 0x01, 0xfd, 0xfe, 0x04, 0x02, \
  0x00, 0xff, 0xff, 0xff, 0x01, 0x02, 0xff, 0x01, 0xff, 0x01, 0x00, 0x00, 0xff, 0x00, 0xff, 0xff, \
  0x02, 0xfe, 0xfd, 0xff, 0xfd, 0x04, 0x03, 0xff, 0x00, 0x02, 0xfb, 0x01, 0x03, 0x00, 0x01, 0x01, \
  0xfe, 0x01, 0xff, 0x02, 0xff, 0x01, 0x00, 0x04, 0xff, 0xfe, 0x00, 0x01, 0xff, 0x02, 0xfd, 0xff, \
  0x01, 0xfd, 0xff, 0xff, 0x03, 0xff, 0xfd, 0xff, 0x01, 0xff, 0xfc, 0x03, 0x01, 0xfe, 0x01, 0x01, \
  0xff, 0x03, 0x00, 0xff, 0x00, 0xfe, 0x00, 0x04, 0xfe, 0x02, 0x01, 0xfd, 0xff, 0x02, 0x02, 0xff, \
  0x00, 0x00, 0xff, 0x00, 0xff, 0xff, 0x00, 0x00, 0x00, 0xff, 0x00, 0x00, 0xff, 0xff, 0x00, 0xff, \
  0x00, 0x00, 0xff, 0xff, 0xff, 0xff, 0xff, 0x00, 0xff, 0x00, 0xff, 0xff, 0xff, 0xff, 0x00, 0x00, \
  0xff, 0xff, 0x00, 0x00, 0xff, 0x00, 0xff, 0x00, 0xff, 0x00, 0x00, 0x00, 0xff, 0x00, 0xff, 0xff, \
  0xff, 0x00, 0x00, 0x00, 0x00, 0x00, 0xff, 0xff, 0xff, 0x00, 0xff, 0xff, 0xff, 0xff, 0xff, 0xff \
}
#define BIAS_2 { \
  0xe7, 0xec, 0xed, 0xeb, 0xf1, 0xf1, 0x05, 0xee, 0xe7, 0xda, 0xe9, 0xe2, 0xe7, 0xef, 0xec, 0xd4, \
  0xe8, 0xf1, 0xe5, 0xe7, 0xf1, 0xe2, 0xe5, 0xe8, 0xf3, 0xf1, 0xe8, 0xd2, 0xf6, 0xf9, 0xe1, 0xd1, \
  0xe3, 0xdf, 0xed, 0xe3, 0xd9, 0xf1, 0xe8, 0xe6, 0xda, 0xe2, 0xe9, 0xe7, 0xde, 0xf8, 0xea, 0xe9, \
  0xef, 0xe8, 0xf2, 0xf7, 0xe6, 0xf1, 0xee, 0xe9, 0xea, 0xe8, 0xe0, 0xed, 0xdf, 0xe9, 0xe6, 0xe4, \
  0xda, 0xec, 0xe8, 0xf7, 0xdf, 0xe5, 0xde, 0xea, 0xe0, 0xdf, 0xf2, 0xeb, 0xef, 0xe0, 0xde, 0xf0, \
  0xec, 0xe4, 0xe9, 0xe4, 0xeb, 0xf2, 0xe8, 0xee, 0xe6, 0xdc, 0xee, 0xec, 0xe0, 0xf0, 0xe5, 0xd6, \
  0xe6, 0xe3, 0xe9, 0xe5, 0xe9, 0xd2, 0xf8, 0xf3, 0xd9, 0xf0, 0xdd, 0xe0, 0xe7, 0xdf, 0xf0, 0xf0, \
  0xed, 0xf0, 0xdf, 0xe1, 0xed, 0xeb, 0xe8, 0xee, 0xdb, 0xd7, 0xf0, 0xe4, 0xe5, 0xfd, 0xf0, 0xe3, \
  0xff, 0x00, 0x00, 0xff, 0x00, 0xff, 0xff, 0x00, 0x00, 0x00, 0x00, 0xff, 0x00, 0xff, 0xff, 0xff, \
  0x00, 0xff, 0x00, 0xff, 0x00, 0xff, 0x00, 0x00, 0x00, 0xff, 0x00, 0xff, 0xff, 0x00, 0x00, 0x00, \
  0xff, 0x00, 0x00, 0x00, 0xff, 0x00, 0xff, 0xff, 0x00, 0xff, 0x00, 0x00, 0xff, 0x00, 0xff, 0xff, \
  0x00, 0x00, 0xff, 0x00, 0xff, 0xff, 0x00, 0xff, 0xff, 0x00, 0xff, 0x00, 0xff, 0x00, 0xff, 0xff, \
  0x00, 0xff, 0xff, 0xff, 0x00, 0x00, 0xff, 0xff, 0x00, 0xff, 0x00, 0x00, 0x00, 0x00, 0x00, 0xff, \
  0x00, 0x00, 0xff, 0xff, 0xff, 0x00, 0xff, 0xff, 0xff, 0xff, 0xff, 0x00, 0xff, 0xff, 0xff, 0x00, \
  0xff, 0x00, 0xff, 0xff, 0x00, 0x00, 0x00, 0xff, 0x00, 0x00, 0xff, 0xff, 0xff, 0x00, 0xff, 0x00, \
  0x00, 0xff, 0xff, 0x00, 0xff, 0xff, 0x00, 0x00, 0x00, 0x00, 0x00, 0xff, 0xff, 0xff, 0xff, 0xff, \
  0xff, 0xff, 0xff, 0xff, 0x00, 0x00, 0x00, 0x00, 0x00, 0xff, 0x00, 0xff, 0x00, 0xff, 0x00, 0xff, \
  0x00, 0x00, 0xff, 0xff, 0x00, 0xff, 0x00, 0x00, 0x00, 0x00, 0x00, 0x00, 0xff, 0xff, 0x00, 0x00, \
  0xff, 0xff, 0x00, 0x00, 0xff, 0x00, 0x00, 0x00, 0x00, 0x00, 0x00, 0x00, 0x00, 0xff, 0xff, 0xff, \
  0xff, 0xff, 0x00, 0xff, 0x00, 0x00, 0xff, 0xff, 0xff, 0xff, 0xff, 0xff, 0x00, 0x00, 0xff, 0xff, \
  0xff, 0xff, 0x00, 0xff, 0xff, 0xff, 0xff, 0xff, 0x00, 0x00 \
}
#define BIAS_3 { \
  0xd8, 0x05, 0xfa, 0x41, 0x1e, 0xbc, 0xc0, 0x16, 0x45, 0x1a, 0xe3, 0x34, 0xff, 0xf4, 0xbc, 0x09, \
  0xfa, 0x1b, 0xdb, 0x0f, 0x09, 0xb9, 0x08, 0xa4, 0xd9, 0xd6, 0xe4, 0xb7, 0x1e, 0xca, 0xf7, 0x14, \
  0xcd, 0xc3, 0x42, 0x1c, 0xd9, 0xc9, 0x2f, 0x39, 0xc3, 0xd0, 0x17, 0x46, 0x39, 0xda, 0x10, 0x0c, \
  0xfe, 0x0a, 0xfc, 0x03, 0x0f, 0x00, 0xc1, 0xf6, 0x05, 0x29, 0x11, 0xf1, 0xae, 0xe4, 0x43, 0xfe, \
  0xf5, 0x06, 0xf7, 0xf6, 0x02, 0xfb, 0x10, 0x00, 0xf0, 0x00, 0x0e, 0x0c, 0xed, 0x0a, 0x03, 0xf9, \
  0x00, 0x06, 0xef, 0x0a, 0x02, 0x04, 0x04, 0x0e, 0xfd, 0xfb, 0xef, 0xf2, 0xeb, 0xf0, 0x0a, 0x0e, \
  0xf8, 0x02, 0xf7, 0xf6, 0xf9, 0x00, 0xea, 0x0c, 0x03, 0xff, 0x00, 0xea, 0x06, 0x01, 0x0c, 0x04, \
  0xff, 0xf5, 0xf1, 0xf9, 0xf8, 0xf4, 0x04, 0xe4, 0x06, 0xf1, 0xe9, 0xfb, 0x05, 0xf4, 0xf0, 0x0e, \
  0x01, 0x00, 0x00, 0x00, 0x00, 0xff, 0x00, 0xff, 0x01, 0xff, 0x00, 0x00, 0x01, 0x01, 0x00, 0x00, \
  0x00, 0x00, 0x01, 0xfe, 0x00, 0x00, 0xff, 0x00, 0xff, 0x01, 0x00, 0x00, 0x00, 0xff, 0xff, 0x00, \
  0xff, 0x00, 0x01, 0x01, 0xff, 0x01, 0x00, 0x00, 0x00, 0x01, 0x00, 0x00, 0x01, 0x01, 0x00, 0x00, \
  0xff, 0x00, 0x00, 0x00, 0x01, 0x02, 0xff, 0x00, 0x00, 0x00, 0xff, 0x01, 0x00, 0xff, 0x00, 0xff, \
  0x00, 0xff, 0x01, 0x00, 0x00, 0x00, 0x00, 0x00, 0x00, 0x00, 0x00, 0xff, 0x00, 0x01, 0x01, 0x00, \
  0xff, 0x00, 0x01, 0x00, 0xff, 0x01, 0x00, 0x00, 0x00, 0x00, 0x01, 0x00, 0x00, 0x00, 0xff, 0xff, \
  0x00, 0x00, 0xff, 0xff, 0x01, 0xff, 0xff, 0x00, 0x01, 0xff, 0xff, 0xff, 0x02, 0x00, 0x00, 0xff, \
  0x01, 0x00, 0x00, 0x00, 0x00, 0x00, 0x00, 0xff, 0x00, 0x00, 0x00, 0x01, 0x00, 0x01, 0x00, 0x00, \
  0xff, 0x00, 0x00, 0x01, 0xff, 0x00, 0xff, 0x00, 0x00, 0x01, 0xff, 0xff, 0x00, 0xff, 0x01, 0x00, \
  0xff, 0xff, 0x00, 0x01, 0x00, 0x01, 0x01, 0xff, 0x00, 0xff, 0x01, 0x01, 0x00, 0x00, 0x01, 0xff, \
  0x01, 0x02, 0xff, 0xff, 0x01, 0xfe, 0x01, 0xff, 0x01, 0xff, 0x00, 0xfe, 0x01, 0x00, 0x00, 0x00, \
  0x01, 0xff, 0xfe, 0x00, 0xff, 0xff, 0x01, 0x01, 0xff, 0x00, 0x00, 0x00, 0x01, 0x02, 0x01, 0x02 \
}
#define KERNELS { \
  0x50180000, 0x00000178, 0xf209f201, 0x04f9e0d9, 0xd7e5ec0b, 0xf10a12e1, 0xe002faf7, 0xf9f9f4f6, \
  0xf4f2f500, 0x00ff0000, 0xff00fffc, 0x00000000, 0x01000000, 0x0002fe08, 0xedfdeb02, 0xe2ebf2da, \
  0xeeeed5e9, 0xdcd1d600, 0x00000000, 0x00000000, 0x0006130b, 0xf61af409, 0x17000000, 0x00000000, \
  0x00000dfc, 0xf21b06f6, 0x16120105, 0xecdc0cee, 0xfbeb0406, 0xe8f1f8ef, 0xfa0edff8, 0x0ced1f17, \
  0xeb00f2e9, 0x100c0000, 0x00000000, 0x000000ff, 0xfcff00ff, 0x0000fefe, 0x00000000, 0x01ff0000, \
  0x00f4faf8, 0xf4f9f9f6, 0xfaffeafa, 0x06cd0304, 0xddf0f8e6, 0x0800e9fb, 0xf9de040a, 0x0dfb0602, \
  0x010ff1ff, 0x19000000, 0x00000000, 0x00000c06, 0xfa07fe0e, 0x03fef0e0, 0xdcdae2e5, 0xe0f3faed, \
  0x000c02fe, 0xf6f9f0f2, 0xf1bed4ee, 0xe3f7e8d5, 0xd7d812fd, 0xfbe604fe, 0xfffae6f6, 0xf4f5f8f6, \
  0xf7faf9f8, 0x0202fdff, 0x03fc01fd, 0x03000000, 0x00000000, 0x0000f9fb, 0xede0d8e9, 0xf8e5ebff, \
  0x00010100, 0xfe0000ff, 0xfcfa05f8, 0xe81001fd, 0xec0f15f9, 0xfeefe209, 0x0b0efff3, 0xfefafbfc, \
  0xf5fd0001, 0x01f5fffb, 0x01fcfdf2, 0xfb07f5f8, 0xf6fe0203, 0x07000000, 0x00000000, 0x000017fc, \
  0xfcf9fb03, 0xf5fd011b, 0x2122fa12, 0xffe2ebdc, 0x00000000, 0x00000000, 0x0005f8ff, 0x0a06fe05, \
  0xfcf7f505, 0xfcfcfcfe, 0xfffb06f5, 0xfbffe2f0, 0xe8e2f9e5, 0x00000000, 0x00000000, 0x0008ecfa, \
  0x0af5f3f9, 0xdbeed8fb, 0xf3e1e901, 0xecf4edf5, 0xf8fcf5f8, 0xfbf9fcfd, 0xff00ea00, 0x05fd03f9, \
  0x07000000, 0x00000000, 0x0000fd02, 0x01fd01fd, 0x010301f8, 0x0000f8fe, 0x00f8fb02, 0xf5131dec, \
  0xf614fd01, 0x1deef2f1, 0xedecefeb, 0xeaef0000, 0x0100ff00, 0x00fd01e4, 0xf8f4e5f8, 0xfdf200ff, \
  0xfc0000ff, 0x00000000, 0x00ecf425, 0x08f81b09, 0xe732f1ff, 0x1dfb091a, 0xf0020403, 0x170309ec, \
  0xf2e8e4e6, 0x01feff00, 0x0201fb01, 0xfbb9e2ff, 0xefd6f902, 0xf3e800fb, 0x0c0105fe, 0x09fc10ff, \
  0x01030000, 0xff0001fe, 0xf1d101e8, 0xf901ed03, 0x03020e10, 0xf7fc0e14, 0x11170617, 0xfded0a04, \
  0xf1fe1af8, 0xf204ff0b, 0xf5f2e6ec, 0xfe05f705, 0xeef7f3fc, 0xfafd0306, 0xf9fb0cf1, 0xf5f81b29, \
  0x02021503, 0x210ffa09, 0xe5e6f3fb, 0xec0c1015, 0xf6f507f3, 0x0b09ef03, 0x0213e1dc, 0x14f2da0f, \
  0xffed0500, 0x10fe110d, 0xd0c3bf03, 0xfbe1fd0a, 0xde04f2da, 0x0101ec05, 0xfa030603, 0xe9fa0a14, \
  0x16f719ff, 0x0d25eaf5, 0xe1dcfafe, 0xfff407ff, 0x06dbf8e2, 0xf4ebe1e5, 0xfef4f2f4, 0xede3f0fd, \
  0xf8f1e108, 0xfef2f805, 0xf3ecf5e4, 0xfdecf5de, 0xfaf4fefa, 0xfd0515f7, 0xfd05fdf9, 0xf6110b00, \
  0xf313fa0a, 0x07ecf3e4, 0x09e8efe3, 0xe90bf4f8, 0x02efe3ff, 0xfae3ee00, 0xf4f2ef15, 0xed06f4f0, \
  0x0b050be7, 0xfff00603, 0xf610eb12, 0x0502ee01, 0xf60dd9e5, 0xf5e5d9e8, 0xfbf1f7f7, 0x09040e00, \
  0x00ee1105, 0xc7ccd806, 0x150ae8e8, 0x08ff01dd, 0x0300f4fa, 0xf6f1faeb, 0xe816f1cf, 0x151902ee, \
  0xec16f5ef, 0x06ffe6e9, 0x0409e5ea, 0xe0f3f1e5, 0xfd06fffe, 0x011503f9, 0xff1bfbf8, 0xf1eff300, \
  0xf9ee0214, 0x1607fd0a, 0x18170717, 0xe90cf40d, 0xf207eaed, 0x0cfdf0fa, 0x05fefa0a, 0x08f6f7fd, \
  0x0bfff9fa, 0x060522f1, 0xf9e1fbfa, 0xfdf7edf3, 0xf5eff0f6, 0xe8ecfafc, 0xf5fbfbff, 0x00fa01ee, \
  0xf5eff4eb, 0xf4dbfaf2, 0xedffeee1, 0xff07fa01, 0xeb09181b, 0xe2050ff7, 0xebf007f6, 0x110f100b, \
  0x101d01fb, 0x041c1cf8, 0xe6ef01e9, 0x08f3ed00, 0x00000000, 0x00000000, 0x04ed02ed, 0xe3f3eddc, \
  0xddfffcf4, 0xfdfaed00, 0x0204ff00, 0x00000000, 0xfefa031f, 0x10fbf5f6, 0x0cf106fe, 0xe7f606fc, \
  0x05eceaf6, 0xf51e0405, 0x04f207f8, 0x01190bfd, 0xeafa0cfc, 0xe60ff008, 0xf9fa08fd, 0xf5ecf105, \
  0x151af60e, 0x06fbfd03, 0x16f40e0e, 0xef05e4e9, 0xffed1500, 0x1b0300fa, 0xffe9f5fa, 0x07f8f8e9, \
  0x0ce6f50c, 0xfedbf9fe, 0x02feeffe, 0xf8faff08, 0xe7f1f5e6, 0x0105f5f7, 0xfd080d0d, 0x05f3f613, \
  0x091cf9f8, 0x0011fcf3, 0x00000000, 0x00000000, 0x40000000, 0x00000000, 0x00000000, 0x00000000, \
  0x00000000, 0x00000000, 0x00000000, 0x00000000, 0x00000000, 0x00000000, 0x00000000, 0x00000000, \
  0x00000000, 0x00000000, 0x00000000, 0x00000000, 0x00000000, 0x00f90000, 0x00000000, 0x00000000, \
  0x00000000, 0x00000000, 0x00000000, 0x00000000, 0x00000000, 0x00000000, 0x00000000, 0x00000000, \
  0x00000000, 0x00000000, 0x00000000, 0x00000000, 0x00000000, 0x00000000, 0x00000000, 0x00000000, \
  0x3c000000, 0x00000000, 0x00000000, 0x00000000, 0x00000000, 0x00000000, 0x00000000, 0x00000000, \
  0x00000000, 0x00000000, 0x00000000, 0x00000000, 0x00000000, 0x00000000, 0x00000000, 0x00000000, \
  0x0c021bf8, 0x0502eeff, 0x13020208, 0x01f506f7, 0x1220fbff, 0x0afbf6f3, 0xfefefff8, 0xfc060404, \
  0x0ce20209, 0x11040e0b, 0xfcff0df8, 0x07eef904, 0xf1f4faff, 0x0201f503, 0x000803fd, 0xe5031206, \
  0xfc1300f7, 0xff0aedee, 0xf811ee01, 0x020afe0e, 0x06fffe04, 0x15f40401, 0x0304100a, 0xf90203fc, \
  0x03f6fe00, 0xf81600f8, 0xfe0affff, 0xfef00d04, 0x07f80d0b, 0xecf104e8, 0x11ee0110, 0xfcfe0000, \
  0x00000000, 0x00000100, 0x501802a0, 0x00000022, 0x19f50c06, 0xf5ff0b06, 0x031516fb, 0xfe17faec, \
  0x02f0fb1e, 0xff17011c, 0xf8f004ef, 0x0a090a04, 0xff07f8fb, 0xfef4050a, 0xf00005fc, 0xf903edf2, \
  0x0adefffe, 0x07ff0807, 0x05df07fd, 0x02e30310, 0xfd1003f4, 0xf9f6fc11, 0x021dfd18, 0xf708e6f7, \
  0x0012062a, 0xfe03fcfc, 0x031209fe, 0x08f305fd, 0xf0e9f70e, 0xf30ffae6, 0x0913f51a, 0x07effdec, \
  0x0b050cf4, 0x07fb0bf2, 0x08e9f915, 0xe3000000, 0x00000000, 0x00fe0b00, 0x501802e0, 0x00000058, \
  0x00000000, 0x00000000, 0x3c000000, 0x00000000, 0x00000000, 0x00000000, 0x00000000, 0x00000000, \
  0x00000000, 0x00000000, 0x00000000, 0x00000000, 0x00000000, 0x00000000, 0x00000000, 0x00000000, \
  0x00000000, 0x00000000, 0x00000000, 0x00fe0000, 0x00000000, 0x00000000, 0x00000000, 0x00000000, \
  0x00000000, 0x00000000, 0x00000000, 0x00000000, 0x00000000, 0x00000000, 0x00000000, 0x00000000, \
  0x00000000, 0x00000000, 0x00000000, 0x00000000, 0x00000000, 0x00000000, 0x3b000000, 0x00000000, \
  0x00000000, 0x00000000, 0x00000000, 0x00000000, 0x00000000, 0x00000000, 0x00000000, 0x00000000, \
  0x00000000, 0x00000000, 0x00000000, 0x00000000, 0x00000000, 0x00000000, 0xf6fff9f5, 0x0012ef03, \
  0x00fcf7f4, 0xf8f8feec, 0xf3faf9f9, 0xf3fc0bfb, 0xe7f8f8e7, 0xecfbed01, 0xebecfbfa, 0x0fd5f305, \
  0xeaf6f7ed, 0xfffc00ee, 0x08fbfdf9, 0xf7f1eef9, 0xfcfddee1, 0xf401e3eb, 0xdad4fae4, 0xe6f60c01, \
  0x02e7f3fb, 0xf4eaf9fd, 0x05fef6f9, 0x0602fff0, 0xf50311fd, 0xe907fd00, 0xf303c9db, 0xfd0b02dc, \
  0xee0ff2ef, 0xe6ebebfa, 0xfeffd8f1, 0xf905f9f8, 0xf9efecf7, 0xff100000, 0x00000000, 0x0002fa00, \
  0x50180380, 0x00000022, 0xeefc2600, 0x1ae0f916, 0xf103e3f8, 0xdd05fb0d, 0x2211f9fd, 0xf0fcf7ec, \
  0x06f3ff01, 0x0919e602, 0xfef3f0de, 0x17f8f50a, 0xf6fd0cf5, 0x020311e7, 0x01fc0704, 0x0006f717, \
  0xed18f2f8, 0xe906f60e, 0xe40bde10, 0x16f228f4, 0xf8fef505, 0xfdf6fc0d, 0x0e06f40b, 0x0e0ae003, \
  0xebfbf1f9, 0x080112f6, 0xeaf2fd0c, 0xe5f1060a, 0xe0e50c10, 0x06ee03fa, 0x02091b05, 0x080aeee5, \
  0x1c090f01, 0x0b010000, 0x00000000, 0x00f2f400, 0x501803c0, 0x00000058, 0x00000000, 0x00000000, \
  0x77000000, 0x00000000, 0x00000000, 0x00000000, 0x00000000, 0x00000000, 0x00000000, 0x00000000, \
  0x00000000, 0x00000000, 0x00000000, 0x00000000, 0x00000000, 0x00000000, 0x00000000, 0x00000000, \
  0x00000000, 0x00070000, 0x00000000, 0x00000000, 0x00000000, 0x00000000, 0x00000000, 0x00000000, \
  0x00000000, 0x00000000, 0x00000000, 0x00000000, 0x00000000, 0x00000000, 0x00000000, 0x00000000, \
  0x00000000, 0x00000000, 0x00000000, 0x00000000, 0x3a000000, 0x00000000, 0x00000000, 0x00000000, \
  0x00000000, 0x00000000, 0x00000000, 0x00000000, 0x00000000, 0x00000000, 0x00000000, 0x00000000, \
  0x00000000, 0x00000000, 0x00000000, 0x00000000, 0xf512faf2, 0xe5000609, 0xfbf7f2ff, 0xee05ff00, \
  0xece009f7, 0x08ebee01, 0xf80ff3ee, 0xecf5e60b, 0xff020af6, 0xd5fcf6ec, 0xfefafa03, 0x00fdf005, \
  0xfee903fc, 0x0203f9fb, 0x070bf4ec, 0x0ceceefc, 0xf3fdf908, 0xf803f3f3, 0xf2e6ddee, 0xf904e803, \
  0xff0401f3, 0xe4f3fff3, 0xfff70020, 0x09e20905, 0xf3f50009, 0xe9f50312, 0xe809f9f4, 0x08f0f912, \
  0xf107fbf6, 0xe80de0fd, 0x02000703, 0x11f30000, 0x00000000, 0x0001ef00, 0x50180460, 0x00000022, \
  0xea080a20, 0x0a1d190f, 0xef04fefa, 0xfaeafb13, 0xfa2601f9, 0x00f60114, 0x0cfcfc35, 0xf80f0101, \
  0x0b030af1, 0x12f400f4, 0x04e20400, 0x03ecfafb, 0xfd06e7fd, 0x0b0219f7, 0x11f3f403, 0xfcf2eafb, \
  0xeffaf70c, 0x0ce7130d, 0x032cfce8, 0x0522fa01, 0x08f30000, 0x12f1f82b, 0xf7d603e8, 0x05fd05d5, \
  0xfd26f402, 0xf11107fa, 0xee080a08, 0xebe1f315, 0xf8f50003, 0xf6f70c06, 0x14fcfb11, 0xf2f80000, \
  0x00000000, 0x00dc0200, 0x501804a0, 0x00000017, 0x00000000, 0x00000000, 0x4f000000, 0x00000000, \
  0x00000000, 0x00000000, 0x00000000, 0x00000000, 0x00000000, 0x00000000, 0x00000000, 0x00000000, \
  0x00000000, 0x00000000, 0x00000000, 0x00000000, 0x00000000, 0x00000000, 0x0fea1dfd, 0xf9151ae4, \
  0xf1000000, 0x00000000, 0x00fe0000, 0x501804d0, 0x00000090, 0xe5e619e9, 0xee14b8f7, 0x3b182831, \
  0x46ddf2a4, 0xd0fc0104, 0xf72424b3, 0xa8133a17, 0xc82540e2, 0xc92d0012, 0x61d6dfd8, 0x2cc457df, \
  0xbce9a61c, 0x0c53e83e, 0x439de034, 0x4bf946d8, 0x17dd0928, 0x1ec037ef, 0xb13de334, 0x4e0b1c06, \
  0xd1e528c8, 0xbf39cecf, 0x4cc82dbd, 0x43d9f70c, 0x41e32a49, 0x2e1f002a, 0x4249469c, 0x01f5e3cd, \
  0xd0f2ed1e, 0x4444bae9, 0x25b6b302, 0x1f4bc210, 0xc0c94cdf, 0x31d05556, 0xb09fb4fb, 0x48b81d23, \
  0x4022b6a5, 0x19d1d235, 0xed54b8fa, 0xeb20e51e, 0x443ad2b1, 0x42df39fb, 0x0718ef99, 0x18421a44, \
  0xe758ebbd, 0x18efe613, 0x0a0d0d1c, 0x15ddfe23, 0xc4c42737, 0x3442f3d1, 0x26c8e6f5, 0xcd0a004b, \
  0xafda44c4, 0xe6164be9, 0x2ee438e6, 0xd0043e30, 0x0ae4d008, 0xd0df360f, 0xc6dcf121, 0x3d0ab5c7, \
  0x3234fdb3, 0xe030f42d, 0x2bbae9e7, 0x2cc252f2, 0xd04eedc7, 0xc71021f3, 0xff1249c7, 0xdfd148e2, \
  0xbcfb2ecf, 0x2bd7e21a, 0x24c929c6, 0x1b0c1dc5, 0x4e4ceaac, 0xc5f3a5ec, 0x122ddf25, 0x14163839, \
  0x0631cea1, 0x0acc37e2, 0xf0c2c3ef, 0x590bc70c, 0xfec5380e, 0xc53bf8ef, 0x084b2da6, 0x95c2143b, \
  0x10b0b0e6, 0xdd3157b7, 0xc43e54ee, 0xd2150b0d, 0x12bd01fe, 0xe9c3cdc2, 0x51dbf6ff, 0x4a048ee5, \
  0xeeea45fd, 0x56f8f7ec, 0xc2c930b2, 0x321713c8, 0x1afec946, 0x1cf110f6, 0xc0fdfd07, 0x3bad2e23, \
  0xb2c5094a, 0xd2b91fd6, 0x0640f349, 0xdce30442, 0x1e302ff7, 0x5019dee0, 0xe6dcdbf1, 0xe6dfc303, \
  0xd50f35b9, 0xc4bbfb0e, 0x40d30e55, 0xd9e12cbd, 0xf12934f7, 0xd80745fd, 0xcfc9f11f, 0x3eb91853, \
  0xedcd1250, 0x07b901c3, 0x4c01c435, 0x0eb2bc2c, 0xbbc20cc1, 0xef03edf3, 0x56fc3831, 0x0749e4b6, \
  0x3fa8f726, 0x39bf0e20, 0x4eb8aaff, 0x0bdcf5ee, 0x12e00ef0, 0xe021c9bd, 0x4ae8cae9, 0x0adece21, \
  0x0aba3214, 0x1640c609, 0x15221dfc, 0xf7c3d818, 0xc60337ee, 0xfd1e1c03, 0x0ac318e6, 0xd45ecbcf, \
  0x3af9def7, 0x292edae1, 0x0241e2c6, 0xf5e6fde0, 0x4e2dd11d, 0x50184000, 0x00000178, 0xde06e704, \
  0xf0ec0819, 0xfa0e1d17, 0xe7fd0ffd, 0xf81ef6f9, 0xf7faf5f6, 0xf7f6f6fb, 0xf1faf7fb, 0xf7fffaf9, \
  0xfdf9fd03, 0x040101fd, 0xfdf2e4fc, 0xe8f40200, 0xeb0d131f, 0x0dfff911, 0xfdf60c00, 0x00000000, \
  0x00000000, 0xe4ebf8f5, 0xe3faeaed, 0xf0000000, 0x00000202, 0x0102efe5, 0xedf0d0f4, 0xfcf0e3ff, \
  0xfc0000f7, 0x17f31125, 0xfd1b03f5, 0xeffbe5eb, 0xf012eeb8, 0xf7fbdee1, 0xe6fafb04, 0xfe0300ff, \
  0x0100ff02, 0xf60b0302, 0x0bfa0c0d, 0xfdff0107, 0xfaf9f8ff, 0xfdf8f7f2, 0x00eefaf9, 0xf5f018ff, \
  0xf8effa18, 0xf60ffdfa, 0x01f1d8e8, 0x0dcd020a, 0x1313fb07, 0x04f90307, 0xe90000ff, 0x0000fe01, \
  0x02ff0602, 0xfd12f40d, 0x1706f30f, 0xfa0d1919, 0xf51bfa06, 0xfef8d516, 0xf5ed1413, 0xf2fce8e9, \
  0x04f50c2a, 0xfb09f9eb, 0x03ece107, 0xe100f3f5, 0xf6f3f4f4, 0xf3f2f0f8, 0xf8f9f307, 0x090201f9, \
  0xfd0ceffa, 0xf4ed0509, 0xf2f7fdf0, 0x0de1ec09, 0xfe082909, 0x0900ee02, 0x0908f601, 0x09f6f8f6, \
  0x0715f814, 0x161e2114, 0x040f07fa, 0xfce6f5fc, 0xfcf506fd, 0x080a06f9, 0x01f7f5f8, 0xf4f7faf2, \
  0xfc0509ff, 0x0a05ec04, 0x090101ff, 0x00000000, 0x0000fdf9, 0xf9eefeef, 0xdfecf1e3, 0x10fe0f04, \
  0xf7f506eb, 0x02ffffff, 0x0000ff00, 0x00ec0de5, 0xfcf1e80b, 0xf4090bf6, 0x0f0b0503, 0xf5ef06e5, \
  0x010e0702, 0xf30dee04, 0x070501f8, 0x00ff0601, 0xfc04ff0f, 0xfbdcf3ed, 0x081dd7e7, 0xfd1715f8, \
  0x2ffffa06, 0xff060700, 0xedf7f0f8, 0x04eaf40f, 0x01ec0301, 0x03ffff00, 0x0001fe00, 0xfffe00ff, \
  0xfe00fffa, 0x00ff02f7, 0xf9fafafa, 0xf9f7f8f7, 0xfc0504f4, 0xeefd0a06, 0x0200fffe, 0xf7f7f8f2, \
  0xf0effcf7, 0x0000fe00, 0xff0000f8, 0x00fbf5f7, 0xf2f2eae8, 0x00fdf9fb, 0xf7f6f8fa, 0xfa040106, \
  0x0c051408, 0xfe08ebdc, 0xda07efec, 0x23180f24, 0x1605f3e4, 0xf8e1f921, 0x03f9f6f5, 0xf909f5fc, \
  0xfce3d5e9, 0x01c8c310, 0xddef05f1, 0x01f1fb03, 0xf5fe0205, 0xf809fcfc, 0xfaffffff, 0x03fee2ef, \
  0xf50107fe, 0xfa0afc14, 0x0f11f511, 0xf312fdec, 0xdf1402eb, 0x05d6e31c, 0x16ef2f05, 0xf8111a0a, \
  0x01f5fb09, 0x05080b11, 0x1afb02f6, 0xf206f7fa, 0xf200e8f0, 0x0bf6ff01, 0xf5f81108, 0x1a16feed, \
  0xfffcefe4, 0x001015e3, 0xf90afaf2, 0x08fe0108, 0xf415040c, 0x17ff19f1, 0xf60c03e1, 0x0e13e701, \
  0xf109f6fa, 0x162b1d18, 0xfe0bfa0c, 0x0cf6eff1, 0xedfcefe7, 0xfaf502f7, 0x040723fc, 0xcc3f03cf, \
  0x21e2ccf0, 0x1509d6e9, 0xf0f6f3d5, 0x1ff8f019, 0x0b030600, 0xf4020af0, 0xf1eedd06, 0xf0dff4fe, \
  0xfaf00007, 0x181b120c, 0x0616eefd, 0x1a03fcf2, 0x1b1c0bf9, 0xf3fd0b1e, 0x0bf5f106, 0xebe2e8e5, \
  0xebd400f5, 0xfc0b16f0, 0x0a0408df, 0xed12f9ef, 0x0cea04f9, 0xfbebfc0e, 0x0706f707, 0xf8e1db04, \
  0xee09130a, 0x07151bfd, 0xcc1300d9, 0x0cf5de25, 0x1714dce4, 0x07fb0b03, 0x11110dfc, 0x0a03e4e4, \
  0xfdeef40a, 0xf8120cf9, 0x04150aff, 0x2d111009, 0x18f9edf7, 0x01f70503, 0xf2ebe5fc, 0x030006ef, \
  0xfefafde2, 0x0ef2ec09, 0x100cfd0e, 0x011a03f9, 0xfefc03fa, 0xf8f7fcf0, 0xf6f20f0d, 0x0cef08f1, \
  0x01eefff4, 0xeb0e10e5, 0x02e5ebe7, 0x0cf80c04, 0x2412ebff, 0xf9e41009, 0xf1151105, 0x0d1ff5f8, \
  0x10f30a06, 0x11f61016, 0xedfd06f9, 0xef07f1f6, 0xf306fffc, 0x06f10deb, 0x0c0fefea, 0x0306f6fe, \
  0xfd0df7da, 0xe8fff2d9, 0x0ffefb03, 0x0ad01fe1, 0xf2e7eb08, 0xfbfa2b03, 0xe61cde0c, 0x01f2ebfd, \
  0xe70a0100, 0x00000000, 0x00000000, 0x14f9ec18, 0xecee0ede, 0xe9020107, 0x0002f607, 0x01f2fe01, \
  0x02fafa05, 0xf9f7fbfb, 0xf904f1ee, 0xe00604ea, 0x08060803, 0xf801e3ed, 0xecdf0e28, 0xf0da09e3, \
  0xf1ddcde2, 0xbedcf5f4, 0xf6f904df, 0xfd040109, 0xf4dcdefc, 0xeb030401, 0x0614ec04, 0x1f1ff0cf, \
  0x0112f8ec, 0x0a0b130d, 0xf31b1e11, 0x0e01fdfa, 0xeee3f50b, 0xf1f1ecef, 0xdcf91eef, 0xfb1702eb, \
  0x0d03f6fe, 0x1c0bf523, 0x02f5fbfa, 0x050005f8, 0x0508f6e5, 0xe3f9f7fa, 0x0de7ff18, 0x00000000, \
  0x00000000, 0x3f000000, 0x00000000, 0x00000000, 0x00000000, 0x00000000, 0x00000000, 0x00000000, \
  0x00000000, 0x00000000, 0x00000000, 0x00000000, 0x00000000, 0x00000000, 0x00000000, 0x00000000, \
  0x00000000, 0x00000000, 0x00c80000, 0x00000000, 0x00000000, 0x00000000, 0x00000000, 0x00000000, \
  0x00000000, 0x00000000, 0x00000000, 0x00000000, 0x00000000, 0x00000000, 0x00000000, 0x00000000, \
  0x00000000, 0x00000000, 0x00000000, 0x00000000, 0x00000000, 0x40000000, 0x00000000, 0x00000000, \
  0x00000000, 0x00000000, 0x00000000, 0x00000000, 0x00000000, 0x00000000, 0x00000000, 0x00000000, \
  0x00000000, 0x00000000, 0x00000000, 0x00000000, 0x00000000, 0xf40df8f7, 0x1500ec0c, 0xfb0b0300, \
  0xfafbf301, 0x1bfde505, 0x00e015d8, 0xec0e15fa, 0xf9f80d09, 0xf3fe02e4, 0xf8f703eb, 0x01f1f80b, \
  0xfbe903fc, 0x00cbfe07, 0x05f8e0ef, 0xfc16fefa, 0xe9fb0700, 0xf3f0fbf8, 0x05f0faeb, 0xe6f0f718, \
  0xff1009ec, 0x0af507f6, 0xf1e8f217, 0xf101f6fa, 0xfffd0309, 0xf40dfed8, 0xf50ff7e8, 0xfaf7030c, \
  0xf0fff801, 0x10f0f6f9, 0xb905ecd6, 0xfd0e03e8, 0x000a0000, 0x00000000, 0x00fbef00, 0x501842a0, \
  0x00000022, 0x1513f5f2, 0xf3130406, 0x180b0c01, 0x2b00f201, 0xf40c00f2, 0x0cee0102, 0xf30cea04, \
  0x09041800, 0x0df40dfe, 0xf50af8f3, 0xf7eefdf5, 0xeaf405f8, 0xfaff0819, 0xf402f911, 0x090b11fa, \
  0xfc05f3fa, 0x1e0518f4, 0xf0fbf30f, 0xf4fe0603, 0x12fb0c13, 0x07eefe0f, 0x0e1a0b07, 0x10001002, \
  0x10fffc08, 0x05f6f0f3, 0x28fe0e0d, 0x1ffd0312, 0x05fbf8ff, 0xfb0d0603, 0x07fbef0d, 0xe5f203eb, \
  0x03fc0000, 0x00000000, 0x0013f700, 0x501842e0, 0x00000058, 0x00000000, 0x00000000, 0x3c000000, \
  0x00000000, 0x00000000, 0x00000000, 0x00000000, 0x00000000, 0x00000000, 0x00000000, 0x00000000, \
  0x00000000, 0x00000000, 0x00000000, 0x00000000, 0x00000000, 0x00000000, 0x00000000, 0x00000000, \
  0x000b0000, 0x00000000, 0x00000000, 0x00000000, 0x00000000, 0x00000000, 0x00000000, 0x00000000, \
  0x00000000, 0x00000000, 0x00000000, 0x00000000, 0x00000000, 0x00000000, 0x00000000, 0x00000000, \
  0x00000000, 0x00000000, 0x00000000, 0x42000000, 0x00000000, 0x00000000, 0x00000000, 0x00000000, \
  0x00000000, 0x00000000, 0x00000000, 0x00000000, 0x00000000, 0x00000000, 0x00000000, 0x00000000, \
  0x00000000, 0x00000000, 0x00000000, 0x0e0005fb, 0xff0117f6, 0x1800ebf6, 0xe7fd0603, 0x0225f100, \
  0x03100a07, 0xe40e0600, 0x07fefb07, 0x03ed1402, 0x09e3f609, 0xf909fef6, 0x03ff0f04, 0xeff0f10a, \
  0x0904f6fb, 0xf9e9e9f9, 0xe7fefe00, 0x04f509e3, 0x06fbfce6, 0x090affef, 0xf30207fa, 0xfd00f0d8, \
  0xe208e8d6, 0xfae4f4f2, 0xfefbe818, 0xe6f9cafb, 0xf406f4f1, 0x0bed010c, 0xebf013fc, 0x0809e015, \
  0x0afe14fd, 0x03f80ff8, 0x08f00000, 0x00000000, 0x00fa0b00, 0x50184380, 0x00000022, 0x08051001, \
  0x2b0209fe, 0xf7fffffa, 0xfd06fb05, 0x06001402, 0xf001e307, 0x1b0006fb, 0x0dfe0efb, 0xf4031003, \
  0x0c0303ff, 0xf0faf303, 0x06ffee01, 0x1300ed0b, 0x06fb2a09, 0x1105f70f, 0x11fc02fa, 0xe20016fa, \
  0xfbfafe04, 0x05fff3fc, 0xf1010905, 0x10ff080e, 0x1af2e6f9, 0xf80118ff, 0xecfff8f7, 0xedf80502, \
  0xe6060804, 0xf80108fc, 0xed04ef11, 0x1bfbf203, 0xf9fff9fc, 0x16fc04fa, 0xfd030000, 0x00000000, \
  0x00fcfb00, 0x501843c0, 0x00000058, 0x00000000, 0x00000000, 0x75000000, 0x00000000, 0x00000000, \
  0x00000000, 0x00000000, 0x00000000, 0x00000000, 0x00000000, 0x00000000, 0x00000000, 0x00000000, \
  0x00000000, 0x00000000, 0x00000000, 0x00000000, 0x00000000, 0x00000000, 0x00d20000, 0x00000000, \
  0x00000000, 0x00000000, 0x00000000, 0x00000000, 0x00000000, 0x00000000, 0x00000000, 0x00000000, \
  0x00000000, 0x00000000, 0x00000000, 0x00000000, 0x00000000, 0x00000000, 0x00000000, 0x00000000, \
  0x00000000, 0x42000000, 0x00000000, 0x00000000, 0x00000000, 0x00000000, 0x00000000, 0x00000000, \
  0x00000000, 0x00000000, 0x00000000, 0x00000000, 0x00000000, 0x00000000, 0x00000000, 0x00000000, \
  0x00000000, 0x070e05f7, 0xf10cf1fc, 0x1303fd13, 0xfbecf8ff, 0x0ef0fe04, 0xe30ff90a, 0xd10afd12, \
  0xf7091af5, 0xfa10f602, 0x18e30fff, 0xf9f8d311, 0x00fa11fb, 0xeff8060b, 0x0108e908, 0xfc0700f2, \
  0xdaf609ff, 0xfef009f6, 0xd3f8100e, 0xee030e0c, 0xf20dfbf5, 0xf3f900f2, 0xd9d2fd06, 0x16fff215, \
  0xfd020d10, 0x00e400f9, 0x07150807, 0x06fc06f8, 0x01090ce9, 0xfcf006e7, 0x0508f30e, 0xf707feec, \
  0xf8120000, 0x00000000, 0x00f7f700, 0x50184460, 0x00000022, 0xf70600f5, 0xe9f708fd, 0xef020400, \
  0xedf100ec, 0xee03f401, 0xf1f7edec, 0x001310f5, 0xfe07f100, 0x0012fcf5, 0xf406fe14, 0x121a25f0, \
  0xf5fcefe9, 0xf5ff0206, 0x04fb0817, 0x0f05faf7, 0xf2fefcf0, 0x0dfc0508, 0x1913f201, 0x17f1fa0d, \
  0x02f4f808, 0x090af1f4, 0xe4051402, 0xf40bf42a, 0xf5fb08fa, 0x08e51002, 0x0cebdef7, 0x18f9e907, \
  0xeef917fa, 0xf9f71711, 0x0a030310, 0x17f9fd13, 0xe7070000, 0x00000000, 0x000d1000, 0x501844a0, \
  0x00000017, 0x00000000, 0x00000000, 0x55000000, 0x00000000, 0x00000000, 0x00000000, 0x00000000, \
  0x00000000, 0x00000000, 0x00000000, 0x00000000, 0x00000000, 0x00000000, 0x00000000, 0x00000000, \
  0x00000000, 0x00000000, 0x00000000, 0x26c3121c, 0x0202d7fb, 0x25000000, 0x00000000, 0x000e0000, \
  0x50188000, 0x00000178, 0xe6f2050c, 0xf8e2f1db, 0xc210e813, 0x0ef1fbf7, 0xfc0bf7f5, 0xf5f4f5f3, \
  0xf3f3f3ff, 0xfffeffff, 0xfe01feff, 0x00000000, 0x00000000, 0x00010b11, 0x13f9fc00, 0x080b1a19, \
  0x2c111721, 0x20061500, 0x00000000, 0x00000000, 0x0af0e3f9, 0x02e0e4cb, 0xed000000, 0x00000000, \
  0x00002c1a, 0x1232170e, 0x1c270cfa, 0x1a23f7f5, 0xf71c0a0e, 0xf50ff2dc, 0xf30d09f6, 0xfc0af8dd, \
  0x05e5fed0, 0x010f0000, 0x00000000, 0x00000000, 0x0100fffe, 0xfcfcfb03, 0x00fffe00, 0x00000000, \
  0x00fdf9fc, 0xfbfaff01, 0xff041305, 0x32240a05, 0x503d230d, 0x021bfeec, 0x07df1042, 0xf3f9d9f7, \
  0x08dcf2e6, 0xd3000000, 0x00000000, 0x0000e0e8, 0xeef30af6, 0xfefced1a, 0x0a2c2018, 0x1f34240d, \
  0xec09fb14, 0xfff5f5e9, 0xd7e7f016, 0xf71a1018, 0x150de9e8, 0x0ae6def9, 0xebe8e8f8, 0xf3f3f9f5, \
  0xf7f7faf9, 0x0001feff, 0xfffffa00, 0x0005f4fe, 0x04f8fcfc, 0x01000a18, 0x0de9f214, 0x04130c03, \
  0xfd000000, 0xfe020204, 0x18f2fef2, 0x0bf3f123, 0x330ffff7, 0xf9121918, 0x0af8fd00, 0xfefbfffe, \
  0xff00ffff, 0x00010000, 0x03fff9f9, 0x04fa00ee, 0xf3f8f504, 0xf8000000, 0x00000000, 0x0000f1e0, \
  0xdf07ffe5, 0xe5f3cef4, 0xebfbdeef, 0xeedfdbdc, 0x00000000, 0x00000000, 0x00010bef, 0xf4f7fb03, \
  0xf6e6fdfe, 0x0406fb00, 0x0204f9fe, 0x08fbf90e, 0x040110f6, 0x00000000, 0x00000000, 0x00fa1d1b, \
  0xf30309d7, 0xf02dfd18, 0x2f230413, 0x3d1407f4, 0xf3f7f7f8, 0xfafafbfb, 0x0df2f50b, 0xf6f301f2, \
  0xfd000000, 0x00000000, 0x00000000, 0x00000000, 0x000000f7, 0xf7f8f5f6, 0xf7f5f5f8, 0xf8f7fa01, \
  0xfef30602, 0xfdf2ebea, 0xefece7eb, 0xebeb0000, 0xff00feff, 0x0100ffe8, 0xe4e9e8ea, 0xedf0f3f0, \
  0x00000000, 0xfefdfeff, 0x00eff6f8, 0x1601eafe, 0xd2efdfe3, 0xf0eb10ff, 0xe813da16, 0x27202ff4, \
  0xdfd6f5ee, 0x0000ff00, 0xff01fdff, 0xfe411afb, 0x371a2229, 0x2513fc02, 0xf7fa0102, 0x01faf800, \
  0x00000000, 0x00000000, 0xfbfafbfd, 0xfbfcfdfc, 0xfbf6f2f6, 0xf7f8f8f9, 0xf8f8fffd, 0xfcfefefb, \
  0xfaf6f3fb, 0xfdfbfdfd, 0xfcfcfcfb, 0xff070c02, 0x07090606, 0x02040303, 0x07050406, 0x0705faf9, \
  0xf8faf9f8, 0xfafafb0c, 0x09070908, 0x08080708, 0x01010101, 0x00000000, 0x00060606, 0x0a090509, \
  0x0705fdfa, 0xfa01fcfa, 0x00fcfb0c, 0x0e100c0c, 0x0d0c0c0c, 0xfafbfefa, 0xfcfffbfc, 0xfef6f6f8, \
  0xf6f6f7f5, 0xf4f40708, 0x05090804, 0x080806fa, 0xfcfef9fd, 0xfbfcfdfa, 0xf5f8faf9, 0xf9f9f9f8, \
  0xf9090807, 0x09090806, 0x07050f0c, 0x0b0f0e0e, 0x0f0f0ffe, 0xff01fdff, 0xfffcfdfe, 0xfefeffff, \
  0xfffefefd, 0xfdfffefd, 0xfdfdfefe, 0xfeff1613, 0x11120e0e, 0x060308fc, 0xf9fcf9f9, 0xfff7fbfe, \
  0x0202ff04, 0x04030303, 0x03010205, 0x00040503, 0x0305fbfa, 0xfcfafc01, 0xfcfdfc04, 0x04040303, \
  0x03030404, 0x070a0905, 0x05030504, 0x02040302, 0x02020201, 0x0102fafa, 0xf9fcfbfa, 0xfcfcfa0d, \
  0x10101010, 0x10111210, 0xfbfcff02, 0x02050506, 0x08f9f9fc, 0xfaf9fcf7, 0xf8f900fd, 0xfe00fdfd, \
  0xfefdfdfc, 0xfbfb01fc, 0xfe010000, 0x00000000, 0x00000000, 0x00000002, 0xfefdfdfb, 0xfbfcfcfd, \
  0xf8fefefb, 0xfcfbfd10, 0x0d0e0e0e, 0x0e0d0d0d, 0xfe0001fd, 0x00fe0001, 0x00000000, 0x00000000, \
  0x00000201, 0x00000000, 0x0101fffb, 0xfcfafffe, 0xfdfffffb, 0xfcfbfbf8, 0xf8f9f4f6, 0xf9f5f6f7, \
  0xf6f7f8f7, 0xf9f90405, 0x02030403, 0x01050100, 0x00000000, 0x00000000, 0xfdfd01fb, 0xfb01fbfe, \
  0x03000000, 0x00000000, 0x00000000, 0x00000000, 0x00000002, 0xfefb00fc, 0xfc04fefd, 0x07080709, \
  0x09080b06, 0x05f6f7f6, 0xf8f8f7f9, 0xfbfa0206, 0x08070908, 0x050502f7, 0xf6f6f7f6, 0xf6f6f6f7, \
  0xfdfefcfe, 0xfdfcfefd, 0xfd070605, 0x05040303, 0x00ff0101, 0x00010101, 0x00000003, 0x02000404, \
  0x010300fd, 0x08090e0c, 0x11130e11, 0x12030000, 0x02fffe01, 0xfffe0000, 0x00000000, 0x00000007, \
  0x08090807, 0x070b0706, 0x00000000, 0x00000000, 0x40000000, 0x00000000, 0x00000000, 0x00000000, \
  0x00000000, 0x00000000, 0x00000000, 0x00000000, 0x00000000, 0x00000000, 0x00000000, 0x00000000, \
  0x00000000, 0x00000000, 0x00000000, 0x00000000, 0x00000000, 0x00180000, 0x00000000, 0x00000000, \
  0x00000000, 0x00000000, 0x00000000, 0x00000000, 0x00000000, 0x00000000, 0x00000000, 0x00000000, \
  0x00000000, 0x00000000, 0x00000000, 0x00000000, 0x00000000, 0x00000000, 0x00000000, 0x00000000, \
  0x40000000, 0x00000000, 0x00000000, 0x00000000, 0x00000000, 0x00000000, 0x00000000, 0x00000000, \
  0x00000000, 0x00000000, 0x00000000, 0x00000000, 0x00000000, 0x00000000, 0x00000000, 0x00000000, \
  0xf8f6f413, 0xd306f2f7, 0xf6fe12f4, 0xfdef0205, 0x0ae704f8, 0xf1130b1f, 0x09e611fd, 0xf711ebf9, \
  0x001802f4, 0xdf02fb04, 0x030beaff, 0xee220f09, 0x0638f8f1, 0xfef40214, 0x19ef0ff4, 0x08feeaea, \
  0xf3f7fdfd, 0x0810ee09, 0x00ebfdf9, 0xe223ee07, 0xe4fd1305, 0xec0d100c, 0xfaff07e1, 0xfcffd710, \
  0x0a0ef600, 0xf0e4ee02, 0x02f9d7f3, 0xed1203fd, 0xf3f40108, 0x21df2807, 0x04040dee, 0xfcff0000, \
  0x00000000, 0x0001f800, 0x501882a0, 0x00000022, 0xf80301fe, 0xfb000201, 0x12060d02, 0x0b0505f9, \
  0xfa0f0202, 0x1b012108, 0x1007e202, 0xecfe0603, 0xfd04ecfe, 0xfdff08ff, 0x14fc0401, 0x09f700f8, \
  0xdd06e40a, 0xfe0af310, 0x02fbf5f2, 0xf80ceaf9, 0x08fd12fe, 0xe507fdfa, 0xfff91001, 0x16fb1604, \
  0xfef31711, 0x380bf507, 0xf6f71efd, 0xfd01f5fd, 0xf607ecfa, 0x0cf01104, 0xeafa210d, 0x12faf505, \
  0xf306fefd, 0xfe07fb00, 0xdff9e2e6, 0x1dfa0000, 0x00000000, 0x0000f200, 0x501882e0, 0x00000058, \
  0x00000000, 0x00000000, 0x39000000, 0x00000000, 0x00000000, 0x00000000, 0x00000000, 0x00000000, \
  0x00000000, 0x00000000, 0x00000000, 0x00000000, 0x00000000, 0x00000000, 0x00000000, 0x00000000, \
  0x00000000, 0x00000000, 0x00000000, 0x00010000, 0x00000000, 0x00000000, 0x00000000, 0x00000000, \
  0x00000000, 0x00000000, 0x00000000, 0x00000000, 0x00000000, 0x00000000, 0x00000000, 0x00000000, \
  0x00000000, 0x00000000, 0x00000000, 0x00000000, 0x00000000, 0x00000000, 0x3f000000, 0x00000000, \
  0x00000000, 0x00000000, 0x00000000, 0x00000000, 0x00000000, 0x00000000, 0x00000000, 0x00000000, \
  0x00000000, 0x00000000, 0x00000000, 0x00000000, 0x00000000, 0x00000000, 0x09dc0c03, 0x0eef1217, \
  0xf9100603, 0x01f9fd13, 0x16f7faeb, 0xf500fffa, 0x0cfffc0f, 0xfde5fdf4, 0xf5f301dd, 0xe5210ee9, \
  0x0f0ff410, 0xf6fa07f2, 0xf6061bf3, 0xeff5eae8, 0xf5001017, 0xef130208, 0xf7ffff19, 0x1bffdcfa, \
  0x0301fb03, 0xfa180afd, 0xfdf2f909, 0xe20af6e8, 0x0ff71df7, 0x0bef0513, 0x1c043a10, 0xfaf40721, \
  0x06e706ff, 0x00fb2111, 0xe7030f21, 0xeaf90207, 0xed29fffb, 0x010a0000, 0x00000000, 0x00f52400, \
  0x50188380, 0x00000022, 0xec0a17f2, 0x0e06fdf1, 0xf404f70d, 0xe0f7f70d, 0x101ef9f1, 0xf5f10cef, \
  0x04120ad7, 0xfd12f309, 0x1304f5fa, 0x291400f2, 0xfd0bf205, 0x150607f2, 0x081af413, 0xee15001e, \
  0x010bf808, 0xfb07f806, 0xe9f0e3f8, 0x0d101c0a, 0x00f7de05, 0x04e1f320, 0x0e0cf909, 0x0deae1f5, \
  0xec02f11c, 0x0bf611ff, 0xf4dff8fa, 0xe4030a07, 0xf0f50b25, 0x1ae5fe0a, 0xf0f00907, 0xe310f819, \
  0x25d728dc, 0x16040000, 0x00000000, 0x002cf400, 0x501883c0, 0x00000058, 0x00000000, 0x00000000, \
  0x74000000, 0x00000000, 0x00000000, 0x00000000, 0x00000000, 0x00000000, 0x00000000, 0x00000000, \
  0x00000000, 0x00000000, 0x00000000, 0x00000000, 0x00000000, 0x00000000, 0x00000000, 0x00000000, \
  0x00000000, 0x00120000, 0x00000000, 0x00000000, 0x00000000, 0x00000000, 0x00000000, 0x00000000, \
  0x00000000, 0x00000000, 0x00000000, 0x00000000, 0x00000000, 0x00000000, 0x00000000, 0x00000000, \
  0x00000000, 0x00000000, 0x00000000, 0x00000000, 0x3e000000, 0x00000000, 0x00000000, 0x00000000, \
  0x00000000, 0x00000000, 0x00000000, 0x00000000, 0x00000000, 0x00000000, 0x00000000, 0x00000000, \
  0x00000000, 0x00000000, 0x00000000, 0x00000000, 0xffeefff6, 0x0901ede4, 0x0317eafc, 0x080706fb, \
  0x171100e3, 0xe906ffd5, 0x0301fff7, 0xeffbef0b, 0xf815e7fe, 0x0c09f904, 0xed04e5f9, 0xe6ef07fa, \
  0xf0fbf8f2, 0xfce4f0f6, 0x1d0bddfd, 0xf6071b02, 0xecf401db, 0x01f0e200, 0x1315f70e, 0x1a0900ea, \
  0x1bedf6fb, 0x2912f607, 0x0d0aebe1, 0xec01f403, 0x1ef70101, 0xfd0cfa1a, 0x30fc0408, 0xe50ff602, \
  0xf5f60d0d, 0x0cee05f8, 0xed08f80d, 0xedff0000, 0x00000000, 0x00e3ff00, 0x50188460, 0x00000022, \
  0xfc090af3, 0xfad5121f, 0xee18ff1a, 0x04f5f518, 0x08feeefb, 0x062401e6, 0x06f4fcec, 0xed280015, \
  0x0c020a0d, 0x131cfcfd, 0x000b0135, 0x05190bea, 0xeffa04e1, 0x01020c0e, 0x0e1103ee, 0x010aec10, \
  0xfb06f8cd, 0x11fe17d9, 0xfef6fdef, 0x0a08f2f2, 0x051f0912, 0x06fdf3fc, 0xf0fd000e, 0x0bf20518, \
  0xfdcbfaf2, 0xfd00fffb, 0xf5ef0307, 0x03f8f3ff, 0x09050109, 0xf9fb04fa, 0x12fe081b, 0xf3200000, \
  0x00000000, 0x00030d00, 0x501884a0, 0x00000017, 0x00000000, 0x00000000, 0x54000000, 0x00000000, \
  0x00000000, 0x00000000, 0x00000000, 0x00000000, 0x00000000, 0x00000000, 0x00000000, 0x00000000, \
  0x00000000, 0x00000000, 0x00000000, 0x00000000, 0x00000000, 0x00000000, 0x0420fbdf, 0x0be2e0f4, \
  0x1e000000, 0x00000000, 0x00250000, 0x5018c000, 0x00000178, 0xf4eaf103, 0xf9eeeefc, 0xf408fae6, \
  0x09eef0e3, 0x08fbf6f4, 0xf6f2f4f6, 0xf7f6f5f7, 0xf8f7f8fa, 0xf7fdf9f8, 0xfd0402ff, 0xff030100, \
  0xfc0fe3f3, 0x0cf2070d, 0xf2ea1014, 0xff00160d, 0x05140500, 0x00000000, 0x00000000, 0xe90205e5, \
  0x04f4f6ee, 0x05fe01fd, 0xfc03fbfd, 0x0300e5f7, 0x02e81217, 0xd70004fe, 0x0bf8f4f5, 0xf5f60613, \
  0x1105030f, 0x08e71e0d, 0xfeff0bec, 0x10f50803, 0x1811fc00, 0xfd0202ff, 0xfbf8fcf9, 0x060d06ff, \
  0xeef6fcfd, 0xf6f80b06, 0xf6f8fef6, 0xffe9fef3, 0xeb04f307, 0x0606f20b, 0xe412fefb, 0x180d0a0c, \
  0x0dddf6f2, 0xf1190a04, 0xf50301f5, 0xee0000f8, 0x0bfdfefd, 0x02fe03fc, 0x04ff12f7, 0xf1f309ed, \
  0xe708e50d, 0xee010fee, 0x071a1611, 0x03f0f907, 0x05f8f8e1, 0xf8fd000b, 0x0a0a0201, 0x21fbf3f6, \
  0x0509f5fa, 0x19f207fa, 0xeef2fbfd, 0xf0f1fbf9, 0xfaee06f7, 0x0bed0503, 0xfdfb0902, 0x0303f7f4, \
  0xf7f2f5f4, 0xe8faf9eb, 0x190a12ee, 0x0707fdfd, 0x0eef06f4, 0xddfff9e8, 0x0d0fdc03, 0x02fef4f9, \
  0xddf2eaef, 0x03eff100, 0x0307f5f6, 0xfbf6e7f6, 0x07fcf902, 0x02eeede8, 0xeafdf702, 0x09f40e0d, \
  0xf0000000, 0x00000000, 0x000009fb, 0xf2ea0616, 0xfefd0200, 0x1e080609, 0x1319eae6, 0x04fafefb, \
  0xfb0002f9, 0xfb0f04ed, 0xeffa0e09, 0xf2faf107, 0xfdeefd0d, 0x00eff2f6, 0xf8ee02f3, 0xf4040612, \
  0xfcf5f409, 0xfe00f003, 0xfcf80a09, 0x02fcf10d, 0x0a0217f7, 0xf30109f2, 0xf1e1fbf6, 0xeafcf300, \
  0xf6fbf1fa, 0x0808e6e5, 0xfd0af4f5, 0xe30000fe, 0x00ff00ff, 0x000002fd, 0xfa0100f6, 0xfffefcf9, \
  0xf3f7f7f1, 0xf6f7f2f6, 0xe90610f9, 0xf40eeaf8, 0x05f4f1ef, 0xedf1f0e9, 0xeeef0af6, 0x01fefb01, \
  0x06f9f6f7, 0xf0ecf3f1, 0xebeef0ed, 0xfbfef5f8, 0xf0f7f906, 0xffedfc03, 0x00eb07eb, 0xe7f908f3, \
  0xf41f0600, 0xf3f302fa, 0xf9fde9dd, 0xefe00eef, 0x0ef0fdf0, 0x090000f7, 0x03231f06, 0xff06fcf1, \
  0xfeff000b, 0xf903f90b, 0xeae8f9f4, 0xf20201fd, 0x04f4f709, 0x0901fd08, 0x00ff0700, 0x00fbfbfb, \
  0xf9fafbf8, 0xfbfb0efa, 0xf811fcfa, 0xfbf7fa07, 0x06060704, 0xff040404, 0xfafdfdfa, 0xfbfbfafa, \
  0xfa000000, 0x00000001, 0x010000f7, 0xf5f8f8fa, 0xf5fbfafa, 0x05f90505, 0xfa0503fe, 0xf8f7ff01, \
  0xf7040000, 0xfc010101, 0x05060507, 0x0b0b0002, 0x06000204, 0xff0003f8, 0xf8f9f7f9, 0xfaf7fafa, \
  0x00000000, 0x00000000, 0x000ffffa, 0x09fdfa05, 0xfaf70300, 0x00020102, 0x06050500, 0x00000000, \
  0x00000000, 0x0101fd03, 0x03010305, 0x020afefa, 0x0bfbfa07, 0xf9f70100, 0x01000000, 0x0000000a, \
  0x09090b0d, 0x0a090a0b, 0xfefaf8fd, 0xfcf8fefb, 0xf7090a08, 0x09080708, 0x07050604, 0x06060507, \
  0x05060600, 0x02fdff00, 0xfafdfdf8, 0x03040405, 0x06060507, 0x08f9fafb, 0xfbfbfcf9, 0xf9fcfc00, \
  0x04fafe01, 0xfbfe0100, 0x00000000, 0x00000000, 0xfdfdfdfc, 0xfdfefcfe, 0x00fef6ff, 0xf803fa01, \
  0xfbf40101, 0xfd01fffd, 0x00fff900, 0x0802fa03, 0x0103ff01, 0xfaf3fff5, 0xfef2f6f9, 0xfa04fdfb, \
  0x03fcfbff, 0xfbfa0000, 0x00000000, 0x000000f6, 0xf6f9f6f7, 0xfaf8f7f9, 0xfffeffff, 0xfcfffefe, \
  0x00000000, 0x00000000, 0x0000ff00, 0xfefefffc, 0xfcfefc04, 0x03030706, 0x08090708, 0x06060507, \
  0x07040706, 0x02000000, 0x00000000, 0x00000e0c, 0x0e01fe00, 0x0b0c0900, 0x00000000, 0x00000000, \
  0x03020202, 0x03030607, 0x0600f9fa, 0xfdf9fafb, 0xf9fa0c06, 0x08090509, 0x06030500, 0x00000000, \
  0x00000000, 0x00000000, 0x00000000, 0xff000000, 0x00000000, 0x00000000, 0x00000000, 0x000000fd, \
  0xfc00fbfb, 0x00fbfd00, 0x090b0a08, 0x0e0a0809, 0x00050402, 0x06040206, 0x03010e0c, 0x080e0a05, \
  0x0e0a04ff, 0xff0c0105, 0x00feff01, 0x0c02ff0a, 0x02000800, 0xfc080707, 0x08070707, 0x06070804, \
  0x03080605, 0x05040201, 0xf9f702f9, 0xf701f7f7, 0x0a0e070e, 0x02090c06, 0x06000000, 0x00000000, \
  0x00000000, 0x00000000, 0x000000fe, 0xfdfdfcfb, 0xf7f9faf9, 0x00000000, 0x00000000, 0x41000000, \
  0x00000000, 0x00000000, 0x00000000, 0x00000000, 0x00000000, 0x00000000, 0x00000000, 0x00000000, \
  0x00000000, 0x00000000, 0x00000000, 0x00000000, 0x00000000, 0x00000000, 0x00000000, 0x00000000, \
  0x000b0000, 0x00000000, 0x00000000, 0x00000000, 0x00000000, 0x00000000, 0x00000000, 0x00000000, \
  0x00000000, 0x00000000, 0x00000000, 0x00000000, 0x00000000, 0x00000000, 0x00000000, 0x00000000, \
  0x00000000, 0x00000000, 0x00000000, 0x40000000, 0x00000000, 0x00000000, 0x00000000, 0x00000000, \
  0x00000000, 0x00000000, 0x00000000, 0x00000000, 0x00000000, 0x00000000, 0x00000000, 0x00000000, \
  0x00000000, 0x00000000, 0x00000000, 0x0b0e0306, 0x0419f50c, 0xf6130519, 0x0c27050d, 0x09f9060a, \
  0x0c10f611, 0x03ff06e8, 0x1bfc1310, 0x0dfc041d, 0xe817110c, 0x010234fb, 0x100c060b, 0x0d141ef8, \
  0x0f09ff16, 0x06fb070e, 0x02121501, 0x18fd0a06, 0x0813fff3, 0x180b2506, 0x0514ff23, 0x0d100e08, \
  0x1bfb1514, 0x0613120e, 0x10111510, 0x11060609, 0x01ff241f, 0x0a12fb13, 0xf6f80406, 0x07201107, \
  0x0d280aff, 0x232dfeff, 0x13050000, 0x00000000, 0x001bfd00, 0x5018c2a0, 0x00000022, 0x0f0201fb, \
  0x0610ff07, 0x0209000c, 0xfbfd04f3, 0x0113e5fc, 0xf809fa0e, 0x0101f405, 0x0a010000, 0x0303030e, \
  0x02f50008, 0xfff5fbfc, 0xf905fbf7, 0xfc0f05ff, 0x090bfb05, 0x01f70601, 0xf805fa00, 0x0300fe03, \
  0x06050407, 0xf80805f6, 0xfb010101, 0x09f4fdfd, 0x080a0704, 0xf9fb0108, 0xfb0006fd, 0xf3030afc, \
  0x03120001, 0x0bf90108, 0xfbfdfe05, 0x0afdf7ff, 0xfffbfdfb, 0xfbfb0402, 0xfff00000, 0x00000000, \
  0x0009fa00, 0x5018c2e0, 0x00000058, 0x00000000, 0x00000000, 0x3e000000, 0x00000000, 0x00000000, \
  0x00000000, 0x00000000, 0x00000000, 0x00000000, 0x00000000, 0x00000000, 0x00000000, 0x00000000, \
  0x00000000, 0x00000000, 0x00000000, 0x00000000, 0x00000000, 0x00000000, 0x00030000, 0x00000000, \
  0x00000000, 0x00000000, 0x00000000, 0x00000000, 0x00000000, 0x00000000, 0x00000000, 0x00000000, \
  0x00000000, 0x00000000, 0x00000000, 0x00000000, 0x00000000, 0x00000000, 0x00000000, 0x00000000, \
  0x00000000, 0x40000000, 0x00000000, 0x00000000, 0x00000000, 0x00000000, 0x00000000, 0x00000000, \
  0x00000000, 0x00000000, 0x00000000, 0x00000000, 0x00000000, 0x00000000, 0x00000000, 0x00000000, \
  0x00000000, 0xfb09ff0a, 0x0ff0ef08, 0xf7f7011e, 0x0300280d, 0xf7081526, 0x1a051204, 0x080d01fd, \
  0x0d1d1b2c, 0x1d0c2520, 0x29fefb12, 0x08010e2b, 0x130e1f2a, 0x1c011204, 0x1c1c141a, 0x1a050212, \
  0x1df60a06, 0x07031606, 0x050c0709, 0xfe111712, 0x010efb0f, 0x13f727fd, 0x2f13090b, 0xf812f205, \
  0x03100ff9, 0x15ff0b07, 0x32140fff, 0xf6101801, 0x0df0ee49, 0x1101f902, 0x1d240d01, 0x030414fb, \
  0x10110000, 0x00000000, 0x00120c00, 0x5018c380, 0x00000022, 0xd3e60407, 0x0cf006fe, 0xfaf41ef0, \
  0xfd141705, 0xf6d42df7, 0x0ae8170a, 0x2dfede2c, 0xdff5fae9, 0xfef409fb, 0x0af606fd, 0xfd0f0309, \
  0x3208ed1b, 0x0c18d80e, 0xfe0212ee, 0x021fe2f5, 0x0df2f1ee, 0xf6f7180e, 0xdcfaf5f0, 0x2723f5e8, \
  0xf91ff81a, 0xfb090f08, 0x14f7f2f5, 0x070906f8, 0x09fdee0e, 0x150fdbf5, 0xef12120d, 0xf1101be0, \
  0xe63012f8, 0xf4f4e5fc, 0xe8fbf4ee, 0x11150609, 0xfcf80000, 0x00000000, 0x00f8fc00, 0x5018c3c0, \
  0x00000058, 0x00000000, 0x00000000, 0x71000000, 0x00000000, 0x00000000, 0x00000000, 0x00000000, \
  0x00000000, 0x00000000, 0x00000000, 0x00000000, 0x00000000, 0x00000000, 0x00000000, 0x00000000, \
  0x00000000, 0x00000000, 0x00000000, 0x00000000, 0x000e0000, 0x00000000, 0x00000000, 0x00000000, \
  0x00000000, 0x00000000, 0x00000000, 0x00000000, 0x00000000, 0x00000000, 0x00000000, 0x00000000, \
  0x00000000, 0x00000000, 0x00000000, 0x00000000, 0x00000000, 0x00000000, 0x00000000, 0x40000000, \
  0x00000000, 0x00000000, 0x00000000, 0x00000000, 0x00000000, 0x00000000, 0x00000000, 0x00000000, \
  0x00000000, 0x00000000, 0x00000000, 0x00000000, 0x00000000, 0x00000000, 0x00000000, 0xfbfaed05, \
  0xe9fb1032, 0xfae6ff18, 0xf60b1911, 0xff0911fd, 0x06f60905, 0x15fd19fc, 0xf9f80225, 0x1dd20f2c, \
  0xf433f1eb, 0x170f0cfb, 0x22e2f800, 0x1afffb07, 0xfa0e0a18, 0xeb022200, 0x15f0ec07, 0x100d060b, \
  0x15011201, 0xf6000303, 0x0fefef17, 0x052ffb0f, 0x0f2505ed, 0xf6ff0913, 0x121400f2, 0xea03ff18, \
  0xfdf126e5, 0xe139fe04, 0x01dc131a, 0xfc03fdfc, 0x03f7f51f, 0x04144208, 0x0bf50000, 0x00000000, \
  0x0022fe00, 0x5018c460, 0x00000022, 0xef1609ec, 0x03f40d00, 0xfaf609ff, 0x01f80000, 0xfc1000f8, \
  0x01f0eff0, 0x0b0d01fa, 0xfb000106, 0x0fff09f1, 0x10130600, 0x001409ef, 0x04f502e8, 0xf40bf50a, \
  0xfb0c0f1c, 0x1210f5f4, 0xfb0fe5f7, 0xf6fef90c, 0xfb090c01, 0xf7f20c07, 0x05ee0209, 0x0cf90c00, \
  0x09fefa00, 0xeb03fe14, 0x09fd07f4, 0x0bfcf5ea, 0xe7e60202, 0x00e60401, 0xf6fbf503, 0x0407f810, \
  0xf715fe1f, 0x0df103ed, 0xfafc0000, 0x00000000, 0x00140900, 0x5018c4a0, 0x00000017, 0x00000000, \
  0x00000000, 0x56000000, 0x00000000, 0x00000000, 0x00000000, 0x00000000, 0x00000000, 0x00000000, \
  0x00000000, 0x00000000, 0x00000000, 0x00000000, 0x00000000, 0x00000000, 0x00000000, 0x00000000, \
  0x00000000, 0xd81b2413, 0xde28ee1d, 0xdd000000, 0x00000000, 0x00100000, 0x50190000, 0x00000178, \
  0x0cf0120e, 0x0d00f5f6, 0xff00fece, 0xfaf0e5f7, 0xe9f003fd, 0xf8f6fbfc, 0xfbf7f901, 0xf9fbfff3, \
  0xf8f6f7f5, 0xfe010000, 0xff00ffff, 0x0010f105, 0xf5edf7e9, 0xfeeff1ec, 0xdff7f0df, 0x09f0f200, \
  0x00000000, 0x00000000, 0xfcf7fa0a, 0xf4eafde5, 0xf6ff0000, 0xff000000, 0x0000fe09, 0xfc020508, \
  0xf4f20f00, 0x0305fff0, 0x0605edff, 0x00ff0409, 0x0aeb1403, 0x09dcbb13, 0xdcf20c06, 0x0529f8fd, \
  0xfc0504fd, 0x0100fd02, 0x02f906f7, 0xfb0804fc, 0xf5000bfd, 0xf2f5f507, 0xfafdf3fb, 0xfdfafefe, \
  0xfaff04f3, 0xea0209e0, 0xf9f6f5e9, 0xfce507f0, 0xe0fcf4f2, 0xea05cef6, 0x06eaf0e0, 0xe600ff00, \
  0x00000000, 0x0100edf5, 0x09fe0106, 0xf9060c01, 0xf508f3f6, 0xeb0302f9, 0x10fafc0a, 0xfff414f1, \
  0x0df600f2, 0xf202f4d6, 0xdff6f3f5, 0x01eaf1ff, 0x0bfd15f6, 0xfdf2f0f1, 0xedf3f9f9, 0xf9f7fef2, \
  0xf20ff30f, 0xf2fcf508, 0xf8f803ff, 0xeefcdaf1, 0xee05f4ed, 0xfcf7180d, 0x0c030503, 0xf70a09fd, \
  0x0200f1fb, 0xe7e3de04, 0xe3fd130f, 0xf2fe03d7, 0xe806fffd, 0x04fdff03, 0x02fffbf3, 0xf5f4e8f9, \
  0xfb0dee07, 0xf6e701f8, 0x09e70d03, 0xfe0000ff, 0x00000000, 0x0000f5e1, 0xf40101e3, 0xe6e3f821, \
  0x0b020d17, 0x1507fb1e, 0x000101ff, 0x02fe00ff, 0x01f50909, 0xfb0ceaee, 0x0703fffb, 0x040bf9fd, \
  0xf40ff4e6, 0xf8030403, 0xeefefe10, 0x08fbf9f2, 0xf4f90606, 0x0408f8da, 0xe3d9f3e1, 0xc0cd0af9, \
  0xf2f5edf4, 0x041812f7, 0xf5fc03fe, 0xf305f105, 0x02f4e8f1, 0x08eee809, 0xf900fcfb, 0xfc0104ff, \
  0xfd040100, 0x00fe0000, 0x000000fa, 0xf9f4faf3, 0xf9fbf6f8, 0x09faf40b, 0x02021302, 0xecf6f1f0, \
  0xf6f0eff5, 0xf2f30803, 0x0d07f30a, 0xf80a05f9, 0xf9eefaed, 0xeeefedea, 0xfdfcf7f7, 0x04f0fa08, \
  0xf8ef09c4, 0x09fdd609, 0xfec6f5ef, 0xf9f70bf8, 0x0607fb03, 0xe8c206ef, 0xe11afad5, 0x07fd0601, \
  0x050cf3f1, 0xef0f070c, 0x0c0611d7, 0xfbf9fd02, 0xf10d1005, 0xf403fc03, 0x01fe0501, 0xee05040d, \
  0x010100ff, 0xffff00ff, 0x00000000, 0x00000000, 0x00000207, 0x00fa0504, 0xfe050600, 0x00010000, \
  0x00000000, 0x00000000, 0x00000000, 0x01ff0001, 0xff000000, 0x00000000, 0xfe02ff01, 0xfefefdfc, \
  0x01ff0301, 0x05010304, 0x06ff05fe, 0xfaf8fdfe, 0x05fb0809, 0xfb030606, 0xff040000, 0x00000000, \
  0x00000000, 0xfe01ff00, 0x02ff0200, 0x00fa0804, 0x04020208, 0x05ff0602, 0xfbf90106, 0x07030000, \
  0xfe0002ff, 0x02ff0000, 0x00000000, 0x00000000, 0x00000000, 0x00000000, 0x0001fe00, 0xfefffefe, \
  0x0101fe01, 0x000301fe, 0x02fafa00, 0x00000000, 0x00000000, 0x0000fe00, 0x00000000, 0xff000000, \
  0x00000000, 0x0000fd01, 0x04040104, 0x01fffc00, 0x000100ff, 0x00ff0200, 0x050002fe, 0x02fffc01, \
  0xfe000000, 0x00000000, 0x00000000, 0x00000000, 0x00000000, 0x000101fe, 0xff0407ff, 0x00000000, \
  0x00000000, 0x0008030b, 0xff0df405, 0x09fc0000, 0x000000ff, 0xff0001f6, 0xfc0503fc, 0x03fe0200, \
  0xfcfe03fe, 0xfdfffdfd, 0xfe000000, 0x00000000, 0x00000000, 0x00000000, 0x00000000, 0x00000000, \
  0x00000000, 0x03fcfaf9, 0x060afc08, 0x0d000000, 0x00000000, 0x00000000, 0x00000000, 0x00000000, \
  0xfd03fdfd, 0x03040202, 0x00000000, 0x00000000, 0x0002fdfd, 0x0202ff01, 0x00fef904, 0xfefefbf7, \
  0x0bf7f7fe, 0xfdff0000, 0x0100ff01, 0x00fe03fb, 0x03fcfefd, 0xfc000000, 0x00000000, 0x0000fbfb, \
  0x0708fefc, 0x0905fe00, 0x00000000, 0x00000000, 0x00000000, 0x00000000, 0x00010201, 0x0000ffff, \
  0xff020000, 0x00000000, 0x00000000, 0x00000000, 0x00000000, 0xf9fcfefb, 0xfafff8f8, 0xfc000000, \
  0x00000000, 0x01fe0002, 0x00020000, 0x02010204, 0xf7f702fc, 0x09f40af7, 0x00000000, 0x00000000, \
  0x01ff01fc, 0x04ff02ff, 0xfffe0200, 0xfe000103, 0x01fe0500, 0x00000000, 0x00000000, 0xfb0200ff, \
  0xfcfd07fc, 0xf8000000, 0x00000000, 0x00000000, 0x00000000, 0x00000003, 0xff0202ff, 0xfe04fd01, \
  0x00000000, 0x00000000, 0x40000000, 0x00000000, 0x00000000, 0x00000000, 0x00000000, 0x00000000, \
  0x00000000, 0x00000000, 0x00000000, 0x00000000, 0x00000000, 0x00000000, 0x00000000, 0x00000000, \
  0x00000000, 0x00000000, 0x00000000, 0x00e30000, 0x00000000, 0x00000000, 0x00000000, 0x00000000, \
  0x00000000, 0x00000000, 0x00000000, 0x00000000, 0x00000000, 0x00000000, 0x00000000, 0x00000000, \
  0x00000000, 0x00000000, 0x00000000, 0x00000000, 0x00000000, 0x00000000, 0x41000000, 0x00000000, \
  0x00000000, 0x00000000, 0x00000000, 0x00000000, 0x00000000, 0x00000000, 0x00000000, 0x00000000, \
  0x00000000, 0x00000000, 0x00000000, 0x00000000, 0x00000000, 0x00000000, 0xf204f1f9, 0xeb0309dc, \
  0xe7f6fced, 0xf6f60def, 0xf4fceee1, 0xfcdaf5e5, 0xf104f711, 0xf0f201fe, 0xe8f4fae2, 0xfcf0ecff, \
  0xe5ef08f0, 0xea08f7f4, 0xefd3f000, 0xebeac8f3, 0xfbfef10e, 0xebe7fb03, 0xf5ee05f6, 0xf8f509fb, \
  0xf1e0dde9, 0xf5f308f3, 0x08ecef04, 0xfafbef07, 0x0e12e0e0, 0x03f8dcec, 0xfefceeeb, 0xe1f905f8, \
  0xed030803, 0x16f3f6f7, 0xf9f7ecfd, 0xef09d7f0, 0xef1ffdc6, 0xe3f40000, 0x00000000, 0x00e00f00, \
  0x501902a0, 0x00000022, 0xf20717f7, 0x1b03fbf6, 0x290408ff, 0x0ff70d07, 0x010808f2, 0xeefa020d, \
  0x2406e1fb, 0x2700ec02, 0xfb03f702, 0x05f9f007, 0x06fbeaf9, 0x0802f4f9, 0x1e05f70b, 0x0df8eefc, \
  0xe1fd0100, 0x0105cffd, 0x1fff0a09, 0xd7f0ee00, 0xee051df7, 0xd6f72b17, 0x1203ea0f, 0x20fceffb, \
  0x18040402, 0xe5f1e10c, 0xd4060afc, 0x0bef2703, 0xe8060c09, 0xe5fd0605, 0x13fdc107, 0xfc02eb0c, \
  0xdc0613f6, 0x08040000, 0x00000000, 0x000ae200, 0x501902e0, 0x00000058, 0x00000000, 0x00000000, \
  0x36000000, 0x00000000, 0x00000000, 0x00000000, 0x00000000, 0x00000000, 0x00000000, 0x00000000, \
  0x00000000, 0x00000000, 0x00000000, 0x00000000, 0x00000000, 0x00000000, 0x00000000, 0x00000000, \
  0x00000000, 0x00140000, 0x00000000, 0x00000000, 0x00000000, 0x00000000, 0x00000000, 0x00000000, \
  0x00000000, 0x00000000, 0x00000000, 0x00000000, 0x00000000, 0x00000000, 0x00000000, 0x00000000, \
  0x00000000, 0x00000000, 0x00000000, 0x00000000, 0x43000000, 0x00000000, 0x00000000, 0x00000000, \
  0x00000000, 0x00000000, 0x00000000, 0x00000000, 0x00000000, 0x00000000, 0x00000000, 0x00000000, \
  0x00000000, 0x00000000, 0x00000000, 0x00000000, 0xde00f9e8, 0xfe00f501, 0xe509f908, 0xd7fffaf9, \
  0x00f309f8, 0x030beef1, 0xddfa02f4, 0xfbeffdfd, 0xedf11e04, 0x02dee001, 0xe1f6e8f1, 0x05dcfcff, \
  0xfcd0e3f8, 0xeffae6fd, 0x02d9dff3, 0xfbe5f1df, 0x00eff0e8, 0xde00daee, 0xf8e70be7, 0xfde8f0fe, \
  0x080ff8e5, 0xf2010a20, 0x03efe3fd, 0xdd0fdfe1, 0xecf2d0dc, 0xed0400dd, 0xe6f111ff, 0xe92115d0, \
  0x07f2e5e4, 0x00f70afe, 0xe0d7fcf7, 0xeaff0000, 0x00000000, 0x00da0000, 0x50190380, 0x00000022, \
  0xef20f5f8, 0x0607fef3, 0xff040409, 0xf6fefd08, 0xf705fbfd, 0x01e0fc0c, 0xf6fceaee, 0x05090105, \
  0xff110e0a, 0xf70606fe, 0x1405fe04, 0x0a010ded, 0x0507f809, 0xea17ef1f, 0x0307f815, 0x1ef8faec, \
  0xff01fc01, 0x02070912, 0x1cf8f104, 0x09ebf804, 0x040d271c, 0x05ea0cf7, 0xf112f918, 0xf3f9fcf3, \
  0x14defafb, 0x12faff00, 0x01f4101b, 0x02f5f206, 0x0bfcf301, 0xfb0efe18, 0x01e804e0, 0x14090000, \
  0x00000000, 0x00070700, 0x501903c0, 0x00000058, 0x00000000, 0x00000000, 0x74000000, 0x00000000, \
  0x00000000, 0x00000000, 0x00000000, 0x00000000, 0x00000000, 0x00000000, 0x00000000, 0x00000000, \
  0x00000000, 0x00000000, 0x00000000, 0x00000000, 0x00000000, 0x00000000, 0x00000000, 0x00f20000, \
  0x00000000, 0x00000000, 0x00000000, 0x00000000, 0x00000000, 0x00000000, 0x00000000, 0x00000000, \
  0x00000000, 0x00000000, 0x00000000, 0x00000000, 0x00000000, 0x00000000, 0x00000000, 0x00000000, \
  0x00000000, 0x00000000, 0x43000000, 0x00000000, 0x00000000, 0x00000000, 0x00000000, 0x00000000, \
  0x00000000, 0x00000000, 0x00000000, 0x00000000, 0x00000000, 0x00000000, 0x00000000, 0x00000000, \
  0x00000000, 0x00000000, 0xf3f70f2c, 0x05fcf60c, 0x01dc080b, 0xf60df3e8, 0xecf509e4, 0xfef6fdf9, \
  0x14f0e2e6, 0xfffdf101, 0x22290310, 0xe6f802f2, 0x0dfcf3eb, 0x03170002, 0xddf7fe0c, 0x1009f2fc, \
  0xf201faee, 0xf7f5e8f8, 0x0519f7fe, 0xeefd15f8, 0xdefaedff, 0xe4f6e8fc, 0xf418e4fb, 0xcfdf0bee, \
  0xf6f5fcf8, 0x0df20307, 0xfcf2fb0d, 0xf7fb0edd, 0x030ded07, 0xfbf90224, 0xe12b05eb, 0xedfeecf5, \
  0x0300dcea, 0x10f80000, 0x00000000, 0x001dfb00, 0x50190460, 0x00000022, 0xe81511ee, 0x13fc0201, \
  0xdafa02f2, 0xfcfe0316, 0xfb090a10, 0xf003effc, 0x060e03ff, 0xeafe0b04, 0xe3fd1603, 0x19061609, \
  0xff0803f6, 0x02f705fd, 0x07fcf206, 0x15fd0d0b, 0x04fffeff, 0x00060cf5, 0xea000c01, 0xfe040804, \
  0x0608e20b, 0x02efedf9, 0x040206ea, 0x02f9f601, 0xf5fa2906, 0x0f0801f9, 0xfd0cfa0c, 0xe9eef4f4, \
  0xef0308f4, 0xf405ecf0, 0xff0cfc04, 0x11f71504, 0x15fbfaff, 0xfd020000, 0x00000000, 0x00050e00, \
  0x501904a0, 0x00000017, 0x00000000, 0x00000000, 0x59000000, 0x00000000, 0x00000000, 0x00000000, \
  0x00000000, 0x00000000, 0x00000000, 0x00000000, 0x00000000, 0x00000000, 0x00000000, 0x00000000, \
  0x00000000, 0x00000000, 0x00000000, 0x00000000, 0xd7dfdcdb, 0x3c22e9f6, 0xed000000, 0x00000000, \
  0x002b0000, 0x50194000, 0x00000178, 0xfd03fae6, 0xe8fbd8ea, 0xe7ffed03, 0xfede25f0, 0x0813f5f4, \
  0xf6f4f2f7, 0xf6f1f2fe, 0xfdfefcfc, 0xfef9fd01, 0x0000fe00, 0x00000000, 0xff0105fc, 0x0afefe14, \
  0x1d0a18ff, 0x0e14f8f4, 0x09041500, 0x00000000, 0x00000000, 0xf4e1dcf9, 0xfaf2e202, 0xf8000000, \
  0x01010001, 0x0000ee12, 0x06f31cfa, 0xe90e0bfb, 0xeef5141d, 0x18fb0219, 0xfbdf05f0, 0xd902f7ea, \
  0xf4eaea03, 0xed1a2824, 0x231b0000, 0x00ff0000, 0x00010104, 0xfffcfff8, 0xfd03fdf7, 0xfe010000, \
  0x00000000, 0x0005fcfd, 0x06fbfe00, 0x00f50200, 0x130a00fa, 0x14172604, 0x07220a22, 0x273b1cfb, \
  0x07ffe804, 0xe5e904f8, 0xeb00ffff, 0xfeff0101, 0x00000803, 0xecfd0000, 0xeee9e616, 0xf016ecfe, \
  0x1cf3270e, 0x140de007, 0xeaeffcd3, 0xf0191c14, 0xff0701f8, 0x0606020d, 0x10f20c0c, 0x080f0ff8, \
  0xf7f9f5f6, 0xf8f6f6f8, 0xfbf6fa0b, 0x00fd0902, 0xf7f70401, 0xfcf8fdfd, 0x00fe05fe, 0x1828060f, \
  0x14220cf9, 0x0906f804, 0xf8f8fff6, 0xeb01e6f0, 0x02feedc9, 0xcaa0d5da, 0xb5ccc136, 0x350df9f2, \
  0x0400f0e8, 0xf4f8ffff, 0x0000f600, 0x00ea0100, 0xfc020210, 0x04f906fe, 0xff000000, 0x000000ff, \
  0x0000e2d7, 0xe0dcebef, 0xf9dbf607, 0x13fbf108, 0x0ee3def9, 0x020100fe, 0xfe010000, 0x00f405f5, \
  0xecec0cf6, 0xef04fdf0, 0xf1edfbff, 0xfef4000b, 0x03f209ee, 0x07e7fb0f, 0x03fd0002, 0x0200f903, \
  0x001beeec, 0x080ee90e, 0xe6df121d, 0xf815fbe2, 0xc5ede1f4, 0xf4f2efeb, 0xf2f3f4ef, 0xf9fffdfd, \
  0xfeffeefb, 0xf0000100, 0x00000000, 0x00000000, 0xfd000000, 0x00ff06f5, 0xf3f6f5f3, 0xf6f4f3f5, \
  0x1ffff4fd, 0xf6f7f002, 0x14ecebea, 0xeff2f4ee, 0xedec0000, 0x00000000, 0x00fffff9, 0xf3f404fd, \
  0xf3faf2f0, 0xf8f8fbf8, 0xfd00fcff, 0xff0f11de, 0xe8fff3ec, 0x05f61412, 0xf90cfef3, 0xfeece0f6, \
  0xe1d0d1f3, 0x111f15e6, 0xfd05f500, 0xf8f901f6, 0x01f90e10, 0xf1141cf2, 0xff0d0102, 0x0009fbfc, \
  0x01f80600, 0x00000000, 0x00000000, 0x0c050501, 0x0a05040c, 0x03f60408, 0x0b0cf6e8, 0xf5f3100b, \
  0xe6f3fe05, 0xfbed020f, 0xea0301f9, 0xfbf8faf2, 0xfa000b03, 0x1209f110, 0x1008f4ee, 0x01f4011a, \
  0x0a0af8f4, 0xfdefeb05, 0xdee006ef, 0xfa130011, 0xf4fdf3f1, 0xed030bf5, 0xf7f9f109, 0xf80ef9f5, \
  0x14fa12f9, 0xfcf2f8f2, 0x01feff04, 0xf405fb01, 0x1100f606, 0x10070c05, 0xf7fa00fe, 0xfffe0000, \
  0xfdfc00fd, 0xfae1e8f9, 0xf2e0fe03, 0x00f903ff, 0x00fffd08, 0x02000600, 0xfd02fef7, 0x0b03150a, \
  0xfb1518fa, 0x04f5160d, 0x1bfb0df5, 0x0109f8fe, 0x00fc01fd, 0xfcff0412, 0x0d14ed11, 0x0901fb19, \
  0x0e101715, 0x02191206, 0x04eff3fa, 0xf5fef70f, 0x0f051804, 0xf300f90e, 0xf50011f2, 0xf90507eb, \
  0x10fff403, 0x030a170c, 0x04f7f118, 0x09eeefec, 0x03070afa, 0xf702fcff, 0xfefcfefd, 0xfffcfdfa, \
  0xfcfc03f8, 0x04fe0a15, 0x02000003, 0x03ff0605, 0xff0a0e0b, 0x08ecfbfc, 0x04100305, 0xedf2ffee, \
  0xee010306, 0x03f7eb06, 0xeeedf108, 0x13fffbf7, 0xfc110b10, 0xf7030c07, 0xf804f3f7, 0xf3080000, \
  0x00000000, 0x00000002, 0xf8eef6ee, 0xfaf9f5eb, 0xfcfefd03, 0xfc0d080a, 0x0b000100, 0x00000000, \
  0xffff1b14, 0x02f71202, 0xf3f914f9, 0x0413ea08, 0x00ee0d04, 0xf9f6fdff, 0xed01030f, 0x0cfeff02, \
  0xfefd0100, 0x000012fb, 0xf5fcf606, 0x11001102, 0x050103fe, 0xfffdfe02, 0xff0000fe, 0xfffeff02, \
  0x041d0b05, 0xfdf9fcfa, 0xf8030c00, 0xf6f90114, 0x12fb0800, 0x00000000, 0x00000000, 0x00000000, \
  0x00000000, 0x00fd0000, 0x05f902fe, 0xf8010000, 0x00000000, 0x00000018, 0xff130b04, 0x1c021202, \
  0x13f6ff19, 0x03101818, 0xfdf4fa02, 0x06ebf8f1, 0x06faeaf8, 0x06fafdf7, 0x0608f303, 0xf8f4f50a, \
  0xfe02f5fb, 0x0001eaf8, 0xedffeade, 0x000beaea, 0x110ef502, 0x170bf601, 0x0bfb08f8, 0x15080df5, \
  0x05f6fb15, 0xf70dfc07, 0x0403fee8, 0xebfb0003, 0xf90000ff, 0x000000f8, 0xf9080000, 0x000000ff, \
  0x0001021c, 0xfc00f813, 0x05f7ebfc, 0x00000000, 0x00000000, 0x3c000000, 0x00000000, 0x00000000, \
  0x00000000, 0x00000000, 0x00000000, 0x00000000, 0x00000000, 0x00000000, 0x00000000, 0x00000000, \
  0x00000000, 0x00000000, 0x00000000, 0x00000000, 0x00000000, 0x00000000, 0x00190000, 0x00000000, \
  0x00000000, 0x00000000, 0x00000000, 0x00000000, 0x00000000, 0x00000000, 0x00000000, 0x00000000, \
  0x00000000, 0x00000000, 0x00000000, 0x00000000, 0x00000000, 0x00000000, 0x00000000, 0x00000000, \
  0x00000000, 0x3d000000, 0x00000000, 0x00000000, 0x00000000, 0x00000000, 0x00000000, 0x00000000, \
  0x00000000, 0x00000000, 0x00000000, 0x00000000, 0x00000000, 0x00000000, 0x00000000, 0x00000000, \
  0x00000000, 0x09ff1200, 0xf11002ec, 0xfa0502fd, 0x06100d0a, 0x0c09fcff, 0x0a111126, 0x120c0212, \
  0x08ffff1a, 0x16edfe03, 0xf60efa04, 0x0cff0bf4, 0x071ef71c, 0x082401fa, 0xf70a0e10, 0x02f90f0e, \
  0x081e0f04, 0xfc072102, 0x070aff03, 0x0b0dfef0, 0xef08fc0f, 0x030cff02, 0x00011106, 0x0506140a, \
  0xff10fefb, 0x1004fc03, 0xfffc12fd, 0x0b10ff06, 0x0ef10b0f, 0xf2180806, 0x12ec0d05, 0x0b18f801, \
  0x03060000, 0x00000000, 0x00041d00, 0x501942a0, 0x00000022, 0xe501f415, 0xf314da09, 0x1113fef9, \
  0xf7fe1bfa, 0x06fff800, 0xf1f7ea0f, 0xe9fbfdf6, 0x1b0ce414, 0xdb08fc12, 0xda02f305, 0xe700f611, \
  0x0206f2fd, 0x26f91af7, 0x1b0aea01, 0xd4f01019, 0xeffce20b, 0x0df6f401, 0xfd04f307, 0xfcfa0f09, \
  0xe40b0207, 0x15070b10, 0x00f3ecea, 0x0306e215, 0xeae9faef, 0x24f812f4, 0xf6fdfbe7, 0x3f00000c, \
  0xf70a1302, 0x10ede9f0, 0x01f2200d, 0xea0efbf9, 0x090c0000, 0x00000000, 0x00070700, 0x501942e0, \
  0x00000058, 0x00000000, 0x00000000, 0x3d000000, 0x00000000, 0x00000000, 0x00000000, 0x00000000, \
  0x00000000, 0x00000000, 0x00000000, 0x00000000, 0x00000000, 0x00000000, 0x00000000, 0x00000000, \
  0x00000000, 0x00000000, 0x00000000, 0x00000000, 0x00f30000, 0x00000000, 0x00000000, 0x00000000, \
  0x00000000, 0x00000000, 0x00000000, 0x00000000, 0x00000000, 0x00000000, 0x00000000, 0x00000000, \
  0x00000000, 0x00000000, 0x00000000, 0x00000000, 0x00000000, 0x00000000, 0x00000000, 0x3c000000, \
  0x00000000, 0x00000000, 0x00000000, 0x00000000, 0x00000000, 0x00000000, 0x00000000, 0x00000000, \
  0x00000000, 0x00000000, 0x00000000, 0x00000000, 0x00000000, 0x00000000, 0x00000000, 0xfdfa00ff, \
  0x0afef21f, 0xfe0df915, 0x0b0008fa, 0x17ff0306, 0x0f190efb, 0x170a0c0f, 0x08f90f00, 0x061018fc, \
  0x1b10f0e9, 0xfb0714fe, 0x0e020301, 0x06fa1007, 0x0c0b0313, 0x0c0b0308, 0x0af2f8fb, 0x01fd0d13, \
  0x090f0c0d, 0x0a051df7, 0xfd0a050a, 0x080b0308, 0x0f021d16, 0x07020b04, 0x1c2709f9, 0x160d24f2, \
  0xff0110fc, 0xfa0c1805, 0x14372a0c, 0x05040300, 0x0a03021d, 0x030605ff, 0x05120000, 0x00000000, \
  0x00fc0700, 0x50194380, 0x00000022, 0xfe190d06, 0x021cfafe, 0x0a0101f7, 0x020906f6, 0x0d0a03e9, \
  0xf7091616, 0xfa05f9e9, 0x1c0cff0e, 0x09f50007, 0xf00209eb, 0xf907eafd, 0x00f1fcee, 0x05fa0815, \
  0xfa1af11a, 0x02f303fe, 0x0efdf9fe, 0x0b1203f1, 0xe2fef11c, 0xf0f70df4, 0xe6f3160f, 0xfbf8f220, \
  0x12e5fc05, 0x0f0c090f, 0xfdeef4f0, 0xf8f005f4, 0x080e1205, 0x0801ff1b, 0x07f9fff2, 0x0003fb07, \
  0xfffafc21, 0xf0f102dd, 0x02f10000, 0x00000000, 0x00070300, 0x501943c0, 0x00000058, 0x00000000, \
  0x00000000, 0x6e000000, 0x00000000, 0x00000000, 0x00000000, 0x00000000, 0x00000000, 0x00000000, \
  0x00000000, 0x00000000, 0x00000000, 0x00000000, 0x00000000, 0x00000000, 0x00000000, 0x00000000, \
  0x00000000, 0x00000000, 0x00200000, 0x00000000, 0x00000000, 0x00000000, 0x00000000, 0x00000000, \
  0x00000000, 0x00000000, 0x00000000, 0x00000000, 0x00000000, 0x00000000, 0x00000000, 0x00000000, \
  0x00000000, 0x00000000, 0x00000000, 0x00000000, 0x00000000, 0x3c000000, 0x00000000, 0x00000000, \
  0x00000000, 0x00000000, 0x00000000, 0x00000000, 0x00000000, 0x00000000, 0x00000000, 0x00000000, \
  0x00000000, 0x00000000, 0x00000000, 0x00000000, 0x00000000, 0xfceb0511, 0x010a0013, 0xfafc0d03, \
  0xec0aedfb, 0x05f915fe, 0x02ec0df5, 0xef0206fa, 0xf9f20713, 0x1df10611, 0xfa02020b, 0x01f40402, \
  0xfa0afefb, 0x08e60004, 0xf6fb0afa, 0xeafffb06, 0x11f6ee07, 0x0c0403fd, 0xfc02050c, 0x0af0f207, \
  0xf90504fa, 0x0f0deefe, 0x1c17fe05, 0xfcf606e6, 0x06fffd01, 0xf0fe0605, 0xf5fa1af2, 0x02190904, \
  0x0ee02328, 0xe918f601, 0x0ef60510, 0x0b101a01, 0x0cfa0000, 0x00000000, 0x00f90900, 0x50194460, \
  0x00000022, 0x2718c4ea, 0x07050ae0, 0x06f1fff7, 0x2ef3e801, 0xf7e50df5, 0x070ade02, 0xfe0a09fc, \
  0x01f502f7, 0x0d0514fc, 0xe3050df4, 0x0c170cf5, 0xefff1f01, 0xf5002100, 0xd40ae205, 0xf4080509, \
  0x150728e7, 0x0dece616, 0x2314fbf9, 0xfefb1bf5, 0xf6ef0001, 0xe6182cec, 0xcefc1007, 0x0616ec05, \
  0xf104f31c, 0x03120cfc, 0x0ae0e4f7, 0x2ee7eb01, 0x01fce309, 0x15e3f30d, 0x1c0d0e24, 0xfff7fff2, \
  0x12ff0000, 0x00000000, 0x00101b00, 0x501944a0, 0x00000017, 0x00000000, 0x00000000, 0x4d000000, \
  0x00000000, 0x00000000, 0x00000000, 0x00000000, 0x00000000, 0x00000000, 0x00000000, 0x00000000, \
  0x00000000, 0x00000000, 0x00000000, 0x00000000, 0x00000000, 0x00000000, 0x00000000, 0xe02708e5, \
  0x0c04f106, 0xf2000000, 0x00000000, 0x000e0000, 0x50198000, 0x00000178, 0xf9f7e7ff, 0x08f903fe, \
  0xf603f3fd, 0xeef90cf5, 0xe6f2f4f3, 0xf4f2f3f4, 0xf3f7f4fb, 0xf8f7fbf8, 0xfafafbfd, 0x00fdfa04, \
  0xfafbfdf9, 0xfafd03ee, 0xe70c0af9, 0x0cfe15f4, 0x070aec02, 0x01090700, 0x00000000, 0x00000000, \
  0xfb031703, 0x0ffb09f6, 0x0d00ff02, 0xfdfeff04, 0x030303fb, 0xf9ff0701, 0x080af001, 0xff01fbff, \
  0x0609fff8, 0xfffc0410, 0x0cf50f13, 0xee0e1c1b, 0x1619090b, 0x1afb0202, 0xfe0100ff, 0x0000fe0b, \
  0xee09f5ee, 0xf0f708f8, 0xf20100f7, 0x00f9fd01, 0xfdf3ef0b, 0x05f003f6, 0xe4f10205, 0x0310f911, \
  0x07ef0504, 0x0b17e003, 0x0e070ef2, 0x01f71415, 0x09040816, 0x0b0000fd, 0xff01ff03, 0xfdfef1fc, \
  0xf3f40ef7, 0xfefb0c01, 0xfae0fc01, 0x04f9eef8, 0xfdedf2f3, 0xddf1edf8, 0xf8edf6dd, 0x02ecee07, \
  0xee0afb0e, 0x0d1417f9, 0x1810f4f8, 0xf7f8f8f8, 0xfaf4f4f8, 0x07f5f108, 0xfcf507fe, 0xfafeeef3, \
  0xf1050701, 0xf608000e, 0xef0bf902, 0xf90e0e07, 0x0406f801, 0xfaf1f2fb, 0xf20f02fa, 0x11130c0e, \
  0xf5fd1d0a, 0xed150e03, 0xd6c50a07, 0x06f1f5f5, 0x02fc0600, 0x00fe0000, 0x000000fe, 0x10efeff4, \
  0xfa0df50b, 0xe7fe0000, 0x00000000, 0x00000d1f, 0x0a1bfe1b, 0xfc01fb17, 0x08d81c14, 0xd709fce9, \
  0xff0000ff, 0x00000200, 0x00f0110f, 0xefffeef6, 0x000c0b05, 0xebf60ded, 0xec04f300, 0x05f9f6f3, \
  0x0ee8fe09, 0xfcff00fb, 0xff00fc01, 0xffe9e9cd, 0xf3feedf6, 0x1606e3fe, 0xeff4ebfd, 0x05e0e3ff, \
  0xeee9eaf6, 0xf6ebfdfa, 0xece005e7, 0xff0b00fc, 0xf9fcfefc, 0xfffffffe, 0xffff00fa, 0xfefffcfe, \
  0xf9f7fcfa, 0xfbfdf5f7, 0xf9f3f7f8, 0x12f712f3, 0xed0ff3f6, 0x05faf7fb, 0xf0f0f3ea, 0xecee00fd, \
  0xfffe0000, 0x0000fef4, 0xf2f9f4ed, 0xfbf2e5ef, 0xfbfbfaf8, 0xf8fcf8fd, 0x000d1707, 0x120600eb, \
  0x1107f1ee, 0xca01edcd, 0x13f4e308, 0xeadce9e0, 0x03fb190d, 0xfe0507f4, 0xfa0c0609, 0xf2f5e8e8, \
  0x12fbddf9, 0x110efff9, 0xf7f9f904, 0xf601f400, 0x03fd0000, 0xfd000000, 0x1a0fe305, 0x0ce7ffe6, \
  0xf7e2fadf, 0xfdfaf2ea, 0xf8e613ff, 0xf92202f7, 0x0303fdfd, 0xfe130f09, 0xf008f3ff, 0xf8fefced, \
  0x0efd00fc, 0xf707f6f5, 0x09e7f0f0, 0xf804c5f6, 0x08e102f0, 0xeb02e70b, 0x1a190ffd, 0x09fbfcf3, \
  0x0dfe13e0, 0xf801e001, 0x0bf8f605, 0x0705000e, 0xf30ce3f3, 0xfcd3fd15, 0xe2000dcb, 0x0219d5e4, \
  0x1adeff11, 0xe6feff00, 0xfd0100f8, 0xe6fa0ce3, 0x1504f3ec, 0x05e9f7ec, 0xf5eaf2fd, 0xdfe0e9dd, \
  0xde000df5, 0xfcdce504, 0x010d1512, 0x1e041610, 0x0a1aeef5, 0x1f0bef0d, 0x12edf5e4, 0xeef2da01, \
  0xedf9f41b, 0x231b0714, 0x181703f8, 0xef16ef10, 0xf1e8effa, 0xfdf7f60b, 0xfbfce7fa, 0xd6e7ee0e, \
  0x08fe0304, 0xfc0dfad4, 0xf20df90a, 0x06f9ebfd, 0xe5eb14fd, 0xea1610fc, 0xfee903dc, 0xf9fa07fc, \
  0xfe00fe04, 0xf6fbfcf2, 0xfb0504ff, 0x0ef1f1f2, 0xe5f6f4e0, 0xfc1123eb, 0xf804110d, 0xe40beb0a, \
  0xff03f403, 0xdde3f51d, 0x0b01030a, 0xfc181701, 0xd0def301, 0xd71e00d8, 0xf0ef1efe, 0xf814070f, \
  0xec11e8eb, 0x110411fa, 0x0ee6faf4, 0xf4fefaea, 0xfffce4e3, 0xc7e8f5f0, 0xf6f2fce8, 0xfee60402, \
  0xe9fd0aeb, 0xdbe6e1e6, 0xdbdaefe3, 0xeef0f2fa, 0xf0d5f2f4, 0xdbf90afd, 0x020c0406, 0x0febfeff, \
  0xfff5fbf5, 0xfa00f6e5, 0xe4e500fc, 0xf60bffed, 0xfeec0bec, 0xf21f1803, 0x150bfe11, 0xf205e7fa, \
  0xead5e6f4, 0x081f0b00, 0xf8f3dcdd, 0xf0dcc7d1, 0x0f0df7fd, 0xfadae40f, 0xf10317f5, 0x20181500, \
  0x00000000, 0x00000000, 0x0c01fd02, 0xf4f5ddfc, 0xfc06f0ea, 0x01f7f600, 0xe7fffaf7, 0xf6f2fafd, \
  0xf1f40105, 0xf6001506, 0xfb141208, 0x1e191214, 0xef091b01, 0x0edaed08, 0xece0e5f7, 0xe1f91ff2, \
  0x101eff11, 0x0af3fa0a, 0x07fcf4f8, 0xf5f90300, 0x1a0df5f9, 0xf2f4edea, 0xf1dbdae0, 0xe306f008, \
  0xfb04fbec, 0x00fdf00c, 0x08010a19, 0x09f7f5f5, 0x090f1002, 0x2a001a25, 0xedfcebd6, 0xebdbfcfb, \
  0xf0f51307, 0xfd03feff, 0xf901fd05, 0xf90005f5, 0xefcef6fc, 0xe4f103e5, 0x00000000, 0x00000000, \
  0x40000000, 0x00000000, 0x00000000, 0x00000000, 0x00000000, 0x00000000, 0x00000000, 0x00000000, \
  0x00000000, 0x00000000, 0x00000000, 0x00000000, 0x00000000, 0x00000000, 0x00000000, 0x00000000, \
  0x00000000, 0x00170000, 0x00000000, 0x00000000, 0x00000000, 0x00000000, 0x00000000, 0x00000000, \
  0x00000000, 0x00000000, 0x00000000, 0x00000000, 0x00000000, 0x00000000, 0x00000000, 0x00000000, \
  0x00000000, 0x00000000, 0x00000000, 0x00000000, 0x40000000, 0x00000000, 0x00000000, 0x00000000, \
  0x00000000, 0x00000000, 0x00000000, 0x00000000, 0x00000000, 0x00000000, 0x00000000, 0x00000000, \
  0x00000000, 0x00000000, 0x00000000, 0x00000000, 0x0306fee5, 0x1802fdfe, 0x16eb1104, 0xfce901fd, \
  0x00f70908, 0xfe05fc01, 0x090202f6, 0x0bf8f1ea, 0x02f8f511, 0xfef8fe15, 0xfafd0cec, 0xf9f7fb0a, \
  0x04090be4, 0xf7f50dfc, 0x06f909ff, 0xf6fb1bff, 0x06fa0d09, 0xfb03f101, 0xf8f917fc, 0x05ea09f7, \
  0xfa16faf6, 0x03f10c0b, 0x03fefd0b, 0xfd0420f4, 0xfdfc1912, 0x07ff01f8, 0xf90dfcf3, 0xfc170107, \
  0xf30d01ff, 0x09f6fa17, 0xfee10809, 0xf7fa0000, 0x00000000, 0x0005e800, 0x501982a0, 0x00000022, \
  0x01f92a0f, 0x05090807, 0xed0508f3, 0x0a0beafd, 0x04fffb0d, 0xfb00ef10, 0x1afbfdf5, 0xf7fd0814, \
  0x1c060701, 0x0cf3fdfd, 0xf00603fb, 0x060b08fc, 0xe8fc0d03, 0xfc0200fd, 0x1af40605, 0xf9eed8f7, \
  0xe9fafff9, 0xff050a0a, 0xe8121511, 0xf90508ff, 0x1304f622, 0x25f8fa0b, 0xeaf60609, 0x07eef1f5, \
  0x02f0eef3, 0xe11304f6, 0xed03fa19, 0xf1f4f1fd, 0x00f5f4ff, 0x080116f9, 0x1cedfbfe, 0xfb020000, \
  0x00000000, 0x00fb0900, 0x501982e0, 0x00000058, 0x00000000, 0x00000000, 0x3e000000, 0x00000000, \
  0x00000000, 0x00000000, 0x00000000, 0x00000000, 0x00000000, 0x00000000, 0x00000000, 0x00000000, \
  0x00000000, 0x00000000, 0x00000000, 0x00000000, 0x00000000, 0x00000000, 0x00000000, 0x00fd0000, \
  0x00000000, 0x00000000, 0x00000000, 0x00000000, 0x00000000, 0x00000000, 0x00000000, 0x00000000, \
  0x00000000, 0x00000000, 0x00000000, 0x00000000, 0x00000000, 0x00000000, 0x00000000, 0x00000000, \
  0x00000000, 0x00000000, 0x40000000, 0x00000000, 0x00000000, 0x00000000, 0x00000000, 0x00000000, \
  0x00000000, 0x00000000, 0x00000000, 0x00000000, 0x00000000, 0x00000000, 0x00000000, 0x00000000, \
  0x00000000, 0x00000000, 0x00f9f7ff, 0xf9fefeec, 0xf8feeaf3, 0x03fa0aeb, 0xfffc0010, 0xf2effdf5, \
  0xf9fdeee6, 0xe806ef0c, 0x070cea04, 0x02dce5ff, 0xf8f215e4, 0xf00feaf4, 0x090605f4, 0x01f307fd, \
  0xed00f4ec, 0x10ff00f6, 0xf4fbf4eb, 0xf601fbf8, 0x0110f307, 0xf2e7f5f1, 0x09fefef4, 0x06ffdaec, \
  0xee09fdf3, 0xf7b5f7f4, 0x0dfcf201, 0x0607fef4, 0xf80cfcdf, 0xf0c2ca05, 0x030406f0, 0xfe08fee7, \
  0xfffef606, 0x04fc0000, 0x00000000, 0x0010fa00, 0x50198380, 0x00000022, 0x281b2aff, 0xf40ff602, \
  0x0809f006, 0xf8fee9f1, 0x04ffedfe, 0xf508fc13, 0x0cfb19e4, 0x1003f5fd, 0x1e110302, 0x15fdf1fc, \
  0xfb0adc02, 0xf4f5f3fa, 0xf3ef200a, 0xf80d000f, 0x18f207f7, 0x0dfb17f5, 0xfe13eee7, 0xfeec0414, \
  0xe90101f3, 0xe7f90c05, 0x110efc12, 0xf3f9f003, 0x13fcff19, 0xf5f5f6ee, 0xd1e312fa, 0x05f80c00, \
  0xfa02da1d, 0xffedf8fc, 0xfdfa0203, 0x13fff109, 0x04eaf4ea, 0xf0000000, 0x00000000, 0x00f80200, \
  0x501983c0, 0x00000058, 0x00000000, 0x00000000, 0x78000000, 0x00000000, 0x00000000, 0x00000000, \
  0x00000000, 0x00000000, 0x00000000, 0x00000000, 0x00000000, 0x00000000, 0x00000000, 0x00000000, \
  0x00000000, 0x00000000, 0x00000000, 0x00000000, 0x00000000, 0x00ff0000, 0x00000000, 0x00000000, \
  0x00000000, 0x00000000, 0x00000000, 0x00000000, 0x00000000, 0x00000000, 0x00000000, 0x00000000, \
  0x00000000, 0x00000000, 0x00000000, 0x00000000, 0x00000000, 0x00000000, 0x00000000, 0x00000000, \
  0x3e000000, 0x00000000, 0x00000000, 0x00000000, 0x00000000, 0x00000000, 0x00000000, 0x00000000, \
  0x00000000, 0x00000000, 0x00000000, 0x00000000, 0x00000000, 0x00000000, 0x00000000, 0x00000000, \
  0xf909ffd9, 0x09eb080f, 0xf8fbe5f8, 0xfae5fcef, 0xf2f6db05, 0x05ea000b, 0xeaf9fb04, 0xfef7fff5, \
  0xf7e41efb, 0xfdfbf80a, 0x11ddf907, 0xf9dbf203, 0x0be6edf8, 0xfcf002fd, 0xf8f104f7, 0x05f90a03, \
  0x0a08f40d, 0xf70903f1, 0xf9f3fb00, 0xfaf5ef0d, 0xedfe1fe7, 0x000d00f2, 0x07fd02fe, 0x05fc0102, \
  0xeb020ae1, 0xfb0000f8, 0xe9f2f9f8, 0x1cfeedcb, 0xf9e80ded, 0xf31304f7, 0x04fdf3e9, 0xe8ff0000, \
  0x00000000, 0x000f0200, 0x50198460, 0x00000022, 0xf70806fc, 0xeb07000e, 0xf3f70ffb, 0xfdf6fa00, \
  0xf61dfe04, 0xf804f311, 0x020a0e05, 0xf0ff0003, 0xf90823e7, 0xfbfc0c08, 0x03f519ee, 0xf4ee09e3, \
  0xfd090405, 0xebfe0900, 0x0cfaef0b, 0xecfcfcf5, 0xe00af70b, 0x040d12fc, 0x1a0c1603, 0xfffbfef8, \
  0x00f70002, 0xfcf6f804, 0xf40008f2, 0x2710f9ea, 0x0e090a04, 0xf106eff4, 0x04f507ff, 0xf7ecf3f8, \
  0xf6ffeefe, 0xfb040c0c, 0x2a060504, 0xf6f80000, 0x00000000, 0x00052100, 0x501984a0, 0x00000017, \
  0x00000000, 0x00000000, 0x50000000, 0x00000000, 0x00000000, 0x00000000, 0x00000000, 0x00000000, \
  0x00000000, 0x00000000, 0x00000000, 0x00000000, 0x00000000, 0x00000000, 0x00000000, 0x00000000, \
  0x00000000, 0x00000000, 0x1702f418, 0xcb1316e4, 0x01000000, 0x00000000, 0x00f70000, 0x5019c000, \
  0x00000178, 0xe8fffbfb, 0x150de5de, 0xedfc00e9, 0x0205ecf1, 0xe7fbf4f6, 0xf4f2f4f2, 0xf5f3f3fc, \
  0xf8fb01fd, 0xfa03fcfa, 0x0000fffe, 0x01000000, 0x0110e712, 0x0904fe0f, 0x19f5010b, 0xed1514e9, \
  0x13e8f400, 0x00000000, 0x00000000, 0xebf9f8f7, 0xe5efe7fa, 0xee010000, 0x01000000, 0x0000ec19, \
  0x22e4180b, 0xcb140bf9, 0xff0c0a0a, 0xf8050b00, 0x01ebf8fc, 0xecea070d, 0x14e0f60c, 0xd8f207f9, \
  0x020efc03, 0x0102fafc, 0xfffe0306, 0xf3010005, 0xf502fd07, 0x08ff070a, 0x06f801fd, 0xf4f8faf3, \
  0xf3fafbf5, 0xf3f9ff0d, 0xe809e7ff, 0x0aff0ef4, 0xedf1f4d3, 0xe7e8ec14, 0xecfffdee, 0x02fc0be2, \
  0xfb00ffff, 0x0001ff00, 0xfe00060f, 0x02130e0d, 0x02e8e824, 0xf1f71eed, 0xf30a0511, 0x1dfae004, \
  0x12f7faf9, 0xe3f3fcfc, 0x13090603, 0x0b09ea13, 0x00f4fc13, 0xfc0512fa, 0xeff2eff4, 0xf2f5f1f4, \
  0xf007f2f3, 0x04fff107, 0xfa03ffee, 0xeef40107, 0xfefada06, 0x03e809f3, 0xfb03f1f8, 0x0c050606, \
  0xef0708ed, 0xdbdeefd8, 0xe9fdceeb, 0xf2061117, 0xc9f109e6, 0x030cf4f7, 0xf1faf3ff, 0xf6f8f602, \
  0x02fc01f2, 0xf5f10703, 0xf60a070d, 0x020bfcf4, 0xef0000ff, 0x00ffff00, 0xff00f708, 0x0cfb0ae7, \
  0xe5ece407, 0x0608070a, 0x07230404, 0x0004fffc, 0xfdfefefc, 0x00eefd0a, 0x03100507, 0xeaff01f0, \
  0xf10af408, 0xf8ef0de2, 0xe6f0f9f4, 0xebfdf314, 0x0600fd06, 0x06f4f7f1, 0xfd11170b, 0x1c1cf917, \
  0xf802f3ee, 0x0fef08f2, 0xf2eff2fb, 0xf1f2f3f4, 0xf5f7f8ef, 0x0af0f7ec, 0x09fce6f3, 0xf600ff00, \
  0xff000200, 0xffff0000, 0x00000000, 0x000000f8, 0xf8f7f7f6, 0xf7f6f9f7, 0xf7eee4f6, 0x07f203f8, \
  0xe7faeeeb, 0xeee9e9e7, 0xe5e402fd, 0x05f0f7fa, 0xf60702f3, 0xedeceff6, 0xebf0f3ee, 0x00f8fdf9, \
  0xf6fef9fc, 0xf4f6fecb, 0xf4f3c6d8, 0xd1f4fe06, 0xf30f130b, 0x1703070e, 0x070ff1e4, 0xdfcadee7, \
  0xfbfbfa02, 0xf90dfbf7, 0x061724fd, 0xfa16120a, 0xf2240a0c, 0x050bf9fc, 0xeffcedf9, 0xf9f7f408, \
  0xfcf4f702, 0x00000000, 0x00000000, 0x00000000, 0x00000000, 0x00000000, 0x00000000, 0x00000000, \
  0x00010000, 0x01000000, 0x00000000, 0x00000000, 0x00000000, 0x00000000, 0x00000000, 0x00000000, \
  0x000000ff, 0xffff0000, 0x00000000, 0xffffff00, 0x00000000, 0x00000000, 0x00000000, 0x00000000, \
  0x00000000, 0x00000000, 0x00ff0000, 0x00000000, 0x00000000, 0x00000000, 0x00000000, 0x00000000, \
  0x00000000, 0x00000000, 0x00000000, 0x00000000, 0x00000000, 0x00000000, 0x00000101, 0x01000000, \
  0x00000000, 0x00000000, 0x00000000, 0x00000000, 0x00000000, 0x00000000, 0x00000000, 0x00000000, \
  0x000000ff, 0x00000000, 0x00000000, 0x00000000, 0x00000000, 0x00000000, 0x00000000, 0x00000000, \
  0x00000000, 0x00000000, 0x00000000, 0x00000000, 0x00000000, 0x00000000, 0x00000000, 0x00000000, \
  0x00000000, 0x00000000, 0x00000000, 0x00000000, 0x00000002, 0x01000101, 0x00000000, 0x00000000, \
  0x00000000, 0x00000000, 0x00000000, 0x00000000, 0x00000000, 0x00000000, 0x00000000, 0x00000000, \
  0x00000000, 0x00000000, 0x00000000, 0x00000000, 0x00000000, 0x00000000, 0x00000202, 0x02000100, \
  0x00000000, 0x00000000, 0x00000101, 0x00000000, 0x00000000, 0x00000000, 0x00000000, 0x00000000, \
  0x00000000, 0x00000000, 0x00000000, 0x00000000, 0x00000000, 0x00000000, 0x00000000, 0x00000000, \
  0x00000000, 0x00000000, 0x00000000, 0x00000000, 0x00000000, 0x00000000, 0x00000000, 0x00000000, \
  0x00000000, 0x00000000, 0x00000000, 0x00000000, 0xffff0000, 0x0000ffff, 0x00000000, 0x00000001, \
  0x01000000, 0x00000000, 0x00000000, 0x00000000, 0x00000001, 0x01010000, 0x00000000, 0x00010000, \
  0x01000000, 0x01000000, 0x00000000, 0x00000000, 0x00000000, 0x00ffff00, 0x00000000, 0x00000000, \
  0x00000000, 0x00000000, 0x00000000, 0x00000000, 0x00000000, 0x00000000, 0x00000000, 0x00000000, \
  0x00000000, 0x00000000, 0x00000000, 0x43000000, 0x00000000, 0x00000000, 0x00000000, 0x00000000, \
  0x00000000, 0x00000000, 0x00000000, 0x00000000, 0x00000000, 0x00000000, 0x00000000, 0x00000000, \
  0x00000000, 0x00000000, 0x00000000, 0x00000000, 0x00f40000, 0x00000000, 0x00000000, 0x00000000, \
  0x00000000, 0x00000000, 0x00000000, 0x00000000, 0x00000000, 0x00000000, 0x00000000, 0x00000000, \
  0x00000000, 0x00000000, 0x00000000, 0x00000000, 0x00000000, 0x00000000, 0x00000000, 0x3f000000, \
  0x00000000, 0x00000000, 0x00000000, 0x00000000, 0x00000000, 0x00000000, 0x00000000, 0x00000000, \
  0x00000000, 0x00000000, 0x00000000, 0x00000000, 0x00000000, 0x00000000, 0x00000000, 0xf7f105f0, \
  0x04f9fcd4, 0xefdafcfc, 0xe610fa02, 0xe3040e0c, 0x12fa1e03, 0xf60aff0b, 0xf7dcd601, 0x12fad9ea, \
  0xe81107e6, 0x03f7eddb, 0x14e8cf04, 0xf0e2f5db, 0x090efaf9, 0x0df7fafa, 0xf80fe90a, 0x0b0504fa, \
  0xf5ee1816, 0x1307eeed, 0x0fe7f9fb, 0xfb07e8fc, 0x2203f6ed, 0x09f90f08, 0xf1ff16f0, 0xf50f1303, \
  0xf2fa04f8, 0xf4fc1d0f, 0x170d04f6, 0x00f400f4, 0x02ffe2e2, 0x00f4f3d5, 0x0fe80000, 0x00000000, \
  0x00ff3600, 0x5019c2a0, 0x00000022, 0xffed14ff, 0x1306fa03, 0x130df8fd, 0xf202fe02, 0xf1010007, \
  0xf80508f9, 0x10f70109, 0xfa0604f4, 0x140e0b0f, 0x0ef6f1ff, 0xf6f400fc, 0x06f5e9fa, 0xecf4f605, \
  0x10010106, 0x09f5fc0b, 0xf901e500, 0x0b02fc02, 0xeb0e060e, 0xf2010408, 0xeefc1302, 0x0cf2f00e, \
  0x0affe7ee, 0x0909fe07, 0x0ff004f8, 0xfafcf705, 0xf7091c0d, 0xfb0f0608, 0xf303f703, 0x0802f0fb, \
  0xe2fdecfe, 0xf6fe12ff, 0xf10a0000, 0x00000000, 0x00fbe300, 0x5019c2e0, 0x00000058, 0x00000000, \
  0x00000000, 0x3b000000, 0x00000000, 0x00000000, 0x00000000, 0x00000000, 0x00000000, 0x00000000, \
  0x00000000, 0x00000000, 0x00000000, 0x00000000, 0x00000000, 0x00000000, 0x00000000, 0x00000000, \
  0x00000000, 0x00000000, 0x00170000, 0x00000000, 0x00000000, 0x00000000, 0x00000000, 0x00000000, \
  0x00000000, 0x00000000, 0x00000000, 0x00000000, 0x00000000, 0x00000000, 0x00000000, 0x00000000, \
  0x00000000, 0x00000000, 0x00000000, 0x00000000, 0x00000000, 0x41000000, 0x00000000, 0x00000000, \
  0x00000000, 0x00000000, 0x00000000, 0x00000000, 0x00000000, 0x00000000, 0x00000000, 0x00000000, \
  0x00000000, 0x00000000, 0x00000000, 0x00000000, 0x00000000, 0xec1202fd, 0x08f6e7f9, 0xf2dfe7fe, \
  0x08ff14f0, 0xf3f60df3, 0x13edf3f2, 0x10f811f0, 0xf9ef12ff, 0xe92514fb, 0x00e3e70e, 0xeae7fd05, \
  0xecfbedf6, 0x01fdf8fb, 0xdf080fee, 0x251ce3fc, 0x1ae2f3e4, 0xf0f5f911, 0xeffede02, 0xf9061f02, \
  0xfbefe614, 0xeaef0ffc, 0xfdf7081d, 0xdff7eaf4, 0xf74ff6dc, 0xeb0de0f5, 0x04000edf, 0x020c30f6, \
  0xec500fd4, 0x22fff8d2, 0x01f3f00a, 0x00dbedf8, 0xe2f60000, 0x00000000, 0x00dbe100, 0x5019c380, \
  0x00000022, 0xf3ee040f, 0x05070bf1, 0xfb0912f4, 0xfd0605f7, 0x02192100, 0x0af50bf8, 0x1ff0f508, \
  0xf2fc07f7, 0x12130c0d, 0x05060106, 0x0603ff13, 0xf7f6f214, 0xfef7f1f6, 0xfffb0afb, 0x14fadc10, \
  0x0f10fbfa, 0xf90cf912, 0xe6f30a23, 0xfff100fd, 0x030402fd, 0x0e0805fa, 0x0af4f716, 0x01130cf9, \
  0x0dfffdf3, 0x080cec08, 0xfc07fa01, 0xf409090a, 0xf2f70216, 0x0af3f802, 0xf5fe01fc, 0x1304fe0e, \
  0xebf70000, 0x00000000, 0x0009fb00, 0x5019c3c0, 0x00000058, 0x00000000, 0x00000000, 0x7e000000, \
  0x00000000, 0x00000000, 0x00000000, 0x00000000, 0x00000000, 0x00000000, 0x00000000, 0x00000000, \
  0x00000000, 0x00000000, 0x00000000, 0x00000000, 0x00000000, 0x00000000, 0x00000000, 0x00000000, \
  0x00ee0000, 0x00000000, 0x00000000, 0x00000000, 0x00000000, 0x00000000, 0x00000000, 0x00000000, \
  0x00000000, 0x00000000, 0x00000000, 0x00000000, 0x00000000, 0x00000000, 0x00000000, 0x00000000, \
  0x00000000, 0x00000000, 0x00000000, 0x40000000, 0x00000000, 0x00000000, 0x00000000, 0x00000000, \
  0x00000000, 0x00000000, 0x00000000, 0x00000000, 0x00000000, 0x00000000, 0x00000000, 0x00000000, \
  0x00000000, 0x00000000, 0x00000000, 0xf604ef33, 0xeaf508ff, 0xf5f624f1, 0xf109010c, 0xf1092501, \
  0x04f1f6f1, 0x10000904, 0x01f800e4, 0xf1fc01f2, 0xe318fd04, 0xfcfb0cdd, 0xed25f5ee, 0xfae602ea, \
  0x04f00302, 0xecfe03ed, 0x40f1c8ec, 0xfd1d16fc, 0x210f01f5, 0xeafd07e9, 0x02f8010e, 0xe1deeafd, \
  0xe6f4ffdf, 0xf0e50607, 0x1d05f206, 0xf10e051b, 0x05ebe1e0, 0xdfe9fc00, 0x0cdfe922, 0x0510ea1f, \
  0xf907ee02, 0x21ed0bfe, 0x1dfa0000, 0x00000000, 0x00000600, 0x5019c460, 0x00000022, 0xed1315ff, \
  0xfef80c06, 0xfbfcfcfe, 0xedfff508, 0x051407fb, 0x0b0002fc, 0x0f00140c, 0xf102fc04, 0x01fd06f0, \
  0x1602010e, 0xe9fe05fa, 0xfb07fded, 0xf8f607f7, 0x03061b0a, 0x0d0ff0fc, 0x02fcf70a, 0xe2fcf302, \
  0x08100bf0, 0x0d02ff05, 0xff01f30b, 0x0300f20b, 0x02fef1f8, 0xfbef0cf0, 0x0c04fff0, 0x01f7060d, \
  0xf1fdf8fa, 0xf90b08fb, 0xf1fefdfa, 0x0efd0cfc, 0xfb070702, 0x1e0ef902, 0xe9070000, 0x00000000, \
  0x00f60400, 0x5019c4a0, 0x00000017, 0x00000000, 0x00000000, 0x56000000, 0x00000000, 0x00000000, \
  0x00000000, 0x00000000, 0x00000000, 0x00000000, 0x00000000, 0x00000000, 0x00000000, 0x00000000, \
  0x00000000, 0x00000000, 0x00000000, 0x00000000, 0x00000000, 0xec0907f2, 0x39dd1e19, 0xd3000000, \
  0x00000000, 0x00120000, 0x501a0000, 0x00000178, 0xfe12110d, 0x08fdf8f7, 0x140404f9, 0x07f1fdf8, \
  0xe90afef5, 0xfbfbfcfb, 0xf6f5f600, 0x03f302f0, 0xf8f9f9f4, 0x01fcfdff, 0xffff0302, 0x000b02f4, \
  0x0bfff9e0, 0xf3f5fd01, 0x08fdfdfb, 0xf1fd1300, 0x00000000, 0x00000000, 0xfbe7fa01, 0xedeb03f7, \
  0xd3ff0000, 0x00ff0000, 0x00fffeee, 0x13e1f4fd, 0xe2f0ee0e, 0x0efd04f8, 0x0407ff0f, 0xf314f312, \
  0xe9ece3ec, 0xdee4a5ed, 0xdebe17eb, 0xe31208fa, 0xf709f209, 0xf1f8f1fe, 0x05f5fef5, 0x0705fc08, \
  0x090a0df9, 0xec0cf302, 0x00fbf8fd, 0xf9f4fb00, 0x040001f8, 0xd9f2f803, 0x00e3e9fb, 0xfee0ec03, \
  0xf9eaef1e, 0x0a03defe, 0xdfde07e4, 0xd9fe0201, 0x01fefdff, 0xfd01fb0a, 0xfc0df1f6, 0x04fafc17, \
  0x07ff08e6, 0xfffdf0ea, 0xf3eae9f7, 0x0df5f613, 0x1010ee00, 0xf5f10203, 0xe9f9dffa, 0x13d3dde7, \
  0xfefb07fc, 0xf2edf1e9, 0xfcf7fdf2, 0x0b0afbf8, 0x02f6e8f6, 0x0c0604ed, 0x0601fef9, 0xf2fcf9ea, \
  0xeee900fb, 0xec031af8, 0x06f7f4f4, 0x020305f5, 0x0af8fbef, 0x0b010be8, 0x09050e12, 0x0a01fafe, \
  0xe9f2f403, 0x0706ff01, 0xfd01f2f6, 0xf8f9eb00, 0xfee711f4, 0xea01fa0b, 0x02f0f60a, 0xeb000000, \
  0x00000000, 0x0000f7f1, 0xc9fad8d4, 0xe5eaf308, 0x15f3060c, 0x0419fa04, 0xfbff0202, 0x01000000, \
  0xff010cec, 0xf70b050c, 0x0ffdee04, 0xecf9020c, 0x030ef80a, 0x01f9f308, 0xe702ed08, 0xf1f901f3, \
  0xf00cf1f8, 0xee0ff0e5, 0xf2c1eafc, 0xebd6d6f6, 0xf50a0d0f, 0x19fbfdf4, 0xf7ff0109, 0xf900f000, \
  0xf6fa0dfb, 0xeb0cffe7, 0xeef9f800, 0xf8f90702, 0x00f900ff, 0x00020000, 0x000000fa, 0xfff9faf2, \
  0xf5fbf5f3, 0xff18e013, 0x11cef300, 0xeafffcfb, 0xf6f7f6f4, 0xf5f50cf8, 0xef0109f1, 0xfdef0df0, \
  0xf0fbf9ea, 0xf7f9e9eb, 0xfced04f1, 0x0505fa00, 0xf81400e6, 0xef0ec306, 0xf2cbf20a, 0xe90efc10, \
  0xf9fc0e06, 0xf9d5fdec, 0xd9f8030f, 0xf607f7f6, 0x06ed0807, 0xedfae8f2, 0xdee1ffd5, 0xeef9faf0, \
  0xf00604f3, 0x09030bf0, 0x0408ed03, 0x0cf6ee04, 0xfdfdf210, 0xe5d9f0f0, 0xe5fafd03, 0xf4fe0af9, \
  0xef1425f6, 0x0c17f5f3, 0xf6f8e6f8, 0x15040308, 0xf0f30414, 0xeb01270d, 0x091af8ef, 0xfafaf60b, \
  0x090af2f1, 0xfe06fff5, 0x17ff0701, 0x081e1b01, 0xf9fef0fe, 0xe4eef5ee, 0x0ff70afb, 0xdae80fdd, \
  0xf21d01f9, 0x0ceee001, 0x05f70fe5, 0xd404e6f8, 0x160af50c, 0xfb160bf7, 0xec26e4cd, 0xf5fbf803, \
  0x0a04020a, 0xf9e7c8e6, 0xecebe6d5, 0xc9d5f6ed, 0xfcd2f402, 0xedff0a1f, 0x0ff50ff4, 0x06fced0e, \
  0xfdf6cc00, 0x03eadee6, 0xfa00fcf9, 0xfcfdddfc, 0x01e41913, 0x1ffe1107, 0x17f8e71b, 0xf3e709e6, \
  0xf7f6e8d4, 0xff1f13f1, 0xf6f30811, 0xe2f2f607, 0x02fdfb06, 0xf5e6fae5, 0xfcf0fae6, 0x07e9fd17, \
  0x1829f81d, 0x20f30f26, 0x08f81611, 0x1bf6040a, 0x09e5ff19, 0x011624ef, 0xffe3fff3, 0xef05f2f1, \
  0xf4f900e4, 0x06f2e6fe, 0x09eff906, 0x0afbe2ff, 0x00fa16f9, 0x07f61327, 0x0907fdf9, 0x19fce9ec, \
  0xeedb08ef, 0xde00ddfd, 0xe309e907, 0xfdee1208, 0x06f1effd, 0xfbee00e9, 0x06ed0d1d, 0xf5070213, \
  0x1a13fe06, 0xf20008f2, 0x09050300, 0xee02fff9, 0x06e7f40a, 0xed0affe5, 0x0b01f3f6, 0x0bdef0f3, \
  0x04f6ffff, 0x0307170d, 0x0c181905, 0x05032303, 0x07100d0f, 0xeeeef2e2, 0xf70c0921, 0x0af21505, \
  0x07ff0000, 0xff000000, 0x0000f8fd, 0x150afc0f, 0x04e41200, 0x030701ff, 0x09fe04f3, 0xeef9eb06, \
  0xf6040afb, 0xf2ecef14, 0xf000fb1b, 0xfff0f20f, 0xf8010a12, 0xfbfbfe00, 0x00000000, 0x00000000, \
  0xf1dc0c05, 0xf00f0ff2, 0x07ff0000, 0xff0000fe, 0x0000fffe, 0xf8f9fcfe, 0xfc00fbef, 0xcbf8eae6, \
  0x13f10c13, 0x0aeaf4fa, 0x01e0fde8, 0xd20bf302, 0xf3f313f8, 0xfc15de05, 0xe8feeb09, 0xf3000fec, \
  0xee0d00ef, 0x120c0c25, 0xeb162afb, 0x110e0d1d, 0x06e8cfc4, 0x25f4ef12, 0x04e617f2, 0xfc0bf0e3, \
  0xfee6e0ee, 0xdee2f0e4, 0xeee1f5ef, 0xf7f207ec, 0xf8f60006, 0x120801e0, 0x01f1f6e8, 0xe7020000, \
  0xfc00fdfc, 0xfef600fe, 0xff1dfbf1, 0x0904e6ed, 0x00000000, 0x00000000, 0x40000000, 0x00000000, \
  0x00000000, 0x00000000, 0x00000000, 0x00000000, 0x00000000, 0x00000000, 0x00000000, 0x00000000, \
  0x00000000, 0x00000000, 0x00000000, 0x00000000, 0x00000000, 0x00000000, 0x00000000, 0x00d20000, \
  0x00000000, 0x00000000, 0x00000000, 0x00000000, 0x00000000, 0x00000000, 0x00000000, 0x00000000, \
  0x00000000, 0x00000000, 0x00000000, 0x00000000, 0x00000000, 0x00000000, 0x00000000, 0x00000000, \
  0x00000000, 0x00000000, 0x3d000000, 0x00000000, 0x00000000, 0x00000000, 0x00000000, 0x00000000, \
  0x00000000, 0x00000000, 0x00000000, 0x00000000, 0x00000000, 0x00000000, 0x00000000, 0x00000000, \
  0x00000000, 0x00000000, 0xfc020b0f, 0x28fc07f8, 0x030cf00e, 0x0100fe10, 0x0011ed0a, 0x10152206, \
  0xf600f304, 0xfe16faf2, 0x11110cff, 0x011504fe, 0x0707f6fa, 0x1ae50705, 0x02f2f11d, 0xfb0f060b, \
  0x0bf802f7, 0x07eef704, 0x09ff0d15, 0x10051efb, 0xf60e0314, 0x0af5fbf6, 0x05fcfb0b, 0x020d05e2, \
  0xf30a0c18, 0x16fe141f, 0xedf917fb, 0x020d0d11, 0x12051816, 0x140a10f8, 0x0201060d, 0xf3ea0201, \
  0x0addf804, 0xff0b0000, 0x00000000, 0x0007fd00, 0x501a02a0, 0x00000022, 0x01140902, 0xfcfb0a21, \
  0xf70b0f05, 0x05faf900, 0x080003fa, 0xf80ff213, 0x0fef041d, 0x18140716, 0x05f7fe05, 0x0cf3fcfc, \
  0xedf6f707, 0xf8feeaf9, 0xfafa0400, 0x070c06fa, 0x130a00f8, 0x0eebef18, 0x050310ef, 0xf302eaef, \
  0xf5050505, 0xfb150607, 0x19fcfd0c, 0x13041009, 0x08e41606, 0xf8fbf6f5, 0x0bfaf3fc, 0xec2407f5, \
  0x16fd0df3, 0xf2f9fefe, 0xfff4edfc, 0x05ed03f6, 0x070df0fd, 0x01ec0000, 0x00000000, 0x00f00000, \
  0x501a02e0, 0x00000058, 0x00000000, 0x00000000, 0x3c000000, 0x00000000, 0x00000000, 0x00000000, \
  0x00000000, 0x00000000, 0x00000000, 0x00000000, 0x00000000, 0x00000000, 0x00000000, 0x00000000, \
  0x00000000, 0x00000000, 0x00000000, 0x00000000, 0x00000000, 0x00f00000, 0x00000000, 0x00000000, \
  0x00000000, 0x00000000, 0x00000000, 0x00000000, 0x00000000, 0x00000000, 0x00000000, 0x00000000, \
  0x00000000, 0x00000000, 0x00000000, 0x00000000, 0x00000000, 0x00000000, 0x00000000, 0x00000000, \
  0x3e000000, 0x00000000, 0x00000000, 0x00000000, 0x00000000, 0x00000000, 0x00000000, 0x00000000, \
  0x00000000, 0x00000000, 0x00000000, 0x00000000, 0x00000000, 0x00000000, 0x00000000, 0x00000000, \
  0xe7f60307, 0x15f60418, 0x070af706, 0x04fef009, 0x07fcffda, 0xf0eefbf2, 0x08ee05ee, 0x09df03e1, \
  0xdbfeeceb, 0xfcee0306, 0x15faea02, 0xfa04e80c, 0x0000f2f3, 0xd2fbf5df, 0x16fbf8fc, 0xf4fafef7, \
  0xedf80bf1, 0xf4f2e806, 0xfeffff0a, 0xf1fbed07, 0xf0ee0005, 0xeb01e8fa, 0xe5fdf7ff, 0xf9f8f6e4, \
  0xef11dd09, 0xfaf0f7fa, 0xfbecebff, 0xfa1c13e3, 0x04ece3f1, 0xdef5d6f1, 0x0ce3f5fa, 0x14020000, \
  0x00000000, 0x00e7f300, 0x501a0380, 0x00000022, 0xe70ef6fe, 0x020ff10d, 0xedff04ff, 0xe9f70efc, \
  0xff180ef8, 0x04e60c01, 0x03f90306, 0xe1fa08fe, 0xfb0008fd, 0x02f0000a, 0x03fc0cf8, 0x05f209e8, \
  0x10fef1f8, 0xf80e0605, 0xfb0a00fb, 0x00f70b14, 0xf2f60413, 0x05060e01, 0x12feed04, 0x07fffbfb, \
  0xfdeb04fc, 0x0105f601, 0xf3f8faf3, 0x070809fd, 0x0409f214, 0x0018f402, 0xe3ee0406, 0xfe000600, \
  0xf1fb0001, 0x03000af6, 0x1ef7f8f2, 0x0bfa0000, 0x00000000, 0x00f50900, 0x501a03c0, 0x00000058, \
  0x00000000, 0x00000000, 0x6d000000, 0x00000000, 0x00000000, 0x00000000, 0x00000000, 0x00000000, \
  0x00000000, 0x00000000, 0x00000000, 0x00000000, 0x00000000, 0x00000000, 0x00000000, 0x00000000, \
  0x00000000, 0x00000000, 0x00000000, 0x00f50000, 0x00000000, 0x00000000, 0x00000000, 0x00000000, \
  0x00000000, 0x00000000, 0x00000000, 0x00000000, 0x00000000, 0x00000000, 0x00000000, 0x00000000, \
  0x00000000, 0x00000000, 0x00000000, 0x00000000, 0x00000000, 0x00000000, 0x3e000000, 0x00000000, \
  0x00000000, 0x00000000, 0x00000000, 0x00000000, 0x00000000, 0x00000000, 0x00000000, 0x00000000, \
  0x00000000, 0x00000000, 0x00000000, 0x00000000, 0x00000000, 0x00000000, 0xff0d0b10, 0xf4f1f7f4, \
  0xfc0203e7, 0xecfeee0d, 0xf21406fc, 0xf4e8fce8, 0xffea0206, 0xfbfbfddd, 0xd022f8d2, 0xfcf2f7fb, \
  0xda05e4e9, 0xec0dfcf4, 0xddf5f6f4, 0xe6eefc07, 0xea06e4ef, 0x09f0e8e9, 0xe0f502f4, 0xff0df5ee, \
  0xd7f603ee, 0xf1eee7f8, 0xf0c31206, 0xcfbffbe1, 0xebf2dfd9, 0x020def10, 0x00eff2f7, 0xf907d105, \
  0xfac603f5, 0xf6fcca01, 0x1b01fc05, 0xf117f401, 0xf4ebfb09, 0xf6ff0000, 0x00000000, 0x00e3fd00, \
  0x501a0460, 0x00000022, 0xf8f20f0d, 0x01190ef3, 0xf5ff01e8, 0x050cfdf6, 0x02d9fc0d, 0x030dfb1c, \
  0x0af700fb, 0xf9f905f4, 0x17010c0b, 0x0ff1100c, 0xfc060602, 0xfdfdfd19, 0xf4cbfaff, 0x0dfb0b14, \
  0x12e1040f, 0x01f5eef7, 0xf215f9fc, 0xf5140f12, 0xedf60616, 0xfe0400ec, 0x0904f9fd, 0x0e09fd0d, \
  0xf22f0df7, 0x0a0c02fb, 0x02f8ef01, 0xf7fb06ef, 0xfe0903f7, 0xfd08edf4, 0x0103f9d9, 0x05090711, \
  0x0f1001fc, 0xf2e30000, 0x00000000, 0x000d0100, 0x501a04a0, 0x00000017, 0x00000000, 0x00000000, \
  0x52000000, 0x00000000, 0x00000000, 0x00000000, 0x00000000, 0x00000000, 0x00000000, 0x00000000, \
  0x00000000, 0x00000000, 0x00000000, 0x00000000, 0x00000000, 0x00000000, 0x00000000, 0x00000000, \
  0x1ad91dfa, 0x0fd41c09, 0x09000000, 0x00000000, 0x00030000, 0x501a4000, 0x00000178, 0xf004f8fc, \
  0x00170ef2, 0x0cfffedd, 0x0bf7f711, 0xecf300fc, 0xfafbf9f9, 0xfbfaf9fc, 0xfdf9fff9, 0xf902f9fa, \
  0x00ff0000, 0x00000000, 0x0003ef0a, 0xebf711f4, 0xeae8f406, 0x0d1304fc, 0x00f2e000, 0x00000000, \
  0x00000000, 0xecebf3e7, 0xfef00607, 0xe5000000, 0x00000000, 0x00000c17, 0x0b15140f, 0xed0913fa, \
  0x01f308f2, 0xe0100902, 0xe91b0805, 0xe80806ef, 0xdde3d8ec, 0xffe7cce8, 0xdc08feff, 0xf705fdf7, \
  0x000102fa, 0x00ff01ff, 0xfffc0401, 0xfcfe02f5, 0xf9f3faf4, 0xfe02fa02, 0xfdf9fdfd, 0xfdfcfa08, \
  0xffef0bea, 0x240beff7, 0xf4181007, 0xe7170b1b, 0xe902e6ef, 0xeadce8f5, 0xf3000000, 0x00ff0000, \
  0xff000300, 0xf0e809fb, 0x0506e827, 0x0a15150c, 0x051003dd, 0xf2f6fdf5, 0x08fc1a0e, 0xf40f16f2, \
  0xfbe5f80d, 0xdfe8f2f1, 0x04e1f7f5, 0xe80411f6, 0xf3f2f5f9, 0xf2f4fcf9, 0xfe0cf5fb, 0x09fa0306, \
  0xebfe05f8, 0xffeb09fd, 0x02faecfd, 0x0ffc02fe, 0xf302fe03, 0x0c03efef, 0xed0d04f4, 0xf113e5e9, \
  0xe1d7060b, 0xfbe5fae8, 0xf5f70be0, 0x0bf1fef8, 0xf8fdfb09, 0xfb0100fc, 0xecec02f8, 0x030711fe, \
  0xeceafff5, 0xf4f8fdf2, 0x060000ff, 0x0000ff00, 0x000004fe, 0xeef0f0cb, 0xf2f5d714, 0x14fe0d0e, \
  0x190df518, 0x00000000, 0x00000000, 0x00fa05eb, 0x0a04f6f9, 0xe810fdff, 0xf5020bfa, 0xf2f90cf7, \
  0x07e8ff04, 0x0201fce8, 0xfbfafdfd, 0xfa05f7f3, 0x02ecf904, 0x06e9e5ff, 0xe7ff15fe, 0x0af606fb, \
  0x1f091a00, 0xf4f2fef5, 0x020202f2, 0x0c110dfc, 0xf205eff9, 0x03040201, 0x02fcfc00, 0x03040100, \
  0x00fe0100, 0x01ff00f8, 0xf4f5f9fc, 0xf8faf5f6, 0x11f1ebf5, 0xf2fc0cff, 0xf0f0eae6, 0xf5f3edf3, \
  0xf6f2fe07, 0x0c02f30c, 0xfe0b0cec, 0xeaedeef0, 0xf6f0f3ee, 0x01fd0600, 0x06fafa06, 0xeffbf5e8, \
  0xf400cefb, 0xf5e2fbeb, 0xebfa0910, 0x090dfbed, 0x00091829, 0xf606d7d2, 0x01f9fa09, 0x050c02fc, \
  0xfa3f1607, 0x0e11f40e, 0x05f40809, 0xf702f6f6, 0x06110a0c, 0x0eec00ec, 0xeffeeeff, 0x00000000, \
  0x00000000, 0x00000000, 0x00000000, 0x00000000, 0x00000000, 0x00000000, 0x00000000, 0x00000000, \
  0x00000000, 0x00000000, 0x00000000, 0x00000000, 0x00000000, 0x00000000, 0x00000100, 0x00000000, \
  0x00000100, 0xff020100, 0x01ff0100, 0xfe000000, 0x00000000, 0x00000000, 0x00000000, 0x00000000, \
  0x00000000, 0x00000000, 0x00ff00ff, 0x00010000, 0xff0000ff, 0x00ff0100, 0x00ff0000, 0x00000000, \
  0x00000000, 0x00000000, 0x00000000, 0x00000000, 0x00000000, 0x00000000, 0x00000000, 0x00000000, \
  0x00000000, 0x00000000, 0x00000000, 0x00000000, 0x00000000, 0x00000000, 0x00000000, 0x00000000, \
  0x00000000, 0x00000000, 0x00000000, 0x000100ff, 0x00000001, 0x00000000, 0x00000000, 0x00000000, \
  0x00000000, 0x00000000, 0x00000000, 0x00000000, 0x00000000, 0x00000000, 0x00000000, 0x00000000, \
  0x00ff0603, 0xfefb0107, 0xfffa0000, 0x00000000, 0x00000000, 0x00000000, 0x00000000, 0x00000000, \
  0x00000000, 0x00000000, 0x00000000, 0x00000000, 0x00000000, 0x00000000, 0x00000000, 0x00000000, \
  0x0000fe00, 0x00ff0202, 0x02000000, 0x00000000, 0x00000000, 0x00000000, 0x00000000, 0x00000000, \
  0x00000000, 0x00000000, 0x00000000, 0x00000000, 0x00000000, 0x000000ff, 0x00ff0000, 0x00000000, \
  0x00000000, 0x00000000, 0x00000000, 0x00000000, 0x00000000, 0x00000000, 0x00000000, 0x00000000, \
  0x00000000, 0x00000000, 0x00000000, 0x00000000, 0x00000000, 0x00000000, 0x00000000, 0x00000000, \
  0x00000000, 0x00000000, 0x00000000, 0x00000000, 0x00000000, 0x00000000, 0xff000000, 0x00000000, \
  0x00000000, 0x00000000, 0x00000000, 0xff000001, 0xfefffffc, 0x00000000, 0x00000000, 0x00000000, \
  0x00000000, 0x00000000, 0x00000000, 0x00000000, 0x00000000, 0x00000000, 0x00000000, 0x00000000, \
  0x00000000, 0x00000000, 0x00000000, 0x00000000, 0x00000000, 0x00000000, 0x00000000, 0x00000000, \
  0x00000000, 0x3e000000, 0x00000000, 0x00000000, 0x00000000, 0x00000000, 0x00000000, 0x00000000, \
  0x00000000, 0x00000000, 0x00000000, 0x00000000, 0x00000000, 0x00000000, 0x00000000, 0x00000000, \
  0x00000000, 0x00000000, 0x00f90000, 0x00000000, 0x00000000, 0x00000000, 0x00000000, 0x00000000, \
  0x00000000, 0x00000000, 0x00000000, 0x00000000, 0x00000000, 0x00000000, 0x00000000, 0x00000000, \
  0x00000000, 0x00000000, 0x00000000, 0x00000000, 0x00000000, 0x3f000000, 0x00000000, 0x00000000, \
  0x00000000, 0x00000000, 0x00000000, 0x00000000, 0x00000000, 0x00000000, 0x00000000, 0x00000000, \
  0x00000000, 0x00000000, 0x00000000, 0x00000000, 0x00000000, 0xf8011309, 0xf0fff9fb, 0xfff6fcfc, \
  0xfefbf1ff, 0x0e030d05, 0x07ee0800, 0xf51bf6f3, 0x00fa050c, 0x02e406fe, 0x0406f716, 0x03ee0b04, \
  0xf2fbee0b, 0xefe51300, 0x0ef9ecf3, 0xf0170105, 0x17060aff, 0x0c05fdf2, 0x02fd0b1e, 0x0bfffb0a, \
  0x23f10efd, 0x1501f5f4, 0x06e20911, 0x06090502, 0xfcfcfbed, 0xfbfddb07, 0x00060402, 0xfcfc0e0f, \
  0xf7f9ee0c, 0x050c13ef, 0x051dfef3, 0xef19f600, 0xf1fe0000, 0x00000000, 0x00130a00, 0x501a42a0, \
  0x00000022, 0xd61a0003, 0x28f81efe, 0xf0fd2207, 0xfdff08ea, 0xf5ff3af2, 0xfcec06f0, 0x24fff60b, \
  0xda0d06f5, 0x0c1308fd, 0xfc0ffff8, 0xf80511f5, 0x211ce907, 0x170ed40f, 0x0a0215fb, 0xf9eff00d, \
  0x1a19dff1, 0xfaee14e7, 0xe2f2f7fb, 0x1cff0215, 0xec0308f4, 0x03fb0108, 0x20fde30d, 0xf10a2a0a, \
  0xf6edda14, 0x01f2eb0b, 0xf1050cf7, 0xe90f10fb, 0xea0d000c, 0x08fcd2fc, 0xebfb05fc, 0x090ff501, \
  0xeefa0000, 0x00000000, 0x0002fb00, 0x501a42e0, 0x00000058, 0x00000000, 0x00000000, 0x3c000000, \
  0x00000000, 0x00000000, 0x00000000, 0x00000000, 0x00000000, 0x00000000, 0x00000000, 0x00000000, \
  0x00000000, 0x00000000, 0x00000000, 0x00000000, 0x00000000, 0x00000000, 0x00000000, 0x00000000, \
  0x00020000, 0x00000000, 0x00000000, 0x00000000, 0x00000000, 0x00000000, 0x00000000, 0x00000000, \
  0x00000000, 0x00000000, 0x00000000, 0x00000000, 0x00000000, 0x00000000, 0x00000000, 0x00000000, \
  0x00000000, 0x00000000, 0x00000000, 0x40000000, 0x00000000, 0x00000000, 0x00000000, 0x00000000, \
  0x00000000, 0x00000000, 0x00000000, 0x00000000, 0x00000000, 0x00000000, 0x00000000, 0x00000000, \
  0x00000000, 0x00000000, 0x00000000, 0x081dfc0e, 0xfc10f3e3, 0xfde40701, 0xf9f907fd, 0xf103080c, \
  0xf8080509, 0xfe0e0401, 0x0d050e0d, 0x220b1719, 0xf20f051d, 0x030bf809, 0x00fbeefe, 0xfcec0f08, \
  0x1a07120e, 0xf1f00606, 0x16fffffe, 0x050d1106, 0x06fd0cee, 0x07ff1501, 0x151ffbf2, 0x16ee1903, \
  0x150b2e23, 0xf1edfbfe, 0x0e34f9fc, 0xf50318f6, 0x0a1006fb, 0x1616180c, 0x1b440906, 0x10ef18fa, \
  0x2b150114, 0x04fd2703, 0x01050000, 0x00000000, 0x00f80300, 0x501a4380, 0x00000022, 0xf1ef1e07, \
  0x0608f1f8, 0x17fdfb02, 0xed00ff07, 0x10fb0105, 0xfe0c0f01, 0x010008ff, 0x0af700f8, 0x1308eefc, \
  0x17fd0afe, 0x060a02fd, 0x0e13f309, 0xef0ffd12, 0x04f7edee, 0xf70d1309, 0xf703fcf6, 0x01f5f4f9, \
  0xfbff18f6, 0xf3f6f9f2, 0xfdf90206, 0x10fdf6fc, 0x1d03ec0a, 0xe404f406, 0xfc050e0f, 0xf706ecfb, \
  0xfbf105fd, 0xf0030aea, 0x18f2f9f9, 0xeff90afa, 0x0306f303, 0x130d1617, 0x0ef40000, 0x00000000, \
  0x00faed00, 0x501a43c0, 0x00000058, 0x00000000, 0x00000000, 0x6f000000, 0x00000000, 0x00000000, \
  0x00000000, 0x00000000, 0x00000000, 0x00000000, 0x00000000, 0x00000000, 0x00000000, 0x00000000, \
  0x00000000, 0x00000000, 0x00000000, 0x00000000, 0x00000000, 0x00000000, 0x00fe0000, 0x00000000, \
  0x00000000, 0x00000000, 0x00000000, 0x00000000, 0x00000000, 0x00000000, 0x00000000, 0x00000000, \
  0x00000000, 0x00000000, 0x00000000, 0x00000000, 0x00000000, 0x00000000, 0x00000000, 0x00000000, \
  0x00000000, 0x3f000000, 0x00000000, 0x00000000, 0x00000000, 0x00000000, 0x00000000, 0x00000000, \
  0x00000000, 0x00000000, 0x00000000, 0x00000000, 0x00000000, 0x00000000, 0x00000000, 0x00000000, \
  0x00000000, 0x0b01f131, 0xfe071915, 0x0415050b, 0x0d2d0912, 0x15fc1dee, 0x1d04081a, 0x0d041809, \
  0x00030f15, 0x33f71427, 0x13040b0f, 0x1527fdfd, 0x321a14ff, 0x2403030b, 0x21280c16, 0x030a0e1c, \
  0x0904fe26, 0x1816150a, 0xfbf31e10, 0x2112010c, 0x05151eef, 0x0513f20c, 0x0e3d0505, 0x0a091d16, \
  0x11f10ff5, 0xf403081b, 0x06fc14f6, 0xee2e050d, 0x13f92f2f, 0x183401fa, 0x100cf815, 0x100e15f4, \
  0x0d0e0000, 0x00000000, 0x002d0c00, 0x501a4460, 0x00000022, 0xff0b0cf2, 0x08ecf00c, 0xf8f5ebfc, \
  0xff03ff08, 0x19fd0d10, 0xea03f3f8, 0x02fb1400, 0x1800ef03, 0xf6f40411, 0xf809140f, 0xe512090e, \
  0x0507f6ee, 0x04070e09, 0x0d0e0916, 0xed0c0707, 0xff02ffff, 0xfe090305, 0xfd14f0f1, 0x00f7ff03, \
  0xffea08f7, 0x02050504, 0xf309eeeb, 0x04160f14, 0xf203feff, 0xedff1706, 0xf4f40501, 0x0404f80f, \
  0x04f60304, 0x0c06fdf8, 0x08020e1c, 0x0319f308, 0xfa020000, 0x00000000, 0x000efb00, 0x501a44a0, \
  0x00000017, 0x00000000, 0x00000000, 0x54000000, 0x00000000, 0x00000000, 0x00000000, 0x00000000, \
  0x00000000, 0x00000000, 0x00000000, 0x00000000, 0x00000000, 0x00000000, 0x00000000, 0x00000000, \
  0x00000000, 0x00000000, 0x00000000, 0xe125f609, 0x141ee81c, 0xea000000, 0x00000000, 0x00e50000, \
  0x501a8000, 0x00000178, 0xea02f6eb, 0xf8f9e3f9, 0xf3ea0517, 0xf0e51af7, 0xef05f1ef, 0xebf2f6ea, \
  0xf3f7f5fb, 0xf6f6f8f6, 0xf8f8fbfc, 0xfbf4f1f8, 0xfaf002f4, 0x09f1ecf7, 0xf4f5000e, 0xeff0170b, \
  0xf2feeb0d, 0xea0eed00, 0x00000000, 0x00000000, 0x02fd17ef, 0xfe1b0602, 0x0bfa06fa, 0xfaf60af8, \
  0xf601f706, 0x0f090fef, 0x08f2e60c, 0x0108fef8, 0x0407eff0, 0x0c080bff, 0xf8f7f20b, 0x0e041202, \
  0x1b0d1507, 0xfa0b03ff, 0x00000206, 0x01fff4f6, 0x02040d02, 0x0bf30700, 0xfd0b09ff, 0xf8fe02fd, \
  0xf405f501, 0x00e8f1ea, 0xffe2fa15, 0x0dec150d, 0xec070705, 0xf608f31a, 0xef13f6db, 0xeef70e02, \
  0x1205fd13, 0x21faf8fc, 0x08010807, 0x05f5f7eb, 0xfbfefcee, 0xeffafcef, 0x0403f8f4, 0xf4fbf600, \
  0xf2d3ffe7, 0xe4e3f2e1, 0xf5fef902, 0xefeff20e, 0xf2f60f19, 0xfa02fefc, 0xfa0d00f4, 0xf5fdf5fb, \
  0x00f4f4f2, 0x07f9f5f9, 0x09080e0c, 0x0df8feed, 0xefebf209, 0xf9f5f503, 0xeb05fdfc, 0x1beaeaf4, \
  0xf8f00af7, 0xf10a00f7, 0xfaf30afb, 0x160df804, 0xee100f06, 0xe5e6e2ee, 0xecfa09ef, 0xfc03effe, \
  0x08fb0600, 0x00fd0000, 0x02f800f0, 0x10090800, 0xf6f1f5f3, 0xe403fe01, 0x0000ff00, 0x00001016, \
  0x070214f4, 0x01121713, 0xeed11efa, 0xd005fce6, 0x02fe0003, 0xfc0006f7, 0x02e9f0f6, 0x01f2e902, \
  0xed03110f, 0xee090e02, 0x06f00ef0, 0x0cfef00d, 0xed09eff6, 0x06f9ff02, 0x04fa08fa, 0xf6e4e0e4, \
  0x050b0807, 0x0a00080a, 0xebf6e2e3, 0xf8d8f8f6, 0xf5e6fcea, 0xeaeff1ec, 0xfbfcfeeb, 0xf1f10308, \
  0xedfcfcf5, 0x01fafcf8, 0x03fafbf6, 0xf908f206, 0xfd08fcf8, 0xfafcf5f9, 0xf6f4f6f9, 0xf810fef8, \
  0xf41ce1fc, 0xfceef2f3, 0xf0e1e8df, 0xeaebfcfc, 0x01fd0000, 0x02f500f4, 0xf5fbede9, 0xf1ebedf0, \
  0xf9f7fff3, 0xf8f1fffb, 0x01f9f310, 0x000919f9, 0xf70905e6, 0xd10100d7, 0x08cff3e9, 0xe2dae101, \
  0xfd0307fc, 0x01f7eef5, 0xf1f2f206, 0x0a01fa01, 0xf60d0106, 0x07fbf8fd, 0xf2f000ef, 0x000602fc, \
  0xfc050000, 0x030000fd, 0xecf809fe, 0xf012e6fa, 0x0feff3f7, 0xfc0b01e1, 0xeed80825, 0xf6fde6de, \
  0xcbd5ce1b, 0x1325ff0f, 0x0dff0a0f, 0x05f8ebfd, 0x07f4fa17, 0xf0f3ffec, 0xecf30e00, 0xefecfa02, \
  0xf7f10916, 0xdc133204, 0x09f2ebf7, 0xc6e4faf2, 0x091fe6ff, 0x01e3e9f6, 0xdafc210e, 0xfe212b0c, \
  0x001804e0, 0x08fed6ee, 0xd6d3ee0b, 0x28132227, 0x161b1e13, 0xf90807f3, 0x06e9f0fb, 0xf71816e8, \
  0xef13f5dc, 0xe6ff18fe, 0x17eefbfb, 0xf7eade15, 0xfb0e1f09, 0x04210e0e, 0xed042efc, 0x050c070d, \
  0x0908ee0b, 0x15f7f00d, 0xe6cfe918, 0x18000705, 0xf4f30b2d, 0x241f12f5, 0x04faf4e4, 0xf8021d05, \
  0x000f0b1b, 0x17fbf6f2, 0x0506e814, 0x18faf6ff, 0x10fb1912, 0x191f1edb, 0xe516f6fe, 0xf3e9fa1c, \
  0x0bfff824, 0x10ef0dfd, 0xe8eeeaee, 0xdc0426e5, 0xeef40a0d, 0xfb0208f7, 0x0203e408, 0x07f9111c, \
  0xff2d0ef1, 0x03e9c72a, 0x06eb151a, 0x00fef207, 0xeef3fc0b, 0xf0f5ff20, 0x2c0c1318, 0xe7f908e8, \
  0xf804fe09, 0xfc22e303, 0x1721140c, 0x1622171d, 0x332216fc, 0x171ae9ea, 0xd1ed00f3, 0x0200f3ff, \
  0x00f50003, 0x030af2fe, 0x03eaddfa, 0x0006fdfc, 0xf0e7fbe1, 0xf6f8e1ed, 0xeadceefb, 0xeef30806, \
  0x13011500, 0xf8fb04d0, 0xe624d9fd, 0xf7d7df13, 0xfc03190b, 0xe701f9e3, 0xfcf9ff00, 0xefea01f6, \
  0xfcf70622, 0xf7f4fd13, 0xd8e2e9f9, 0x05f402ef, 0xf0dcddea, 0xfe2d0ef0, 0xf6ecccdb, 0xede5d712, \
  0x090a23f7, 0x103ae3f4, 0xe0e41206, 0x0df91300, 0x00000000, 0x00000000, 0xfe05fcf7, 0x0aef0b1e, \
  0xf5fbfcfa, 0xfffafdfd, 0x01fcfaf9, 0xfcfafbfc, 0xfafaf719, 0x1ffd0701, 0x0401f9ee, 0xfc24f315, \
  0xecfb14f6, 0xe6fdef09, 0xfdebf2f9, 0xfee123f8, 0xefebfcfd, 0xedf9ec1b, 0xbec411eb, 0xcf08e3e1, \
  0xead7eaec, 0xd5faf0f5, 0xf6f7e0e5, 0x05fa0e1a, 0x08fefaff, 0x04fcf5e6, 0x07ebfe2a, 0x0ffa2509, \
  0xea0d10ca, 0xf1fefbf9, 0x0beef409, 0x1ae3fc15, 0xf6e908ff, 0xfce9fffe, 0xfd00fefd, 0x00fffce3, \
  0xd2f0f111, 0x13f32f26, 0x00000000, 0x00000000, 0x40000000, 0x00000000, 0x00000000, 0x00000000, \
  0x00000000, 0x00000000, 0x00000000, 0x00000000, 0x00000000, 0x00000000, 0x00000000, 0x00000000, \
  0x00000000, 0x00000000, 0x00000000, 0x00000000, 0x00000000, 0x00d30000, 0x00000000, 0x00000000, \
  0x00000000, 0x00000000, 0x00000000, 0x00000000, 0x00000000, 0x00000000, 0x00000000, 0x00000000, \
  0x00000000, 0x00000000, 0x00000000, 0x00000000, 0x00000000, 0x00000000, 0x00000000, 0x00000000, \
  0x41000000, 0x00000000, 0x00000000, 0x00000000, 0x00000000, 0x00000000, 0x00000000, 0x00000000, \
  0x00000000, 0x00000000, 0x00000000, 0x00000000, 0x00000000, 0x00000000, 0x00000000, 0x00000000, \
  0x0e16fd29, 0x0406ceed, 0xf9100012, 0xf9faf807, 0x10ed0005, 0xf4defe10, 0xdb0801f7, 0xfd011afa, \
  0x03ecf9de, 0xe10600f6, 0x03f80f09, 0x0918e50d, 0xee0625e2, 0x1008f510, 0xe3f4fbf9, 0x190cfef8, \
  0xf3fd0bf7, 0x0701e4ee, 0x03000111, 0xf4f3e9ff, 0x18fa0c0e, 0x09cf13fd, 0xf3151908, 0xee0812fb, \
  0x07f710d7, 0xff11fef7, 0x09ffe112, 0xff05f8e6, 0x0d02f904, 0xe417ee0d, 0x002707ea, 0x0ae90000, \
  0x00000000, 0x0008f300, 0x501a82a0, 0x00000022, 0xf5f11904, 0x0a0b0212, 0x0d1fee0d, 0xe20802fb, \
  0x0006080e, 0x030a0e07, 0x0505ff08, 0x0ffaf40c, 0x0c0ef1fa, 0x27f4f605, 0xf0f407f9, 0xfcfb10fe, \
  0xfcfaef03, 0xf2fcf70b, 0x040ff912, 0xfafefbf0, 0xee0af1e5, 0xf8f91817, 0x0108eeff, 0x1715fe06, \
  0x08fff60e, 0x0bfbf1fc, 0xe6f4f212, 0x00060ef3, 0xec040101, 0xf40d0e02, 0xe8060916, 0x0aebf4f4, \
  0xf6f708ff, 0xf7f9edf7, 0x12fc1502, 0x0cff0000, 0x00000000, 0x0008f600, 0x501a82e0, 0x00000058, \
  0x00000000, 0x00000000, 0x3b000000, 0x00000000, 0x00000000, 0x00000000, 0x00000000, 0x00000000, \
  0x00000000, 0x00000000, 0x00000000, 0x00000000, 0x00000000, 0x00000000, 0x00000000, 0x00000000, \
  0x00000000, 0x00000000, 0x00000000, 0x00020000, 0x00000000, 0x00000000, 0x00000000, 0x00000000, \
  0x00000000, 0x00000000, 0x00000000, 0x00000000, 0x00000000, 0x00000000, 0x00000000, 0x00000000, \
  0x00000000, 0x00000000, 0x00000000, 0x00000000, 0x00000000, 0x00000000, 0x42000000, 0x00000000, \
  0x00000000, 0x00000000, 0x00000000, 0x00000000, 0x00000000, 0x00000000, 0x00000000, 0x00000000, \
  0x00000000, 0x00000000, 0x00000000, 0x00000000, 0x00000000, 0x00000000, 0xfe121608, 0xf0df08fb, \
  0x0bf6fefe, 0xdc1001fa, 0x090f03fd, 0x0a160101, 0xe0eafe09, 0x10060f11, 0xf6fb020d, 0x1116fd0a, \
  0xf3fff103, 0xf4103202, 0xdfe90f00, 0xf602ff06, 0xfcf00af4, 0xeddefce2, 0xf7fa1105, 0x06fffbde, \
  0xfe01fff9, 0xfc04d804, 0xfe07f1df, 0xebfcf4e3, 0xfde6d9fb, 0x04eff11f, 0x0201e3fa, 0x1e15e810, \
  0xf6f4fe27, 0xf3deec44, 0xf301f3e7, 0xf7fd2201, 0x1be701f4, 0xf4010000, 0x00000000, 0x00eeff00, \
  0x501a8380, 0x00000022, 0x13fa2f1e, 0xfc0902e1, 0x09f6dcfd, 0x00fe0911, 0x050afbeb, 0xfff31aff, \
  0x17f12808, 0x0502f5e8, 0x0209eb11, 0xfefffef9, 0xf308fb08, 0xf8ecdb2a, 0x0a040ff1, 0xf50f0a01, \
  0x15fa1018, 0x000c0b08, 0x0f110909, 0xf903f315, 0xfbede6f3, 0xe8fd08fb, 0xfe0ef7fb, 0xffe0e9ff, \
  0x181d05f4, 0xe5f60fe6, 0xed1120fe, 0x0bfb2006, 0xe616df04, 0xfe0fff12, 0xe7fa06f0, 0xfa180001, \
  0x0df2ef13, 0xeeff0000, 0x00000000, 0x0000ef00, 0x501a83c0, 0x00000058, 0x00000000, 0x00000000, \
  0x6c000000, 0x00000000, 0x00000000, 0x00000000, 0x00000000, 0x00000000, 0x00000000, 0x00000000, \
  0x00000000, 0x00000000, 0x00000000, 0x00000000, 0x00000000, 0x00000000, 0x00000000, 0x00000000, \
  0x00000000, 0x002d0000, 0x00000000, 0x00000000, 0x00000000, 0x00000000, 0x00000000, 0x00000000, \
  0x00000000, 0x00000000, 0x00000000, 0x00000000, 0x00000000, 0x00000000, 0x00000000, 0x00000000, \
  0x00000000, 0x00000000, 0x00000000, 0x00000000, 0x42000000, 0x00000000, 0x00000000, 0x00000000, \
  0x00000000, 0x00000000, 0x00000000, 0x00000000, 0x00000000, 0x00000000, 0x00000000, 0x00000000, \
  0x00000000, 0x00000000, 0x00000000, 0x00000000, 0x030ff2fe, 0xfc06fa0d, 0x010ceb06, 0xf30c0df6, \
  0xf6050deb, 0xe3020301, 0xfd0e09fa, 0xedf902e5, 0xf8f6f8fb, 0x000ef20b, 0xfaf8e8ff, 0xf1fafef1, \
  0xf7dcfb03, 0xf108f50f, 0xe90500fe, 0xf5fb04f4, 0xfefff4eb, 0xcff4ec05, 0x15fc05f5, 0xf6fbeff3, \
  0xfaf5d3f5, 0x0df1f2e6, 0x14fcec0a, 0xfafef6e3, 0xe6ec04e8, 0x08fcfbef, 0x1506070b, 0xf2d6fdf6, \
  0x00ea0900, 0xfafff011, 0x0dfe25f2, 0xfb050000, 0x00000000, 0x00fcf400, 0x501a8460, 0x00000022, \
  0x03220bd6, 0xf60cecfa, 0xf511fd12, 0xfbfcf5f9, 0x01140107, 0x0bfef7fe, 0xfd12fcef, 0xf60af920, \
  0x052207fa, 0xfb130df7, 0xfe0e15f4, 0x00fb0bd9, 0xfbfcfdf4, 0xfc18011f, 0xfcfcfc01, 0xfee6fdd1, \
  0xecf2f10c, 0xff0a030e, 0x0af8fe08, 0xf9eb0408, 0xf3fe0218, 0x0efcf5f5, 0xf4f20f0f, 0x140f0d0b, \
  0x0de901ee, 0xf3f6d801, 0xfff70d0e, 0xf2e912fc, 0xed050107, 0x1110fc1e, 0x17f50cf2, 0x0cf20000, \
  0x00000000, 0x000e0f00, 0x501a84a0, 0x00000017, 0x00000000, 0x00000000, 0x58000000, 0x00000000, \
  0x00000000, 0x00000000, 0x00000000, 0x00000000, 0x00000000, 0x00000000, 0x00000000, 0x00000000, \
  0x00000000, 0x00000000, 0x00000000, 0x00000000, 0x00000000, 0x00000000, 0x12fd341d, 0xfcdbc6f2, \
  0xe7000000, 0x00000000, 0x00220000, 0x501ac000, 0x00000178, 0xe5fdee0c, 0x18fff4f8, 0xff111a0c, \
  0xfafe19e5, 0x020c01f4, 0xf9f4f8f7, 0xf5f6f607, 0x02f304f8, 0xf6f9f8f7, 0x05f80107, 0xf9fefcf5, \
  0x08e1f6e7, 0xffebf10e, 0xf00b1c18, 0x070d1405, 0xf705fe00, 0x00000000, 0x00000000, 0xdaecfdeb, \
  0x0ef1eaf3, 0x01fffeff, 0xfff9fa01, 0x00feeefd, 0x1ff6fa06, 0xf3f10313, 0x18e8fbfc, 0xfee304f8, \
  0x0e030411, 0xe4fafae0, 0xf300fe14, 0x000800f1, 0xf4f20103, 0xf506fe01, 0xffff00ff, 0xff0401fb, \
  0x0b0bfdfb, 0x0b0206f6, 0xfeff0005, 0xfef5ecef, 0xeeffeef8, 0x02fb06f6, 0x060a040f, 0x03ef0fef, \
  0xfd0a02fb, 0x0af1f114, 0xfaf219fb, 0x090b00f3, 0x0801fcfa, 0xfffcfa03, 0xfafd1206, 0xf80d150e, \
  0xfb0df616, 0xf0e91209, 0x010cf30e, 0xffe4e618, 0x0dfe12f9, 0xeae4ddf7, 0x1014f707, 0x140c1af2, \
  0xf50bf6eb, 0xee09f5f3, 0xf4fef2f5, 0xfcecfaf8, 0xeef109f8, 0x0e01f501, 0x0101070a, 0x01ef0609, \
  0x0b05ece7, 0x05fd0301, 0x020d19fb, 0x030af1ed, 0x0af50802, 0x06f402ed, 0x0b1d0df3, 0x14002226, \
  0x02110be6, 0xeef601f2, 0xf8f80df9, 0x0905f6fc, 0x0ce7ff04, 0xefeffdf8, 0x0cf3fbf1, 0xf7f20ff4, \
  0xf2fbfa02, 0xfd000100, 0x0000e7fd, 0xf6f0f30e, 0xe903efff, 0xf80021f3, 0xf81b1306, 0x0500fffe, \
  0x02fffafb, 0x00e9eef7, 0x0208fef0, 0xf512fafd, 0xf505f600, 0xf0f9f3f6, 0xf801fafa, 0xfaf50cf6, \
  0xfcf3fc00, 0x00fb09fc, 0xfb00f0ec, 0xfbdbeffc, 0xf0f0d800, 0xf20e1812, 0x0d0d02ea, 0x0709eafd, \
  0x00eff004, 0x09ebe5ef, 0xfc04e6e3, 0xf8fcfefd, 0x020300ff, 0xfd00fcfb, 0xf803fdf2, 0xfbfe07f8, \
  0xfafaf9f7, 0xf9f7f6f8, 0xf806f309, 0xfa0900fa, 0x00fffefd, 0xf5f3fbec, 0xeeedfcfd, 0x05fdfcfe, \
  0x02fefff9, 0xfdf6f9f6, 0xf1f3ebea, 0xfdfcf8f8, 0xf4f7f5e8, 0xf4030d00, 0x1dfafcee, 0x090b0af9, \
  0xdb0408f0, 0x0d0e0316, 0x08edf2e7, 0xdfcf0b1a, 0xf9f6fe0a, 0x09050109, 0x030aecd8, 0x13f8dded, \
  0xe50be9f9, 0x03ecf5ed, 0x01fefc0a, 0xfbfffafc, 0xfdff00fd, 0xfbf605eb, 0x010eee03, 0xfcedead0, \
  0xe4eddde6, 0xf9faff09, 0xfc120af3, 0xfdeb0613, 0xfbeb14f4, 0x021df80b, 0xed00e9f1, 0x0afc0209, \
  0xfd0107ff, 0x0e0deeeb, 0x05f304f9, 0x0f010afd, 0xe905fbf5, 0xff190900, 0x0907e4fa, 0xfd0604e8, \
  0x061404f2, 0x0a0f1115, 0xef1111f0, 0xfa08f7e9, 0xf5f3edfc, 0xf9f514f4, 0xffec1707, 0x0d2220ff, \
  0xf6040806, 0x09ed0b00, 0x0b0212f6, 0xf3fb0e06, 0xf60104f8, 0xed02e9f6, 0x05f1f308, 0xe7f406f7, \
  0xf2e9f0e5, 0xf30bf7fb, 0x0e17070b, 0x0a02faf0, 0x0cf6f20a, 0xfdf0d0d0, 0xd5e8d607, 0xf70bf910, \
  0xf41bfd06, 0xf8151616, 0x071714f4, 0x0afa13fa, 0x1510e904, 0xff0305f1, 0xf0effcff, 0xf20403f7, \
  0xf5fd0101, 0xfe0ee7f1, 0xf1f2fb13, 0x03f2fdfc, 0x0c10070c, 0x0fee04f5, 0xf9000305, 0x030f0a02, \
  0xf505f7ec, 0x08fdedfb, 0x1bfefaee, 0x030cfaeb, 0x05031f08, 0xfe10f9e3, 0xf4fbf40f, 0x09f00407, \
  0x0afe0d0b, 0x14ffe8f8, 0xf60bf0e8, 0x02fdfce8, 0xf40e0cf8, 0x0b12f7e9, 0xf3fbf7fa, 0x0ff5f5ea, \
  0x0f0613fa, 0xf70b00f1, 0xf306edfd, 0x000af9ec, 0x02f9f4f9, 0x07e6f9e9, 0xfa0af40f, 0xf9eceef0, \
  0x020bfdf1, 0xf9e6f313, 0xf3f5eef0, 0x1af11205, 0xf2fd0006, 0xfc09eaf6, 0x00f3f706, 0x10fe05f4, \
  0xfd031107, 0xfaf5effd, 0xf6070204, 0x040bf905, 0x0409fb07, 0xfd0dfa11, 0xf802f5fa, 0xe604f4ee, \
  0x11150f18, 0x13070b0f, 0xf9f4fbe5, 0xfaf0e306, 0xf7f30d02, 0x0712140f, 0xfe110400, 0x00000000, \
  0x00000000, 0x0202110a, 0x1100f507, 0x04fbf602, 0xfcf7f9f0, 0x07f0fe04, 0xf6f9faf7, 0xfdf3f105, \
  0x09130df0, 0xf1180b05, 0xe7effafe, 0x0ce2130d, 0xf3e5f618, 0x000e0a0b, 0xfb0601f1, 0xf9ee0703, \
  0x00f8f718, 0xf8f31118, 0xfe0ce8f8, 0x16eae6fc, 0xfff0f1f5, 0x0c07fbe1, 0xf6ff02f5, 0x0a061100, \
  0x0ef1fd08, 0xf9090d09, 0xf2fb03f7, 0xf6f500f9, 0x07f6eb02, 0x07eaf5ff, 0x03eaee01, 0xf10de308, \
  0x0efd00f9, 0xfaff08fe, 0xfef702f8, 0x07f50bee, 0x040bfae9, 0x00000000, 0x00000000, 0x42000000, \
  0x00000000, 0x00000000, 0x00000000, 0x00000000, 0x00000000, 0x00000000, 0x00000000, 0x00000000, \
  0x00000000, 0x00000000, 0x00000000, 0x00000000, 0x00000000, 0x00000000, 0x00000000, 0x00000000, \
  0x000b0000, 0x00000000, 0x00000000, 0x00000000, 0x00000000, 0x00000000, 0x00000000, 0x00000000, \
  0x00000000, 0x00000000, 0x00000000, 0x00000000, 0x00000000, 0x00000000, 0x00000000, 0x00000000, \
  0x00000000, 0x00000000, 0x00000000, 0x40000000, 0x00000000, 0x00000000, 0x00000000, 0x00000000, \
  0x00000000, 0x00000000, 0x00000000, 0x00000000, 0x00000000, 0x00000000, 0x00000000, 0x00000000, \
  0x00000000, 0x00000000, 0x00000000, 0xfb07e80e, 0xf7fb0f0a, 0x05010510, 0xf4ebfe0f, 0x03def2fc, \
  0x04f1f80f, 0x0708000c, 0x05e608f2, 0xefde02fd, 0xefeaf7fc, 0xfcf8ff0a, 0xecf5e3fd, 0x000601e6, \
  0x08e4ff0c, 0x0cd908fd, 0xdb0f0efb, 0xedfd02f4, 0xfcf3f1fa, 0xf4f0ebff, 0xe1f7eceb, 0x0904fe0e, \
  0x00eff6f5, 0xf10cf303, 0xf205f8f9, 0x01f5ef01, 0xef0bfaea, 0xed02070a, 0x0bf9f9ff, 0xfd11fafe, \
  0x07fddae1, 0xfbedcd10, 0xf4f10000, 0x00000000, 0x00feeb00, 0x501ac2a0, 0x00000022, 0xeb05fcfe, \
  0x0d09fa12, 0x0dfdefe0, 0xff19eddf, 0xef00fa30, 0x0d04fdf4, 0xf9f5fcf8, 0x05070cf6, 0x12eff5f8, \
  0x0cfcf9ff, 0x07f8f4ed, 0xf5ed0a00, 0x03f2ecfb, 0xfb04ea0c, 0xeaedf101, 0xe913ff02, 0xf7fbef01, \
  0xfc020f16, 0x05e5f13c, 0x0ff1fbe3, 0x0e05faf8, 0x03fb0301, 0xf21fe808, 0x0f1211e3, 0x010e04ff, \
  0xff0e08db, 0x03ee0def, 0xfdfaf7ec, 0xed2406d9, 0xefe6eb12, 0xf6ff2203, 0x09030000, 0x00000000, \
  0x00fcf800, 0x501ac2e0, 0x00000058, 0x00000000, 0x00000000, 0x3f000000, 0x00000000, 0x00000000, \
  0x00000000, 0x00000000, 0x00000000, 0x00000000, 0x00000000, 0x00000000, 0x00000000, 0x00000000, \
  0x00000000, 0x00000000, 0x00000000, 0x00000000, 0x00000000, 0x00000000, 0x00000000, 0x00000000, \
  0x00000000, 0x00000000, 0x00000000, 0x00000000, 0x00000000, 0x00000000, 0x00000000, 0x00000000, \
  0x00000000, 0x00000000, 0x00000000, 0x00000000, 0x00000000, 0x00000000, 0x00000000, 0x00000000, \
  0x00000000, 0x3f000000, 0x00000000, 0x00000000, 0x00000000, 0x00000000, 0x00000000, 0x00000000, \
  0x00000000, 0x00000000, 0x00000000, 0x00000000, 0x00000000, 0x00000000, 0x00000000, 0x00000000, \
  0x00000000, 0x05f3ef0c, 0xfddb0702, 0x03d8e6fa, 0xfdee0ed4, 0xf10b000c, 0x0007e708, 0x1b0204e2, \
  0xd2f0fb0c, 0xf109f2fd, 0x0f01e500, 0xdfe50edf, 0xed0605f6, 0x13fb1b0a, 0xfd050a05, 0xfffaf8d9, \
  0x0608d800, 0xdddddefa, 0xf0fa13f9, 0xe4f700fd, 0xece7ecf4, 0x0df8eef1, 0x12f6f301, 0xe80306f3, \
  0xe0f5ec0e, 0xf8fa0aec, 0x1b1900fa, 0xf10cf5f6, 0xf8e1f8f5, 0x19fd09fc, 0xfb000bfd, 0x06f6d707, \
  0xcf0c0000, 0x00000000, 0x0005fc00, 0x501ac380, 0x00000022, 0x04221cf3, 0xf2080600, 0xf607fc0d, \
  0x0dfc0301, 0xfdfd02ef, 0xeff6e7fd, 0xf4050bec, 0xe204040c, 0x03130607, 0x14080e00, 0xff0a1106, \
  0xf001ffdb, 0xea030e0c, 0x151c1427, 0x251818fd, 0x00fc03ef, 0xefefeefb, 0x05020818, 0x18faee03, \
  0x0aebe11a, 0x12f8fd14, 0x10efedf1, 0xfc08100f, 0x120306f9, 0x04d9dcf1, 0xe7f2eeff, 0x08e7e812, \
  0xffecf505, 0x0b050804, 0x0f0a101c, 0x18e9e4df, 0xcbfd0000, 0x00000000, 0x001c1f00, 0x501ac3c0, \
  0x00000058, 0x00000000, 0x00000000, 0x79000000, 0x00000000, 0x00000000, 0x00000000, 0x00000000, \
  0x00000000, 0x00000000, 0x00000000, 0x00000000, 0x00000000, 0x00000000, 0x00000000, 0x00000000, \
  0x00000000, 0x00000000, 0x00000000, 0x00000000, 0x00ee0000, 0x00000000, 0x00000000, 0x00000000, \
  0x00000000, 0x00000000, 0x00000000, 0x00000000, 0x00000000, 0x00000000, 0x00000000, 0x00000000, \
  0x00000000, 0x00000000, 0x00000000, 0x00000000, 0x00000000, 0x00000000, 0x00000000, 0x3f000000, \
  0x00000000, 0x00000000, 0x00000000, 0x00000000, 0x00000000, 0x00000000, 0x00000000, 0x00000000, \
  0x00000000, 0x00000000, 0x00000000, 0x00000000, 0x00000000, 0x00000000, 0x00000000, 0xed121fd4, \
  0xfef0ef15, 0xf20706e8, 0xf5f8f1f4, 0xfde9ff10, 0xfdf6f80d, 0xfcec02fe, 0xfbf1e5da, 0xefd919e8, \
  0x10f1e506, 0xfad7f511, 0xeadff10f, 0x180a18f5, 0x0223e9fa, 0xdbf500f1, 0x0ae9eeea, 0xfb140020, \
  0x0e17e8e8, 0xffe5f9e7, 0x08effa09, 0xda08fdfa, 0xfdf5fc0c, 0x0cef0117, 0x1eeffaef, 0xdcf90000, \
  0xf1e5ee13, 0xd4e7e9eb, 0x1cf9e80b, 0xeae205f4, 0xf4110208, 0x18f50df7, 0x11f10000, 0x00000000, \
  0x00f0ee00, 0x501ac460, 0x00000022, 0xfa170bf3, 0xec0cd2f8, 0x0f16160d, 0x21f8f601, 0x07000803, \
  0x00fd2204, 0xf0fcfdf7, 0x08121710, 0x1511fb02, 0xfc121101, 0x0a09fc07, 0x0bfa08ea, 0xf1f2010a, \
  0xff16dc0e, 0x10fa1806, 0xf2f201ed, 0x1afb1cfc, 0xd9faf111, 0xec0afc0b, 0xf3fa1e01, 0x03090c1c, \
  0x2aff06f6, 0xe7e5fe0a, 0x03f4e8fd, 0x17e6d0f9, 0x040314f6, 0x12f4ec0f, 0x2cfaf608, 0xf3fa0c14, \
  0x070df50d, 0x00f504eb, 0x1c040000, 0x00000000, 0x000af600, 0x501ac4a0, 0x00000017, 0x00000000, \
  0x00000000, 0x52000000, 0x00000000, 0x00000000, 0x00000000, 0x00000000, 0x00000000, 0x00000000, \
  0x00000000, 0x00000000, 0x00000000, 0x00000000, 0x00000000, 0x00000000, 0x00000000, 0x00000000, \
  0x00000000, 0xe0091c29, 0xe4fb11d3, 0x0b000000, 0x00000000, 0x00060000, 0x501b0000, 0x00000178, \
  0x11f507f3, 0x04f303ed, 0xeae8fc04, 0xf3f014e6, 0xe2f8f3f3, 0xf4f5f5f2, 0xf5f5f2f9, 0xf9f9fbfc, \
  0xfbfcfcf9, 0x01fdfdff, 0xfe0101ff, 0x010efef6, 0x0bfd0206, 0xecebe8e8, 0xf409e4fd, 0xfb01ef00, \
  0x00000000, 0x00000000, 0x0cf51ef6, 0x0311010f, 0x02000000, 0x0000ff00, 0x000015f0, 0xde06e5d3, \
  0x10f6efef, 0x0303ebe8, 0x1602f9ff, 0xec0bdd0c, 0xe700e8e8, 0xf3f3fff9, 0x08efe1f1, 0x03f900ff, \
  0xfe000100, 0x00fe0307, 0xfef9fa01, 0x06fe07ff, 0x02fa0101, 0xfcf801fe, 0x00f504ff, 0xf6eaf702, \
  0x01f9f9f0, 0x15f3f3f1, 0x0a0de7ef, 0xf9feecf5, 0xeb0100de, 0x0cff191a, 0xf720f614, 0x0a000001, \
  0xff0101ff, 0x0100fae8, 0xf5fcf3ee, 0xfee8f8e6, 0x0802ffef, 0xf30cf9ff, 0xebebebfa, 0xf2edefee, \
  0xf40706f4, 0xef03fbef, 0xf30ff6e9, 0xd20cebee, 0x10e6d8f5, 0xf4f3f8f2, 0xf8f8f8f4, 0xfa0bfb07, \
  0x090800f7, 0xeef300f9, 0x03fcfc01, 0x02000408, 0x0c03feed, 0xe6efeb00, 0x02fd0308, 0xf4f7f50a, \
  0xf6012500, 0x161608fe, 0xfbfffce4, 0xfcf9c4fb, 0xe4edfefe, 0xf404f604, 0xf9eaf705, 0xff07090d, \
  0x0ef9fdfa, 0xe3f7f9fa, 0x02f6ec01, 0xff000000, 0x00000000, 0x000006fb, 0xf0f2f314, 0xf10a0df9, \
  0xe8eef8da, 0xe5ddc3d1, 0x00000000, 0x00000000, 0x00fdf30d, 0x0800030d, 0x0ef9feea, 0xf30500f3, \
  0x00f5f20d, 0xf7f3f5f1, 0xf5f2ebed, 0x0000fe01, 0x00ff01fd, 0x04e9ffdd, 0x141512f8, 0x112102f3, \
  0xf8eaff07, 0xeff1def9, 0xfcf9f3f5, 0xfbf0f2f1, 0x00eef3fb, 0x0607f4ea, 0x0bff0001, 0xfefeff00, \
  0x0000fc04, 0x0401f7fa, 0xfc0004f5, 0xf8faf5f9, 0xf9f5f7f6, 0xf30713ea, 0xe60ef6f2, 0x16eff0f6, \
  0xefeaedec, 0xe9e901fd, 0x04ff0005, 0xfef904ed, 0xeff9eeea, 0xf3f1f4f6, 0xf8f9f7fa, 0xfb00fffe, \
  0xfffeec12, 0xf3f0f5fa, 0x0dfef2f2, 0xe4dff9f8, 0xdcea06e7, 0xdbe103fd, 0x0aff02f8, 0xf7f40400, \
  0x07020001, 0x03070ffc, 0x08f603fa, 0x07f9f7f6, 0xfdf5f50f, 0x02ffeffb, 0xf7fbfafe, 0x03f7f7f8, \
  0x00f00d06, 0xfef0e5fe, 0x03f80000, 0xf800ffeb, 0x00f6f500, 0xf717f6f6, 0x18fde4ff, 0x13f50805, \
  0x0d0cffe8, 0xe600f305, 0x0102ee02, 0x12edf5f6, 0xeef508fa, 0x01f2f3f7, 0x0ff6f0fc, 0x06e7f610, \
  0x1008edfd, 0x07dbe6ee, 0xeff0f3fb, 0x00edf40b, 0x0302170b, 0x01ea01f4, 0xf903f714, 0x0feb0af2, \
  0x0af6f101, 0xf00ff3f3, 0x05f5fd05, 0x09fcfa01, 0x0b0e0009, 0xf2f9fb00, 0xf405f2e3, 0xda03f0fc, \
  0x04fbfcf6, 0xf0fc09fb, 0xf5ff0508, 0x08f4010a, 0xfc1511f8, 0x23090616, 0xfd13fbd6, 0x1d1bf514, \
  0x15ec06f1, 0xf8fbf90e, 0xfb0005fb, 0x0b0702fe, 0x0d061cf9, 0xf91a08f0, 0xfe09f203, 0xf7f9f8eb, \
  0xe3ec0ae4, 0xfb090af7, 0xe7090af3, 0x00f4ffe9, 0x0a020d17, 0x0df50f13, 0xe2f0fb02, 0x0fff111a, \
  0x1ff50af4, 0xf00cf4fa, 0x03f00006, 0x06000605, 0x000906f6, 0xf3fbeb08, 0xf80e08f7, 0xe8e2ea03, \
  0xe5f32006, 0x18eefa0a, 0xeeff07f6, 0xfa060309, 0x12ec0019, 0x09010001, 0x03f4ea00, 0x0dfc0016, \
  0x10fc1522, 0xfdfa00ed, 0xfaefe1f9, 0xfaf2fffe, 0xee02feff, 0x01fcff00, 0x01ff0205, 0xe3f516e4, \
  0xde11f4d7, 0xf4f8f3f4, 0x04fcf802, 0x0fe7f7f1, 0xff0503ff, 0xf9f9f713, 0xfcfeee12, 0xf3081bf2, \
  0x0417e6f6, 0x16f50416, 0x0d07f317, 0x15fd0006, 0x12050701, 0x0609f805, 0x07fc1cec, 0xee1b00fe, \
  0x030b0aee, 0x04f807f4, 0xf90b08f2, 0xf0000b03, 0xf4edfd1d, 0x07fef2e9, 0xf7e7d4f6, 0xeaeceff7, \
  0x030fff05, 0x05fe0b00, 0x00000000, 0x00000000, 0x0304fd08, 0x080ce809, 0x1af100fd, 0x00ff03fa, \
  0xfbf10000, 0x00000000, 0x000000fa, 0xfc10f702, 0x0303fa0f, 0x0c10141e, 0x0c04100c, 0x03e802fa, \
  0xf8000c12, 0xf9f4e2e5, 0xf7f5f40b, 0xf502e705, 0x04f712ee, 0x0609fff5, 0x07f401fb, 0xf6f0e9db, \
  0x08eaf1eb, 0xfee5ea0d, 0x15fff3ed, 0xfbf7f7eb, 0x0f05132f, 0x0e1925fc, 0xfc0f0b01, 0xff00ea16, \
  0xfefc0c0c, 0xfb03f9fa, 0xf7fafb03, 0xf8ff0000, 0x00000000, 0x0000ff0a, 0xf1f504e1, 0xfa0b0efe, \
  0x00000000, 0x00000000, 0x3f000000, 0x00000000, 0x00000000, 0x00000000, 0x00000000, 0x00000000, \
  0x00000000, 0x00000000, 0x00000000, 0x00000000, 0x00000000, 0x00000000, 0x00000000, 0x00000000, \
  0x00000000, 0x00000000, 0x00000000, 0x00d60000, 0x00000000, 0x00000000, 0x00000000, 0x00000000, \
  0x00000000, 0x00000000, 0x00000000, 0x00000000, 0x00000000, 0x00000000, 0x00000000, 0x00000000, \
  0x00000000, 0x00000000, 0x00000000, 0x00000000, 0x00000000, 0x00000000, 0x3d000000, 0x00000000, \
  0x00000000, 0x00000000, 0x00000000, 0x00000000, 0x00000000, 0x00000000, 0x00000000, 0x00000000, \
  0x00000000, 0x00000000, 0x00000000, 0x00000000, 0x00000000, 0x00000000, 0x1105fd0e, 0x12ee01ff, \
  0xf7fbed02, 0xf5faeefc, 0x10f5f1e6, 0x170700f2, 0xfa0d0b14, 0x01f80906, 0xff020ddc, 0x01fcf5f7, \
  0x04fde413, 0x04ebfdff, 0xf7e0fc0a, 0x0cfff3f9, 0xfdfd05fc, 0x090bf8fe, 0xff06fa0d, 0xf6f905fc, \
  0xfa07ec15, 0x18f8fd09, 0x0a0201fc, 0xff03fc06, 0xf20506f9, 0x02fd0f08, 0xf8fc0211, 0x0714e011, \
  0x03fb14fd, 0x14fe0701, 0x11ffeefe, 0xec00faed, 0x0de409f8, 0xfefc0000, 0x00000000, 0x0003fc00, \
  0x501b02a0, 0x00000022, 0x02070300, 0x0907fd0f, 0x001c11fa, 0xf2f609f3, 0xfcfff919, 0x0812fb18, \
  0xfdf302ea, 0x10f2f21d, 0x06faf50d, 0x03fffb0a, 0x03f6ff00, 0xf9f707e4, 0x10f9f612, 0x0b120c08, \
  0x04dcfb09, 0x0adc0c00, 0xfe01f9e2, 0x0600f31d, 0xf705eefd, 0x0e100c0c, 0xf504f432, 0x0002f6ed, \
  0x06f40406, 0x04f40105, 0xf8eb0afe, 0x111607fa, 0xf4fefd1e, 0x0df3fef6, 0x00fb19f4, 0x0afcfe01, \
  0xfff4fdfb, 0xf1f80000, 0x00000000, 0x00eff700, 0x501b02e0, 0x00000058, 0x00000000, 0x00000000, \
  0x3e000000, 0x00000000, 0x00000000, 0x00000000, 0x00000000, 0x00000000, 0x00000000, 0x00000000, \
  0x00000000, 0x00000000, 0x00000000, 0x00000000, 0x00000000, 0x00000000, 0x00000000, 0x00000000, \
  0x00000000, 0x00e70000, 0x00000000, 0x00000000, 0x00000000, 0x00000000, 0x00000000, 0x00000000, \
  0x00000000, 0x00000000, 0x00000000, 0x00000000, 0x00000000, 0x00000000, 0x00000000, 0x00000000, \
  0x00000000, 0x00000000, 0x00000000, 0x00000000, 0x3d000000, 0x00000000, 0x00000000, 0x00000000, \
  0x00000000, 0x00000000, 0x00000000, 0x00000000, 0x00000000, 0x00000000, 0x00000000, 0x00000000, \
  0x00000000, 0x00000000, 0x00000000, 0x00000000, 0x03f60a0d, 0xf5e70ef6, 0x1905f6e3, 0xf6f105f0, \
  0x021006f7, 0xff081108, 0xfcf300e6, 0xe6f0f4f1, 0xe401d9de, 0x0301fefb, 0xfafefae9, 0x100eeb00, \
  0xea0603ff, 0xf603fce8, 0xfcf213ed, 0xed07f6f8, 0xf8f9faf0, 0x0a09fbf2, 0xf9f21105, 0xf2f2f0f7, \
  0xedf2eefb, 0xe402f6fb, 0xfefb06f6, 0x03fbf31c, 0xf1f3fa09, 0x0ceef70a, 0xf0ebe8f1, 0xff0b0510, \
  0x0909fb06, 0xfaffff10, 0x13ea00f3, 0xf9020000, 0x00000000, 0x00f30700, 0x501b0380, 0x00000022, \
  0xf71917fd, 0xfd0ffcf6, 0x01120610, 0xfaf3ff1b, 0x0b11f5fd, 0xf6f90409, 0x11fd00f4, 0xfd00f805, \
  0x0b1b03f3, 0x081a0607, 0x0506ff1d, 0xf6fb05f9, 0xf1040af7, 0x08080e0d, 0xfdf6f410, 0xf4f2f0f4, \
  0xebfcf0fd, 0x04fa140a, 0x100b0afa, 0xfff10903, 0x0e10f70f, 0x14e3faf9, 0xf4100c0b, 0x10000317, \
  0x0aedf6f4, 0xfe06ffee, 0xf5fd0b1f, 0xe9fcfb00, 0xfa08fc02, 0xf806f11c, 0x0fecffda, 0xf9000000, \
  0x00000000, 0x0015f700, 0x501b03c0, 0x00000058, 0x00000000, 0x00000000, 0x76000000, 0x00000000, \
  0x00000000, 0x00000000, 0x00000000, 0x00000000, 0x00000000, 0x00000000, 0x00000000, 0x00000000, \
  0x00000000, 0x00000000, 0x00000000, 0x00000000, 0x00000000, 0x00000000, 0x00000000, 0x00140000, \
  0x00000000, 0x00000000, 0x00000000, 0x00000000, 0x00000000, 0x00000000, 0x00000000, 0x00000000, \
  0x00000000, 0x00000000, 0x00000000, 0x00000000, 0x00000000, 0x00000000, 0x00000000, 0x00000000, \
  0x00000000, 0x00000000, 0x3d000000, 0x00000000, 0x00000000, 0x00000000, 0x00000000, 0x00000000, \
  0x00000000, 0x00000000, 0x00000000, 0x00000000, 0x00000000, 0x00000000, 0x00000000, 0x00000000, \
  0x00000000, 0x00000000, 0x0506090a, 0xf8fc0616, 0x001207f2, 0x0d04f915, 0x0500fef0, 0x04fa050e, \
  0x0a0cf702, 0x15fff9f7, 0xe827f4fa, 0x18d9f900, 0xf313db0c, 0xe30801fe, 0xedeb1103, 0x10fefffe, \
  0x0405f60d, 0xf3edfbf0, 0xfbf0fd06, 0xeff5eb0f, 0x020affff, 0x0cf7f302, 0xd5faf5f8, 0xe9e6fbff, \
  0x0af0e918, 0x0403fc00, 0x02f60a06, 0x03effc03, 0x0aee0305, 0xff0bf812, 0xfdfa0fef, 0xfb10090c, \
  0x0ffb0308, 0xfc050000, 0x00000000, 0x00e0fd00, 0x501b0460, 0x00000022, 0xfe0cff0f, 0x0af7f8f8, \
  0xfbecf300, 0xf908faf2, 0xfef306f7, 0xfee30af8, 0xf70d01f8, 0x090104f1, 0xf31fe3f9, 0x0503f4ef, \
  0x13060007, 0x06070500, 0x0cf6060b, 0xf7130200, 0x0df8f903, 0x0aff0df0, 0xfefcf313, 0x09071905, \
  0x1101ff03, 0x12f00bf8, 0x0cfe04f1, 0xfc05fbfa, 0xe9030313, 0x00fcf606, 0xfcf003f8, 0x03ebfe13, \
  0xecfd090b, 0x19fd1809, 0xfcfa1202, 0xef0f0513, 0x0af51901, 0x04000000, 0x00000000, 0x000ffd00, \
  0x501b04a0, 0x00000017, 0x00000000, 0x00000000, 0x52000000, 0x00000000, 0x00000000, 0x00000000, \
  0x00000000, 0x00000000, 0x00000000, 0x00000000, 0x00000000, 0x00000000, 0x00000000, 0x00000000, \
  0x00000000, 0x00000000, 0x00000000, 0x00000000, 0xfade1c20, 0x0cf0f9e9, 0x17000000, 0x00000000, \
  0x00eb0000, 0x501b4000, 0x00000178, 0x0dfa0814, 0x060f0c0e, 0x080a0ce1, 0xf5f9ddef, 0x150bfafa, \
  0xfdfbfdf9, 0xfafdfbf9, 0xfafbfaf9, 0xfdf9fcfc, 0x0203fe00, 0x00000000, 0x00fe11ee, 0xfff102ea, \
  0xf2f1f6ed, 0xf3fcf60d, 0x0401fa00, 0x00000000, 0x00000000, 0xfcebfb07, 0xedfe09de, 0xf6000000, \
  0x00000000, 0x0000fbfc, 0xfa010400, 0x01252ffb, 0xf4e1f4fe, 0xf60008e7, 0xf3d7ffe0, 0xf2f6feeb, \
  0xea0af5d7, 0x053c20fe, 0x32140702, 0x03f40702, 0xfd0607ff, 0xfefefa00, 0x01fbfbff, 0x0506f8f0, \
  0x0af80300, 0xf801ff04, 0x0100ff00, 0xfffff803, 0x09ff0809, 0x0f0ffded, 0xe6f7ee05, 0x0403f4ee, \
  0xfe15fdff, 0xf106f308, 0xea000000, 0x00000000, 0x0000e9e9, 0xf701f601, 0x07f40be8, 0x100800fd, \
  0xf8ffe0e8, 0x0205f9f4, 0xee12f2ff, 0x17fdff13, 0xf9f9f8df, 0xd7def5eb, 0xe0fffeef, 0x07fd06f5, \
  0xf7fbf4fe, 0xfdeefdfd, 0x0ef8ef10, 0x08eef7fe, 0x0b01ff03, 0xf5f4fa05, 0xfefbefea, 0xfc0114f3, \
  0xeff205ef, 0xfc0f0af1, 0xee0afef4, 0x02f8e310, 0x1505ffef, 0xf4eb03e8, 0x06f5fe04, 0x150bfcfe, \
  0xfd02fffd, 0xfe0000ec, 0xf302fa00, 0x0ef5f0ff, 0x0c040afc, 0xf7fbf7f1, 0xf3000000, 0x00000000, \
  0x0000fc08, 0xecfbfdee, 0x0cef0103, 0x0ff4fc01, 0x0ed202fd, 0x00000000, 0x00000000, 0x00ff04ff, \
  0x07e8050a, 0x06ea0df2, 0x00f70508, 0xf6f40b04, 0xf9e90507, 0x0fe8f700, 0xf4fdfefd, 0x01060108, \
  0xff070903, 0xf9dece1b, 0xd7c31f34, 0x0c3b1afb, 0xe0e50001, 0xfff4f6f4, 0xed01f6f1, 0x0801faf6, \
  0x00050af0, 0x0101ff08, 0x03faf902, 0x00fbfe00, 0x00010000, 0x010000fc, 0x0100fdfe, 0xfafefbfb, \
  0xfd01edf6, 0x0edd12ed, 0xecf1f2f5, 0xf6f6f6f9, 0xfbfd030c, 0xf404fff6, 0xfafc03ec, 0xf6f3f3f9, \
  0xfceaecf7, 0xfffa02fe, 0xfaf50101, 0x00ebe4e5, 0xf4f6c6e9, 0xfccff416, 0x0b0c09f2, 0xf20a14fd, \
  0xe1e9070e, 0x0d171a08, 0x02050b0e, 0xed0ffff6, 0xfee4fef0, 0xfb0b03e7, 0xdff5f403, 0x10ebebfb, \
  0xeaf408f9, 0xf3f50d01, 0x0a0c0dea, 0xed02f7e9, 0xeedbfbd8, 0xc201010b, 0xfcf506f1, 0xf3f1130e, \
  0xb90efce1, 0x03d3c10c, 0x1efb26f5, 0x020ce4e7, 0xf4ef22e4, 0x14fae7e3, 0xe4e5fdff, 0xecfdfbfb, \
  0xebfbff13, 0x1bf50c07, 0xfb1d161a, 0x1109ebee, 0xfae5eefc, 0x0e2809ef, 0xeaf4f9f2, 0xf1faece6, \
  0xffdfdbfc, 0x16030000, 0xede307ed, 0x0f12f905, 0xd8dbe6dd, 0xd802fdec, 0xfcfafa00, 0xf902fff7, \
  0xfd1ae4e1, 0xf9ffe3bf, 0xcfe50a0c, 0xf6edde00, 0xe4da072e, 0x18fc08f5, 0x09e7e913, 0x111fef23, \
  0x0cf716f7, 0xcaed04e7, 0x02f9e706, 0xf2e00116, 0x37eaf3f7, 0xdce0e125, 0xf1e40b08, 0xe8f606db, \
  0x140c100b, 0x01181518, 0xf9e0d8ee, 0xebddd9f4, 0xf7fa00fc, 0xeadeeee7, 0xd8efe1f9, 0xff241b12, \
  0x21f2161a, 0xee0af6f3, 0x141df620, 0x0ae3f311, 0xf7050fe3, 0xb8d600fb, 0xf70afef3, 0x0df7f0e5, \
  0xe3dfe1d9, 0xe00ef0eb, 0xfcdcc50a, 0x01f7f70d, 0x1ef90a05, 0xf905f2ef, 0xf90b1b28, 0x18170cf8, \
  0x0300fde2, 0x0bfb00f1, 0x12f2ec0e, 0x0fff00f5, 0xe8eafaf8, 0x0f23f307, 0xf2090af1, 0xfcedf8f9, \
  0xfbeffaf5, 0xedf7f1e9, 0x12f300fd, 0x03fdf9ef, 0xfef1f8e9, 0xfc10fbdf, 0x01ede2dd, 0xf8fd0408, \
  0xf8f1fe15, 0x240b0b24, 0x091815ff, 0x2531092f, 0x1af41504, 0xfb0b06fc, 0xfc0b2712, 0x10f8fdfc, \
  0x04ffff01, 0x01ff2312, 0x01110405, 0xf6fd04f6, 0xf4f60002, 0x02fe05fd, 0x05ecd8ea, 0xf2d5ff01, \
  0xdad5d5f6, 0x00e7ed11, 0xefe01504, 0x11050d1d, 0x051c1800, 0x00000000, 0x00000000, 0xe3e9ec06, \
  0x02f9220f, 0x00fbfefd, 0x01ff0000, 0x02fffcfc, 0xfafdfcf8, 0xfafef7fe, 0xead8f3f4, 0x11ff0d2b, \
  0x1f16f904, 0xeb02f9e9, 0xf9f2fde4, 0xfdeb0aef, 0xfcf7f9ec, 0x02f1f9f1, 0x04df2212, 0xe915f5fe, \
  0x15f91d1d, 0xecf12ddd, 0xfc27edfb, 0x16dabec1, 0x1400c928, 0x0cebe3da, 0xf8020e04, 0x06f20103, \
  0x04f00c09, 0xea10e2d8, 0xfce9f7ea, 0xf3e4fcf5, 0xfbf3f4fd, 0xf1e5fced, 0xd6e400ff, 0xfffbfffa, \
  0xf6fdf7d7, 0xf319defe, 0xf001f5cf, 0x00000000, 0x00000000, 0x3f000000, 0x00000000, 0x00000000, \
  0x00000000, 0x00000000, 0x00000000, 0x00000000, 0x00000000, 0x00000000, 0x00000000, 0x00000000, \
  0x00000000, 0x00000000, 0x00000000, 0x00000000, 0x00000000, 0x00000000, 0x00fc0000, 0x00000000, \
  0x00000000, 0x00000000, 0x00000000, 0x00000000, 0x00000000, 0x00000000, 0x00000000, 0x00000000, \
  0x00000000, 0x00000000, 0x00000000, 0x00000000, 0x00000000, 0x00000000, 0x00000000, 0x00000000, \
  0x00000000, 0x40000000, 0x00000000, 0x00000000, 0x00000000, 0x00000000, 0x00000000, 0x00000000, \
  0x00000000, 0x00000000, 0x00000000, 0x00000000, 0x00000000, 0x00000000, 0x00000000, 0x00000000, \
  0x00000000, 0xefe2fd12, 0xc4f7e4f6, 0x01e5ece7, 0xddeef0d6, 0xf8e50d02, 0xdcddf002, 0xf9e8dee5, \
  0xec11d4fc, 0xf8e9d8e9, 0xc6f2f4e1, 0xe5f1f3ca, 0xfc0bf10f, 0x0813f1e6, 0xf6fbf8f6, 0xd6f0f5fb, \
  0xfef401f5, 0xede4f4ef, 0xfcf5e2d7, 0xefed15e9, 0x0fe409f0, 0xd6e7e4f6, 0xe40104f5, 0x19d3fbd9, \
  0xe9f0d2e6, 0xe2f6eccf, 0xf3d6defa, 0x0fdbded2, 0xd4f9f5eb, 0xe7d6eaf5, 0x0fe1f806, 0xf30a05ef, \
  0xfcea0000, 0x00000000, 0x00faee00, 0x501b42a0, 0x00000022, 0xfb11fc0f, 0x04fefa0e, 0xf3f505f8, \
  0xf2fcee12, 0xf3fe10ef, 0x030bde0c, 0x0cedf90b, 0xfbf01204, 0x0a0d0e0b, 0x0dfd0df7, 0xfbe60700, \
  0xf0110703, 0xfe030afa, 0x100b0df7, 0x01f5e6fb, 0x0ef80604, 0xf4f8eff8, 0xf621fcf7, 0xf6fb0001, \
  0x04090b05, 0x0801040d, 0x1df8f5f5, 0x03f81601, 0x1609eb06, 0xf8f3eafe, 0xfc16fb06, 0x051503f7, \
  0x05f1ff01, 0xfefeee0a, 0x00f00308, 0xf81bf2fc, 0xfafe0000, 0x00000000, 0x00fa0700, 0x501b42e0, \
  0x00000058, 0x00000000, 0x00000000, 0x3c000000, 0x00000000, 0x00000000, 0x00000000, 0x00000000, \
  0x00000000, 0x00000000, 0x00000000, 0x00000000, 0x00000000, 0x00000000, 0x00000000, 0x00000000, \
  0x00000000, 0x00000000, 0x00000000, 0x00000000, 0x00030000, 0x00000000, 0x00000000, 0x00000000, \
  0x00000000, 0x00000000, 0x00000000, 0x00000000, 0x00000000, 0x00000000, 0x00000000, 0x00000000, \
  0x00000000, 0x00000000, 0x00000000, 0x00000000, 0x00000000, 0x00000000, 0x00000000, 0x3f000000, \
  0x00000000, 0x00000000, 0x00000000, 0x00000000, 0x00000000, 0x00000000, 0x00000000, 0x00000000, \
  0x00000000, 0x00000000, 0x00000000, 0x00000000, 0x00000000, 0x00000000, 0x00000000, 0x19f4f7d4, \
  0xe0f7d0ef, 0xdf0902e0, 0xd7f8f003, 0x03d6f0f1, 0xdf0c07e1, 0xc2dff209, 0xfad4e5e7, 0xd6e002d3, \
  0xec17f1e2, 0x0d0ae50d, 0x0add0af8, 0xd8f5faef, 0xd1f1f7d4, 0xd2d40607, 0xcff30a03, 0x0b0bfe0a, \
  0x12f6dcf9, 0x0ee0ebe9, 0x0f08f7e7, 0xdee20f04, 0xd2f5f2fc, 0x11fe0b0e, 0x13dbf5d8, 0x0cf40c10, \
  0xff01f10d, 0x0ce10ae7, 0x11e4f9fc, 0xc5f60c10, 0xd4d70ef2, 0xe41f02f3, 0xfeec0000, 0x00000000, \
  0x00d6fe00, 0x501b4380, 0x00000022, 0x02fd16fe, 0x01f20106, 0xf508fe04, 0x0801fdfd, 0x0507fa04, \
  0xfcff08f3, 0xff01fefe, 0xfa04ff07, 0xf31cf8fb, 0xf41603f8, 0x00e902fe, 0xfc0400fe, 0xf9f40704, \
  0x020a0605, 0xfd050509, 0x06effaf7, 0xfa010603, 0x030bf5f0, 0xfbeefc05, 0xff03fa11, 0xf5fe0713, \
  0x040bf603, 0x09fc1111, 0xfff4ff07, 0xf7fded01, 0x03ec0101, 0x02fbfb08, 0x0eecf3ef, 0xfbfdff05, \
  0x04fcff02, 0xfe0cf510, 0xf8140000, 0x00000000, 0x0002f900, 0x501b43c0, 0x00000058, 0x00000000, \
  0x00000000, 0x7b000000, 0x00000000, 0x00000000, 0x00000000, 0x00000000, 0x00000000, 0x00000000, \
  0x00000000, 0x00000000, 0x00000000, 0x00000000, 0x00000000, 0x00000000, 0x00000000, 0x00000000, \
  0x00000000, 0x00000000, 0x00030000, 0x00000000, 0x00000000, 0x00000000, 0x00000000, 0x00000000, \
  0x00000000, 0x00000000, 0x00000000, 0x00000000, 0x00000000, 0x00000000, 0x00000000, 0x00000000, \
  0x00000000, 0x00000000, 0x00000000, 0x00000000, 0x00000000, 0x3e000000, 0x00000000, 0x00000000, \
  0x00000000, 0x00000000, 0x00000000, 0x00000000, 0x00000000, 0x00000000, 0x00000000, 0x00000000, \
  0x00000000, 0x00000000, 0x00000000, 0x00000000, 0x00000000, 0x04fe05da, 0x03fdfaf2, 0xf812e8e7, \
  0x17f2f0e0, 0x0bfadfdf, 0xed06eff0, 0x03fbfdfe, 0x050d03e5, 0xf40ee8ed, 0x3afcf118, 0xd806fdf4, \
  0xeaee07f0, 0x0702e4f1, 0xe801fbf5, 0xf9fef0fe, 0x0b0118fe, 0xe6f4fedb, 0xc7f7d1f4, 0x04080502, \
  0xf00a0fee, 0xf5e5fa06, 0x1405f107, 0x0d02f7ef, 0xeafaef14, 0xf701e8f1, 0x0805f1f4, 0x22da0002, \
  0x05f4f5e5, 0x0bf3faf8, 0xf7fd0ce2, 0xf9f4d4d4, 0xec050000, 0x00000000, 0x00e50c00, 0x501b4460, \
  0x00000022, 0xfffee80a, 0x0b0ff7ea, 0xfd0b0305, 0x0701f806, 0x08f5190c, 0xfb03f50d, 0x050818e6, \
  0x0af4f303, 0xf912080c, 0xff02faee, 0x0904100a, 0xfaf10eee, 0x16ea0e08, 0xef0efe1b, 0xe0f80efc, \
  0xf5e7fce9, 0xf60be3fe, 0x0905ff18, 0x04020302, 0xf6f6ee0a, 0x0713030a, 0xe60d14f9, 0xec0ae1fa, \
  0xeffaf90a, 0x00f817fd, 0xfe01f107, 0x0e0bf20f, 0xfef5fafa, 0xfdf80201, 0x080a030e, 0xf2f90ef7, \
  0xf9f70000, 0x00000000, 0x0012fd00, 0x501b44a0, 0x00000017, 0x00000000, 0x00000000, 0x50000000, \
  0x00000000, 0x00000000, 0x00000000, 0x00000000, 0x00000000, 0x00000000, 0x00000000, 0x00000000, \
  0x00000000, 0x00000000, 0x00000000, 0x00000000, 0x00000000, 0x00000000, 0x00000000, 0x0323e40e, \
  0x09dadd09, 0xfc000000, 0x00000000, 0x00210000, 0x501b8000, 0x00000178, 0xbcf3c7fc, 0xf7e5fcef, \
  0xede20f18, 0xf2f40908, 0xf81cfcf9, 0xf8f8f6f8, 0xf7f7f6f9, 0xfbf6fcfa, 0xfafefdfc, 0x01000001, \
  0x00000000, 0x00ffff00, 0xfd0c060c, 0x021beafc, 0x1506091f, 0x251e1b00, 0x00000000, 0x00000000, \
  0xede6d8ee, 0xdfe7f1d6, 0xf3000000, 0x00000000, 0x0000f902, 0xeacfc0d4, 0x07eacc09, 0x0422f512, \
  0x23f00a14, 0xe4e4d9d5, 0xdad6e2e9, 0xfbe0c9b4, 0xdec5d6d5, 0xc8cf0000, 0x00000000, 0x000000ff, \
  0x04fa0502, 0x06fdf9fa, 0x01f7f7f9, 0x04f900ff, 0xfdf8fd04, 0x00f9f908, 0xf9eb0a10, 0x0d0f0723, \
  0x02110df9, 0x01edd9ec, 0xefcac9e6, 0x0f07fb18, 0x02f90ae3, 0xe8000001, 0x00000000, 0x0000f0ec, \
  0xe7f0ece5, 0xeaf3fbf1, 0xf5150105, 0x161d11fc, 0xd9e1dcf9, 0xfae901e1, 0xdbfef9ec, 0x18fc1c13, \
  0x1bfff0c9, 0xddd1e5ca, 0xd7c4edf5, 0xf6f7f3f2, 0xf1faf6f5, 0xf803f702, 0x00fdfe02, 0x040b0608, \
  0x05f606f7, 0xfbfce2db, 0x0fb5d2e4, 0xace10805, 0xfdfcfaff, 0x06ff02f9, 0x051a2c0a, 0x011f1f13, \
  0x1c1b1a08, 0x271bfae2, 0xd9d40100, 0x00fffcfc, 0xfb02f6fd, 0xfffb0000, 0xfd0000fe, 0xfd140203, \
  0xf9fbfe03, 0x0a000000, 0x00000000, 0x0000e6de, 0xdce4e1fb, 0xf3dad4d8, 0xd9e1d9f0, 0xe3f4e6ef, \
  0xffffff00, 0x00000000, 0x00e4fb01, 0xfefbee0b, 0xf2f311f2, 0xea110cf3, 0xfe0bf8ed, 0x06fe07ff, \
  0xf102fa02, 0x00000000, 0x0000ff01, 0x00e7e6d7, 0xfcf70613, 0x2b3d1606, 0x070cff04, 0x1409ec03, \
  0xfefdfbfa, 0xf4f6f7f7, 0xfbf90001, 0xf0f40af5, 0x00ffffff, 0x00fefe00, 0x00ff0000, 0x00000000, \
  0x000000f8, 0xfafaf7f8, 0xf7f4f6f6, 0x03effd00, 0xf8f3e1e6, 0xf7ffffff, 0xf7f6f8f6, 0xf0f0ff00, \
  0xfffd0000, 0x000000f7, 0xf7fdf1f1, 0xf1edecef, 0xfefefcf9, 0xf9fafdfc, 0xfa210b1e, 0x0eea00fe, \
  0xfcf1d8d7, 0xb5e3faf1, 0x0ff3f201, 0xe001e907, 0x19e90527, 0x01ff00ff, 0x00000003, 0x03f1e4e2, \
  0x1c02ea18, 0x00fcf3f8, 0x07f9fff5, 0xfefff8fb, 0xfa010000, 0xfe000000, 0x01f3f502, 0xf80cf6fa, \
  0xf0ff0506, 0xfb000a01, 0x00fbf1f6, 0x00110902, 0xf81412ff, 0xff0402ff, 0x04000201, 0x10f50f0a, \
  0xfc05f4f5, 0xf7030e01, 0x0aee0b10, 0xf8eff404, 0x021008f3, 0x11100f12, 0x06fafaf1, 0x09f6130d, \
  0xf5fdfd04, 0x09f5f000, 0x0204f206, 0xf8f40af9, 0x000b00f8, 0x01040400, 0x07f701f6, 0x07f9f4f6, \
  0x0202f803, 0xf4fcecf9, 0x000d0806, 0x0a0ffdfd, 0xffeef8f9, 0x09fe03f3, 0xfc0b0bfe, 0xfaff02f0, \
  0xf30a09f1, 0xf309fd08, 0x01f304fd, 0xf702f5f3, 0xfaf901f6, 0xfc02fd02, 0xf7fcf70b, 0xfafceffe, \
  0xfc0d0aff, 0x0101ff02, 0xfe00fefe, 0xfc0ef8fb, 0x09fe1101, 0x040902f9, 0xffff03f4, 0xff061000, \
  0xff0105ef, 0x10eff008, 0x0d02fe04, 0x0eff03f8, 0xfcf20a0b, 0x0901fc08, 0xf012fe0f, 0x0510faf8, \
  0xf6f60000, 0x00000000, 0x00000005, 0xfbfcf8f8, 0xf6ff0908, 0xf806fffe, 0x050500fa, 0xfe15f9fd, \
  0x05120810, 0x01f10105, 0x070af2f7, 0x00fff00e, 0x020ff9f9, 0xff10fff2, 0xeafded03, 0xedec0d0d, \
  0x0a0d0408, 0x0d10040a, 0x07f9000b, 0xfc0af70d, 0xf7f8f805, 0x010f10fe, 0x000efcfa, 0x100c060b, \
  0x02f9000e, 0x00000000, 0x00000000, 0x00000bfd, 0x10f6020f, 0x04030e02, 0xfd04080b, 0x06f7080f, \
  0xfbfc0804, 0xf50402f7, 0xf8fbfa01, 0xf9fafd02, 0x0102f1fe, 0x13f40313, 0x060bf502, 0xfe01fe00, \
  0x00010000, 0x06fdf509, 0x0feff6fa, 0x02010100, 0x0001ff00, 0x000210f8, 0x0bf7fcfa, 0x01f40100, \
  0x00000000, 0x00000000, 0xfd030807, 0x0003fe09, 0x09060a01, 0x04fc0301, 0xfdfc0000, 0x000000ff, \
  0x0100fe00, 0x00000000, 0x0001ff00, 0x0eebfef3, 0xf80ff304, 0xef0b0cfb, 0xeff00d0c, 0x08f30908, \
  0x07f80ffe, 0x0300000a, 0x0ff10811, 0xfb11ec11, 0x00fefdfd, 0xfe010205, 0xfdf6f805, 0xf00305f9, \
  0x0d09fff5, 0xf1050005, 0xfffa0304, 0x02f9fe03, 0x03fbfbff, 0xec0e0ef2, 0x10eff100, 0x0a02fffe, \
  0x02feff05, 0xfc000000, 0x00000000, 0x000000f9, 0xf20a100b, 0x02fa1712, 0x00000000, 0x00000000, \
  0x40000000, 0x00000000, 0x00000000, 0x00000000, 0x00000000, 0x00000000, 0x00000000, 0x00000000, \
  0x00000000, 0x00000000, 0x00000000, 0x00000000, 0x00000000, 0x00000000, 0x00000000, 0x00000000, \
  0x00000000, 0x00e70000, 0x00000000, 0x00000000, 0x00000000, 0x00000000, 0x00000000, 0x00000000, \
  0x00000000, 0x00000000, 0x00000000, 0x00000000, 0x00000000, 0x00000000, 0x00000000, 0x00000000, \
  0x00000000, 0x00000000, 0x00000000, 0x00000000, 0x3c000000, 0x00000000, 0x00000000, 0x00000000, \
  0x00000000, 0x00000000, 0x00000000, 0x00000000, 0x00000000, 0x00000000, 0x00000000, 0x00000000, \
  0x00000000, 0x00000000, 0x00000000, 0x00000000, 0xfc02fbff, 0xdb0ad707, 0x08050503, 0x060204fe, \
  0xe7f50df0, 0xfa03000c, 0xf8e1eeff, 0xef12f207, 0xfd01f3f4, 0xeffd0300, 0xff0a0904, 0x01050405, \
  0xf401f000, 0x13ff0402, 0xf8fe0607, 0x100205fa, 0x04fffc04, 0x0305fcfd, 0x0e09fff7, 0xfafa0002, \
  0xfffb0411, 0x0efafdff, 0xf506fc03, 0x0704f0f6, 0x0607e4fd, 0x09ef1900, 0x0c0cf8f0, 0xfe130af7, \
  0xfaf5150b, 0x04e90d08, 0x063e0ae9, 0x13110000, 0x00000000, 0x00022500, 0x501b82a0, 0x00000022, \
  0xfefc01f3, 0x11fbf8ff, 0x0301effc, 0xf60dfff8, 0xe5f01018, 0xf70702fd, 0x08faf613, 0x05ff13f4, \
  0xf9fbebdf, 0x09ff070b, 0xfdfbfefc, 0xfffaf209, 0x04fc0305, 0x0e0403f1, 0x060dfbe4, 0x02f0ff1d, \
  0xf5fff315, 0x030e07f0, 0x0807f2fe, 0x0e020d05, 0xf8fcf9ee, 0xf414f411, 0xf903f8eb, 0x010b1015, \
  0xe81af612, 0xf7f4100d, 0xf60cfee5, 0x091b0707, 0xe7ff00f1, 0x070704fa, 0x0222faf9, 0x06f00000, \
  0x00000000, 0x00fc1000, 0x501b82e0, 0x00000058, 0x00000000, 0x00000000, 0x3d000000, 0x00000000, \
  0x00000000, 0x00000000, 0x00000000, 0x00000000, 0x00000000, 0x00000000, 0x00000000, 0x00000000, \
  0x00000000, 0x00000000, 0x00000000, 0x00000000, 0x00000000, 0x00000000, 0x00000000, 0x000b0000, \
  0x00000000, 0x00000000, 0x00000000, 0x00000000, 0x00000000, 0x00000000, 0x00000000, 0x00000000, \
  0x00000000, 0x00000000, 0x00000000, 0x00000000, 0x00000000, 0x00000000, 0x00000000, 0x00000000, \
  0x00000000, 0x00000000, 0x3a000000, 0x00000000, 0x00000000, 0x00000000, 0x00000000, 0x00000000, \
  0x00000000, 0x00000000, 0x00000000, 0x00000000, 0x00000000, 0x00000000, 0x00000000, 0x00000000, \
  0x00000000, 0x00000000, 0x05ff05fb, 0xfafbfe03, 0xf1fb0a00, 0xf905f310, 0x08030409, 0xff0e01fa, \
  0xf5fffefd, 0x090c1200, 0x0bf51bfb, 0xfc07f809, 0x18fcfefb, 0x08f80dfd, 0xfdff05fa, 0xf807fef8, \
  0x05f00e14, 0x02ec0bf7, 0x0108f80d, 0xfd0df1fb, 0xfff4f500, 0x04fafc07, 0x11090a13, 0x06fd1512, \
  0xfff604ff, 0xfd1302f2, 0xfd07fff7, 0x12080007, 0xfe0d0f09, 0xfa4a1401, 0xf6050313, 0x06fe110d, \
  0xec0af1f9, 0xfd000000, 0x00000000, 0x00effa00, 0x501b8380, 0x00000022, 0xfaeff2f0, 0x08e8e00f, \
  0x0d0b1b14, 0x0e0b1004, 0x03f1f2f1, 0x02002101, 0xe9fad701, 0xfb061519, 0xf91201f3, 0xf1fe17fd, \
  0x1313fdf6, 0x1e0d04fb, 0xfc0eed18, 0xe5fad607, 0xf8090aea, 0x15f404fb, 0x17051403, 0xea0af503, \
  0x2128f1f9, 0x01110719, 0xf20e22f3, 0x2004faf7, 0xec020afe, 0xf2fbe40a, 0x09efe3fc, 0x06081101, \
  0x04160ffd, 0x1ef109fe, 0xfaf9fa08, 0x0000f9f7, 0xecfa0913, 0x20ed0000, 0x00000000, 0x00ea0600, \
  0x501b83c0, 0x00000058, 0x00000000, 0x00000000, 0x70000000, 0x00000000, 0x00000000, 0x00000000, \
  0x00000000, 0x00000000, 0x00000000, 0x00000000, 0x00000000, 0x00000000, 0x00000000, 0x00000000, \
  0x00000000, 0x00000000, 0x00000000, 0x00000000, 0x00000000, 0x00e30000, 0x00000000, 0x00000000, \
  0x00000000, 0x00000000, 0x00000000, 0x00000000, 0x00000000, 0x00000000, 0x00000000, 0x00000000, \
  0x00000000, 0x00000000, 0x00000000, 0x00000000, 0x00000000, 0x00000000, 0x00000000, 0x00000000, \
  0x3a000000, 0x00000000, 0x00000000, 0x00000000, 0x00000000, 0x00000000, 0x00000000, 0x00000000, \
  0x00000000, 0x00000000, 0x00000000, 0x00000000, 0x00000000, 0x00000000, 0x00000000, 0x00000000, \
  0xfafb0828, 0x05f8fefe, 0xfaf80901, 0x0cf5feff, 0x020c10f7, 0xf9fe0201, 0xe9edff05, 0x070703ff, \
  0xf71efcf3, 0x18ee06fb, 0xf1080cf8, 0xfa1af8f2, 0xfc0302fd, 0xfe0508fc, 0x00020b08, 0x010f0500, \
  0xfffa0afc, 0xfc0b04fa, 0x0ffe00fc, 0xe3020f08, 0x0cf2f50c, 0xeae708f0, 0x0a150305, 0xf00c0205, \
  0x0bec0e18, 0xf70af9f8, 0x1707fafe, 0xf60df604, 0x051afe03, 0xf4f500f5, 0xfaefee01, 0x05020000, \
  0x00000000, 0x00060800, 0x501b8460, 0x00000022, 0x17040cfe, 0xe809f7fd, 0x01f51605, 0x01ff1603, \
  0x09f909f8, 0x05fb0608, 0x0001f6fe, 0xfdf70ff4, 0x18090b01, 0x000115fc, 0x00030ff5, 0xfe0cf306, \
  0xdd080412, 0x1202060e, 0x15fe0710, 0xfa07e7f5, 0x00ff0609, 0xde0ff70a, 0xf3f8f8fb, 0xf7010b03, \
  0xf90bfd0e, 0x0ffef7f4, 0xfa042102, 0x1506fbf7, 0x07fcf3e9, 0xf0fdfbfe, 0x04fcf00c, 0xfbfef0fc, \
  0xf4000209, 0x0e0a0efc, 0x1809e5f3, 0xe1fc0000, 0x00000000, 0x00060b00, 0x501b84a0, 0x00000017, \
  0x00000000, 0x00000000, 0x4c000000, 0x00000000, 0x00000000, 0x00000000, 0x00000000, 0x00000000, \
  0x00000000, 0x00000000, 0x00000000, 0x00000000, 0x00000000, 0x00000000, 0x00000000, 0x00000000, \
  0x00000000, 0x00000000, 0x02feeefc, 0x17f0f41e, 0x01000000, 0x00000000, 0x00150000, 0x501bc000, \
  0x00000178, 0xe604ff09, 0x11f1f6ea, 0x01eb0ff8, 0x19db010b, 0x050bf6f9, 0xf6f9f6f5, 0xf8f5f5ff, \
  0xfbf803fa, 0xfafbf8fb, 0x01ffff00, 0xfefe00ff, 0xfef403f3, 0x031116e3, 0xf2fd1316, 0xf10412f1, \
  0xfb000a00, 0x00000000, 0x00000000, 0xede9dee1, 0xf5f0f4d4, 0xe9000000, 0x00fffffe, 0x01fedb0c, \
  0x0fc0ec18, 0xeb080bed, 0x091bf119, 0x06000e04, 0x18ec01fc, 0xf005fff3, 0x03d1ed2a, 0xe3ea0bfd, \
  0x0bfcfdfe, 0xff01fe00, 0xff0000f1, 0xf80a070c, 0x0301fdfe, 0xf706fc03, 0xf8040101, 0xfffd02f2, \
  0x00ececee, 0xf4ef0bff, 0x17e8f6f3, 0x05fae7f6, 0x04030c0d, 0x1707022b, 0xe5f3da08, 0xf6e4eae4, \
  0xef000001, 0x00020101, 0x02fefbfb, 0x07fcf702, 0xff0de517, 0xf4ee1505, 0x18060e1a, 0x16f4eb11, \
  0xf4fb0a06, 0xf20fee03, 0x0f0bf4f0, 0x0ff1ecee, 0xfae60af9, 0x08fe03f6, 0xf6f6f5f4, 0xf2f8f9f7, \
  0xf8f6fcf5, 0xfbf40d03, 0xfb06f7fd, 0x02f106fe, 0xf8f90002, 0x2a010810, 0x000515f7, 0xf60afef9, \
  0xfbf90afa, 0x02ffe8e2, 0xf1ebf6f7, 0xe1040a15, 0xf8f20be4, 0xdbe80405, 0xfc06f5f0, 0x0af3f9ef, \
  0x02fbf809, 0xf8f6fff3, 0x0bf9020c, 0x0df907fb, 0xf0000000, 0x00000000, 0xff0001eb, 0xfd02e4ee, \
  0xf5d6ea10, 0x22050907, 0xfb1b1913, 0xffffff00, 0xff0000ff, 0x0008f5ec, 0xf30af502, 0x0afeeefc, \
  0x0ef9ef0a, 0xea06f1fd, 0x09efeb04, 0x09fcee03, 0xfefaff07, 0x05fe04fb, 0xfffcdcde, 0xe2e9e9f3, \
  0x100019fb, 0x0f140c03, 0xfde002fd, 0x04fcee01, 0xf1f1fdf2, 0x12e5fcf4, 0xebe7e5fb, 0xed030101, \
  0x0000ff00, 0xff000000, 0x000000fe, 0x0000fcf8, 0xf7f8f9f8, 0xf8f5f5f5, 0xf1e7d404, 0xe7bff7dd, \
  0xdcf6f7f6, 0xf0edecf1, 0xedec0202, 0xfff9ff00, 0x050000f7, 0xfbf6f6f5, 0xf2f4ede6, 0xfefdf9f8, \
  0xfcf8faff, 0xfd18f4cd, 0xfcd5d6fa, 0xfaee0411, 0xee041d0c, 0x170cea0e, 0x11f1010e, 0x10e81000, \
  0xfcf901f5, 0x07fdf407, 0x0003fff7, 0xf5e60ee3, 0xfb0f1004, 0xfe02fcfa, 0xfdf70406, 0xfcfe02fe, \
  0xfffdffff, 0xfc02fafb, 0xfa050106, 0xf8000000, 0x00ff0000, 0x0000f6fb, 0x01fefdfd, 0xfbfa0206, \
  0xfefc00fd, 0xf6fffafe, 0x01ff01ff, 0x03010101, 0x01fefc02, 0xfc020703, 0x000004fe, 0xfc030004, \
  0xfe05fbfb, 0xfdfd09f9, 0xff0b04fe, 0xfe010d0d, 0xfff2f708, 0x0605fffc, 0xfa04f8fd, 0xf9fd0002, \
  0xfe000001, 0x00010005, 0xf80108fc, 0xf506f80a, 0x080b0409, 0xf20c0803, 0x03fefdf8, 0xfafafb06, \
  0xfdf90000, 0x0000fffd, 0x020001fe, 0x0000ff00, 0x00000000, 0x0001feff, 0x01020000, 0x0000fffe, \
  0x00000006, 0xf804fffe, 0x0101fafb, 0x0404ffff, 0xfffffe00, 0x02fe02ff, 0x00fb0100, 0xfdfb0100, \
  0xfe000000, 0x00000000, 0x0000f909, 0xff030509, 0x05040500, 0x00fe0000, 0x0100fc01, 0x0304fd05, \
  0xff09fb01, 0x0a060202, 0x0607feff, 0xf9000000, 0x01000003, 0x01030500, 0x00000000, 0x0101ff02, \
  0x01030901, 0x02040000, 0x01fa1307, 0xff0cfefe, 0xf7fdffff, 0x000000fe, 0xff00fff6, 0x0908fb00, \
  0x06f6f8fe, 0xfd06f507, 0xfbfa0506, 0xfb0000ff, 0x00000000, 0x00ff0000, 0x00000000, 0x00000000, \
  0x000000ff, 0xffff0305, 0x0bf60000, 0xfc050106, 0xf70000ff, 0xfeff00ff, 0xfe050000, 0x00000000, \
  0x0000fe07, 0x030efd0a, 0x0a010a10, 0x0101ffff, 0x000000ff, 0x00f7fb01, 0x0006f7fd, 0xf709f5f9, \
  0xfa130b07, 0xf701fa03, 0x02f9f9fc, 0x00010902, 0x00ff0401, 0xfafb00fd, 0xfb000000, 0x00000000, \
  0x00000f0a, 0x05f6f8f6, 0x0cf80c00, 0x00000000, 0x00000000, 0x07000000, 0x00000000, 0x03f803fd, \
  0x050708fd, 0xf9080000, 0x00000000, 0x00000003, 0x06090509, 0x09050504, 0x090206fc, 0x06f6fc05, \
  0xf6000000, 0x01fefffd, 0xfffd0000, 0x00000002, 0xfe070609, 0xfb08f9f8, 0xf3010a0d, 0xffff01ff, \
  0x00000001, 0x02fa0a0d, 0x080600f9, 0x01f70304, 0x00fd0202, 0x03010100, 0x010002ff, 0x00fd0202, \
  0x0306fe07, 0xf8f6f809, 0x02fffe06, 0x01fc0203, 0xfffc0000, 0x00000000, 0x000000fc, 0x07fc0604, \
  0xfc00fe01, 0x00000000, 0x00000000, 0x3f000000, 0x00000000, 0x00000000, 0x00000000, 0x00000000, \
  0x00000000, 0x00000000, 0x00000000, 0x00000000, 0x00000000, 0x00000000, 0x00000000, 0x00000000, \
  0x00000000, 0x00000000, 0x00000000, 0x00000000, 0x00d70000, 0x00000000, 0x00000000, 0x00000000, \
  0x00000000, 0x00000000, 0x00000000, 0x00000000, 0x00000000, 0x00000000, 0x00000000, 0x00000000, \
  0x00000000, 0x00000000, 0x00000000, 0x00000000, 0x00000000, 0x00000000, 0x00000000, 0x3d000000, \
  0x00000000, 0x00000000, 0x00000000, 0x00000000, 0x00000000, 0x00000000, 0x00000000, 0x00000000, \
  0x00000000, 0x00000000, 0x00000000, 0x00000000, 0x00000000, 0x00000000, 0x00000000, 0x0e171d26, \
  0x2a0bf21a, 0x161c0206, 0x100e0906, 0x1afe0911, 0x10ef04fa, 0xf517fc20, 0xf7092c0b, 0x0b1817ee, \
  0x04090e0a, 0x0c14031a, 0x0c0d1513, 0xec0e0a10, 0x14f3de15, 0xe6062300, 0x081b0309, 0x09141311, \
  0x0719f3f9, 0x271206fa, 0xf31cfd0a, 0x1f0f110d, 0x18ef07ef, 0x20110d0c, 0xf3fb1016, 0x0c0605f8, \
  0x0838fa09, 0x0e07fa0a, 0xf8fc08f8, 0x0efd020a, 0xf818181a, 0xef170805, 0x10170000, 0x00000000, \
  0x0015fd00, 0x501bc2a0, 0x00000022, 0xff0d02fe, 0xff0106fe, 0xfb0ffdfb, 0x1ae6f1fa, 0x012001fc, \
  0xfee5f60f, 0x0d14f8f8, 0x0701ed10, 0x0114fa0e, 0xf30208f1, 0x0c02f80b, 0x0111f9f1, 0xfc141410, \
  0x040bfa0b, 0xfff70503, 0xf20800ec, 0xfbf7f806, 0xf80ffa1a, 0xf2f8010e, 0xdcef0c0f, 0x02030911, \
  0x0308ff03, 0x17f70afe, 0xffeae6f9, 0x02fc01e8, 0xe9ff12f3, 0x04f4ff1f, 0xf4eaf60b, 0x0dfef6f9, \
  0x12fcfc12, 0x05f107ea, 0xfdf80000, 0x00000000, 0x000df100, 0x501bc2e0, 0x00000058, 0x00000000, \
  0x00000000, 0x39000000, 0x00000000, 0x00000000, 0x00000000, 0x00000000, 0x00000000, 0x00000000, \
  0x00000000, 0x00000000, 0x00000000, 0x00000000, 0x00000000, 0x00000000, 0x00000000, 0x00000000, \
  0x00000000, 0x00000000, 0x00fb0000, 0x00000000, 0x00000000, 0x00000000, 0x00000000, 0x00000000, \
  0x00000000, 0x00000000, 0x00000000, 0x00000000, 0x00000000, 0x00000000, 0x00000000, 0x00000000, \
  0x00000000, 0x00000000, 0x00000000, 0x00000000, 0x00000000, 0x3d000000, 0x00000000, 0x00000000, \
  0x00000000, 0x00000000, 0x00000000, 0x00000000, 0x00000000, 0x00000000, 0x00000000, 0x00000000, \
  0x00000000, 0x00000000, 0x00000000, 0x00000000, 0x00000000, 0xfd11270b, 0x0df7250a, 0x1f1ef316, \
  0xf10d0208, 0x141b0502, 0x0a1911fd, 0xf00a05f0, 0x0eee09ff, 0x05f8faec, 0x0cfe1df3, 0x04fbf404, \
  0x01fd1b12, 0xfe071f0c, 0xee0a10f2, 0x06040af9, 0xf0fdf8f5, 0x0c020003, 0x09f8fffb, 0x13fff005, \
  0x1702f409, 0xeffb08e3, 0xf40b0df5, 0x0ceff6f4, 0xf7fcfe25, 0x0201f40a, 0x2103ed09, 0xf2eff513, \
  0xfe0c0322, 0x2f1007fd, 0xf3ed16f7, 0x28e20b06, 0xfc030000, 0x00000000, 0x00e90400, 0x501bc380, \
  0x00000022, 0xf7fc1903, 0x0bfeed0b, 0xf902f2f6, 0xff0006fc, 0xf91105ef, 0xfcedfe04, 0xf5fd1028, \
  0xec0a0302, 0xfa02edf6, 0x000211f7, 0xf4ee0411, 0xfe0904f3, 0xef0705fc, 0x0d0bfdec, 0x050300fa, \
  0x0feef81c, 0xebfbfc0d, 0xf4ff0005, 0x1805fbe9, 0x1015f20a, 0x0b0200e6, 0x0715f8f8, 0xfef0f4ef, \
  0x19f805f1, 0x12f8f301, 0xfc03fe10, 0xf5fdf5f2, 0xf906f723, 0x0af9fbfe, 0x02fe0cf6, 0x170df9f4, \
  0xf6110000, 0x00000000, 0x000b0700, 0x501bc3c0, 0x00000058, 0x00000000, 0x00000000, 0x76000000, \
  0x00000000, 0x00000000, 0x00000000, 0x00000000, 0x00000000, 0x00000000, 0x00000000, 0x00000000, \
  0x00000000, 0x00000000, 0x00000000, 0x00000000, 0x00000000, 0x00000000, 0x00000000, 0x00000000, \
  0x00050000, 0x00000000, 0x00000000, 0x00000000, 0x00000000, 0x00000000, 0x00000000, 0x00000000, \
  0x00000000, 0x00000000, 0x00000000, 0x00000000, 0x00000000, 0x00000000, 0x00000000, 0x00000000, \
  0x00000000, 0x00000000, 0x00000000, 0x3d000000, 0x00000000, 0x00000000, 0x00000000, 0x00000000, \
  0x00000000, 0x00000000, 0x00000000, 0x00000000, 0x00000000, 0x00000000, 0x00000000, 0x00000000, \
  0x00000000, 0x00000000, 0x00000000, 0x0104f903, 0xfd0efcfd, 0x031302f7, 0xee0800f4, 0xfd0811f2, \
  0x0a020002, 0x05f60205, 0xfff6fa0c, 0x0c121005, 0x00f8f706, 0x0713f9f1, 0x020507f1, 0xef04f600, \
  0x04fdfb1b, 0x05ff080b, 0xfd07fd06, 0x05f602ef, 0xfbf00208, 0xf7f905fb, 0xfcfbf60d, 0x0512def4, \
  0xe8faf8ef, 0x1bf7ee24, 0x0a0200fe, 0x00f1fa0d, 0x0101fd1d, 0x06010d03, 0xf1020120, 0x0ceefd00, \
  0xf807e51e, 0xf90f2df0, 0xfe070000, 0x00000000, 0x00010500, 0x501bc460, 0x00000022, 0x150405e7, \
  0x150c07ec, 0x02fc0005, 0xfbf4f5fe, 0x0900fafa, 0xfcfcf30a, 0x1902fee5, 0x1c07fd0b, 0xfa0f00fe, \
  0x030bfa05, 0xfb0aeaf4, 0x0409f2f1, 0x01030c0a, 0x06130f19, 0xfa0cf900, 0x05f2e2de, 0xf9f5fcf7, \
  0x120afa10, 0xf7ff1318, 0xf1fa1121, 0x0bfbfe19, 0x02fdf7ee, 0x08f2030c, 0xea0af2fe, 0xecf21803, \
  0x01e70f08, 0x01ff1714, 0xf4ebf304, 0x110ef501, 0xf310fa16, 0x07f00de7, 0xf3fe0000, 0x00000000, \
  0x0004ee00, 0x501bc4a0, 0x00000017, 0x00000000, 0x00000000, 0x53000000, 0x00000000, 0x00000000, \
  0x00000000, 0x00000000, 0x00000000, 0x00000000, 0x00000000, 0x00000000, 0x00000000, 0x00000000, \
  0x00000000, 0x00000000, 0x00000000, 0x00000000, 0x00000000, 0xf0df370d, 0x0cf9ec1b, 0xee000000, \
  0x00000000, 0x00fa0000, 0x50580000, 0x00000178, 0x0900050e, 0x100d1604, 0xf101de04, 0x10e4e7f6, \
  0xf7e6fbfb, 0xfcfbfbfb, 0xfafbfcfe, 0xfdfbfffd, 0xfbfefbfa, 0x00000000, 0x00000000, 0x000df1fe, \
  0xfdeb0106, 0xe4e8080a, 0xf70d1001, 0x0807fb00, 0x00000000, 0x00000000, 0x0cff07fb, 0x00ebeb05, \
  0xe6000000, 0x00000000, 0x00000a06, 0x010eeed8, 0x271e17ed, 0xe01301e5, 0xef0af4f5, 0xf9faebef, \
  0x00f6cdd9, 0xfedffa11, 0xf00de1f5, 0xfef401fc, 0xfc00fd00, 0xfb010300, 0x00fe0000, 0xffff01ff, \
  0xfafffa06, 0xfef701fe, 0x06fdfffe, 0xfcfcfcfe, 0xfefddeed, 0x05e6e0ec, 0x140bd9cc, 0xec0ceefd, \
  0xddf31602, 0xf8fce5f1, 0xfaebdffd, 0x09000000, 0x00000000, 0x00000406, 0xee080f0f, 0x0bfc0b12, \
  0xf911ebf6, 0xf3f9ecf3, 0x0311f910, 0x150604f9, 0xf7fd0d19, 0x1f04f9e4, 0xe9dbe7f9, 0x01f8eaee, \
  0xe1f104f6, 0xf8f8f8f5, 0xf6f7f9fa, 0xf0060e00, 0xf608ebfa, 0xfdfff4fd, 0x04fffc00, 0x07ff0002, \
  0xfcfd1116, 0xf6f9fb04, 0xfe02f60b, 0xf70bf9f3, 0xfc07150f, 0xf8f916e2, 0xe6e3ddea, 0xed05f7e3, \
  0xf2fafeff, 0x00fcfc00, 0xfd0202f0, 0x0bf40eef, 0x040411ec, 0xfe01f00c, 0xeff10df4, 0xfb000000, \
  0x00000000, 0x000001fb, 0xf2fcecfb, 0x0eebef05, 0x1b0e0ef3, 0x031bf81e, 0x00000000, 0x00000000, \
  0x00f9f4fb, 0x09100a02, 0xfcf0f802, 0x0709f6ed, 0x010000ec, 0xf9ee0908, 0xf70be9e6, 0x03f90204, \
  0xff010203, 0x01110fdf, 0x11f6e825, 0x14092316, 0x1d100210, 0x1f0b04fa, 0xfefa0101, 0xf4fbfefa, \
  0xf0fc070b, 0xebedff07, 0x03000100, 0x00ff0000, 0x01000000, 0x00000000, 0x000000f7, 0xf9f8f9fa, \
  0xf9faf9f8, 0xfc08f2ff, 0xe40df5eb, 0xf6f0f1f3, 0xf5f4eff4, 0xf4f3f5f5, 0x06f9f5f8, 0xfb0506e9, \
  0xf1ecedef, 0xf1eff4f5, 0xfffaffff, 0xf903fff8, 0x01fc0001, 0xf301f4f8, 0xf801f0ee, 0x0a04f1f0, \
  0x0d061cd8, 0xd40f0109, 0x2108f504, 0x08fff6f6, 0x03fd0702, 0xfa2dfae1, 0x0d0d00f0, 0xf80bf9ee, \
  0xfa030bfd, 0x00f7f5f2, 0xf3fbf104, 0x04fced07, 0x010101ff, 0x0000fe01, 0x01000000, 0x00000000, \
  0x00000802, 0xfdfef305, 0xf60ffe01, 0xfe000103, 0x01010000, 0x01010300, 0x01020100, 0x02f60200, \
  0x080402fd, 0x06fd02f7, 0xf8f8f9fb, 0x0f030c0c, 0xff0606fe, 0x03fc0502, 0xf7f60b09, 0xf70c0cf7, \
  0xfafafd06, 0x050905f9, 0x06050200, 0x00ffff01, 0xfeff0000, 0xff000000, 0x000000ff, 0x0bf2fd0b, \
  0x01060507, 0xfaf304f7, 0xf80409fb, 0xfbfb0604, 0xf802fcfc, 0x03fcfe08, 0x02fa07f8, 0xfb020309, \
  0x00000000, 0x00000000, 0x00000000, 0x01000004, 0xfdff07f3, 0xfb030201, 0xfcfb0100, 0x00000000, \
  0x00010001, 0xfffbfe04, 0x03f900fd, 0xfdfc02fe, 0xfd010102, 0x01020302, 0x0307fa09, 0x0806f7fe, \
  0xfe010002, 0xff000301, 0xf905fffb, 0xfa000200, 0xfe070402, 0xf800fdf9, 0x06060000, 0x00000000, \
  0x00000000, 0x02fffe00, 0x00000000, 0x00000000, 0x00000000, 0x00f8f3f1, 0x0714f401, 0x080aff06, \
  0x01f9fcfe, 0xfffc0107, 0x0ff0f609, 0x0c09feef, 0x0bf1f805, 0x090009ff, 0x00000000, 0x00000000, \
  0x00000a06, 0x0109f1f6, 0x07050b00, 0x00000000, 0x00000000, 0x12f3f310, 0xf20501fd, 0xf7000000, \
  0x00000000, 0x0000fdff, 0x03ff0602, 0x03ff0204, 0x0000fdff, 0x02fe01ff, 0xfe01fffc, 0xfe0002ff, \
  0x01000000, 0xfe000001, 0xfa01f100, 0x0afef90b, 0x08ff1200, 0x00000000, 0x00000101, 0x0cfaf4ef, \
  0xf7fbfbfe, 0xf7000000, 0x00000000, 0x00000c11, 0x020dff09, 0x01010300, 0x00000000, 0x00000000, \
  0x00000000, 0x00010101, 0x0202fe03, 0xfffefc00, 0xfefc0000, 0x00000000, 0x00000000, 0x00000000, \
  0x00000000, 0xf6f30cf5, 0x010604f3, 0x05f7000d, 0x06fb08f8, 0x0bf803ff, 0x01000000, 0xff00fff3, \
  0xf20c0309, 0xfd04f7f6, 0x00000000, 0x00000000, 0x00fe04ff, 0xff000200, 0xfffffeff, 0xfffffe05, \
  0x0205fd00, 0x00000001, 0x00000000, 0x06f20af7, 0xfef2f2f7, 0xf8000000, 0x00000000, 0x00000000, \
  0x00000000, 0x000000f6, 0x050906fb, 0x0d0c0309, 0x00000000, 0x00000000, 0x40000000, 0x00000000, \
  0x00000000, 0x00000000, 0x00000000, 0x00000000, 0x00000000, 0x00000000, 0x00000000, 0x00000000, \
  0x00000000, 0x00000000, 0x00000000, 0x00000000, 0x00000000, 0x00000000, 0x00000000, 0x00e20000, \
  0x00000000, 0x00000000, 0x00000000, 0x00000000, 0x00000000, 0x00000000, 0x00000000, 0x00000000, \
  0x00000000, 0x00000000, 0x00000000, 0x00000000, 0x00000000, 0x00000000, 0x00000000, 0x00000000, \
  0x00000000, 0x00000000, 0x3e000000, 0x00000000, 0x00000000, 0x00000000, 0x00000000, 0x00000000, \
  0x00000000, 0x00000000, 0x00000000, 0x00000000, 0x00000000, 0x00000000, 0x00000000, 0x00000000, \
  0x00000000, 0x00000000, 0xfcf1f100, 0xeefefbf5, 0xfc0b09ea, 0x00000403, 0x15bafee6, 0xead4eee5, \
  0xde14eeff, 0xe0010d00, 0x06ff04ea, 0xe9f60311, 0xfb01fc0e, 0xf8030502, 0xf0fb00f6, 0xf8efe2f7, \
  0xbf060df9, 0xf8f8fbf4, 0xf9f4e9fa, 0xfc0bfee1, 0xfbf8f7fa, 0x010c100d, 0xf7ee0bff, 0xfddafc0b, \
  0x1509f6e5, 0x090eeb01, 0x01fcd3d5, 0xf9fbfe0f, 0x01fbeaf0, 0xdfdfffeb, 0x12fbeffc, 0xf41b13eb, \
  0xf90ffeeb, 0x000c0000, 0x00000000, 0x00f60c00, 0x505802a0, 0x00000022, 0x0cff04fe, 0x0bfdf1f5, \
  0xf6edf1f5, 0xf9ece902, 0x12100000, 0xeef5f60c, 0x00fe00fa, 0x04090308, 0xf41e0b0b, 0x0305fde9, \
  0xf8f501ee, 0xf50c02fe, 0xf214fd13, 0xfcfd11f6, 0x00ecf51a, 0xfc1b0502, 0xf604fdf7, 0xf9f90f08, \
  0x020dedf1, 0x00f8f6ee, 0x000afa08, 0x14f7f708, 0xf4f40d17, 0x19f70a04, 0x08f90df9, 0xf6eff4fc, \
  0xfdf91120, 0xf8f5f10d, 0xfdebf90b, 0xfbfffef3, 0x0cf409fc, 0xfeff0000, 0x00000000, 0x0009fc00, \
  0x505802e0, 0x00000058, 0x00000000, 0x00000000, 0x3e000000, 0x00000000, 0x00000000, 0x00000000, \
  0x00000000, 0x00000000, 0x00000000, 0x00000000, 0x00000000, 0x00000000, 0x00000000, 0x00000000, \
  0x00000000, 0x00000000, 0x00000000, 0x00000000, 0x00000000, 0x00010000, 0x00000000, 0x00000000, \
  0x00000000, 0x00000000, 0x00000000, 0x00000000, 0x00000000, 0x00000000, 0x00000000, 0x00000000, \
  0x00000000, 0x00000000, 0x00000000, 0x00000000, 0x00000000, 0x00000000, 0x00000000, 0x00000000, \
  0x3c000000, 0x00000000, 0x00000000, 0x00000000, 0x00000000, 0x00000000, 0x00000000, 0x00000000, \
  0x00000000, 0x00000000, 0x00000000, 0x00000000, 0x00000000, 0x00000000, 0x00000000, 0x00000000, \
  0x11e206f9, 0xeedc07fc, 0x1ff5f600, 0xe6f7f701, 0xf31201f5, 0x011804fb, 0xd7fff4f8, 0x00fdfb01, \
  0xf8fd090d, 0x02f3fd02, 0x07f8f2fa, 0xfaf72dfb, 0x04f21cdb, 0xeafd000f, 0xf3d903f6, 0xff0af801, \
  0x01f0e80c, 0xeafcf6fb, 0xefebdc01, 0xf4f0fcf2, 0xf6eaf9ec, 0x0e02fcff, 0x02ea0e08, 0xfeefe917, \
  0xfef0f8f5, 0x130ce803, 0xf607fff8, 0xf5f8f704, 0x020604f8, 0x04fb1bf8, 0xf005fefa, 0xeefc0000, \
  0x00000000, 0x00f1f300, 0x50580380, 0x00000022, 0xf3040b05, 0xfa0a0300, 0x030407fe, 0xfe030b03, \
  0xf6010708, 0xfc040203, 0x0dfdf800, 0x0603070d, 0xf20e0705, 0x0f0bfc04, 0xfdff1814, 0x12fcedf4, \
  0xfe03fef8, 0x000b1a05, 0x0cf9010f, 0x14fefbfb, 0x00ff0aef, 0xe502fd09, 0x08f5fafa, 0xef01f803, \
  0x00080cfe, 0x0bf6f1f8, 0xf9010507, 0x0c06fef2, 0x07f4e2fc, 0xf908fcf8, 0x0b0c02fe, 0xf703ff01, \
  0x08fdfef3, 0x00fefb09, 0x08f9f4f4, 0xff020000, 0x00000000, 0x00100500, 0x505803c0, 0x00000058, \
  0x00000000, 0x00000000, 0x74000000, 0x00000000, 0x00000000, 0x00000000, 0x00000000, 0x00000000, \
  0x00000000, 0x00000000, 0x00000000, 0x00000000, 0x00000000, 0x00000000, 0x00000000, 0x00000000, \
  0x00000000, 0x00000000, 0x00000000, 0x00e10000, 0x00000000, 0x00000000, 0x00000000, 0x00000000, \
  0x00000000, 0x00000000, 0x00000000, 0x00000000, 0x00000000, 0x00000000, 0x00000000, 0x00000000, \
  0x00000000, 0x00000000, 0x00000000, 0x00000000, 0x00000000, 0x00000000, 0x3b000000, 0x00000000, \
  0x00000000, 0x00000000, 0x00000000, 0x00000000, 0x00000000, 0x00000000, 0x00000000, 0x00000000, \
  0x00000000, 0x00000000, 0x00000000, 0x00000000, 0x00000000, 0x00000000, 0xeb050908, 0x0ffcfafd, \
  0xf7e109e9, 0xfef2f5f7, 0x07ff010d, 0x070bf211, 0xf50ce2e9, 0x0208f3ef, 0xf61113e5, 0x12ffe209, \
  0xedf9f005, 0xe6f1f40d, 0xee070f07, 0x1811f20e, 0xf9eafcee, 0x05feeffe, 0x0913fa0f, 0xf710e5f4, \
  0xedfcfb08, 0x06f5f90a, 0xeefbfd0d, 0xf2f60c02, 0x0400f50c, 0x09ebfb0d, 0x03040805, 0xf8f6f21c, \
  0x15f6f5f2, 0x0702f7f7, 0xe10201ee, 0xf6ff00f0, 0xfaf9e2fc, 0xf7f90000, 0x00000000, 0x00fefb00, \
  0x50580460, 0x00000022, 0xee1af1fe, 0xfce6f9ed, 0x03e9fb02, 0x0308fd13, 0xfbdbffe2, 0x0fed05f4, \
  0xfc0b0c02, 0xfbf202fd, 0x1cfaf804, 0x190df9db, 0x041d1c0d, 0xf7151f00, 0x061d072c, 0xf2190303, \
  0x051cfffc, 0xf5fe07ef, 0x14ecf00b, 0x16fe1cf3, 0x1306ecef, 0xffeae711, 0xf501fbfa, 0xece80edf, \
  0x01e5ef0f, 0x140e0f08, 0x14fef3ec, 0x13fce605, 0x04f5ebd4, 0x0623fff5, 0xf20d0612, 0x12170015, \
  0x0a0f0bf9, 0x070b0000, 0x00000000, 0x000d0800, 0x505804a0, 0x00000017, 0x00000000, 0x00000000, \
  0x45000000, 0x00000000, 0x00000000, 0x00000000, 0x00000000, 0x00000000, 0x00000000, 0x00000000, \
  0x00000000, 0x00000000, 0x00000000, 0x00000000, 0x00000000, 0x00000000, 0x00000000, 0x00000000, \
  0xebf50303, 0x0afcfdfc, 0x06000000, 0x00000000, 0x000f0000, 0x50584000, 0x00000178, 0xe4e5f3f7, \
  0x150ce2f0, 0xf4eff300, 0xf103f8ea, 0xe1f3fef3, 0xf7f0f1f4, 0xf2f3f5f6, 0xfdf6fdfb, 0xf8fdfafa, \
  0xfff80900, 0xf9fc0102, 0xfbfbfb01, 0x0309f80d, 0x09e5190f, 0xf802f0fe, 0x1302f700, 0x00000000, \
  0x00000000, 0x08f8ff01, 0x03fbf8fc, 0x170201fd, 0x05f9f9f6, 0xf9040921, 0xf11b1c03, 0x0725f901, \
  0x011005f9, 0xf8fbfde8, 0x0cfd10f8, 0xed0609eb, 0x07f8111a, 0x0509fc10, 0x0402fb00, 0xf9fbfeff, \
  0x030000f2, 0xeff90101, 0xf208fbf3, 0xf606fcfe, 0xf6f9fe02, 0x00fffef1, 0x0307eaeb, 0x0b05f5fb, \
  0xf70b0b07, 0x1d1af810, 0xfc00f303, 0x0c0a0512, 0x09f20515, 0x00fd1010, 0x0a010203, 0x0400fe01, \
  0x0606f100, 0x0904ff0c, 0xef01f30c, 0x010bf5f4, 0xf104f5f6, 0x14f4ca03, 0x07da05ea, 0xeff4eafa, \
  0x1c0bfbfb, 0x140dfd19, 0x1812f313, 0x04f2eff6, 0xf5f5f5f6, 0xf3fbf5fd, 0x0802fdf2, 0x05fb0af0, \
  0xff0c000e, 0x0d0908f2, 0xfcf3f1eb, 0x01e5f0fd, 0x1dfb0201, 0xf5f6fd07, 0x04f5080c, 0x0206e9fe, \
  0xf712e6fd, 0xfc111103, 0xe8f506c9, 0xced1f9fe, 0x0eefef00, 0x07f5fcfd, 0xfefc0000, 0x0000fffb, \
  0xf20bea11, 0x1007f4f7, 0x08020100, 0x00000000, 0x00000f15, 0x1cefff00, 0x080212fa, 0x0aeffcf4, \
  0xf6f9fa00, 0xfffffffb, 0x03ff0603, 0xff1003ee, 0x1106f8f2, 0xfd070ef5, 0x0d09f0fb, 0xe9ee02fc, \
  0xf7ef0bf2, 0xedf704fb, 0x03f9fdfd, 0xfefdf804, 0xfdf6e7e8, 0xef080e0e, 0xf814e1fa, 0x0c11f8f8, \
  0x0cfcfef2, 0xebedeef1, 0xfaf4f1e8, 0x09f300f9, 0xe8f0f5fa, 0xea0101fe, 0x00fffc01, 0xfefcfffc, \
  0x02fdff09, 0x01060bf8, 0xf9faf7f6, 0xf8f5f5f6, 0xf3ef01f6, 0xe0efeaf0, 0xfcf8f5f7, 0xf0ededed, \
  0xefe901fd, 0xfd03ffff, 0xf8ff02f6, 0xf0f5f6f4, 0xeff2f1eb, 0xfaf9fbf7, 0xf8f4fdf9, 0xfa1d1607, \
  0x0c100908, 0xfeef1a01, 0xe1010209, 0x0bf2e707, 0xece2f0d9, 0xe7eef9e9, 0x00fdf0f6, 0xfd07f1f8, \
  0xf82d25ec, 0x0c250a17, 0x0e0c0b08, 0xfff2fb08, 0xff010501, 0x02f7feff, 0xfe000000, 0xf4ed00f7, \
  0x08fff3ff, 0xfbfd0000, 0x0000ff00, 0x0000170f, 0xf6fef407, 0x100e0000, 0xfbf602ff, 0xfcfe00fb, \
  0x00000d09, 0xff0bfe04, 0x0dfcf607, 0xf8fbfc02, 0x0705040a, 0x0608030b, 0xfb0a0200, 0x01fafefd, \
  0x06f7f8f2, 0xef01f504, 0xfa101301, 0x0a1b0d0a, 0x0d040e21, 0x191c0509, 0x0a000002, 0xf8fa02fa, \
  0xf2f3f5fa, 0x0c0005f7, 0xfefaf6f8, 0xfd0200fe, 0xfbf4fa02, 0x0bfff4fc, 0xf600f900, 0x03fa070c, \
  0xfc0409fc, 0xf9f9f7f8, 0xf6fafaf9, 0x0bf70c02, 0xf509f907, 0x00f80302, 0x0002fc02, 0x00090810, \
  0x12160d0c, 0x150814f0, 0xf7eff9ed, 0xf0fcf700, 0x02f6fefc, 0xfdf4f0f1, 0xf6fdfc00, 0xfd0105fd, \
  0x02020a0b, 0xef00f608, 0x00000411, 0x070a0814, 0x10fb0014, 0xf8f0f4f9, 0xea05f6ff, 0xfa08fa0d, \
  0x01ee0b09, 0x06060004, 0x09000104, 0x03050401, 0xf9f70103, 0x01feff02, 0xf6f2f2fc, 0xf9fb0703, \
  0x0a0afe10, 0x01fafe01, 0xf30004f7, 0xfb07f4fd, 0x01f6fe10, 0x16040a13, 0xff120a10, 0xf5f9fb0b, \
  0xf409000a, 0x08010102, 0x020400fc, 0x06080000, 0x00000000, 0x000000fe, 0xfffefefe, 0xfefefefd, \
  0x05000009, 0x030906f9, 0x02110e10, 0x1115100b, 0x0c0ff0f4, 0xf002fcf8, 0xf5030b18, 0x101b0c0b, \
  0x17191b17, 0x000bfc0c, 0x00ffff02, 0x00fffcfd, 0x0100fe02, 0x0303faef, 0xfa04f2f7, 0x05eef1f7, \
  0xfceef606, 0x0103f90c, 0xf3f8edf7, 0xfbf7e9f8, 0xec00fd01, 0xfa02fcfe, 0xfd000b17, 0x11ff0f13, \
  0x00191200, 0x00000000, 0x00000000, 0xfcfe01fa, 0xfd00fbfa, 0xfd00ff03, 0xfffffd01, 0x03fd0000, \
  0x00000000, 0x000000ef, 0xeff5f2f3, 0xfaf8f6fb, 0x0501f30a, 0xf0ecf2ea, 0xfb0a040f, 0x0c09100c, \
  0x0508060a, 0x0bfef8ff, 0x060b0a0a, 0x1204fff9, 0xfcfb080a, 0xfefc07ff, 0xf5f70301, 0xfc190ffd, \
  0x18001818, 0x1609fdfa, 0xf4f701f4, 0x02fdf701, 0x0009150c, 0xfa100afe, 0x06030512, 0x0008070c, \
  0x0af6f5f4, 0xf6fdfdfa, 0xf5fd0000, 0x00000000, 0x00000009, 0x05ef09fe, 0xfe07ef00, 0x00000000, \
  0x00000000, 0x40000000, 0x00000000, 0x00000000, 0x00000000, 0x00000000, 0x00000000, 0x00000000, \
  0x00000000, 0x00000000, 0x00000000, 0x00000000, 0x00000000, 0x00000000, 0x00000000, 0x00000000, \
  0x00000000, 0x00000000, 0x000e0000, 0x00000000, 0x00000000, 0x00000000, 0x00000000, 0x00000000, \
  0x00000000, 0x00000000, 0x00000000, 0x00000000, 0x00000000, 0x00000000, 0x00000000, 0x00000000, \
  0x00000000, 0x00000000, 0x00000000, 0x00000000, 0x00000000, 0x3d000000, 0x00000000, 0x00000000, \
  0x00000000, 0x00000000, 0x00000000, 0x00000000, 0x00000000, 0x00000000, 0x00000000, 0x00000000, \
  0x00000000, 0x00000000, 0x00000000, 0x00000000, 0x00000000, 0x0006f0f5, 0xe807eee7, 0xeffbfcee, \
  0x01fbff08, 0xff0cf7f0, 0xf605f5dc, 0x0af8060d, 0xf4e5f2ee, 0x0212fc03, 0x15fffafd, 0xfd101f08, \
  0xf5e51f03, 0xfde8fb19, 0xf0f7f9ed, 0x050ce7fc, 0xf9edf6f5, 0xfe0ef7ff, 0xf3eeebfb, 0xf503dff9, \
  0x060ffc04, 0xfb10fffe, 0x0efafefd, 0xdc13030c, 0x1206e604, 0x04fb0ceb, 0xfb061419, 0xfc03f801, \
  0x03020e00, 0xff060805, 0xe5faece0, 0x080702fd, 0xfc080000, 0x00000000, 0x00f71b00, 0x505842a0, \
  0x00000022, 0x0b080e02, 0x0bef0517, 0x1afaf0f4, 0xf20e1005, 0xee01fefb, 0x130d0608, 0x0a03f519, \
  0x2108130c, 0x10f2ea0b, 0x320fe8ff, 0x1802fffe, 0xf9f7fb02, 0x0bfaef05, 0xf80cfd05, 0x190a09f2, \
  0x06f30016, 0xef03f5f1, 0xf40503f0, 0x0a10ee08, 0x15191008, 0xf2f70306, 0x09f3fc09, 0xf2fad718, \
  0x180d0404, 0xd60302fd, 0x0c0c07ee, 0xd4f5fcf1, 0x09fa0ffd, 0xf1fb0904, 0xf0f6edfb, 0xf3f6f6f0, \
  0xfdf20000, 0x00000000, 0x00edf000, 0x505842e0, 0x00000058, 0x00000000, 0x00000000, 0x34000000, \
  0x00000000, 0x00000000, 0x00000000, 0x00000000, 0x00000000, 0x00000000, 0x00000000, 0x00000000, \
  0x00000000, 0x00000000, 0x00000000, 0x00000000, 0x00000000, 0x00000000, 0x00000000, 0x00000000, \
  0x000f0000, 0x00000000, 0x00000000, 0x00000000, 0x00000000, 0x00000000, 0x00000000, 0x00000000, \
  0x00000000, 0x00000000, 0x00000000, 0x00000000, 0x00000000, 0x00000000, 0x00000000, 0x00000000, \
  0x00000000, 0x00000000, 0x00000000, 0x3f000000, 0x00000000, 0x00000000, 0x00000000, 0x00000000, \
  0x00000000, 0x00000000, 0x00000000, 0x00000000, 0x00000000, 0x00000000, 0x00000000, 0x00000000, \
  0x00000000, 0x00000000, 0x00000000, 0xda0be8f6, 0xf925f00d, 0xfe0e0a0a, 0xf6fefff4, 0x0b05fcfd, \
  0xf510f210, 0x01fef0f5, 0xf50d0ef7, 0xfbf80d0b, 0x00e5e6eb, 0xe6f70a08, 0xfbfa0bf4, 0x18ed0907, \
  0x09fded0b, 0xfbedf1ef, 0xfbf6dbf6, 0xf4f1eefa, 0xfafcfb12, 0xf806fa07, 0xe9e7fb05, 0xfd14f5ec, \
  0x0f02050c, 0x0be509fa, 0xf60ded01, 0x09fd00df, 0xec0ef3ef, 0xe111fb0b, 0xed130fe3, 0xfcfceb05, \
  0x0a030208, 0xf9fcecf5, 0xfb060000, 0x00000000, 0x000afa00, 0x50584380, 0x00000022, 0x1c081af7, \
  0xf8dceb07, 0xf5f4e309, 0x0f01fb0c, 0xfc00f2f7, 0xf30a0df2, 0xf2f9fe11, 0x04f6f503, 0xdcfb03dd, \
  0xfb03e603, 0xf606090b, 0x0b0600d1, 0x150c1306, 0x11f80df7, 0xfa1805f5, 0x0cfe0d15, 0x15f31812, \
  0x0a09f1de, 0x0efae600, 0xfd04012c, 0xf1040e0d, 0x1606f3e5, 0xf8ef0eeb, 0xf5f8080d, 0xc7f50603, \
  0x01f80105, 0xf2fbf8f4, 0x090806fe, 0xf206070f, 0x040819f4, 0x05fdf4fe, 0xf60c0000, 0x00000000, \
  0x00000500, 0x505843c0, 0x00000058, 0x00000000, 0x00000000, 0x6a000000, 0x00000000, 0x00000000, \
  0x00000000, 0x00000000, 0x00000000, 0x00000000, 0x00000000, 0x00000000, 0x00000000, 0x00000000, \
  0x00000000, 0x00000000, 0x00000000, 0x00000000, 0x00000000, 0x00000000, 0x00f60000, 0x00000000, \
  0x00000000, 0x00000000, 0x00000000, 0x00000000, 0x00000000, 0x00000000, 0x00000000, 0x00000000, \
  0x00000000, 0x00000000, 0x00000000, 0x00000000, 0x00000000, 0x00000000, 0x00000000, 0x00000000, \
  0x00000000, 0x3f000000, 0x00000000, 0x00000000, 0x00000000, 0x00000000, 0x00000000, 0x00000000, \
  0x00000000, 0x00000000, 0x00000000, 0x00000000, 0x00000000, 0x00000000, 0x00000000, 0x00000000, \
  0x00000000, 0xf1f1f707, 0xfafff1f9, 0xfcfcf806, 0xd601fcfc, 0xe9f61100, 0xf3eff4e0, 0xfe09f9f5, \
  0xf3f8e92a, 0xf9020319, 0xc20eff01, 0x00d00b00, 0xfc14e807, 0x04ddfbfe, 0xf4e1f003, 0x0ff1f30a, \
  0xfde7f40b, 0x12f3f504, 0x03ed1d09, 0xfeccedeb, 0x0ee5e010, 0x171002d5, 0x04fd06dd, 0xf9080ae1, \
  0x10f00b0c, 0x0520f401, 0xf00207f7, 0x041dfe15, 0x01ef0203, 0xe6f801fd, 0xe6f9edf6, 0x0a10fe10, \
  0x07d90000, 0x00000000, 0x0011e400, 0x50584460, 0x00000022, 0xdcf42c11, 0xf21afcfd, 0xf30a0af2, \
  0xf907f4f5, 0x06da0318, 0xfafefbf4, 0x191411fd, 0xe907f6ff, 0x05ee0dee, 0x0ff3100f, 0xfbf001fa, \
  0xf90203fe, 0xeedff6fa, 0xfe000e01, 0x16f2f910, 0xff0004f3, 0xed00fa10, 0x0f100307, 0xf9fb1209, \
  0xfefbffef, 0x16f7e9e5, 0xe40a0b0c, 0x06151510, 0x1f200c07, 0x181406f9, 0xeb0df2e4, 0xff0dfefb, \
  0xfefbfbfc, 0x1504fbf0, 0x01fdff0b, 0x271202fc, 0xefd50000, 0x00000000, 0x00fa0800, 0x505844a0, \
  0x00000017, 0x00000000, 0x00000000, 0x54000000, 0x00000000, 0x00000000, 0x00000000, 0x00000000, \
  0x00000000, 0x00000000, 0x00000000, 0x00000000, 0x00000000, 0x00000000, 0x00000000, 0x00000000, \
  0x00000000, 0x00000000, 0x00000000, 0x0e0d03d7, 0x1313fdd4, 0xeb000000, 0x00000000, 0x00150000, \
  0x50588000, 0x00000178, 0xeee2f9e5, 0xe801eae2, 0xe2ff07d9, 0xfbe5e1f6, 0xf6e7fdf3, 0xf2f4f2f4, \
  0xf4f2f5ff, 0xfaf8fcfc, 0xf9fffdfc, 0xfa000603, 0x0101fe00, 0xfafef1f4, 0xed040411, 0x0c04fb04, \
  0xf4f616f3, 0x0e0ff400, 0x00000000, 0x00000000, 0xd5dffcd8, 0xeef7d60f, 0x08feff00, 0xfd020205, \
  0xf903060e, 0x1cf12519, 0xef151c01, 0xf80ded01, 0xf8fd0603, 0xfff205f3, 0xf6f31c0b, 0x13fd0007, \
  0xfd0613fb, 0x1d0afdfd, 0x0004fefe, 0xfdfb0100, 0xf6f20a08, 0x01f8ef02, 0x020801fc, 0xfbfffdfe, \
  0x00f8f601, 0x09fb0af0, 0xeff713f7, 0x010efbe7, 0x06f101eb, 0xdde90ff3, 0x0104eb17, 0xe6020400, \
  0xff03f4f3, 0x0101fdfe, 0xfdfc0400, 0xfffc160d, 0x0df8ea09, 0xe7e70510, 0x00ee10e2, 0xe71df7f5, \
  0xfaf6e4f8, 0x0ce3fce2, 0xf30cf5fe, 0xf5070b19, 0xfb1bfb16, 0xfdfaf70c, 0xf90508f5, 0xf5f6fcf8, \
  0xf7fef9f7, 0xfbf7f20f, 0x00f7f807, 0x04f90b05, 0xe8f80908, 0xec02fef4, 0xf0f8f3fd, 0x03fceaf5, \
  0x0100ff06, 0xfd09f104, 0xe9ff02e8, 0xfefae2dc, 0x0b030efa, 0xd30515cc, 0xe80c0706, 0x04eefbfa, \
  0x06fbebf2, 0x0000f200, 0x0002fcfa, 0xf615f413, 0x14ef0908, 0x07ff0100, 0x00000000, 0x0000e507, \
  0x11f1fe16, 0xea070e25, 0xfa1614fe, 0xf81f08f7, 0x0503fff8, 0x05fefe04, 0xfd1209f0, 0xfcfaebff, \
  0xeff5fb08, 0x0aff01f0, 0xeaf5eee6, 0xefefeefe, 0x0412150a, 0xf50601fe, 0xfdfc0a01, 0xfaf1000e, \
  0x1e1a10fb, 0xf70ae8f2, 0xfbf9f9fc, 0xf3f2e7ed, 0xf402f8fb, 0xf8effaf8, 0x0ff901fa, 0xf005e9e8, \
  0xee0000ff, 0x00ff0100, 0xfe000002, 0xfa010105, 0xfef407f8, 0xf9f9f6f5, 0xf6f6f5f8, 0xf302e3d9, \
  0xeff2d3e5, 0x05fff8ee, 0xedeee9e7, 0xede8fafe, 0xfe0300ff, 0x0504fff4, 0xede6f7f1, 0xebfbf7f6, \
  0x00fefbfd, 0xfaf8f6f6, 0xf8efeef7, 0xf60cf2ee, 0x0c091ef5, 0xf7ff05ea, 0x01edeae3, 0xfa08f3f3, \
  0xd5e6dfd5, 0x010907fc, 0x04fd0803, 0xf9360b16, 0x0e05071a, 0x101404f0, 0x02f9f8f5, 0xf2f906fb, \
  0xfd020000, 0x00ff0000, 0xecfbf3d9, 0xeee9d8e6, 0xe1e2f0f2, 0xdff3f8c8, 0xe5e6e9fb, 0xcc00ead4, \
  0x0cfae00e, 0x12e91814, 0xe8fbfaff, 0xdaf6eddd, 0x04fef80b, 0xf6eaf8fc, 0xfef7f411, 0x0af9effa, \
  0xf6daedf4, 0xcce5e7ff, 0xfc05f3e2, 0xfeefedda, 0x090e07fa, 0xfdfef9ed, 0xe6f4041d, 0x0e1104ef, \
  0x03f71ef7, 0xedf1f7f7, 0xd7f7f302, 0xf113fa11, 0x1c11071a, 0x03f9fef4, 0xf6f308f6, 0xf0e2e3fc, \
  0xf60f0f08, 0xff0e00ec, 0xdd150beb, 0xede8d9ec, 0x1715c8eb, 0x18d3d70a, 0xfc0df919, 0x03f2f5f4, \
  0x060807f8, 0x03e8f502, 0x0509dbfc, 0xf1f9050a, 0x070701fb, 0x1c22ed02, 0x081501f6, 0x0f13fff7, \
  0xea02f0f3, 0xeaedfefd, 0xfbe5ee10, 0x10ee14fc, 0xedf612ec, 0x1ef0f1f8, 0xf4f0f40f, 0xf706f2f1, \
  0xf90301f5, 0x0b0c1621, 0xfddedde9, 0xedefeddf, 0xf9f7fcf7, 0xecf2f7fb, 0xebf0faf6, 0xfe02cfc9, \
  0xedd6e3e8, 0x03091903, 0x0b131811, 0x05eb0bfe, 0xe5e8f303, 0xe00e021e, 0x2d18f103, 0xf4fffffb, \
  0x01fb2004, 0xdc02f9da, 0xfe1312eb, 0xde02e2f3, 0x0509fce5, 0xf2eb07ed, 0xf8fef3f7, 0xfafb06ff, \
  0xf8f9f4ed, 0xfecff9f6, 0x02f5ee06, 0x01fd0d05, 0x090dfe01, 0xffe6f2ef, 0xdaf6e9e7, 0xfd0508f0, \
  0x0df701e7, 0xe1fef405, 0x161efff7, 0x10fd0413, 0x0f10110c, 0xf30ae7e2, 0x0108f5f0, 0x02f8fef9, \
  0xfafc0ff2, 0x02140810, 0x21fa160d, 0x101adce3, 0xdcd9ead3, 0x14dec314, 0xfce80cf0, 0xed1af0d7, \
  0x11e9f9ee, 0xd901fe0b, 0x15f6ea05, 0x00f11500, 0x00000000, 0x00000000, 0xf50a2109, 0xfc12f8f2, \
  0xff04f3fb, 0xe901ff00, 0xfcf5fbfd, 0xfaf6fb03, 0xfc010001, 0xe81308f5, 0x0f1317f7, 0xf9fe2604, \
  0x02f013ef, 0xfae3182a, 0xe6ea10e4, 0xe4d90bf8, 0xeaddeaff, 0xf7000a0b, 0xf7f5d8e4, 0xefdef203, \
  0x1b050bff, 0xf7000bf8, 0x16f1f4df, 0x0eeafe15, 0x070c00f6, 0x0b16f702, 0x150f08f7, 0x01fb120b, \
  0xe914fa02, 0x10f510dd, 0xe91de0e9, 0xf7f1ecf0, 0x030b07fc, 0x0afaff01, 0x02fafff9, 0xf9f8fbe9, \
  0xe6cfefe5, 0x01f2e9eb, 0x00000000, 0x00000000, 0x40000000, 0x00000000, 0x00000000, 0x00000000, \
  0x00000000, 0x00000000, 0x00000000, 0x00000000, 0x00000000, 0x00000000, 0x00000000, 0x00000000, \
  0x00000000, 0x00000000, 0x00000000, 0x00000000, 0x00000000, 0x00310000, 0x00000000, 0x00000000, \
  0x00000000, 0x00000000, 0x00000000, 0x00000000, 0x00000000, 0x00000000, 0x00000000, 0x00000000, \
  0x00000000, 0x00000000, 0x00000000, 0x00000000, 0x00000000, 0x00000000, 0x00000000, 0x00000000, \
  0x3e000000, 0x00000000, 0x00000000, 0x00000000, 0x00000000, 0x00000000, 0x00000000, 0x00000000, \
  0x00000000, 0x00000000, 0x00000000, 0x00000000, 0x00000000, 0x00000000, 0x00000000, 0x00000000, \
  0xfc0af30d, 0xe4000807, 0xfc070dfc, 0x01f60afe, 0xf3f6f5fd, 0x02f8f11c, 0x0b04fdff, 0x05f4f7f1, \
  0xfc0612f9, 0xdafd0ef9, 0xfcf9f8f3, 0xf90503ea, 0xf92909f3, 0x0bf8100f, 0x03e1ff04, 0xf4f8efff, \
  0x01f90a07, 0xf60500ee, 0x00f6fcf2, 0xf01dfefe, 0xf507fc09, 0xf0fbf100, 0xf8fcfcf4, 0x06f7f211, \
  0x0402e60d, 0x08e90206, 0xec0701f2, 0xf6040008, 0xf4fdfa07, 0x2efcfa10, 0xfefbfffb, 0x080d0000, \
  0x00000000, 0x00fa0900, 0x505882a0, 0x00000022, 0xeb15fbfc, 0x030f050f, 0xfa0def02, 0xf40314fc, \
  0x130bf1f2, 0xdcf90111, 0x09080508, 0x0bf6e902, 0x120024ee, 0xf8f412f9, 0xfa01faec, 0x06f30dfd, \
  0x0a050b1e, 0x00f8f322, 0x01fa06fe, 0xecfbf805, 0x11110008, 0x02f42823, 0xfef407ff, 0xecf80b0e, \
  0x04fb071b, 0x0c000004, 0xf4fbfe0c, 0x17fbf90f, 0x2df21ae7, 0xff030106, 0x00feff14, 0xf9f2f6ff, \
  0xf4fbf2ed, 0xfcf4fc00, 0x05e508e3, 0xf8f60000, 0x00000000, 0x000de100, 0x505882e0, 0x00000058, \
  0x00000000, 0x00000000, 0x3b000000, 0x00000000, 0x00000000, 0x00000000, 0x00000000, 0x00000000, \
  0x00000000, 0x00000000, 0x00000000, 0x00000000, 0x00000000, 0x00000000, 0x00000000, 0x00000000, \
  0x00000000, 0x00000000, 0x00000000, 0x00040000, 0x00000000, 0x00000000, 0x00000000, 0x00000000, \
  0x00000000, 0x00000000, 0x00000000, 0x00000000, 0x00000000, 0x00000000, 0x00000000, 0x00000000, \
  0x00000000, 0x00000000, 0x00000000, 0x00000000, 0x00000000, 0x00000000, 0x3d000000, 0x00000000, \
  0x00000000, 0x00000000, 0x00000000, 0x00000000, 0x00000000, 0x00000000, 0x00000000, 0x00000000, \
  0x00000000, 0x00000000, 0x00000000, 0x00000000, 0x00000000, 0x00000000, 0x12fe0d00, 0xfbd9ff18, \
  0x00070cf8, 0xf8f5fcf5, 0x240708f8, 0x09fdf1f9, 0x05ee0ef3, 0xf8de0fe3, 0xef08f4e3, 0xea1e0ae4, \
  0x0300f301, 0xf9fdfdeb, 0xf9081afc, 0xe20bfbe4, 0x1b102212, 0xfeff0104, 0x08fbf61d, 0xfb03fdf7, \
  0xfbdd05e1, 0xe7000dff, 0xf5f5f105, 0xe600f009, 0x1df5ff00, 0xfadf05f1, 0x24f540fa, 0x05f8f71d, \
  0x02e60e08, 0x11d6ff1a, 0xfd162203, 0xeae8fef6, 0x0619ebfb, 0xf6f40000, 0x00000000, 0x00f1fd00, \
  0x50588380, 0x00000022, 0x06f7fb0a, 0x02ebf1f1, 0xf5df06fa, 0xfafd0512, 0x09e7fdef, 0xfeff01fd, \
  0xfa0e03fb, 0x05f103dd, 0xf5f9fb0e, 0xf9fe0cf0, 0x0a0e040f, 0xff0e0816, 0xfa05020b, 0x090b01f4, \
  0x041a0309, 0xff25f8f8, 0xfc08040c, 0x0afa0909, 0x0ff204f8, 0xfdfb0507, 0x0c0fff12, 0x05ef0402, \
  0xfc0bf8f3, 0xf8fb020d, 0x050bfefb, 0xfff6ebf1, 0xf6fe0ff4, 0xf8130714, 0x040cf4ff, 0x1013f608, \
  0x00eb00fc, 0x14070000, 0x00000000, 0x00081000, 0x505883c0, 0x00000058, 0x00000000, 0x00000000, \
  0x74000000, 0x00000000, 0x00000000, 0x00000000, 0x00000000, 0x00000000, 0x00000000, 0x00000000, \
  0x00000000, 0x00000000, 0x00000000, 0x00000000, 0x00000000, 0x00000000, 0x00000000, 0x00000000, \
  0x00000000, 0x001c0000, 0x00000000, 0x00000000, 0x00000000, 0x00000000, 0x00000000, 0x00000000, \
  0x00000000, 0x00000000, 0x00000000, 0x00000000, 0x00000000, 0x00000000, 0x00000000, 0x00000000, \
  0x00000000, 0x00000000, 0x00000000, 0x00000000, 0x3d000000, 0x00000000, 0x00000000, 0x00000000, \
  0x00000000, 0x00000000, 0x00000000, 0x00000000, 0x00000000, 0x00000000, 0x00000000, 0x00000000, \
  0x00000000, 0x00000000, 0x00000000, 0x00000000, 0xfaf1efea, 0x06f6efee, 0xf0110bdc, 0xf30204ea, \
  0x0310f8e5, 0x05f806e7, 0x0af301fd, 0xf408f3f0, 0xf0f9f0f6, 0x2004e1f2, 0xf2f60ae9, 0xe8e4fcff, \
  0x05f6fdfd, 0x09efe8fd, 0xe7fffffe, 0x00fffcf7, 0x00e900f5, 0xe7f5d3f4, 0x1af6fdff, 0xfbfbdbff, \
  0xde02d9e5, 0x271af60e, 0x14e0f2db, 0xe8fdeeeb, 0xf8ebe5f9, 0xfff7fd18, 0x1cf1fe02, 0xddf3ee06, \
  0xfde6050c, 0x02f60ff7, 0xfdfd03f3, 0xf9030000, 0x00000000, 0x00f0ed00, 0x50588460, 0x00000022, \
  0xf1131f02, 0xfe0616fb, 0x01fcfe0b, 0xf1fe0806, 0x07e8f5fa, 0xfb060625, 0x141cfeed, 0x05ec0605, \
  0x1b050611, 0x061afeff, 0x0a00f505, 0xf509edf6, 0xf202e900, 0x0ff71707, 0x12f10000, 0xf601ec02, \
  0x02f5fafe, 0xfc200b05, 0xeff40402, 0x05fd04f4, 0x07e3e505, 0x17f20800, 0x0b000608, 0xfa091221, \
  0xfef3f9ed, 0xffea0bf1, 0xe906031b, 0xf001fcff, 0xef020af4, 0xe6f80822, 0x08f703f9, 0xe2ee0000, \
  0x00000000, 0x001cf400, 0x505884a0, 0x00000017, 0x00000000, 0x00000000, 0x4f000000, 0x00000000, \
  0x00000000, 0x00000000, 0x00000000, 0x00000000, 0x00000000, 0x00000000, 0x00000000, 0x00000000, \
  0x00000000, 0x00000000, 0x00000000, 0x00000000, 0x00000000, 0x00000000, 0xe23114fb, 0x00e0fefa, \
  0xf8000000, 0x00000000, 0x00160000, 0x5058c000, 0x00000178, 0xecf0e20c, 0x05f60c11, 0xdef9141d, \
  0xe7f8ffe0, 0xfd26fff4, 0xf6f8f6f6, 0xf3f4f4f6, 0xf8f901fb, 0xf700fcf8, 0x01fb0001, 0x030100fb, \
  0xfce2e5dd, 0x070ce305, 0x0f080c00, 0x01eb0305, 0x13f9f300, 0x00000000, 0x00000000, 0xf3f621fc, \
  0xf6170509, 0xf300ff00, 0x00000000, 0xfdfff20d, 0xfaf4060d, 0x1602fdfe, 0x0b0fe411, 0xf8f1fdf9, \
  0xec030e01, 0xe9faf7f6, 0xe6121613, 0xef04e5fd, 0xf9d1fcfd, 0x04fefefe, 0xfffffffb, 0xfbfc05f7, \
  0x09f6f108, 0x03fa0603, 0xf8f30301, 0x03eff2f0, 0xf3efe9ee, 0xf6f9f7fe, 0x0e0efa18, 0xefe90df9, \
  0x0811d900, 0x01e1f104, 0xec0f2e02, 0xf4110eee, 0x1c000203, 0x00000200, 0xff00ecfa, 0x060affec, \
  0xfa10f1f2, 0x0bfe0b13, 0xf00cf609, 0xfbf2f007, 0x050e290f, 0xf8d7dbe3, 0x040fea18, 0x07160df1, \
  0xe8eefdfc, 0xf605e4f4, 0xf7f8f4f6, 0xeff6f8f3, 0x060209f5, 0x0a05fcf8, 0xff07f70d, 0xec0608f8, \
  0xfcf9dfe6, 0xf9d5f006, 0xebfe05ee, 0x01ef01fa, 0x0cf0f006, 0xe5eeff04, 0xfc21fe0e, 0x0a21031f, \
  0x03f5f001, 0xf4e702f4, 0xf8f70005, 0xf1ecf3f1, 0xf2fdf3fd, 0xf3070d0c, 0x0bfa0bf0, 0xf011f2fe, \
  0x05ff00ff, 0x0000ff00, 0x000014fb, 0x04f0180f, 0x040b0be8, 0xf9f6fd05, 0xf90f0e03, 0x0301ff00, \
  0xff000000, 0x0002f30d, 0xf6100013, 0x04f5f2f3, 0xfb0dec0a, 0x0709f0e7, 0xfa08ff04, 0x0308eafa, \
  0x060205fa, 0x04fd0000, 0x050bede4, 0xe6faf712, 0xfe02fc05, 0xd60800f4, 0x16f8edef, 0xeffffafd, \
  0xfcf9feee, 0x0e12030b, 0xe6e2f2f8, 0xfafffffe, 0xff02fe00, 0xfffc03ff, 0xfaffff01, 0x0302fef9, \
  0xfcfcf8fa, 0xf9f8faf8, 0xf9fd0e00, 0x040ffb07, 0x14ff0000, 0xf7f8f9ee, 0xecf0f8f5, 0xff03f803, \
  0x00fcfdf5, 0xfffff2fd, 0xf8f2f6f3, 0xfcfcf8fc, 0xf6f7f7fc, 0xf91afd24, 0xf9081ff0, 0xee1ef8eb, \
  0xe501fcfa, 0x10040900, 0xfc07f5f0, 0xf6ddf002, 0xf10405fa, 0x0af708f2, 0x0bf6f4e1, 0x10fce607, \
  0xeff2eff2, 0xfaf6060d, 0x0900f502, 0xf50a0206, 0x03fcfef9, 0xec0aee01, 0xe6f1f0dd, 0xe1e2ece0, \
  0xff08f5fc, 0x0afe28f6, 0xdf2511cd, 0x05e6e927, 0x230f1f07, 0xf207fbe0, 0xedfafbf8, 0xf90210f3, \
  0xf907f407, 0x01f7f4ef, 0xeefff801, 0x07f1f3fd, 0xf4020cfb, 0x12f7f405, 0x0400fbe0, 0x0b111ee6, \
  0xf309e107, 0x0a03f713, 0xe3ee0413, 0x0b03121c, 0x020b05e3, 0x10f6fb01, 0xec12fcfb, 0x0008fd0c, \
  0xf9f5edf1, 0x07f0ef01, 0x0111f8d2, 0x07eee5de, 0xe5fc10fb, 0xd624fcda, 0x19f5ed17, 0x1e0fe4ee, \
  0x15cfe71e, 0x0a1d1c20, 0x1bf20c21, 0xee15faf4, 0x02eeef02, 0x08fa0103, 0x05f71403, 0xe3fbeffd, \
  0xfc170707, 0x0f00fb05, 0x070905e8, 0xff010f0e, 0xf9fe0621, 0x00f809f3, 0xf9dcf5f5, 0xf8f1f304, \
  0x0f09f5f5, 0xf1130a00, 0x0d11091c, 0xedfa05ec, 0x1708f00d, 0xfcf8fa36, 0x03091fef, 0x13090a01, \
  0xfb1b03f9, 0x2c0af6ff, 0x18e8fe08, 0xf618f6ed, 0x25112605, 0xfe0be416, 0x080f0bf4, 0xea01fa0a, \
  0xdb03210e, 0x10201b14, 0x11ff09f4, 0xfedbea04, 0xf4ede0f4, 0x11fd00fe, 0x0413de15, 0x090a05e9, \
  0x00e8f2eb, 0xea0afdfc, 0x01fc05fb, 0xf805f4e0, 0xead10512, 0xd70e0706, 0x09f205e1, 0x0b0c1309, \
  0xfce1f2f5, 0xeb04f90d, 0x12ebf3fa, 0x0cecf9f8, 0xfd01100e, 0x172eef29, 0x2b001008, 0x1100f507, \
  0xf6f31bf6, 0x05fd04fe, 0xf0f1f901, 0xfa0607fd, 0xf4f9fbfc, 0x021c19ef, 0x0b12fdf5, 0xedfbecf9, \
  0x1ef9e70c, 0x00e8fcfa, 0xdfd8d5c4, 0xddd1d8d8, 0xd4dc1107, 0x06150bf1, 0x0b140d00, 0x00000000, \
  0x00000000, 0xeef5f802, 0x0ffe2120, 0xfe0603f8, 0xef000403, 0x05fdfcf9, 0xf8fa0001, 0xfdf9fafe, \
  0xf007f10a, 0x11140225, 0x25091917, 0xfa0b0015, 0x0ee9fe32, 0xf1f305f2, 0xf6e506df, 0xfde20e06, \
  0x1400fefd, 0xd8fbdf05, 0xfb222020, 0x08e3f10c, 0x1001e908, 0x17f9fce0, 0x03e3cdf7, 0xe5e70deb, \
  0x071200fd, 0x110a080a, 0x04f31502, 0xfbeaf4fb, 0xf4e428f2, 0xeb18efd4, 0xefebf9d7, 0x0af3e1ff, \
  0x05ef00ff, 0x000000f4, 0x00f9f4f4, 0xeae7efe8, 0xf2dff2f8, 0x00000000, 0x00000000, 0x41000000, \
  0x00000000, 0x00000000, 0x00000000, 0x00000000, 0x00000000, 0x00000000, 0x00000000, 0x00000000, \
  0x00000000, 0x00000000, 0x00000000, 0x00000000, 0x00000000, 0x00000000, 0x00000000, 0x00000000, \
  0x001e0000, 0x00000000, 0x00000000, 0x00000000, 0x00000000, 0x00000000, 0x00000000, 0x00000000, \
  0x00000000, 0x00000000, 0x00000000, 0x00000000, 0x00000000, 0x00000000, 0x00000000, 0x00000000, \
  0x00000000, 0x00000000, 0x00000000, 0x3e000000, 0x00000000, 0x00000000, 0x00000000, 0x00000000, \
  0x00000000, 0x00000000, 0x00000000, 0x00000000, 0x00000000, 0x00000000, 0x00000000, 0x00000000, \
  0x00000000, 0x00000000, 0x00000000, 0x05130f20, 0xf80fff0a, 0x050f111b, 0xf5170f16, 0x0d051512, \
  0xfb0a1a07, 0x07030d11, 0x15faff09, 0x1dff121a, 0x0b18f60f, 0x200d1a05, 0x1006fb0b, 0x1807160c, \
  0x1a0b0c1e, 0x0807fe09, 0x150a0f0d, 0x16091e02, 0xfe0dfd11, 0x1b111011, 0x27031503, 0x070e0c04, \
  0x1bf5170d, 0x090a141b, 0x0a060608, 0x071f1508, 0xfffb2913, 0x0ffcfc14, 0xf11bfe0c, 0x15011009, \
  0x1610fb11, 0x10fe051a, 0x1b170000, 0x00000000, 0x001c0900, 0x5058c2a0, 0x00000022, 0x00010bff, \
  0x12fd0b0f, 0x0d1205f8, 0xee0207f5, 0xf8040ded, 0x020a0806, 0x10f3eefd, 0x19fcf70a, 0x0803f9f5, \
  0x11f6f9f6, 0x09f3f5f6, 0xe801fcf3, 0x0906fb0b, 0x0c020efc, 0xf808fcfe, 0xf4eeea04, 0x0f0605f0, \
  0xea0df803, 0xec0317fc, 0xfafd0f0d, 0xf7f50708, 0x17090000, 0xfff5fff3, 0x01ff0106, 0xe3fa01f4, \
  0xf6121c03, 0xe916fd01, 0xfbeafdf0, 0x07f1f0f3, 0xedeef4fd, 0xf1fdf6f2, 0x03ec0000, 0x00000000, \
  0x00f7f400, 0x5058c2e0, 0x00000058, 0x00000000, 0x00000000, 0x3e000000, 0x00000000, 0x00000000, \
  0x00000000, 0x00000000, 0x00000000, 0x00000000, 0x00000000, 0x00000000, 0x00000000, 0x00000000, \
  0x00000000, 0x00000000, 0x00000000, 0x00000000, 0x00000000, 0x00000000, 0x00060000, 0x00000000, \
  0x00000000, 0x00000000, 0x00000000, 0x00000000, 0x00000000, 0x00000000, 0x00000000, 0x00000000, \
  0x00000000, 0x00000000, 0x00000000, 0x00000000, 0x00000000, 0x00000000, 0x00000000, 0x00000000, \
  0x00000000, 0x3b000000, 0x00000000, 0x00000000, 0x00000000, 0x00000000, 0x00000000, 0x00000000, \
  0x00000000, 0x00000000, 0x00000000, 0x00000000, 0x00000000, 0x00000000, 0x00000000, 0x00000000, \
  0x00000000, 0x0b181c01, 0x0f08f700, 0x06f6ff0a, 0x11100217, 0x00f9fd21, 0xfaf5150f, 0x06170a07, \
  0x10261417, 0x1e0b0425, 0xf71b1104, 0x0805260c, 0x080dfe0f, 0xfc1b0010, 0x2914011c, 0x0c171c1a, \
  0x13f01101, 0x12191a11, 0x1b0f18e2, 0x0e280904, 0x180bf80e, 0x16071e07, 0x130c0800, 0xf4080308, \
  0x070feff8, 0xf1021e14, 0x1915ee12, 0x150e0bfd, 0x0917012f, 0xfdfb0707, 0x1f14ebf6, 0x0415160e, \
  0xf9070000, 0x00000000, 0x00140c00, 0x5058c380, 0x00000022, 0x1dfa0616, 0x05f00dfa, 0x0a17fdee, \
  0x01f4f918, 0x0becf408, 0x01f4f711, 0xf9f61308, 0x16080304, 0x070cfaf6, 0x11fbeb0e, 0x1011fe22, \
  0x071e0714, 0xfd1109f3, 0x091808fd, 0x0eeb000d, 0x03ee04eb, 0x00e1fa1a, 0x0323fdec, 0xfa05000a, \
  0xfe03031d, 0x010df5e5, 0xffe906de, 0x1201ff07, 0x0804f911, 0x010807fe, 0x02fd02fb, 0x0208f5ed, \
  0xf1fc02fc, 0xf7fc09e7, 0xfe030119, 0x0213ff0d, 0xf9080000, 0x00000000, 0x00eb0a00, 0x5058c3c0, \
  0x00000058, 0x00000000, 0x00000000, 0x79000000, 0x00000000, 0x00000000, 0x00000000, 0x00000000, \
  0x00000000, 0x00000000, 0x00000000, 0x00000000, 0x00000000, 0x00000000, 0x00000000, 0x00000000, \
  0x00000000, 0x00000000, 0x00000000, 0x00000000, 0x00fc0000, 0x00000000, 0x00000000, 0x00000000, \
  0x00000000, 0x00000000, 0x00000000, 0x00000000, 0x00000000, 0x00000000, 0x00000000, 0x00000000, \
  0x00000000, 0x00000000, 0x00000000, 0x00000000, 0x00000000, 0x00000000, 0x00000000, 0x3b000000, \
  0x00000000, 0x00000000, 0x00000000, 0x00000000, 0x00000000, 0x00000000, 0x00000000, 0x00000000, \
  0x00000000, 0x00000000, 0x00000000, 0x00000000, 0x00000000, 0x00000000, 0x00000000, 0x00050001, \
  0x0cff16fa, 0x040ff307, 0x161e091e, 0x0cf80f05, 0xf5fefb1a, 0x0e010a0e, 0xf90810fc, 0x12eb04ed, \
  0x030215f5, 0xf80a23f0, 0x1b0409ed, 0x13090304, 0xfefd1702, 0x160a01ff, 0xfd061bfe, 0xee0403f8, \
  0x1bf0ff05, 0x09190efa, 0xf80419f5, 0x07f6101e, 0x0c0803fa, 0x05191903, 0xff070700, 0x0d0e0609, \
  0x11070700, 0xf7fe08fc, 0xfb12fef2, 0x23080007, 0x0ff3fdf3, 0xe5090104, 0x10130000, 0x00000000, \
  0x00fb1000, 0x5058c460, 0x00000022, 0x05fb0b24, 0x03faeae0, 0xf3fc03ea, 0xf9fb0d13, 0x010504e8, \
  0x08f003e1, 0x0604f0f6, 0x0602ffe6, 0x0c100a0b, 0x05f70607, 0xfa0a0001, 0x05020409, 0xfb06f512, \
  0xed0c01f0, 0x09fbf309, 0x0210fbfd, 0xfb010728, 0xf818f411, 0x05da0308, 0xf0ef19ff, 0x02140eff, \
  0x19e904e2, 0xfd1507eb, 0xfe030be5, 0xfe0bf3f1, 0xf5ed03e6, 0x0229fc0b, 0xf70bfe0c, 0xf00efd01, \
  0x010c0210, 0x0607070b, 0xef1b0000, 0x00000000, 0x00170d00, 0x5058c4a0, 0x00000017, 0x00000000, \
  0x00000000, 0x49000000, 0x00000000, 0x00000000, 0x00000000, 0x00000000, 0x00000000, 0x00000000, \
  0x00000000, 0x00000000, 0x00000000, 0x00000000, 0x00000000, 0x00000000, 0x00000000, 0x00000000, \
  0x00000000, 0x060fea0b, 0xe8fe0f1d, 0xf7000000, 0x00000000, 0x00eb0000, 0x50590000, 0x00000178, \
  0xdce0dd0d, 0x1704ddec, 0xe2f0ebf1, 0x0ee7fff4, 0xe908fbf7, 0xf4f5f3f2, 0xf4f2f5fa, 0xfdf9fefb, \
  0xfbfcfafd, 0x0505ff02, 0x01f9fefd, 0x020afcf3, 0xf608ea0c, 0xf40425f8, 0xf0fa06e7, 0x06020900, \
  0x00000000, 0x00000000, 0x01f003f4, 0x03f9f8ff, 0x19000000, 0xfd01fb04, 0xfcfdf704, 0x12e722fb, \
  0xf30d17ff, 0xfbf5fd03, 0xf70d0a06, 0x13f510ef, 0xf10a08f5, 0xfaf8fe16, 0x010d29fd, 0x130d0401, \
  0xfc02fe00, 0xfe00fff1, 0xf50df9ff, 0xf9eefbf8, 0x0500fdf5, 0x05f901ff, 0xff0202fc, 0xebf1f103, \
  0xfafc0ffc, 0xe10e0dfd, 0x060106f2, 0xf3f0fb04, 0x2620190a, 0xf4eeeeff, 0x00f50609, 0x0300fe01, \
  0x01010100, 0xfb02f3f9, 0x0d0311e9, 0xeeec01ff, 0xf6ea13e8, 0xf2fcfc10, 0xf4f2db18, 0x0df301f8, \
  0xe4eb03f7, 0x150af701, 0xf0f0f0f1, 0xfe0ff118, 0xfb15f6f8, 0xf7f6f4f7, 0xf5f1faf6, 0xfbfcf1f6, \
  0xf505fc04, 0xfbed0df2, 0x0df5f5f1, 0x0007f30e, 0x07100e14, 0x1210effa, 0x01f3f0f3, 0xfcfb07f0, \
  0x09070601, 0x01e9e808, 0xf0f31310, 0xeef9f4ee, 0xf0d1fff9, 0x09f8f5f5, 0xfff7eb04, 0x00fffd00, \
  0x00fafe00, 0xf5fa0afd, 0x08050d11, 0xf001ff00, 0x00000000, 0x0000f0f8, 0x18fff702, 0xee0b0c19, \
  0xf90b0bf8, 0x0e14fc02, 0xfefe0000, 0x010002fc, 0xfe11fe0e, 0xeeef0a0f, 0xeeebfb04, 0x10000b0c, \
  0xf5f7fbfa, 0xee070a09, 0xf4fcf013, 0xf60400fd, 0xfd000800, 0xfe16edd5, 0x0904faed, 0x01ebfe10, \
  0xfe001209, 0x06ede1ed, 0xeffafdf4, 0xf2f5f1ee, 0x09efe8f6, 0xfef0eafa, 0xf600ff00, 0x0000ff00, \
  0x01fe00fd, 0xf7000101, 0x0101f4f8, 0xf9faf8f7, 0xf8f5f5f7, 0x0301fb02, 0xe405fef7, 0x0bfcf8f7, \
  0xf1eef1ed, 0xe9e9f800, 0x01fe0000, 0x020000f5, 0xf3effaf8, 0xf6faf2ec, 0xfffbfafa, 0xf9f6fbfb, \
  0xfb2bfdf4, 0x06eafce7, 0xf0ee19f6, 0xfb12050b, 0x09fb0014, 0xf6d101e7, 0xe3ec070f, 0x05060301, \
  0xf60bfcfc, 0xf124fa0c, 0x09101001, 0x1209ecf3, 0x00eef6fd, 0xf9f2fef8, 0xfd0000ff, 0xff00ff00, \
  0x04ede7ef, 0xf1defcf3, 0xf1fc09f5, 0xf0f700f0, 0xec15f3f1, 0x09ec00e3, 0xe0ddf219, 0x200df9ee, \
  0x17e6f210, 0xe20229f9, 0xff17ffe6, 0xfbeaf5f1, 0x04f100f7, 0xf5f6fa12, 0x14ffff20, 0x08061f0f, \
  0x02fc0ae4, 0xe5f4eced, 0x20ff0504, 0xe9fbfaeb, 0xf5ff0308, 0x0b02ec0e, 0x100ffef0, 0xf0f5f7ec, \
  0xfc01f9ff, 0x09fffe0a, 0xf61913dd, 0xef0900ff, 0x020a0afa, 0xf5e8eb14, 0x02050d06, 0xf4ed0b0e, \
  0xf4fae9f5, 0xe508fcfd, 0xf9fb0fe7, 0x01f10e10, 0x18f2f301, 0xf6ece6db, 0xf9daf6e6, 0xeae6cbdf, \
  0xd8b5fe18, 0x04f8feee, 0xfb0407fe, 0xdcd2e5f7, 0xcfd4fcda, 0xfc02ee18, 0xfbe211eb, 0xcbf2edfb, \
  0xefecd8fa, 0xe8def3ed, 0xc9e0e3e8, 0xfbf106f7, 0x0e021206, 0xec011d02, 0x18f90d22, 0x070a12f9, \
  0x1ce2f801, 0xfb1504e3, 0xebdcf6f0, 0xeaf8f3f7, 0xe7ef02e0, 0xf4e4f302, 0x04f9e8ee, 0xfff7e6f2, \
  0xedf30bfe, 0x15fefa18, 0x0af80ef0, 0x0b06110b, 0xf91611eb, 0x04f6d9f3, 0xe7ffffff, 0x01edf807, \
  0xdffff7ed, 0xf206f4e6, 0x05ed1114, 0xfe0c05f8, 0xee01f903, 0xee06f4eb, 0xfce5ed14, 0xf1f50ff2, \
  0x00e4fee9, 0xec1703fd, 0xeddf01fd, 0x04e7f1dc, 0xfaf500f3, 0x04fc0011, 0x181b02ec, 0xfb1eddfc, \
  0x3008121c, 0x0aef12fa, 0x1006f51d, 0x17fdff0d, 0xe0fafbfe, 0x0003fbfb, 0xfafc0c0e, 0x29fc0114, \
  0xf0f3f4fb, 0xeedffe02, 0xebf5fce3, 0xdeecf3fa, 0xe9d9f803, 0xfde4f722, 0xe9ea0505, 0xfc0d09ff, \
  0xff060c0d, 0x04f61a00, 0x00000000, 0x00000000, 0xdef60bed, 0xef0dfcfc, 0x07f8f6fd, 0x06f704f7, \
  0xfffbf7f1, 0xfef4f7fc, 0xf4f6f9dd, 0xdafdf50d, 0x1f061728, 0xeaf2ee11, 0xf6f103f5, 0xf8f3e616, \
  0xfe110e03, 0x0aefe6db, 0xf8e6fe11, 0xfa0a03d7, 0x0100e3f5, 0x1b0ef319, 0xf5232afe, 0xf81a050a, \
  0x17cddcda, 0x1702df21, 0x01021708, 0x0c08f513, 0xe8edf5dd, 0xedfffcda, 0xe8f4e3cd, 0xf0160aff, \
  0xfadb0bed, 0x051600da, 0x0902f8f1, 0xefeafbfe, 0xfaf8f506, 0xff07ffdf, 0x0816f6f3, 0x0efeec00, \
  0x00000000, 0x00000000, 0x3f000000, 0x00000000, 0x00000000, 0x00000000, 0x00000000, 0x00000000, \
  0x00000000, 0x00000000, 0x00000000, 0x00000000, 0x00000000, 0x00000000, 0x00000000, 0x00000000, \
  0x00000000, 0x00000000, 0x00000000, 0x00f90000, 0x00000000, 0x00000000, 0x00000000, 0x00000000, \
  0x00000000, 0x00000000, 0x00000000, 0x00000000, 0x00000000, 0x00000000, 0x00000000, 0x00000000, \
  0x00000000, 0x00000000, 0x00000000, 0x00000000, 0x00000000, 0x00000000, 0x3d000000, 0x00000000, \
  0x00000000, 0x00000000, 0x00000000, 0x00000000, 0x00000000, 0x00000000, 0x00000000, 0x00000000, \
  0x00000000, 0x00000000, 0x00000000, 0x00000000, 0x00000000, 0x00000000, 0xf615fde8, 0x1cfc091c, \
  0x000b050f, 0x0d07fe0c, 0x19f7e708, 0x1cfd09e9, 0xfa18071d, 0x06f510f3, 0xf21107f6, 0xf4fefc07, \
  0xfefbfa0f, 0xf5f50dfe, 0x00eaff07, 0xfeeff808, 0x0de706f7, 0xf604fef6, 0xfceff6f4, 0xf7041c0f, \
  0xf608ee09, 0xf90a000e, 0x0bf50efa, 0x0a0d0511, 0xe20df00a, 0xfb010617, 0xf7041c05, 0x0b11f004, \
  0xfa100e12, 0x1805fd02, 0x0b080101, 0xe11a04fa, 0x0700f50a, 0xfc140000, 0x00000000, 0x00fbf800, \
  0x505902a0, 0x00000022, 0x001305f3, 0x080dfde5, 0x001ef60b, 0x28ea0ef6, 0x071a07e1, 0xfdeafaf8, \
  0xee14ee00, 0xf6141002, 0xe40ef60d, 0xf6111fe5, 0x0303f0fa, 0x1807efeb, 0x03f7f312, 0xeb17f01d, \
  0xfb02ff02, 0x0c0115ee, 0x0b0708fb, 0xf8f5fb0e, 0x080efa05, 0xf6120514, 0xf1f11b19, 0x3007f7fb, \
  0xfa0d1a0c, 0xeef7d90c, 0xeadd04e7, 0x12fae70c, 0x16fef91a, 0x0508fb0d, 0x21ecebf5, 0xfa03031d, \
  0xf2f3f8eb, 0x1cf20000, 0x00000000, 0x00090000, 0x505902e0, 0x00000058, 0x00000000, 0x00000000, \
  0x3d000000, 0x00000000, 0x00000000, 0x00000000, 0x00000000, 0x00000000, 0x00000000, 0x00000000, \
  0x00000000, 0x00000000, 0x00000000, 0x00000000, 0x00000000, 0x00000000, 0x00000000, 0x00000000, \
  0x00000000, 0x00e40000, 0x00000000, 0x00000000, 0x00000000, 0x00000000, 0x00000000, 0x00000000, \
  0x00000000, 0x00000000, 0x00000000, 0x00000000, 0x00000000, 0x00000000, 0x00000000, 0x00000000, \
  0x00000000, 0x00000000, 0x00000000, 0x00000000, 0x3e000000, 0x00000000, 0x00000000, 0x00000000, \
  0x00000000, 0x00000000, 0x00000000, 0x00000000, 0x00000000, 0x00000000, 0x00000000, 0x00000000, \
  0x00000000, 0x00000000, 0x00000000, 0x00000000, 0xfd030118, 0x02fb1a09, 0x31f40405, 0x0df41203, \
  0x060712f1, 0xf5fb0f0f, 0x18f81302, 0x0500060f, 0xf40cee0b, 0x15f0f91e, 0xf6f9f8ed, 0x0c11eb0c, \
  0xfe0de405, 0x0c05f9fb, 0x1216f5fb, 0x1b0c080c, 0xf0eff6fd, 0xf00bf8fa, 0xf2f80a08, 0xeef8010a, \
  0x0512eb00, 0x00030dec, 0x04f915f6, 0xfcfef611, 0x04ffe504, 0x050206fb, 0xf5f6e512, 0xf104060d, \
  0x0912f009, 0x0e05faf4, 0x09f4f9fc, 0x03080000, 0x00000000, 0x00030e00, 0x50590380, 0x00000022, \
  0x04e8fffb, 0xf2faeefa, 0x22fa0c15, 0x25050006, 0x0a1cf008, 0xfbfc19f0, 0xeaf2db11, 0x0cf117f5, \
  0x1104fcf4, 0xf9fb1cfd, 0x13f6ef06, 0x13130c05, 0xf31afff4, 0xeeffc7eb, 0xde020b0b, 0xfe18fa05, \
  0x0ff7fd02, 0xecf3eced, 0xf30b0cf2, 0xfc1413fb, 0x07081fd9, 0x0e0c1b02, 0xfcf3fcf9, 0x09fbdcf3, \
  0x0902fb17, 0x19011007, 0x0ef203ff, 0x18eaf1f7, 0xf2fde201, 0x03f2eae0, 0xe3050512, 0x280b0000, \
  0x00000000, 0x00050f00, 0x505903c0, 0x00000058, 0x00000000, 0x00000000, 0x79000000, 0x00000000, \
  0x00000000, 0x00000000, 0x00000000, 0x00000000, 0x00000000, 0x00000000, 0x00000000, 0x00000000, \
  0x00000000, 0x00000000, 0x00000000, 0x00000000, 0x00000000, 0x00000000, 0x00000000, 0x00f40000, \
  0x00000000, 0x00000000, 0x00000000, 0x00000000, 0x00000000, 0x00000000, 0x00000000, 0x00000000, \
  0x00000000, 0x00000000, 0x00000000, 0x00000000, 0x00000000, 0x00000000, 0x00000000, 0x00000000, \
  0x00000000, 0x00000000, 0x3d000000, 0x00000000, 0x00000000, 0x00000000, 0x00000000, 0x00000000, \
  0x00000000, 0x00000000, 0x00000000, 0x00000000, 0x00000000, 0x00000000, 0x00000000, 0x00000000, \
  0x00000000, 0x00000000, 0x0018fbf5, 0xf700e50b, 0x04010b04, 0xf9fff70b, 0x0b020409, 0xf8f4f00c, \
  0x05fefdef, 0x08021d0b, 0xde0c0913, 0x03ef02ff, 0x15fdf909, 0x0804fe05, 0xe7f91209, 0x10f8f604, \
  0x0c031002, 0x10e9f1f7, 0xf5fdf80c, 0x00071f04, 0xf3f201f9, 0x07fb080a, 0xf90e02fa, 0xeee4fe16, \
  0x01edea03, 0xf61b0002, 0x0cfb1e12, 0x1805fa14, 0xeefc02fa, 0xff1004ff, 0xfef10b0b, 0x08fa0e07, \
  0x0c080905, 0x0ffd0000, 0x00000000, 0x00f5f400, 0x50590460, 0x00000022, 0xf602f405, 0x06f7effe, \
  0xf802ee05, 0xfcf60a02, 0x12fe08fe, 0xfc01eaf7, 0xfd0a1bfc, 0xf805f005, 0xed0100fe, 0xf80e0005, \
  0xf80a04fd, 0x05070cf4, 0x150315f9, 0x0d0bfc03, 0xee17fa03, 0xfb050ef9, 0x03fcee01, 0x0a08fdf1, \
  0x02fe0f06, 0xe4fdfe06, 0x080afcf7, 0xd6fa0c01, 0x0f06e70d, 0xfaf30701, 0x00fa20f9, 0x03f9e9fc, \
  0x12f805fc, 0x03f40f08, 0x02060305, 0xf2fa000c, 0xf30af60a, 0x07040000, 0x00000000, 0x0007f700, \
  0x505904a0, 0x00000017, 0x00000000, 0x00000000, 0x4d000000, 0x00000000, 0x00000000, 0x00000000, \
  0x00000000, 0x00000000, 0x00000000, 0x00000000, 0x00000000, 0x00000000, 0x00000000, 0x00000000, \
  0x00000000, 0x00000000, 0x00000000, 0x00000000, 0xfcda1510, 0xf80115ed, 0x22000000, 0x00000000, \
  0x00ec0000, 0x50594000, 0x00000178, 0xf8fbf8f4, 0xf3f8f4e8, 0xf705e1fb, 0xe8f6faf7, 0xf300f5f4, \
  0xeff1f3f2, 0xf2f7f6fb, 0xf9f8fcfb, 0xfbfafbfe, 0x00fb0602, 0x0506fd02, 0x0603ecfa, 0xf9edeb11, \
  0x05f61aeb, 0xe711eb0b, 0x09120800, 0x00000000, 0x00000000, 0xfaf6fdfc, 0x051aefff, 0x13000104, \
  0xfe0604fb, 0x05f8021a, 0x03131eee, 0x05f9e1ed, 0x01fc1703, 0xf014fdf4, 0x14010405, 0x0bf10d05, \
  0x03fdfa06, 0xf81a2212, 0x0315f903, 0x00fe0001, 0x00ff01f1, 0x0308fc00, 0x01f6f3f0, 0x03fa04f8, \
  0xfaf80100, 0x00f40403, 0xfe0601f2, 0xebe613e1, 0xefff0bf0, 0x060b18f5, 0xe6f50010, 0x02ff0004, \
  0xe4060cfb, 0x09fd16fd, 0x1400ff02, 0xfffdfc00, 0xfefbf1fd, 0xf003f805, 0xebeb0bec, 0xf8fffafe, \
  0xedfef7f8, 0x04d2e2f2, 0xe5e4e3fc, 0xf5eae7f2, 0x07f606fb, 0x0a0a1114, 0x100c0702, 0xf408eef8, \
  0xf6f9f5f5, 0xfaf6f8f6, 0x0409060b, 0xf10503f5, 0x04f002f9, 0xf705fd01, 0x03f9ee0b, 0xecf30207, \
  0x1306ea03, 0x01fc04fa, 0x01f703f0, 0x020105fc, 0xef190b09, 0x01111f19, 0xee17fce4, 0xb8c709fc, \
  0x03f4f4f3, 0x03ef0100, 0x00fe0000, 0x00000000, 0xf30e0a02, 0xee0e02f9, 0x05feff00, 0x00000000, \
  0x00000f21, 0x1c031101, 0xf7ecfa04, 0x13d3f8f6, 0xda090bf3, 0xfe000000, 0x000001ff, 0x00eef9fe, \
  0x0aea0f01, 0xf904fcee, 0x060f0af2, 0xf108eeef, 0xf40000f0, 0x01fef7ef, 0x020200fa, 0x000002fe, \
  0xfe03d0cf, 0x0b0bee15, 0xf118e20c, 0x17fc0604, 0x06d9dafc, 0xf601f7fb, 0xf3fcf0f2, 0xedfee6f3, \
  0xfaf503fd, 0x09fefffe, 0xff0000ff, 0x02020002, 0x050008fb, 0x0300fdfa, 0xf8faf5f7, 0xf9f2f6f8, \
  0x00fef1fd, 0xe8f4edf0, 0x0bf7f2f0, 0xecedecee, 0xf3f2fbfe, 0x00fe0000, 0x0000fff7, 0xf2f3f7ed, \
  0xf8f9ebf1, 0xfafafaf8, 0xf8fefbff, 0xff0d00fc, 0x0ef50ae9, 0xed05f904, 0xe709fee5, 0x0bf2f301, \
  0xe6d9ebd3, 0xe8fbfa14, 0xf409fefd, 0xfafa050b, 0xfa17eadd, 0xf204e8f1, 0xfaf0f5fc, 0x0705fe07, \
  0xfd01f5fe, 0x01fc0000, 0xfe000000, 0x00000000, 0x01ff01fe, 0x00000000, 0x00000000, 0x00000000, \
  0x00000000, 0x00000000, 0x00000000, 0x00000000, 0x00000000, 0x00000000, 0x000101ff, 0xff010000, \
  0x00000000, 0x00000000, 0x00000000, 0x00000000, 0x00000000, 0x00000000, 0x00000000, 0x00000000, \
  0x00000000, 0x00000000, 0x00000000, 0x00000000, 0x00000000, 0x00000000, 0x00000000, 0x00000000, \
  0x00000000, 0x00000000, 0x00000000, 0x00000000, 0x00000000, 0x00000000, 0x00000000, 0x00000000, \
  0x00000000, 0x00000000, 0x00000000, 0x00000000, 0x00000000, 0x00000000, 0x00000000, 0x00000000, \
  0x00000000, 0x00000000, 0x00000000, 0x00000000, 0x000001fe, 0x0001fe01, 0x0202fe00, 0x00000000, \
  0x00000000, 0x00000000, 0x00000000, 0x00000000, 0x00000000, 0x00000000, 0x00000000, 0x00000000, \
  0x00000000, 0x00000000, 0x00000000, 0x00000000, 0x00fdffff, 0x020404fe, 0x03000000, 0x00000000, \
  0x00000000, 0x00000000, 0x00000000, 0x00000000, 0x00000000, 0x00000000, 0x00000000, 0x00000000, \
  0x00000000, 0x00000000, 0x00000000, 0x00000000, 0x00000000, 0x00000000, 0x00000000, 0x00000000, \
  0x00000000, 0x00000100, 0x01ff0000, 0x00000000, 0x00000000, 0x00000000, 0x00000000, 0x00000000, \
  0x00000000, 0x00000000, 0x00000000, 0x00000000, 0x00000000, 0x00000000, 0x00000000, 0x00000000, \
  0x00000000, 0x00000000, 0x00000000, 0x00000000, 0x00000000, 0x00000000, 0x00000000, 0x00000000, \
  0x00000000, 0x00000000, 0x00000000, 0x00000000, 0x00000000, 0x00000000, 0x00000000, 0x00000000, \
  0x00000000, 0x00000000, 0x00000000, 0x00000000, 0x00000000, 0x00000000, 0x00000000, 0x00000000, \
  0x00000000, 0x00000000, 0x00000000, 0x00000000, 0x00000000, 0x00000000, 0x00000000, 0x00000000, \
  0x00000000, 0x00000000, 0x00000000, 0x00000000, 0x00000000, 0x00000000, 0x00000000, 0x00000000, \
  0x00000000, 0x00000000, 0x00000000, 0x00000000, 0x00000000, 0x3f000000, 0x00000000, 0x00000000, \
  0x00000000, 0x00000000, 0x00000000, 0x00000000, 0x00000000, 0x00000000, 0x00000000, 0x00000000, \
  0x00000000, 0x00000000, 0x00000000, 0x00000000, 0x00000000, 0x00000000, 0x00150000, 0x00000000, \
  0x00000000, 0x00000000, 0x00000000, 0x00000000, 0x00000000, 0x00000000, 0x00000000, 0x00000000, \
  0x00000000, 0x00000000, 0x00000000, 0x00000000, 0x00000000, 0x00000000, 0x00000000, 0x00000000, \
  0x00000000, 0x3f000000, 0x00000000, 0x00000000, 0x00000000, 0x00000000, 0x00000000, 0x00000000, \
  0x00000000, 0x00000000, 0x00000000, 0x00000000, 0x00000000, 0x00000000, 0x00000000, 0x00000000, \
  0x00000000, 0x1100043e, 0xdf07f901, 0x17001101, 0xfe1504ea, 0xf3f7001b, 0xec0f1321, 0x02f8f20e, \
  0xf410f5fe, 0x1ffefc08, 0xee0908fe, 0x161e03f7, 0x0e27f518, 0x133efdf9, 0x24171e20, 0xfae80a05, \
  0x220bf10b, 0x00f40503, 0x070702f8, 0x14130ffa, 0x0402fa14, 0xf600fb05, 0x060f0ffb, 0x14061008, \
  0x0104ed07, 0xf504ee10, 0xfaf40403, 0x0ff006ff, 0x11fb0f06, 0x02f8040a, 0x32f4030d, 0x1307081b, \
  0x120a0000, 0x00000000, 0x00110900, 0x505942a0, 0x00000022, 0xf4f3ff0c, 0x0cf60305, 0xfeffef09, \
  0xf7050509, 0x19f7ef03, 0x0d1ffcec, 0x03e5fb0d, 0x1f13e7e1, 0x02fae604, 0xf318f612, 0x03e8f716, \
  0x03f401f7, 0x15e910f4, 0x05f9e9fa, 0xeff9080c, 0xf30ef311, 0x0e22f5fc, 0xfdf500f2, 0xeee31dff, \
  0xf30818fb, 0x1435fd30, 0xf0e5faf8, 0xe529eff2, 0xe9da0cf1, 0x1bfd2511, 0x13fcf607, 0x0c181a13, \
  0x060c000a, 0xf5f5f70c, 0xf516f3e7, 0xe90e1725, 0x26090000, 0x00000000, 0x00f4e800, 0x505942e0, \
  0x00000058, 0x00000000, 0x00000000, 0x40000000, 0x00000000, 0x00000000, 0x00000000, 0x00000000, \
  0x00000000, 0x00000000, 0x00000000, 0x00000000, 0x00000000, 0x00000000, 0x00000000, 0x00000000, \
  0x00000000, 0x00000000, 0x00000000, 0x00000000, 0x00090000, 0x00000000, 0x00000000, 0x00000000, \
  0x00000000, 0x00000000, 0x00000000, 0x00000000, 0x00000000, 0x00000000, 0x00000000, 0x00000000, \
  0x00000000, 0x00000000, 0x00000000, 0x00000000, 0x00000000, 0x00000000, 0x00000000, 0x3e000000, \
  0x00000000, 0x00000000, 0x00000000, 0x00000000, 0x00000000, 0x00000000, 0x00000000, 0x00000000, \
  0x00000000, 0x00000000, 0x00000000, 0x00000000, 0x00000000, 0x00000000, 0x00000000, 0x02fd13ff, \
  0xf5e8f31c, 0xed051e05, 0x070df012, 0x08f506fd, 0x0ffcfffc, 0x18f4131d, 0xfbff0cf1, 0x09fafeed, \
  0x082718f9, 0x150f071c, 0x05f91006, 0x0b1313f8, 0xfe0d12e9, 0xf8082125, 0xf6110f09, 0x0e141134, \
  0x0b06f808, 0xfdfb05fa, 0x050ffefc, 0xfaf8080f, 0xff081c1c, 0x180f0007, 0x182417f8, 0x230b4200, \
  0x13010923, 0x0900fb01, 0x11330808, 0xfe081cfe, 0xf40ce60b, 0xfe1303fe, 0x07f40000, 0x00000000, \
  0x00faff00, 0x50594380, 0x00000022, 0xe7fcfef5, 0x0601fdfe, 0xf4fe02fe, 0xee0bfbfd, 0x0201040c, \
  0xf0fdfa05, 0x06fc0efd, 0xf5f601ef, 0x02ff16fb, 0x09f70c06, 0xf403fe05, 0x000108ff, 0xfd020308, \
  0x09f606fb, 0x0200fcfa, 0x020cf804, 0xe709f504, 0xf8ff1805, 0x00f6f801, 0xfbfbf403, 0x0cf901ff, \
  0x0f04f205, 0xf606000a, 0x0af50300, 0x00fdf9fe, 0xe9fdf408, 0xf50803fd, 0x0006f407, 0x05fefd01, \
  0x09fd010c, 0x2cf705f8, 0xf6f50000, 0x00000000, 0x00ff0500, 0x505943c0, 0x00000058, 0x00000000, \
  0x00000000, 0x7c000000, 0x00000000, 0x00000000, 0x00000000, 0x00000000, 0x00000000, 0x00000000, \
  0x00000000, 0x00000000, 0x00000000, 0x00000000, 0x00000000, 0x00000000, 0x00000000, 0x00000000, \
  0x00000000, 0x00000000, 0x00050000, 0x00000000, 0x00000000, 0x00000000, 0x00000000, 0x00000000, \
  0x00000000, 0x00000000, 0x00000000, 0x00000000, 0x00000000, 0x00000000, 0x00000000, 0x00000000, \
  0x00000000, 0x00000000, 0x00000000, 0x00000000, 0x00000000, 0x3c000000, 0x00000000, 0x00000000, \
  0x00000000, 0x00000000, 0x00000000, 0x00000000, 0x00000000, 0x00000000, 0x00000000, 0x00000000, \
  0x00000000, 0x00000000, 0x00000000, 0x00000000, 0x00000000, 0xf800f611, 0x03fbf702, 0xf8ef21f6, \
  0x16100b0e, 0x0115fbe8, 0xf8f40bf4, 0x050d0210, 0x0f0df50f, 0xfeff0ffc, 0x09fafcf9, 0xf6fe05ef, \
  0x0e0efbfa, 0x09fff8fc, 0xfbf60203, 0xf70a0303, 0x0c0cfe0a, 0xfd0efdf7, 0x1005f3fb, 0x1b091711, \
  0xff080100, 0xfc00ec01, 0x221efd15, 0xf80202f4, 0xf90ff9fe, 0x040afa03, 0xfef7ed01, 0xf1f00700, \
  0xfefef304, 0x0221fa17, 0x0ee9f9f9, 0x1c01fb09, 0xecfc0000, 0x00000000, 0x00f4f900, 0x50594460, \
  0x00000022, 0x11062c16, 0xf0e70e00, 0x0ddbe9e9, 0xe9f8f216, 0x08f0ede0, 0x07fef4ff, 0x090a2102, \
  0x04ee06ea, 0x21f6f40b, 0x09f305f2, 0xfe0fee0d, 0xebfcf623, 0xea060517, 0x10100ed8, 0x211704ee, \
  0x00f307f4, 0xf4e6f60e, 0x130b07e8, 0xf71bfef7, 0x090bfc13, 0xf8f5ef10, 0xf1d7f9dc, 0x15ea16fd, \
  0x0122fff2, 0xdd242ade, 0xfc08f5f5, 0xec0ce2f4, 0xf51cf40d, 0xfdfdfffd, 0xfc0e0fff, 0x1d27ef12, \
  0xe21a0000, 0x00000000, 0x00fbf800, 0x505944a0, 0x00000017, 0x00000000, 0x00000000, 0x4b000000, \
  0x00000000, 0x00000000, 0x00000000, 0x00000000, 0x00000000, 0x00000000, 0x00000000, 0x00000000, \
  0x00000000, 0x00000000, 0x00000000, 0x00000000, 0x00000000, 0x00000000, 0x00000000, 0xe21ceef4, \
  0x07efff1d, 0xe8000000, 0x00000000, 0x00030000, 0x50598000, 0x00000178, 0x1011f616, 0x0cf90403, \
  0xf403ed07, 0x0806f10a, 0xebf5f8f8, 0xfaf8f7fa, 0xf6f6fafa, 0xfbfafafb, 0xfaf9fcfc, 0xffffff00, \
  0xfd000000, 0x00fa0810, 0xebf400ef, 0xf9edf8e8, 0x08f40808, 0xf302fa00, 0x00000000, 0x00000000, \
  0xfcfc02f6, 0x12e6efe8, 0x050000ff, 0x00000000, 0x00001400, 0xf12401e6, 0x2b1afcef, 0xf41102eb, \
  0x1af7e6f8, 0xebf5ebf4, 0xe804ebe8, 0x03f11904, 0x05f6d50c, 0x0dfcf9fb, 0xfdfcf6fd, 0xff05fbfa, \
  0xfafc01fc, 0xfe02fafb, 0xfa080003, 0x0204fa08, 0xf5f7fbfd, 0xfdfbfbfe, 0xff00d3e1, 0x0be2dbf1, \
  0xf110ece8, 0xfef7f60d, 0xdedcfff1, 0x110812e9, 0xef07dd03, 0x0c00ffff, 0x00010000, 0x0000e3ed, \
  0xfbe107ef, 0xfe08edf1, 0x0607ec01, 0xfbdfef07, 0xfe07f8f0, 0xfd12fa01, 0x0af3e7ee, 0xf1eb06e6, \
  0xf90ef8f7, 0xd4e9dde1, 0xfef1edf3, 0xf0f3faef, 0xf4fafbf2, 0xec0bfcf5, 0xfbedec0c, 0x06fe00fd, \
  0x01fef6fa, 0xfef4faf3, 0xf70be7f3, 0xe201e3f8, 0x05ffedf3, 0xf7f108ee, 0x0e071202, 0x03f5f7f3, \
  0xf300f4df, 0xef00000f, 0xf6f4f7f3, 0xf0f0ed06, 0xf100fa0d, 0x00ecea00, 0xfc000ffd, 0xf0fcfb0a, \
  0xe7fcfbfa, 0xef000000, 0x00000000, 0x0000020a, 0xe1f50bec, 0x00f800e2, 0xf6f3ddd6, 0xefdbd0d5, \
  0x00000000, 0x00000000, 0xfff5ed11, 0x0e00f6f3, 0xeffe0a0c, 0xf6fdf608, 0x0908f9fd, 0xfbfcea03, \
  0x0cfcf5e4, 0x00050605, 0x03fff607, 0xfa14ffe6, 0x11030ce9, 0xfe0af7ec, 0x0c0304fa, 0x00fae5fa, \
  0xeef4ef03, 0x060300fa, 0xe4f4f5ec, 0xe608e604, 0xf5010203, 0x0201fd00, 0xfe030001, 0xfffdf9ff, \
  0xfcff00f7, 0xf9faf6f8, 0xf9f7f8f9, 0xe8ebfdfc, 0x081e110c, 0x0deceff0, 0xefeaedf3, 0xeef1fcf3, \
  0xfb09f8fe, 0x01030ce6, 0xeaeee9f1, 0xf8f0f5f8, 0xfe02fdff, 0x0303fe03, 0xf9e1f207, 0xf4011303, \
  0xff1004f9, 0xeef2e611, 0xedf5fa0c, 0x17192312, 0x18f7d5de, 0xfe00fb07, 0xeffc04f0, 0x01f3eef2, \
  0x0705e20c, 0xfafefeff, 0x11ec0cf4, 0xf00b10ee, 0xfaf0fef0, 0xedec0d00, 0x1a04fbf2, 0xfeec04f2, \
  0xfef103f8, 0xee0b100a, 0xf5f4fc16, 0xf30a0b05, 0x16ef14fc, 0xef0df4f6, 0xf5041c0a, 0xf0f5ed00, \
  0x1210f707, 0xeff4eafa, 0x10ee01f7, 0xecfdfc04, 0x1007f6fa, 0x0d0901fb, 0x05010c08, 0xfd0af509, \
  0x0b10f9ff, 0x08ea0801, 0xf5ef0ffa, 0x030a09fb, 0xfb0a03f6, 0xf805fcff, 0xfef9fc03, 0xeefbf1f3, \
  0xeceff8f5, 0xefebfb01, 0x070ffcf6, 0xeb011706, 0x12f2f514, 0x1501eae9, 0xf5e903e7, 0xef040b05, \
  0xff05f2ff, 0x05eeed08, 0xf00911f7, 0xfc00ece9, 0x07f9fc01, 0x13eb0806, 0xf2f6f905, 0xfafcf206, \
  0xf40006f4, 0x1716f3ff, 0xef0c09f4, 0x0d1611fd, 0x09190ef2, 0x011c0ffc, 0x17fbf0f2, 0xfdf9f014, \
  0xebf1eb10, 0xeaf207f6, 0xfc09fa04, 0x0b0b02ef, 0xea050807, 0x02fc0800, 0x05e50a0e, 0x0ef2fd10, \
  0x05f5f508, 0x1406020d, 0x06040bed, 0xfcecf6fa, 0xf3040b01, 0xfff6f70e, 0xfef3ec0a, 0x0700fa0d, \
  0x0409120f, 0x04f1e805, 0xfff90110, 0x0a0008fb, 0x00f2120d, 0x010808fc, 0x10f706fd, 0x0f04edf0, \
  0xe61b0a08, 0x13f50207, 0x000bfafa, 0xf00701f9, 0xff030bf5, 0x19f5fc13, 0x08fd0304, 0xfaf9eafd, \
  0xfe0e06ee, 0xfd03fa01, 0x020002fc, 0x100210ff, 0x01f60ef1, 0xff0cfcf2, 0xf5eb010a, 0xf50af0ef, \
  0xf10b0505, 0xf1f3fd1a, 0xfafdf406, 0xf9f7f6fa, 0xfe0401f4, 0xf9030b0a, 0x0815ed09, 0xfdeef601, \
  0x030b04fc, 0xf1f51303, 0xf80ceefe, 0x0ef8fbfd, 0xfe15fcf7, 0x0ffd100d, 0x11ff0e00, 0x0deb1200, \
  0x00000000, 0x00000000, 0xffff0101, 0xfdf8fafa, 0x04fd06f3, 0x0cfefce7, 0xf506ff00, 0xfc010001, \
  0x00fe02ff, 0xff030b1b, 0xf10c1318, 0x03f60ee7, 0xfc04f7eb, 0x10eefef8, 0xfa040dea, 0x01100af9, \
  0xf4f21516, 0xeaf603fe, 0xedeefc0d, 0x0f02f9ef, 0x0cfff9f1, 0xf408f609, 0x13f70df4, 0x05edfdfb, \
  0x0aedfaf6, 0x03f2f80b, 0xfdfbf90e, 0xf80cfaff, 0x02090704, 0x07f203f2, 0xf3f2fffd, 0x02fbf7f5, \
  0xfa000407, 0xf3f9f106, 0x05f0f5f3, 0xf602f30d, 0x011afcf0, 0x160b190f, 0x00000000, 0x00000000, \
  0x3f000000, 0x00000000, 0x00000000, 0x00000000, 0x00000000, 0x00000000, 0x00000000, 0x00000000, \
  0x00000000, 0x00000000, 0x00000000, 0x00000000, 0x00000000, 0x00000000, 0x00000000, 0x00000000, \
  0x00000000, 0x00170000, 0x00000000, 0x00000000, 0x00000000, 0x00000000, 0x00000000, 0x00000000, \
  0x00000000, 0x00000000, 0x00000000, 0x00000000, 0x00000000, 0x00000000, 0x00000000, 0x00000000, \
  0x00000000, 0x00000000, 0x00000000, 0x00000000, 0x3f000000, 0x00000000, 0x00000000, 0x00000000, \
  0x00000000, 0x00000000, 0x00000000, 0x00000000, 0x00000000, 0x00000000, 0x00000000, 0x00000000, \
  0x00000000, 0x00000000, 0x00000000, 0x00000000, 0x16121621, 0x1c120e13, 0x1f260520, 0x1c06fd31, \
  0x15150628, 0x12202308, 0x2a11280f, 0x120b1f0a, 0x1b0d0c13, 0x071bff20, 0x20210412, 0x060f0b0f, \
  0x201d12f4, 0x111b140c, 0x24020d0d, 0x202d0c0e, 0x0515120e, 0x0d110720, 0xf9211711, 0x1f140401, \
  0x1a051307, 0x071d0f03, 0xfc061a1f, 0x0e0b2013, 0x12110732, 0xf80d1b07, 0x1b1e0115, 0xff101516, \
  0x0e131414, 0x0c120d10, 0x1308f720, 0x13190000, 0x00000000, 0x0012f800, 0x505982a0, 0x00000022, \
  0x1f070918, 0xe3f8f9ee, 0xeeeb0eec, 0x0af8e1f7, 0x15e7ff01, 0xeafae30e, 0x00f714fe, 0xfb0110f9, \
  0x0e04161d, 0xf30b0af7, 0xfbfefe09, 0xee07061f, 0xec05021a, 0x13fe0af0, 0x0ce8f90d, 0x09f7f1f4, \
  0xe0faf902, 0x01f90ffb, 0x040a0af8, 0xfafe00fc, 0x13080b05, 0x02e2f405, 0xea0730fe, 0x09e2ea05, \
  0xf41afff0, 0xe415eded, 0x220cf00a, 0x0301fc10, 0x0cdff5ff, 0x13090aff, 0x1a0ff6fa, 0xf4f10000, \
  0x00000000, 0x00f90400, 0x505982e0, 0x00000058, 0x00000000, 0x00000000, 0x3c000000, 0x00000000, \
  0x00000000, 0x00000000, 0x00000000, 0x00000000, 0x00000000, 0x00000000, 0x00000000, 0x00000000, \
  0x00000000, 0x00000000, 0x00000000, 0x00000000, 0x00000000, 0x00000000, 0x00000000, 0x00020000, \
  0x00000000, 0x00000000, 0x00000000, 0x00000000, 0x00000000, 0x00000000, 0x00000000, 0x00000000, \
  0x00000000, 0x00000000, 0x00000000, 0x00000000, 0x00000000, 0x00000000, 0x00000000, 0x00000000, \
  0x00000000, 0x00000000, 0x3e000000, 0x00000000, 0x00000000, 0x00000000, 0x00000000, 0x00000000, \
  0x00000000, 0x00000000, 0x00000000, 0x00000000, 0x00000000, 0x00000000, 0x00000000, 0x00000000, \
  0x00000000, 0x00000000, 0x040c0318, 0x20080d1e, 0x06140422, 0x1c071318, 0x210a0d13, 0x20f91d06, \
  0x2f160310, 0x161621f8, 0x0715fd06, 0x030432fd, 0x020d0810, 0x200f0015, 0xfa1fe113, 0x190efefb, \
  0x2025100f, 0x17081215, 0x09131005, 0x0d0c0ef8, 0xf8071319, 0xf31017ff, 0x020a071e, 0x080ef008, \
  0x0f150e05, 0x060f0e00, 0x13000c0e, 0x0ce60f15, 0x1cfdfc14, 0x1e1afb09, 0x27141313, 0x0c18f6fc, \
  0x1eff1309, 0x18140000, 0x00000000, 0x000b0b00, 0x50598380, 0x00000022, 0xfefc05f6, 0xfaf4f30b, \
  0xe2eb1002, 0x01effafd, 0x021f1def, 0xf9f8eefc, 0xee16ff01, 0xe5f2fffe, 0xf90f0af6, 0x071a0603, \
  0xddfe080e, 0x120f15e8, 0xf01a0906, 0xf8fd0717, 0x15250c00, 0x04fdfcee, 0xf0eaf002, 0xe912ffee, \
  0x0ef2fa03, 0x0eebea1d, 0x0a060b05, 0x08e20204, 0xf2040719, 0x18fee206, 0x0a01e5ff, 0xfaeaf5ec, \
  0xffe204f8, 0xfffcff06, 0x0f0c031b, 0x1020020f, 0x1205f5fb, 0xedff0000, 0x00000000, 0x000e1a00, \
  0x505983c0, 0x00000058, 0x00000000, 0x00000000, 0x74000000, 0x00000000, 0x00000000, 0x00000000, \
  0x00000000, 0x00000000, 0x00000000, 0x00000000, 0x00000000, 0x00000000, 0x00000000, 0x00000000, \
  0x00000000, 0x00000000, 0x00000000, 0x00000000, 0x00000000, 0x00060000, 0x00000000, 0x00000000, \
  0x00000000, 0x00000000, 0x00000000, 0x00000000, 0x00000000, 0x00000000, 0x00000000, 0x00000000, \
  0x00000000, 0x00000000, 0x00000000, 0x00000000, 0x00000000, 0x00000000, 0x00000000, 0x00000000, \
  0x3c000000, 0x00000000, 0x00000000, 0x00000000, 0x00000000, 0x00000000, 0x00000000, 0x00000000, \
  0x00000000, 0x00000000, 0x00000000, 0x00000000, 0x00000000, 0x00000000, 0x00000000, 0x00000000, \
  0x0af1f5f3, 0xed1a17f3, 0x10fe0c19, 0xf5fd0431, 0x001901fd, 0x1a0711f8, 0xf9fa301c, 0xfd080c1e, \
  0x04e7ff14, 0xf10b0007, 0x1a130205, 0x0d040c04, 0xf61b0407, 0x1af91b11, 0x140f04fa, 0xfb10091d, \
  0x04050e05, 0x1211ef04, 0x15160f1f, 0xf6051404, 0x0b0d100b, 0x24f50113, 0xf4f8f7e9, 0xfd1509ff, \
  0x170f0301, 0x230e2904, 0x08020901, 0xfa0f201f, 0xfdf8fc0e, 0x0af8192a, 0xf2122b13, 0xf8050000, \
  0x00000000, 0x00fa1c00, 0x50598460, 0x00000022, 0xf6fa0510, 0xfcc3fbea, 0xffd3f702, 0x04fb0315, \
  0x02df03d0, 0xffff0400, 0x0b29060c, 0xffe206e8, 0x01fbfe11, 0x0a1f01de, 0x0325050b, 0x0b0c0214, \
  0x0228fb1f, 0x03fceeeb, 0x0c2b03f3, 0x000fffe0, 0xf8e90df9, 0xfc01fede, 0xfb1109dc, 0x0c050b0f, \
  0x05f4fcf8, 0x00e80401, 0xe7de0113, 0x090f1203, 0x061f09df, 0xfcfc0412, 0x10eef7db, 0x0d310b09, \
  0xf4030521, 0x021709fa, 0x02f606e8, 0x030f0000, 0x00000000, 0x0010f500, 0x505984a0, 0x00000017, \
  0x00000000, 0x00000000, 0x4e000000, 0x00000000, 0x00000000, 0x00000000, 0x00000000, 0x00000000, \
  0x00000000, 0x00000000, 0x00000000, 0x00000000, 0x00000000, 0x00000000, 0x00000000, 0x00000000, \
  0x00000000, 0x00000000, 0xf1fd1bdf, 0xea03fd26, 0x14000000, 0x00000000, 0x00f70000, 0x5059c000, \
  0x00000178, 0xf6f5f7f5, 0xfefee5f8, 0xf600e2dd, 0xf5f2f4f5, 0xfadef3f6, 0xf6f5faf7, 0xf8f5f5fd, \
  0xff00feff, 0x00ffffff, 0x00000000, 0x00000000, 0x0012f3fd, 0x10050110, 0xf5f116e4, 0xe2080b04, \
  0xf0f41500, 0x00000000, 0x00000000, 0x110217f6, 0xf90e16f8, 0x05000000, 0x00000000, 0x0000150e, \
  0xf4f1dfef, 0xf3e4f209, 0xf9ec1c02, 0xff0e05e8, 0xfceee7e7, 0xefe0e4ef, 0xe8fb0102, 0xf113071b, \
  0x19fd0000, 0x00000000, 0x00000001, 0x03fb0001, 0xfefe0000, 0x00000000, 0x00000000, 0xfffefcfb, \
  0xfbf3f800, 0xf7f8f6e3, 0xe811ff0d, 0xfa1af2ec, 0xf00e0501, 0xe60407d8, 0x0618101a, 0xfe1d1118, \
  0x16000000, 0x00000000, 0x0000ecf5, 0xf80709ff, 0xed05f7f5, 0xec05fdf3, 0x0011f9f8, 0xffe5e5ed, \
  0xf2f3e7f6, 0xf117ff14, 0x11170305, 0x13f2f40b, 0xd8f7fdee, 0x17f8e0f8, 0xfaf8f8fa, 0xfaf7f9f9, \
  0xfc01ffff, 0x00000101, 0x0000fdff, 0x00000000, 0x0000f800, 0x0d04100f, 0x22f7e4ff, 0x0000fe02, \
  0x01fe0000, 0xfdfd210a, 0x09f3ede2, 0xf3fd00f6, 0xe6efd315, 0x2219fffb, 0xf9f7f9f6, 0xfff7f700, \
  0x00000000, 0x000000fd, 0x00f80205, 0x0205f901, 0xfa000000, 0x00000000, 0x00000316, 0x1717fbfc, \
  0x070b12fc, 0xddd4dfda, 0xf3f0e2dc, 0x00000000, 0x00000000, 0x000afbf9, 0x0704f8ef, 0xebf407fb, \
  0xfc05f6f9, 0x0001fe07, 0xfe0506ff, 0xfe08000c, 0x00000000, 0x00000000, 0x0006eef6, 0x0409010e, \
  0x04171f14, 0x03170ddc, 0xeafeddf2, 0xf4f2f2f5, 0xf3f2f6f8, 0x00fe0700, 0xfc01fef7, 0xf3000000, \
  0x00000000, 0x000000ff, 0x0200fd00, 0x02fc02f5, 0xf7faf4f7, 0xf8f4f5f4, 0x13ec02f5, 0xf80bee07, \
  0x13eeecec, 0xf7f8f8f8, 0xf4ebff00, 0x00000000, 0x000001f6, 0xf8f5faf6, 0xf4f6f7f4, 0xfafbfefd, \
  0x00000000, 0x002100f0, 0xed08fc08, 0xf207d402, 0xeff9fdf1, 0xd5e9e9f0, 0xebe7e8fa, 0xfdf20902, \
  0xff0203ff, 0xff000201, 0xfe19fe03, 0xd2070ad7, 0xe4030000, 0xfe0000fb, 0x0102f600, 0x00000000, \
  0x00000000, 0x1df7f10d, 0x0efed7ef, 0xf818d8cd, 0xeee4f1dd, 0xe60802fb, 0x141a1914, 0x0d0504f0, \
  0xf900ece7, 0xf001ea10, 0xf50002eb, 0x05020110, 0xffe8f8f9, 0xebf0fe02, 0xf20802cf, 0xed01e0f6, \
  0xf604e80e, 0xfd0607fa, 0x0cede6f6, 0xdaf914cd, 0xdd16cbf1, 0x15f01107, 0x02f50007, 0x0300d901, \
  0x06e41107, 0xd7f901cd, 0xea12ee08, 0xfa02080e, 0xf0fb0109, 0xf9f5f9f4, 0x05fdf101, 0xf616fc0c, \
  0xeffef9f0, 0xd9eb01fb, 0xd6e6e1e3, 0xe20707e5, 0x31e60409, 0x2a1bfe0a, 0x1b13ff04, 0xf5100705, \
  0x0610e519, 0xf5fdedd9, 0xdfe7cde7, 0xf0eefffb, 0xfe23fc09, 0x1a152422, 0xeeebf6f6, 0xe603ebeb, \
  0xe7fbe9fc, 0xe5f1ebd5, 0xd90a100e, 0x031af6f4, 0x16fcebe1, 0xf2f8fd09, 0xecfa0efb, 0xf3ef1609, \
  0xfcfc0b1c, 0x07e9eaf3, 0xfce905e2, 0x01f2f404, 0x08e7f803, 0xeaff03fe, 0xeddf0ff8, 0xcff9f4ff, \
  0xe2f72cfa, 0x1a191708, 0x12f8e50d, 0x0c05eb1b, 0xe9fb240d, 0x11060000, 0xfa1d0b11, 0x02ed010a, \
  0xef1c0bfb, 0xf2191320, 0x1bfe1f14, 0xfc070815, 0x1ffa0e08, 0xedeef7fa, 0xfbfe03f9, 0x00faee15, \
  0xf4dc1ded, 0xf22ae8ef, 0xf5ef0f01, 0xf3f0fe13, 0xe3e7f1ef, 0xd0e8f0d7, 0xe9fa0acf, 0xeef2ecfc, \
  0xf3fff20f, 0x091f05f8, 0xf7fff5f6, 0xe50d07ee, 0xe6e80709, 0xdbf5fbf8, 0xfdf9fafd, 0xfbf904e2, \
  0xf4160e09, 0x15f005ef, 0xe607f1e4, 0xecf7f6f1, 0x000f07e5, 0xe8ebcfe8, 0xd1f1c0ef, 0x1edad81d, \
  0xe3fcd3e1, 0x00e7f403, 0x0d1a0500, 0x00000000, 0x00000000, 0x171b191a, 0x04f3f1e6, 0xe8f1f5fd, \
  0x05fef906, 0x01fcfafd, 0xfbfcfcf2, 0x06f500ed, 0xee07fe09, 0xfb0e0a19, 0x04160e23, 0xfe091802, \
  0xeae1d20c, 0x05e6f114, 0xf5fd08f7, 0xfc0d130f, 0xf6e8f8fb, 0xfb0af6ee, 0x1efa100e, 0x10edfc18, \
  0xf7f7ece4, 0x0cdce7e7, 0xe7f5090d, 0x0f130007, 0xf90902f2, 0xf4fc0010, 0x160121fe, 0x010cfef6, \
  0x05ff1702, 0x0c05ffea, 0xe1e2f5f2, 0xf5fdf9f9, 0xf90c0000, 0x010000fe, 0x00fdfaf1, 0xe7e1fff7, \
  0xd71d00e1, 0x00000000, 0x00000000, 0x40000000, 0x00000000, 0x00000000, 0x00000000, 0x00000000, \
  0x00000000, 0x00000000, 0x00000000, 0x00000000, 0x00000000, 0x00000000, 0x00000000, 0x00000000, \
  0x00000000, 0x00000000, 0x00000000, 0x00000000, 0x001c0000, 0x00000000, 0x00000000, 0x00000000, \
  0x00000000, 0x00000000, 0x00000000, 0x00000000, 0x00000000, 0x00000000, 0x00000000, 0x00000000, \
  0x00000000, 0x00000000, 0x00000000, 0x00000000, 0x00000000, 0x00000000, 0x00000000, 0x42000000, \
  0x00000000, 0x00000000, 0x00000000, 0x00000000, 0x00000000, 0x00000000, 0x00000000, 0x00000000, \
  0x00000000, 0x00000000, 0x00000000, 0x00000000, 0x00000000, 0x00000000, 0x00000000, 0x07fdf9ec, \
  0x0f05ed00, 0x03ffef08, 0xfe13faec, 0xec200102, 0xf3fd12fe, 0x05e80a00, 0x0afeec07, 0x0efbf91a, \
  0x1a080bff, 0x100b0301, 0x01170bfb, 0x2504ec08, 0x060416f2, 0x0d17fb12, 0x0efc0405, 0xf40a13f8, \
  0x0610de00, 0xfb1717eb, 0x04f6fe09, 0xf404f508, 0x1c1307f3, 0x0e080a1b, 0x07030ff4, 0xfaf20ff2, \
  0x0202150b, 0x0312ecf7, 0xe92907f9, 0xfcf60605, 0x0eea010e, 0x0f190b02, 0x06f80000, 0x00000000, \
  0x0010d300, 0x5059c2a0, 0x00000022, 0xf900f6fb, 0xef00d103, 0x1404fc05, 0x1901fdfe, 0x0d060c06, \
  0x0b0918fe, 0xf305fcfd, 0x08020e04, 0x0403f0fb, 0xf3fe2305, 0x0401e8f4, 0x2efb0902, 0xf4fdeaff, \
  0xe7f5c9fe, 0xfe052600, 0xf1051002, 0xfdfd08f7, 0xe50000fc, 0x0201f6fb, 0x12fefc00, 0x180019fe, \
  0x2100f901, 0xedff0605, 0x23fbfa04, 0x0804f204, 0x18feebfb, 0xef000b04, 0x0b090afe, 0x01f7fd00, \
  0x15f9fcfd, 0xf4fe0b00, 0x28000000, 0x00000000, 0x00000b00, 0x5059c2e0, 0x00000058, 0x00000000, \
  0x00000000, 0x3a000000, 0x00000000, 0x00000000, 0x00000000, 0x00000000, 0x00000000, 0x00000000, \
  0x00000000, 0x00000000, 0x00000000, 0x00000000, 0x00000000, 0x00000000, 0x00000000, 0x00000000, \
  0x00000000, 0x00000000, 0x00120000, 0x00000000, 0x00000000, 0x00000000, 0x00000000, 0x00000000, \
  0x00000000, 0x00000000, 0x00000000, 0x00000000, 0x00000000, 0x00000000, 0x00000000, 0x00000000, \
  0x00000000, 0x00000000, 0x00000000, 0x00000000, 0x00000000, 0x42000000, 0x00000000, 0x00000000, \
  0x00000000, 0x00000000, 0x00000000, 0x00000000, 0x00000000, 0x00000000, 0x00000000, 0x00000000, \
  0x00000000, 0x00000000, 0x00000000, 0x00000000, 0x00000000, 0xee0aef09, 0x0b1fe8ef, 0xd8e30615, \
  0x1807f50a, 0xf6e2010d, 0x0900fcef, 0x050a051a, 0x07190004, 0x21df080e, 0x01010cff, 0xfb0406ff, \
  0xf70a0404, 0x0712fc05, 0x0ff80406, 0xf2fae6f4, 0xffe9fae5, 0x000513f6, 0x0208070d, 0x0a0bdaed, \
  0x1203f1fa, 0x07fb1009, 0x0807e911, 0xed10f504, 0x09df05ce, 0xfa0c0efb, 0x121202fc, 0xfb0c06fc, \
  0x0dd4dc11, 0xe3e5fef8, 0xfd14f7e5, 0xf2110206, 0xfa010000, 0x00000000, 0x001f1800, 0x5059c380, \
  0x00000022, 0xecf6fde6, 0x09e6fb20, 0xec02fe0d, 0xfb01fd11, 0x11f30505, 0x091105f0, 0x0b0cf607, \
  0xf405eefc, 0xeafcfee9, 0x02030205, 0x00fe0716, 0x0b29f5f1, 0x020af7f2, 0x01fa0ffb, 0xfc1c0cf5, \
  0x0907f9fc, 0x05070204, 0xfafff2d8, 0x1fe3fafb, 0x0c07030f, 0xfd14ef10, 0x0af0efe0, 0xe81a1cfb, \
  0x02090a1e, 0x0902f908, 0x1af10307, 0xecf906f0, 0x07010cf3, 0x0308f007, 0x00fb0502, 0x1309e921, \
  0x10020000, 0x00000000, 0x000cf000, 0x5059c3c0, 0x00000058, 0x00000000, 0x00000000, 0x75000000, \
  0x00000000, 0x00000000, 0x00000000, 0x00000000, 0x00000000, 0x00000000, 0x00000000, 0x00000000, \
  0x00000000, 0x00000000, 0x00000000, 0x00000000, 0x00000000, 0x00000000, 0x00000000, 0x00000000, \
  0x00260000, 0x00000000, 0x00000000, 0x00000000, 0x00000000, 0x00000000, 0x00000000, 0x00000000, \
  0x00000000, 0x00000000, 0x00000000, 0x00000000, 0x00000000, 0x00000000, 0x00000000, 0x00000000, \
  0x00000000, 0x00000000, 0x00000000, 0x41000000, 0x00000000, 0x00000000, 0x00000000, 0x00000000, \
  0x00000000, 0x00000000, 0x00000000, 0x00000000, 0x00000000, 0x00000000, 0x00000000, 0x00000000, \
  0x00000000, 0x00000000, 0x00000000, 0xfcfb02df, 0xf705f9fa, 0x0207e30b, 0xf6f006ff, 0x04f5dc04, \
  0x1e0b0313, 0xea00fff8, 0x02fdef00, 0x28ccf709, 0xe4f20c02, 0x14f92ffc, 0x12e2fafa, 0x15eae603, \
  0xf40c0507, 0xe20013fd, 0xf9fb24f4, 0x151307fc, 0x02fb1203, 0x0603f205, 0xf2ff13e3, 0x17101bf7, \
  0x0409fdd7, 0xec211308, 0x03eeff11, 0xeb0ce0ea, 0xf7110ff5, 0xef1001fe, 0x13f011e0, 0xffe2faed, \
  0x03e0dcf5, 0x0604ef02, 0xfef50000, 0x00000000, 0x0014ff00, 0x5059c460, 0x00000022, 0xf00f07f9, \
  0x0bfc01eb, 0xf613f11c, 0xfbf30807, 0xf701feef, 0x07e301fb, 0x0304fbf4, 0xf30a001a, 0x0a0d10fa, \
  0x0e02fc00, 0x071307fa, 0xff01f7f0, 0xf3fff30a, 0x04040411, 0x2212f3f9, 0x02ec00fa, 0xecfa0605, \
  0x031f090f, 0x0efd0511, 0x15ecfb05, 0xf8f0080a, 0x0bfbfef5, 0xf7eb2410, 0x07f80505, 0xf9e8fcfa, \
  0xf8f1f5fb, 0xfcfcfd0e, 0xfef9f5f5, 0x0f050513, 0x04051513, 0x1700eafa, 0xfcfd0000, 0x00000000, \
  0x00f7f700, 0x5059c4a0, 0x00000017, 0x00000000, 0x00000000, 0x55000000, 0x00000000, 0x00000000, \
  0x00000000, 0x00000000, 0x00000000, 0x00000000, 0x00000000, 0x00000000, 0x00000000, 0x00000000, \
  0x00000000, 0x00000000, 0x00000000, 0x00000000, 0x00000000, 0x2c13d803, 0xc9320a11, 0xd6000000, \
  0x00000000, 0x000c0000, 0x505a0000, 0x00000178, 0xfad6b8f9, 0x08eceaf6, 0xe80210e3, 0xf8fd33e7, \
  0xf41df8f6, 0xf6f9f7f9, 0xfcfdfafc, 0xfcfcfeff, 0xff000000, 0x00000000, 0x00000000, 0x00000308, \
  0x07030b09, 0x1e110f03, 0x0e1b1624, 0x15253e00, 0x00000000, 0x00000000, 0xe0c1d3ed, 0xd4d8dddc, \
  0xe8000000, 0x00000000, 0x00000517, 0x2dde0cf7, 0xebdfd70a, 0xfce5fa16, 0x2a000d29, 0x1a1805ff, \
  0xf402f200, 0x01c4cd0a, 0xcbd601dc, 0xec010000, 0x00000000, 0x00000001, 0xfffffffe, 0xfffd0000, \
  0xff000000, 0x00000000, 0x00fd0007, 0xfcfe00fb, 0xf8fa1110, 0xee1c1627, 0x0b191702, 0x15fcdff8, \
  0x2ff80e2a, 0xfff0c205, 0xd8cf05f5, 0xca000000, 0x00000000, 0x0000f6ee, 0xedf0e3f4, 0xf3f6f127, \
  0x06130a0b, 0x2bfd0729, 0xecf4def8, 0xefda01f5, 0xdd061020, 0x121d1112, 0x0502f1fc, 0x02dcdbf8, \
  0xd6cfe4fb, 0xfaf8f7f6, 0xf6f6f5f5, 0x01fefc00, 0x00000000, 0x00f505ff, 0x00ff0100, 0x00000afb, \
  0x07f62934, 0x131e1000, 0x00000000, 0x00000000, 0x000a1c09, 0xfb1e2622, 0x37201515, 0x25190f1c, \
  0xe7e10000, 0x00000000, 0x0200fe00, 0x00fe0000, 0x00000000, 0x020103fe, 0xfc060301, 0x04000000, \
  0x00000000, 0x0000f3ea, 0xe6f9dde4, 0xefd6fbf8, 0xdbf1e9f3, 0xd8050202, 0x00000000, 0x00000000, \
  0x00f2f9fc, 0xf9f4f5fe, 0x05fc10fe, 0x0a0700fe, 0xfbfb03fa, 0x1209fff9, 0x0bff0308, 0x00000000, \
  0x00000000, 0x002f10fa, 0xebfbf80d, 0x1312042a, 0x34323b1c, 0x13f916fe, 0xfafcf9f4, 0xf8f4f3f7, \
  0xf4f3f9fe, 0xfc0000ff, 0xfc000000, 0x00000000, 0x00000000, 0x00000000, 0x000000f7, 0xf9faf8f8, \
  0xf9f5f6f7, 0x03dbcefd, 0xe0daffe7, 0xdbfdfcfb, 0xf6f8f9f0, 0xeef50000, 0x00000000, 0x000000ff, \
  0xfcf1edef, 0xf2efeaf0, 0x00fefefd, 0xfdfcfc00, 0x0001e9c8, 0xf8e8d7df, 0xe7f0cfd9, 0xc4f9efe3, \
  0xf3f0db1d, 0x18fbf8f3, 0x12f52c3c, 0x00000000, 0x00000000, 0x000bfaf8, 0xd9eee9ed, 0xdfe100fe, \
  0x010000ff, 0x000000fd, 0xfe01ffff, 0xfe000000, 0x0800f6f5, 0xec0cedfb, 0x0efbf8f0, 0xf40718f5, \
  0xf3181914, 0x1ef20610, 0xf407110a, 0x080409f8, 0xf9131704, 0xfc0d0dff, 0x0b071109, 0xeeecf603, \
  0xf2f800e6, 0xf4f62402, 0x0e0c0903, 0xfbfefff0, 0xf0e4fadd, 0xf40912f9, 0xee05f20a, 0x08fefc0e, \
  0x0bf506ed, 0x08ed0410, 0x0ff70900, 0x05080008, 0xeddfeb14, 0x07e51200, 0xe50d07f6, 0xfde50bee, \
  0xe5090bea, 0xec1214f7, 0xff0805f5, 0xfcf7f8e3, 0x0aebea06, 0x07effe08, 0xfaeff6f6, 0xe3fc01e0, \
  0xebe8fded, 0xf0e7f6fa, 0xe904f6fe, 0xf1f1ef03, 0xdbecfbf9, 0xeefbf5ec, 0xfafcfcfa, 0x040df1f5, \
  0xf40cf202, 0xf6f2fcf4, 0x0901100e, 0x16f1e9dd, 0xf600edf5, 0x090aea03, 0xfdeb05f8, 0xf706ed05, \
  0xf9f4f214, 0x06fe1207, 0xfee9f6fa, 0x06f40aea, 0xf7f40a15, 0x07fb06ed, 0xfd02fcfe, 0x0ff8fa07, \
  0xf5020602, 0xf6fcfbfd, 0xf60909f9, 0xf8ede8ff, 0x190a0920, 0x0ff8e107, 0xeefaeaee, 0xf1f4ebed, \
  0xeb0a00ce, 0x000303ec, 0x02e8e80b, 0xf0fb0f0d, 0x1003daff, 0xfbf0fefe, 0xfd00eef5, 0x051305ff, \
  0xf70f0000, 0x00000000, 0x00000016, 0xf5fbfd13, 0x0c02f916, 0xf8e7fc05, 0xed0bf1f9, 0xf602f2f3, \
  0x03feeb02, 0xf6eaf50b, 0x07f9070c, 0xef1003e1, 0xfbe5f2fa, 0xe5f803f6, 0xfbfb1103, 0x15f20100, \
  0xfcff00ff, 0x0000fefb, 0xfbfbf9f5, 0xddcee8f0, 0xdee8e1f1, 0xf8f4f4f0, 0xdd0d1208, 0xfa14fd05, \
  0xf40001f3, 0xea1400fe, 0xf70f1500, 0x18070204, 0x1008eaed, 0xeffdfe00, 0x00000000, 0x00000000, \
  0xe9eddced, 0xfeeaf107, 0x01f9f9f8, 0xfefcf9ff, 0xfafbff00, 0x00ff0000, 0x00fffe0d, 0x0f0b0c02, \
  0x05f21204, 0x10f207dc, 0xe3dfebe6, 0xe1fdf2f1, 0x120a0b14, 0x0304eb0c, 0x03001100, 0xe7ee0612, \
  0xfb21f8f9, 0x1af30f00, 0xf1f60b0f, 0xf5f41215, 0x12f90b12, 0xf200fbde, 0xe2de0efe, 0xeef0fd09, \
  0x0bfaff08, 0x0bff05ea, 0xf3ffe5f4, 0xf004fbfa, 0xe906f4f7, 0x01f5f7f8, 0xf4f8f8f4, 0xf7f8fefd, \
  0xfe00fc00, 0xfa06f605, 0x10f714fb, 0xf00a1516, 0x00000000, 0x00000000, 0x3f000000, 0x00000000, \
  0x00000000, 0x00000000, 0x00000000, 0x00000000, 0x00000000, 0x00000000, 0x00000000, 0x00000000, \
  0x00000000, 0x00000000, 0x00000000, 0x00000000, 0x00000000, 0x00000000, 0x00000000, 0x00090000, \
  0x00000000, 0x00000000, 0x00000000, 0x00000000, 0x00000000, 0x00000000, 0x00000000, 0x00000000, \
  0x00000000, 0x00000000, 0x00000000, 0x00000000, 0x00000000, 0x00000000, 0x00000000, 0x00000000, \
  0x00000000, 0x00000000, 0x3e000000, 0x00000000, 0x00000000, 0x00000000, 0x00000000, 0x00000000, \
  0x00000000, 0x00000000, 0x00000000, 0x00000000, 0x00000000, 0x00000000, 0x00000000, 0x00000000, \
  0x00000000, 0x00000000, 0xf7fbf50a, 0x04f81202, 0x0af7ecff, 0xfb1600fb, 0xe10bff14, 0xf2f9fa04, \
  0xf21aecf3, 0xf1faf5fe, 0xfffefcf4, 0x1a0503fe, 0x0101f1fa, 0x03fbf5f6, 0x06fcfb22, 0xfc03fffc, \
  0xe026fdfc, 0x0509e9fe, 0x0b0401f3, 0x00081611, 0x010604e7, 0x10f415ff, 0xfaf1fbfc, 0x35f3fc04, \
  0x0a0b05ff, 0x0afc01f9, 0xf403fbe9, 0x100afb00, 0xfeea0fee, 0x0b04ee24, 0xeff800f1, 0x0a010303, \
  0x12fa07fe, 0x02f50000, 0x00000000, 0x00030f00, 0x505a02a0, 0x00000022, 0xec0e0efe, 0xfafc010f, \
  0x0a010cf8, 0xf70802ff, 0xf501fbfa, 0xf5020bfc, 0x27f6ec08, 0x2003fb0b, 0x0b03ebfc, 0x1d02f5ff, \
  0xfa0309f7, 0x0203fafb, 0x0402f7f9, 0x0b0cf402, 0xfcf804fb, 0xf6fefafd, 0x16f8fff8, 0x0b1208f7, \
  0x03f4ee09, 0xf50c1706, 0x06f3f606, 0x1c010203, 0x0ffbf10c, 0x130503f7, 0x0100f9fd, 0x080e0bee, \
  0xf1fefdfd, 0xeefef0f9, 0x08010209, 0xfbecea08, 0xf3040d04, 0x04f90000, 0x00000000, 0x00ffe600, \
  0x505a02e0, 0x00000058, 0x00000000, 0x00000000, 0x3c000000, 0x00000000, 0x00000000, 0x00000000, \
  0x00000000, 0x00000000, 0x00000000, 0x00000000, 0x00000000, 0x00000000, 0x00000000, 0x00000000, \
  0x00000000, 0x00000000, 0x00000000, 0x00000000, 0x00000000, 0x000e0000, 0x00000000, 0x00000000, \
  0x00000000, 0x00000000, 0x00000000, 0x00000000, 0x00000000, 0x00000000, 0x00000000, 0x00000000, \
  0x00000000, 0x00000000, 0x00000000, 0x00000000, 0x00000000, 0x00000000, 0x00000000, 0x00000000, \
  0x40000000, 0x00000000, 0x00000000, 0x00000000, 0x00000000, 0x00000000, 0x00000000, 0x00000000, \
  0x00000000, 0x00000000, 0x00000000, 0x00000000, 0x00000000, 0x00000000, 0x00000000, 0x00000000, \
  0xf7200bf5, 0xfe1eedef, 0xf4f001fe, 0xf7fb0d03, 0xf0efeafc, 0xfaf60a13, 0xf6edfcfe, 0x010d06f9, \
  0xf9fb0607, 0x03f60202, 0xf9fe040d, 0x06f4f400, 0xfbf80e04, 0xfdfd00f8, 0xecf3f3fc, 0xf5eb0bf1, \
  0xfafdfff0, 0x14f5f10a, 0x000b01f9, 0x06fedefa, 0x0d000304, 0xfb001716, 0xecf3f9fe, 0xf528eaf9, \
  0xf5f91608, 0x07f8ebf2, 0xf4042bf8, 0x122f02f4, 0xf6fa0ee4, 0x0a09fdfb, 0x00050101, 0xf8fe0000, \
  0x00000000, 0x00e7f800, 0x505a0380, 0x00000022, 0xf10817f0, 0x03fdf2f1, 0x07eff6f8, 0xe91e1505, \
  0x06faf8f2, 0xf2f5020c, 0x0b0105f1, 0x0bfaef00, 0x0304ebfd, 0x0715f103, 0x0d0cf513, 0x07fefaf4, \
  0x00f5fe1a, 0x031bfe1e, 0xe2060010, 0x00f3f7eb, 0xfffc0305, 0x02000614, 0x03fef106, 0xf9f70118, \
  0x030cf616, 0x02f9effa, 0x031bf006, 0xf9f5fe07, 0x00e4f9f4, 0x02f30eeb, 0xfbf30406, 0x10001109, \
  0x0002feff, 0xf917fa10, 0xfce806f4, 0x0e050000, 0x00000000, 0x0016f000, 0x505a03c0, 0x00000058, \
  0x00000000, 0x00000000, 0x74000000, 0x00000000, 0x00000000, 0x00000000, 0x00000000, 0x00000000, \
  0x00000000, 0x00000000, 0x00000000, 0x00000000, 0x00000000, 0x00000000, 0x00000000, 0x00000000, \
  0x00000000, 0x00000000, 0x00000000, 0x00170000, 0x00000000, 0x00000000, 0x00000000, 0x00000000, \
  0x00000000, 0x00000000, 0x00000000, 0x00000000, 0x00000000, 0x00000000, 0x00000000, 0x00000000, \
  0x00000000, 0x00000000, 0x00000000, 0x00000000, 0x00000000, 0x00000000, 0x3f000000, 0x00000000, \
  0x00000000, 0x00000000, 0x00000000, 0x00000000, 0x00000000, 0x00000000, 0x00000000, 0x00000000, \
  0x00000000, 0x00000000, 0x00000000, 0x00000000, 0x00000000, 0x00000000, 0xfaea0944, 0xe803f6f4, \
  0xf40af3ff, 0x0c11080d, 0xf1f40ee6, 0x1006f3f9, 0x0f060af1, 0xf70df20e, 0x1de7f30b, 0xe5ff0bf6, \
  0xfc0e13dc, 0x0318f9ee, 0x04f1e1fa, 0xe9f00a00, 0xf7faf1f9, 0x03fb08f7, 0x0d00f9f1, 0xf3ecfa00, \
  0xfeff02f6, 0xfffbfdf4, 0x01feecf2, 0xfe0cfdf1, 0xf4ff0df5, 0xf205f8f9, 0xf80ef206, 0x08f716fa, \
  0xfe0afaf9, 0xf2ea0231, 0x0d1508fb, 0x06f6feff, 0x060902f9, 0x15fe0000, 0x00000000, 0x00070c00, \
  0x505a0460, 0x00000022, 0xedf704fe, 0x08e2e61c, 0x0110ee21, 0xeaeb150c, 0x081afcf8, 0xf4f0fcd7, \
  0xfd040217, 0xfa02feff, 0xf2f0eee1, 0x0511f000, 0x14071a00, 0xfd1225df, 0x000f0000, 0x0e04e401, \
  0x001510f7, 0x08070a1a, 0xf303e8f3, 0x2b0926d5, 0x2306dff3, 0x0d1ce90e, 0x0e07f5ff, 0xf702eeff, \
  0xe7e6def6, 0x09f024eb, 0x0bf6fd0c, 0xf7f9fc18, 0xecee0200, 0xfaf40804, 0xf604fa11, 0x02fc14f8, \
  0x130e1313, 0x031a0000, 0x00000000, 0x000aff00, 0x505a04a0, 0x00000017, 0x00000000, 0x00000000, \
  0x52000000, 0x00000000, 0x00000000, 0x00000000, 0x00000000, 0x00000000, 0x00000000, 0x00000000, \
  0x00000000, 0x00000000, 0x00000000, 0x00000000, 0x00000000, 0x00000000, 0x00000000, 0x00000000, \
  0xf730f0eb, 0x2a10fe15, 0xda000000, 0x00000000, 0x00fb0000, 0x505a4000, 0x00000178, 0xefecf4e1, \
  0xeffdf5f0, 0xe408e8f9, 0xe0e509fb, 0xf2e3f4f5, 0xf4f6f8f5, 0xf8f6f3fc, 0xfefefcfe, 0xfeff0100, \
  0x00000000, 0x00000000, 0x000ff6e8, 0x0be8ef0e, 0xff0010e4, 0x0716ed15, 0xf5effc00, 0x00000000, \
  0x00000000, 0x0706fefc, 0x16181012, 0x0e000000, 0x00000000, 0x0000f9fd, 0xf40ff1f5, 0x06eeeffe, \
  0x0ee715f4, 0xe906fae4, 0x0fffe9ef, 0xe5f4f1fb, 0x16fb0f10, 0x1b09141c, 0x19150000, 0x00000000, \
  0x000000fd, 0xfdfd0000, 0xfd0000fc, 0x00000000, 0x00000000, 0x00f9f3fa, 0x01f9f8ff, 0xf8f90804, \
  0xef08ec01, 0xfaef0414, 0xf517ffe4, 0xf9f1efdc, 0x18140b14, 0x011afd08, 0x1d000000, 0x00000000, \
  0x0000f105, 0xf6f7ed08, 0xf0f00b0a, 0x01e4fef8, 0x09ff030f, 0xf2eeefef, 0xe8e3daeb, 0xe2ff0601, \
  0x0a11060d, 0x12250f16, 0xe61315f7, 0x050ce5f9, 0xf9f9f8f8, 0xfaf7f8f7, 0xf9fdff01, 0x00fffefc, \
  0x0002fc00, 0xfe0000ff, 0x000007fd, 0xf919eef6, 0x1cfeea01, 0xfdfd0000, 0xfffe02fd, 0x0cf4170d, \
  0xfafbd3e4, 0xe7fb0312, 0x19fa0815, 0x170b0606, 0xf0f3f2f4, 0x00f8fc00, 0x00000000, 0x00fafdf7, \
  0xeaf8f1ec, 0xfbf0f1f0, 0xf6000000, 0x00000000, 0x00001b0d, 0x03fcff0c, 0xfa0815f2, 0xe2effbf4, \
  0xe6fffc01, 0x00000000, 0x00000000, 0x00f9f708, 0xf1eb08eb, 0x00f2f6f6, 0xf6f8faf6, 0x0801061a, \
  0x050c08f7, 0xec09fb19, 0x00000000, 0x00000000, 0x00f510fc, 0x1efc12f9, 0x00f01d04, 0x07f4fc0a, \
  0xcedd11f8, 0xf5f9f1f3, 0xf8f3f7f9, 0xfa0006fd, 0xf709f9fb, 0xf4000000, 0x00000000, 0x00000000, \
  0x010001fe, 0x00ff01f9, 0xf9fff4f5, 0xf9f4f5f7, 0xf9fa03de, 0xf5f8fd07, 0x20f7f3f7, 0xebf0f2eb, \
  0xe7e90000, 0x00000000, 0x01fefff4, 0xf2feece8, 0xf6eef0ff, 0xfbfc00fc, 0xfefffcfd, 0x00fb06fc, \
  0x00fa1410, 0xeafbf501, 0xdbf8eecf, 0xd3d9e0d6, 0xfa01fc16, 0xf3fee6ec, 0x0103ffff, 0x02fefbfb, \
  0xffeed2f4, 0xf8f4f60d, 0x07170001, 0xfcfe0506, 0x0408edff, 0xfe000000, 0x00000000, 0xe7fefacf, \
  0xd6e7ccbd, 0xbb0216e6, 0xc4dedbda, 0xcbb706eb, 0xd7030804, 0x1119f1f2, 0xf012f0f8, 0xe9f5f902, \
  0x06eaeefb, 0xef09fbff, 0x10f8f1f5, 0xedf7fbf1, 0xf0e5f200, 0x01d9e905, 0xc1ece3e7, 0x0efae802, \
  0xdfccc4ce, 0xde08fed8, 0xe9ff0206, 0xf0f30514, 0xf7f5fd0e, 0x0005eaf7, 0xfde1020a, 0xf31a1ddf, \
  0xf903e1f6, 0xfbf4f505, 0xff00f7f7, 0x06ee07f3, 0xefe6e8f5, 0xe9fa0704, 0xeafdc3e4, 0xe8edebf0, \
  0xeb00f1ed, 0xf9e9d9e6, 0xebdae7ff, 0x0c1e14ff, 0x130eebe5, 0x070711fd, 0xf5edec1a, 0x08f3d6ef, \
  0x0ecdc1ec, 0xece4f6e9, 0xf1f5fbf6, 0x0a0b111c, 0xfa0e030c, 0xf9110308, 0xe4f6ebe7, 0xeff8ed08, \
  0x05ffeffe, 0xf920f403, 0x26ff0908, 0x0508fffd, 0x09f9f3fd, 0xfbfef0f8, 0xfa0e2200, 0x08e4e6fc, \
  0xe1e1fbd3, 0xdbd1ecf6, 0xf6f20205, 0xf6010714, 0x0615f9ef, 0xe60108f9, 0xe7f5e5f4, 0x0006040b, \
  0x04f3f9e2, 0xf5fde4fc, 0xf4e20401, 0xebece5fc, 0x05ffe20f, 0xedf01209, 0xd6f805e1, 0xe3effaf7, \
  0xf60ddd08, 0xf9f4f4e0, 0xe3e6f3d5, 0xd4e5fffd, 0xef0000fd, 0x0200fafe, 0xf7fcf2ea, 0x05f9ede9, \
  0xf5eef2ed, 0xf6e5ebfa, 0xe2ebf700, 0xe1f3ffe5, 0xeff4e2e8, 0x0ae8f1ea, 0xdaf2020d, 0x1f10100e, \
  0x0cffeaff, 0xf609ee15, 0xf1fb00e6, 0xe4f8fcf5, 0xfd0000ff, 0xff02150c, 0xed16fef8, 0xf2ec01f5, \
  0x00eaee02, 0xfe98bac6, 0xd2d6ec09, 0x00ea1d18, 0x0613ff06, 0x1c00fdf0, 0xe4c8f20a, 0x14ed160e, \
  0xee04ea00, 0x00000000, 0x00000000, 0x031115f4, 0x0708f604, 0xf8fcfc01, 0xf0fffffd, 0xfcfdf8fa, \
  0xfaf7fcfc, 0xfcfbfbf1, 0xea0a0203, 0x16ed0216, 0x10030316, 0xebf21b05, 0x08e8f103, 0xe0e90115, \
  0xe5ed15e1, 0xe0e5de10, 0xf70402bc, 0xeaf9dbf3, 0xf9f2020c, 0x0ff5f40e, 0xe3e6e6e7, 0xec0ff012, \
  0x12020328, 0x0d080fff, 0x05fa0210, 0x1d0806f3, 0xf4ebf106, 0xfdf113f0, 0xe9f5ebe2, 0xd1da02f2, \
  0xf3f3f8fd, 0x00fafbf2, 0xf4effdf9, 0xf9f9f8fd, 0xfdf4f316, 0xfdf8f8f8, 0xfde7e6ed, 0x00000000, \
  0x00000000, 0x3f000000, 0x00000000, 0x00000000, 0x00000000, 0x00000000, 0x00000000, 0x00000000, \
  0x00000000, 0x00000000, 0x00000000, 0x00000000, 0x00000000, 0x00000000, 0x00000000, 0x00000000, \
  0x00000000, 0x00000000, 0x001b0000, 0x00000000, 0x00000000, 0x00000000, 0x00000000, 0x00000000, \
  0x00000000, 0x00000000, 0x00000000, 0x00000000, 0x00000000, 0x00000000, 0x00000000, 0x00000000, \
  0x00000000, 0x00000000, 0x00000000, 0x00000000, 0x00000000, 0x3f000000, 0x00000000, 0x00000000, \
  0x00000000, 0x00000000, 0x00000000, 0x00000000, 0x00000000, 0x00000000, 0x00000000, 0x00000000, \
  0x00000000, 0x00000000, 0x00000000, 0x00000000, 0x00000000, 0x02f1f6f6, 0xd8e20401, 0x0ce7f4eb, \
  0xf8eff1ef, 0xe3dcf7e7, 0xdc19f205, 0xebe3f4ee, 0xff09c9f5, 0xf4fe00ee, 0xf0f1efeb, 0xf105d3d9, \
  0x00000b06, 0xee07e4f1, 0xeff400ec, 0xecfff9f3, 0x0ee6efe8, 0xf70d0204, 0xf8fbefed, 0xe5ec04d7, \
  0xfbf909ed, 0xdaffeefd, 0xf2fcfbf8, 0xf5e2f7e6, 0x02fcee07, 0xfcf4f1f0, 0x09e5dced, 0xfcfce6e1, \
  0xfaf60802, 0xe2f4e4fd, 0x14dafdfb, 0x06ed08ed, 0xfae60000, 0x00000000, 0x00e9f200, 0x505a42a0, \
  0x00000022, 0x140b2c06, 0xf4040efe, 0xef041cf5, 0xfd09f405, 0xfee1080c, 0x0506e5f3, 0x0c0714fa, \
  0xedfb1507, 0xfbfb16f9, 0xfd0b14f3, 0xf0f11206, 0xf6fc0003, 0xf70a0106, 0x1dee14e9, 0x1f1713e7, \
  0xf603f60c, 0xf1f7070b, 0xfe0a05fa, 0xf80af505, 0x10fbf8f9, 0x1af2f0fa, 0x22fffc01, 0xf0ff1513, \
  0x0f08ecfa, 0xfdffeffb, 0xd30fddf1, 0x0602e806, 0x0212f5fa, 0x120f05f3, 0xfbfe0c03, 0x14fff4fc, \
  0xd4fb0000, 0x00000000, 0x00fd0f00, 0x505a42e0, 0x00000058, 0x00000000, 0x00000000, 0x3c000000, \
  0x00000000, 0x00000000, 0x00000000, 0x00000000, 0x00000000, 0x00000000, 0x00000000, 0x00000000, \
  0x00000000, 0x00000000, 0x00000000, 0x00000000, 0x00000000, 0x00000000, 0x00000000, 0x00000000, \
  0x00ff0000, 0x00000000, 0x00000000, 0x00000000, 0x00000000, 0x00000000, 0x00000000, 0x00000000, \
  0x00000000, 0x00000000, 0x00000000, 0x00000000, 0x00000000, 0x00000000, 0x00000000, 0x00000000, \
  0x00000000, 0x00000000, 0x00000000, 0x3e000000, 0x00000000, 0x00000000, 0x00000000, 0x00000000, \
  0x00000000, 0x00000000, 0x00000000, 0x00000000, 0x00000000, 0x00000000, 0x00000000, 0x00000000, \
  0x00000000, 0x00000000, 0x00000000, 0x0be5f0eb, 0xd9e8f2f0, 0xed09fcef, 0xeefeebe6, 0x0c01f5f6, \
  0xe1f2e409, 0xea0cf7fb, 0xdaf4f2f7, 0xfcffeaf2, 0xfe07fcf7, 0x06f901fb, 0xeb0810f7, 0xfcfb07f6, \
  0xfef21102, 0xe50507fa, 0xea09f200, 0x0500eb08, 0x04f611ee, 0xf6ffee09, 0xdff5feeb, 0xf0eee8e4, \
  0x0df809ff, 0xfdfa0cfc, 0xf3e9f606, 0xff001a05, 0x0701f608, 0xfdfcfa03, 0x00ef00ff, 0xebf72208, \
  0xeff314f1, 0xe716ebf3, 0xebfe0000, 0x00000000, 0x000eeb00, 0x505a4380, 0x00000022, 0x0ff1fd01, \
  0xe6f617f5, 0x0eee0205, 0x0311f201, 0x01e6faf7, 0x0feaf7ed, 0xfcfc12fa, 0x04f2f8fa, 0x060304ff, \
  0xfc08fa02, 0x080607f4, 0xfcffff1b, 0xfb0001fb, 0x0cf605e0, 0x08030a00, 0xfbf2fcfc, 0x07fffdfc, \
  0x110a02fe, 0xf4fa00fe, 0xf9fcf50f, 0x0209fbf3, 0xef140ef9, 0x0618fb13, 0xfcfc0607, 0xfcf3f601, \
  0x0c09fc06, 0x0af5e4d8, 0xff150005, 0xef07fdf4, 0x09f30c09, 0xfa170a00, 0xf1f50000, 0x00000000, \
  0x00020600, 0x505a43c0, 0x00000058, 0x00000000, 0x00000000, 0x73000000, 0x00000000, 0x00000000, \
  0x00000000, 0x00000000, 0x00000000, 0x00000000, 0x00000000, 0x00000000, 0x00000000, 0x00000000, \
  0x00000000, 0x00000000, 0x00000000, 0x00000000, 0x00000000, 0x00000000, 0x001d0000, 0x00000000, \
  0x00000000, 0x00000000, 0x00000000, 0x00000000, 0x00000000, 0x00000000, 0x00000000, 0x00000000, \
  0x00000000, 0x00000000, 0x00000000, 0x00000000, 0x00000000, 0x00000000, 0x00000000, 0x00000000, \
  0x00000000, 0x3d000000, 0x00000000, 0x00000000, 0x00000000, 0x00000000, 0x00000000, 0x00000000, \
  0x00000000, 0x00000000, 0x00000000, 0x00000000, 0x00000000, 0x00000000, 0x00000000, 0x00000000, \
  0x00000000, 0xf1fc07f2, 0x07eefb01, 0xf310f2ea, 0x010200cc, 0x03fde404, 0xe3fef5fe, 0x0cf4f0fd, \
  0xe9ffe2e6, 0xe5100aec, 0x2107e9ef, 0xebf4f615, 0xe9f5ec06, 0x0c18f8fa, 0xfafce1e2, 0x0cf1ecf0, \
  0x01fc0f0f, 0x08f4fe00, 0xe0fcf4f4, 0x0ee8f5fb, 0x13fff004, 0xdee903f1, 0x1312fcf5, 0x081903f7, \
  0xeaf9fbfb, 0xff0bfcee, 0xedeff60b, 0x10f7ff03, 0x03fdedd5, 0x0de308fc, 0x0c170ce3, 0x02f7d4e6, \
  0xecf10000, 0x00000000, 0x00f1fb00, 0x505a4460, 0x00000022, 0x28070806, 0x002df017, 0x16fc0adb, \
  0x1300e702, 0x0421e9f5, 0xf3edf9f3, 0xe7fe0d25, 0x16f105fc, 0xf0f9efec, 0x09ea06fe, 0xf7edf7df, \
  0x01f411f4, 0xe7f01813, 0x0618ee03, 0xfaff13f2, 0xfcf513ff, 0x19f4f92d, 0xfd21f209, 0xe00bfd0a, \
  0xf5fd1516, 0x1cfc09f5, 0xf806f7fc, 0xf7e9fcf5, 0xf002f4e3, 0xe710f9ff, 0xfbfde714, 0x10fcf1e8, \
  0x11f1e905, 0x140e08e7, 0x130108fd, 0xed13fcdc, 0x02f80000, 0x00000000, 0x00ee0700, 0x505a44a0, \
  0x00000017, 0x00000000, 0x00000000, 0x51000000, 0x00000000, 0x00000000, 0x00000000, 0x00000000, \
  0x00000000, 0x00000000, 0x00000000, 0x00000000, 0x00000000, 0x00000000, 0x00000000, 0x00000000, \
  0x00000000, 0x00000000, 0x00000000, 0x1627e514, 0x02ece2d0, 0x19000000, 0x00000000, 0x000b0000, \
  0x505a8000, 0x00000178, 0x12fdf506, 0xfc0e1614, 0xf31001ee, 0xf40dfff8, 0x070ffafa, 0xfafbfbfb, \
  0xfbfbfbfb, 0xfbfcfafa, 0xfcfafafa, 0x00000000, 0x00000000, 0x00eaf813, 0x00f60bfa, 0x03e6e1ed, \
  0xf6dde9fe, 0x06eff300, 0x00000000, 0x00000000, 0xedd9dfed, 0xe2e601eb, 0xdc000000, 0x00000000, \
  0x0000fd09, 0xe700210a, 0x0103f5f0, 0x0ae6fb09, 0xf4f70205, 0xece7e8ec, 0xefffe0e3, 0xfd0ebcc4, \
  0xf7e505d7, 0xeee7fefe, 0x02fffc00, 0x0101ffff, 0x000000fe, 0x000000fe, 0xff05fc00, 0x040706ff, \
  0x05030000, 0x0202ffff, 0xffff0c18, 0xe60cfe10, 0x000ffdff, 0x03dff610, 0x02ea05e8, 0x0c0ce2ec, \
  0xf5c2ebf4, 0xe7000000, 0x00000000, 0x0000f400, 0x0400eaf6, 0xe90206f7, 0xfc020107, 0xe3fbfae6, \
  0xff1211f1, 0xf1e901f9, 0x0ff2fe19, 0xf50316f9, 0xeae900f1, 0xe0fdf5f6, 0xecf5eaf9, 0xf8f8f9f8, \
  0xf8f8f8f8, 0x0e0af209, 0x040207f4, 0x0801fffb, 0xfd00f901, 0xf801fe05, 0x05e2000c, 0xf1fef8f5, \
  0xfc0a09f6, 0xf7fff8f5, 0xebf8f300, 0x1a1005fc, 0x0e1414f4, 0xf91007f6, 0x0ae80002, 0xfcff0001, \
  0x000000ec, 0x0403f3f3, 0xf2e8fcf8, 0xf2f3f2ed, 0x05efef08, 0xf0000000, 0x00000000, 0x0000f4ff, \
  0xf3f4f8f0, 0x03fd07e6, 0xf4eaf4f0, 0x0dd4eb03, 0x00000000, 0x00000000, 0x00e906ff, 0xf5f80d09, \
  0x060afffa, 0x03040706, 0xf7fdf2ed, 0xf9fe0cf7, 0xfcfceeea, 0x0400fe05, 0xfbf80205, 0xf90cf920, \
  0x01eae3f6, 0xe3ee1a23, 0x1e190c15, 0xdffc0e01, 0xf5fcfcfb, 0xf6fffbfa, 0x03f9ffe7, 0xe6fa0107, \
  0x0101ff01, 0x00ffffff, 0x00ff0000, 0x00000000, 0x000000fb, 0xfafcfafa, 0xfafbfbfb, 0x0cf0e309, \
  0xf3ddf2f0, 0xdbf6f5f0, 0xf6f6f5f4, 0xf7f7fafb, 0xf8fb0001, 0x08fdfcf6, 0xf7f8edf0, 0xf1eaedf4, \
  0x00fdfafe, 0x01f80002, 0x0301fad9, 0xfaf7daf0, 0x01c90aed, 0xf6e5f802, 0x01eb0f0a, 0x1006fae9, \
  0xe7010c0a, 0x0bfc0705, 0xf40bff00, 0xf3e0e908, 0xe0faebf9, 0xe7d2fafa, 0x04fe0608, 0xf2ef03ef, \
  0x0af70bf9, 0xff02f0f6, 0x0af7f707, 0xf2fd02fa, 0x030105fa, 0xfdfffbfd, 0x02ff0e19, 0xfd191304, \
  0x04fce507, 0x0f1c15fe, 0x10150001, 0x08f8eb03, 0xe3080106, 0xdff0fcfe, 0xf8fd02f0, 0xfcfb02fc, \
  0x08040b1a, 0xf9112eec, 0x00fb01e4, 0x06f60509, 0xee1a0508, 0x06f7f9fb, 0xdce6fcf6, 0xfdebeeef, \
  0x0df4f21a, 0x0fec0a04, 0xf200f406, 0x0efb0007, 0x03fa0a16, 0xfeff00ff, 0x00000000, 0x00f9100c, \
  0xfffffdd4, 0xf9ecf7fd, 0x15fbe8f3, 0x0901e612, 0x2e13052e, 0x04f711fd, 0xee0c0df4, 0x0d15fef8, \
  0xe80600ea, 0x10180b07, 0x15eefe04, 0x2ffefc07, 0xd4ccd508, 0xf806f901, 0xfd090209, 0x20162618, \
  0x21ff0d0a, 0x23fae9f7, 0xf0eefdeb, 0xf100eeef, 0x02050ef5, 0xf200f0fb, 0x10fd0016, 0x18fe0923, \
  0xf0fffefc, 0x09ee0409, 0x0bf3f7fb, 0xfcfbfff7, 0xf0daf800, 0x03fd01fa, 0x0c05f4f6, 0xeff4ecec, \
  0xf1f5e605, 0x15ffd428, 0xf6e41a07, 0xfff7f8ea, 0x0805f6fc, 0xfffae9fe, 0x2b0b0129, 0xf414ffff, \
  0x07f40af8, 0xf3fded03, 0x040ae6fb, 0x06ebe8e7, 0xec1803fd, 0xf4f5e7ef, 0xeb020000, 0xfc0000fa, \
  0x0000f80a, 0x02120715, 0x08231e0b, 0xfffd0004, 0xfbf8f6fb, 0xfaf0eef9, 0x05effd11, 0x09f6f3f0, \
  0x14e8fe16, 0x08f10aee, 0x030df208, 0x11ee0507, 0x0ffb0200, 0x181e0708, 0x0afffbfe, 0x00fb00fe, \
  0xff000015, 0xfcec05fe, 0x06e6f400, 0x00000000, 0x000000ff, 0xe7d9d3ed, 0xe1e1f6ef, 0xdb06e707, \
  0x0f18111b, 0x1530ed03, 0xdff2e7ef, 0x000bfc00, 0x00000000, 0x00000000, 0xeae9dbef, 0x0cee0b26, \
  0x0c000000, 0xf80000f4, 0x000000fe, 0xfc00fefd, 0xfefcfcea, 0xf3e6e7e9, 0xe2edfb02, 0x010f150c, \
  0x15f7ece8, 0xff0000ff, 0x00ffff00, 0x00ff03f0, 0xf0e8eced, 0xecfde10a, 0x05f9fde4, 0xf2e9f4f2, \
  0x09070af2, 0xeffffa03, 0xfdd5d5ef, 0xf2f5f614, 0x051500de, 0xe5f4f3ee, 0x0503e41e, 0x1501150a, \
  0xfd11ffec, 0xf3f30cf7, 0x03060d06, 0xf7fded09, 0x00fdf900, 0x00eefe02, 0xfcfdf9ff, 0xfefa02ff, \
  0x0bf7fffb, 0xfee3fb00, 0x00000000, 0x00000000, 0x3e000000, 0x00000000, 0x00000000, 0x00000000, \
  0x00000000, 0x00000000, 0x00000000, 0x00000000, 0x00000000, 0x00000000, 0x00000000, 0x00000000, \
  0x00000000, 0x00000000, 0x00000000, 0x00000000, 0x00000000, 0x00e30000, 0x00000000, 0x00000000, \
  0x00000000, 0x00000000, 0x00000000, 0x00000000, 0x00000000, 0x00000000, 0x00000000, 0x00000000, \
  0x00000000, 0x00000000, 0x00000000, 0x00000000, 0x00000000, 0x00000000, 0x00000000, 0x00000000, \
  0x41000000, 0x00000000, 0x00000000, 0x00000000, 0x00000000, 0x00000000, 0x00000000, 0x00000000, \
  0x00000000, 0x00000000, 0x00000000, 0x00000000, 0x00000000, 0x00000000, 0x00000000, 0x00000000, \
  0x0f19101a, 0x07f61103, 0x04220b07, 0x0218f905, 0xff190913, 0x160c1108, 0x0e06020e, 0x091b1613, \
  0x010e0bf4, 0x0614ef00, 0x1216f307, 0x1ff80115, 0x1018030e, 0x081705fc, 0x08120ef6, 0x2508e907, \
  0x0211040f, 0x07120908, 0x0315f807, 0x130af908, 0x110cfd02, 0x010a1afd, 0x160d1a03, 0x0600fc16, \
  0xf7f5f8fa, 0x1512f216, 0x100d0b05, 0x15ef0109, 0x0a061d0a, 0x0909220f, 0x0eda0500, 0x13030000, \
  0x00000000, 0x00f10b00, 0x505a82a0, 0x00000022, 0x03192101, 0xe7001209, 0x090c0a15, 0xfb19f412, \
  0xf8f316f6, 0xfaf1f5ff, 0x06f20218, 0xf5f301ef, 0x18f50af5, 0x10f9f9fc, 0x08e30e11, 0xf2f8f5ee, \
  0xfffc00fe, 0x0efd1ae8, 0x1a1cf6f9, 0x02dff8f5, 0xfbe301fd, 0xe2f3f6eb, 0xf203f6f4, 0xec0ff813, \
  0x0f06f108, 0x19031105, 0x02001701, 0x00e2fe0e, 0xf50001f4, 0xe81f051c, 0x0c01f0f8, 0xef011013, \
  0x03e7fd04, 0xf708fbed, 0x0e03ff0c, 0xdd0f0000, 0x00000000, 0x00f90700, 0x505a82e0, 0x00000058, \
  0x00000000, 0x00000000, 0x3a000000, 0x00000000, 0x00000000, 0x00000000, 0x00000000, 0x00000000, \
  0x00000000, 0x00000000, 0x00000000, 0x00000000, 0x00000000, 0x00000000, 0x00000000, 0x00000000, \
  0x00000000, 0x00000000, 0x00000000, 0x00f00000, 0x00000000, 0x00000000, 0x00000000, 0x00000000, \
  0x00000000, 0x00000000, 0x00000000, 0x00000000, 0x00000000, 0x00000000, 0x00000000, 0x00000000, \
  0x00000000, 0x00000000, 0x00000000, 0x00000000, 0x00000000, 0x00000000, 0x42000000, 0x00000000, \
  0x00000000, 0x00000000, 0x00000000, 0x00000000, 0x00000000, 0x00000000, 0x00000000, 0x00000000, \
  0x00000000, 0x00000000, 0x00000000, 0x00000000, 0x00000000, 0x00000000, 0x021f3107, 0x0211180f, \
  0x1604fe00, 0x03fe0b16, 0x18f1fb08, 0x04050ff7, 0x06f10606, 0x10f5fd06, 0xeef9d9e8, 0xfa241af8, \
  0x22100a02, 0x12f4f509, 0xfd07f502, 0xfc0300f1, 0x0c140e0a, 0xf926210d, 0xf2101105, 0x1d060bfe, \
  0x02edfe0a, 0x1a1119fd, 0xf8fd0a01, 0xf3f71a1a, 0x02f516f6, 0x0714f30b, 0xf4f71128, 0x0ae50516, \
  0x1902fc11, 0x0c272101, 0x270df8ff, 0xfafcebfd, 0x2e0e1302, 0x1f000000, 0x00000000, 0x00ef0200, \
  0x505a8380, 0x00000022, 0xf8080006, 0xfdc8ff00, 0xf1da04e6, 0xfb120725, 0x04dafad2, 0x07eb0e0a, \
  0x0223f814, 0x02e3f5d7, 0x01e4fefc, 0xf7050fff, 0x00170a1f, 0x04110a16, 0x0d390202, 0x08f5f8d9, \
  0x0e250a0a, 0x0108f7f2, 0xfed9f115, 0x010b0bcf, 0x000801ef, 0x08faf71d, 0x0c0011f0, 0xfde204e3, \
  0x07fc030d, 0x0608f102, 0x0b2ff0f4, 0x0505f9f4, 0x03effcc3, 0x063af2f1, 0x02fc07f9, 0x0615f4f8, \
  0xf9140611, 0xff080000, 0x00000000, 0x00f50300, 0x505a83c0, 0x00000058, 0x00000000, 0x00000000, \
  0x76000000, 0x00000000, 0x00000000, 0x00000000, 0x00000000, 0x00000000, 0x00000000, 0x00000000, \
  0x00000000, 0x00000000, 0x00000000, 0x00000000, 0x00000000, 0x00000000, 0x00000000, 0x00000000, \
  0x00000000, 0x00030000, 0x00000000, 0x00000000, 0x00000000, 0x00000000, 0x00000000, 0x00000000, \
  0x00000000, 0x00000000, 0x00000000, 0x00000000, 0x00000000, 0x00000000, 0x00000000, 0x00000000, \
  0x00000000, 0x00000000, 0x00000000, 0x00000000, 0x42000000, 0x00000000, 0x00000000, 0x00000000, \
  0x00000000, 0x00000000, 0x00000000, 0x00000000, 0x00000000, 0x00000000, 0x00000000, 0x00000000, \
  0x00000000, 0x00000000, 0x00000000, 0x00000000, 0x09000731, 0x010cfe16, 0x030517f7, 0x0f24fe27, \
  0x020418ef, 0xfbfdf1ef, 0x2e010d0b, 0xf0fb04f2, 0xf03002f2, 0x08f907fb, 0x0814f5f4, 0xfc160ffa, \
  0xf1020303, 0x03021216, 0x0e10fd08, 0xef0b05f2, 0xf1fb0df0, 0x0d06d806, 0x0f11f60b, 0x070a1603, \
  0x03f40102, 0x1f07fb08, 0x08f7f0d9, 0x0011fa02, 0x21fe111d, 0x1a00fc08, 0x2afd0c06, 0xf90ff13c, \
  0x161f1115, 0x090a151a, 0xfbfe2810, 0x010a0000, 0x00000000, 0x00db1100, 0x505a8460, 0x00000022, \
  0x04f8050f, 0xf007f9ef, 0x0708fcff, 0x0c090505, 0x0a0bedf1, 0x02edf10a, 0x0d062700, 0x0f0be80a, \
  0x0112ec00, 0xfd10eff6, 0xfb07eefc, 0xffed07f5, 0x00fa1009, 0xfd0de5fb, 0xf3f80cfa, 0xea040def, \
  0x0400e911, 0x0afb020f, 0xe2e61ffe, 0xe6040e14, 0xf3ffeffd, 0xe30717f5, 0x09f7fcf3, 0xff0014da, \
  0x03f52704, 0x03e90700, 0x0305f711, 0x00000719, 0xedfc1a0d, 0xf6fb031d, 0xeb0112ee, 0x03010000, \
  0x00000000, 0x000dfb00, 0x505a84a0, 0x00000017, 0x00000000, 0x00000000, 0x56000000, 0x00000000, \
  0x00000000, 0x00000000, 0x00000000, 0x00000000, 0x00000000, 0x00000000, 0x00000000, 0x00000000, \
  0x00000000, 0x00000000, 0x00000000, 0x00000000, 0x00000000, 0x00000000, 0xe50f28e2, 0x32dc0024, \
  0x15000000, 0x00000000, 0x00d50000, 0x505ac000, 0x00000178, 0xd0edf9fb, 0xf6f5eeee, 0xe70e0821, \
  0x1ef8f50e, 0xe4eefbf8, 0xf6f6f6f5, 0xf3f5f501, 0x00000000, 0x00010000, 0x00000000, 0x00000000, \
  0x00030401, 0x0f09070b, 0xf8064426, 0x40371e0d, 0x1d04fb00, 0x00000000, 0x00000000, 0xfafbe301, \
  0xf2da00e9, 0xeb000000, 0x00000000, 0x00003116, 0xf2433108, 0x3a3e220e, 0x1d3afd05, 0x01000903, \
  0x0000f6f1, 0xe0fb01ef, 0xf5e5e10d, 0x05ebedf0, 0xfa160000, 0x00000000, 0x000000fb, 0x00000001, \
  0xff01fff4, 0x00000000, 0x00000000, 0x00fdfdfe, 0x00fefffe, 0x0400263d, 0x370f161a, 0x22252213, \
  0x325b071f, 0x0e06083c, 0xeb05ebe9, 0xeddfecf9, 0xe6000000, 0x00000000, 0x0000f0fc, 0xf6f6f7f2, \
  0xf003e92b, 0x1e3e270d, 0x351e0a1a, 0xd6f4f6fe, 0x05e909fc, 0xfffbf004, 0xe9fd05f4, 0x110c02f1, \
  0xfdffe0fc, 0xedf2f9f8, 0xf7f5fcf2, 0xf4f7faf9, 0x00000000, 0x00ff0300, 0x00fefdff, 0x00000000, \
  0x00002119, 0x21080911, 0xfc071100, 0x00000000, 0x00000000, 0x0c02f201, 0xf8dbd204, 0x21d5eaf7, \
  0xfaf8050b, 0x1124feff, 0xfefefa02, 0xfd010500, 0x00000000, 0x00000000, 0x00fe0500, 0x00fefdfe, \
  0x00000000, 0x00000000, 0x0000e4e5, 0xe7f6ffd9, 0xf7f9e6ed, 0x14ffea04, 0xdfd5dcd3, 0x00000000, \
  0x00000000, 0x00f5f9fc, 0x02f4faf3, 0xeffe0103, 0x0a04020c, 0x00040306, 0x01fef100, 0xf6f6eafd, \
  0x00000000, 0x00000000, 0x000b1208, 0x01fd01f1, 0xe70111f5, 0x170b221c, 0x1f0d16f1, 0xf8f8f3f3, \
  0xf7f9f9f9, 0x1105f60d, 0xfcfc02ff, 0xfd000000, 0x00000000, 0x00000000, 0x00000000, 0x000000f6, \
  0xf7f9f6f7, 0xf8f4f7f6, 0xf8f9f30c, 0xfe03190b, 0x05f3edee, 0xf8eee5ee, 0xefe90000, 0x000000fe, \
  0x000000ef, 0xf4feebec, 0xede9effe, 0x00ff0000, 0x000000fe, 0xff0c0f02, 0x101b0118, 0x02cbe6e9, \
  0xecdf06ff, 0xcefeeaf6, 0x001a332a, 0xf22bebd8, 0x00000000, 0x00000000, 0x00421802, 0x4d3e2339, \
  0x2e28fc00, 0x00fc0000, 0xff000000, 0x00ff0000, 0x00000000, 0x00ff0000, 0xff03fffb, 0xfe000105, \
  0x00000300, 0x0009f6f6, 0xf8f8fd07, 0x07080a04, 0x070a0608, 0x08040406, 0xf7f8fcf8, 0xfafbfbf9, \
  0xf8000000, 0x00000000, 0x00000906, 0x070a060b, 0x08090af5, 0xf4faf5fb, 0xf9feffff, 0xff03fa09, \
  0x06fcff03, 0xfbf7f4f2, 0xf3f1f6f4, 0xf5f502fd, 0xf6faf7f5, 0xf8f7f7f2, 0xf4f5f4f5, 0xf4f5f6f9, \
  0x00010100, 0xfe000100, 0xfff3eff0, 0xf3edeef4, 0xeff30f09, 0xfe02fcfa, 0xfcfc0406, 0x07070609, \
  0x0a070a0d, 0x04060c03, 0x0a0d0109, 0x0b0e0f0a, 0x0c0b0b0c, 0x0c0afbf6, 0xf4f7f3f5, 0xf7f9f906, \
  0x08060602, 0xfe02fef5, 0x0e0c0e0e, 0x0e100e10, 0x0f0000ff, 0x00000000, 0x00ff0b0b, 0x080a0d09, \
  0x0b0c0906, 0x0b0d0a0b, 0x0c0b0c0d, 0xf6f5f7f5, 0xf5f4f6f6, 0xf3fff9f7, 0xfdfdfcff, 0x0101f4f3, \
  0x0000fcfe, 0xfafaf9fc, 0x0000fcff, 0x00fcfeff, 0xf9faf8f7, 0xfafbf8fd, 0xfd030a06, 0x030c1001, \
  0x0f1a0606, 0x04050705, 0x07070700, 0xff000004, 0x02fbfe02, 0x01080506, 0x04ff05fb, 0xf9050000, \
  0x03000100, 0x02070000, 0x00000000, 0x0000000a, 0x0c070705, 0xfeff00fe, 0xff060604, 0x0a0f060e, \
  0x0e0000fe, 0xfffefc00, 0xfffe0909, 0x090b0a09, 0x0b0a0bf7, 0xf5f9f4f4, 0xfffafe03, 0x03fffe02, \
  0xfdfdfffa, 0xfc000000, 0x00000000, 0x0000f8fa, 0xfc020101, 0x0b070901, 0x04070000, 0x00000000, \
  0x080a0603, 0x02040b0b, 0x09fb0109, 0xfa040b01, 0x09080204, 0x05020306, 0x05060900, 0x00000000, \
  0x00000000, 0xf9fbfef8, 0xfdfdfefc, 0xfd000000, 0x00000000, 0x00000000, 0x00000000, 0x000000f9, \
  0xf8f8f8fe, 0x03070b0b, 0xfaf90cf5, 0x0c0c040a, 0x0f00fffa, 0x0000ff00, 0x00fff9f8, 0xfafe020a, \
  0x070a0a04, 0x06050405, 0x0dfe0c0a, 0x02060708, 0x0c0b0f0d, 0x0ffdfdfb, 0xfefbf8f3, 0xf3f8f1f1, \
  0xf5f5f6f5, 0xf7f7f809, 0x0c0d0b0d, 0x0c0b0c0c, 0xf2f7f7fc, 0xfdfb01ff, 0xfe00fcfb, 0x00fffe00, \
  0x00000000, 0x00000000, 0x000000fe, 0x070cfe08, 0x0bfd080a, 0x00000000, 0x00000000, 0x3f000000, \
  0x00000000, 0x00000000, 0x00000000, 0x00000000, 0x00000000, 0x00000000, 0x00000000, 0x00000000, \
  0x00000000, 0x00000000, 0x00000000, 0x00000000, 0x00000000, 0x00000000, 0x00000000, 0x00000000, \
  0x00010000, 0x00000000, 0x00000000, 0x00000000, 0x00000000, 0x00000000, 0x00000000, 0x00000000, \
  0x00000000, 0x00000000, 0x00000000, 0x00000000, 0x00000000, 0x00000000, 0x00000000, 0x00000000, \
  0x00000000, 0x00000000, 0x00000000, 0x3e000000, 0x00000000, 0x00000000, 0x00000000, 0x00000000, \
  0x00000000, 0x00000000, 0x00000000, 0x00000000, 0x00000000, 0x00000000, 0x00000000, 0x00000000, \
  0x00000000, 0x00000000, 0x00000000, 0xe8edf90d, 0xcefbf0f6, 0xec09fdd3, 0x0cf004f3, 0xebeafcd9, \
  0xeaf3dffd, 0x0c02f700, 0xfc01df01, 0xf3eff4fb, 0xf9e8fdf2, 0xf5ecfff8, 0xec03f2d5, 0xf2f8eb02, \
  0xfaf3f8f6, 0xebfdee09, 0xfdfefefb, 0x02eae8f4, 0xd8ebf9fa, 0xeadbf4f8, 0x10ef16ea, 0xf1f6eff0, \
  0xe7fae10a, 0x05f9f1e0, 0xfffedbf8, 0xf702d3ec, 0xfce4f9e1, 0xe7f70cf4, 0x1ce0f603, 0xe709dee9, \
  0x0de5eae2, 0xe710f5eb, 0xf40e0000, 0x00000000, 0x00f51c00, 0x505ac2a0, 0x00000022, 0x2cfe09fe, \
  0xf30bd8f5, 0x1502e8fa, 0x13f206fb, 0x15f9ecfe, 0xedec0c09, 0xdefdfb06, 0x29000b13, 0xebfdf7e5, \
  0xfb09010a, 0x0805f90b, 0xf90803f2, 0xed0e120d, 0x09f3e106, 0xfaf825f7, 0xf1fe19ff, 0x1c0cfffb, \
  0x0b1000f1, 0xdf14e401, 0x09090e10, 0x0710140e, 0x0aeefefa, 0xe5f1f201, 0xe90509f6, 0xdbfa07ff, \
  0x11f806fb, 0x1103fb04, 0x15ef0ff7, 0xfe080302, 0x190500f6, 0xd5030602, 0x12f70000, 0x00000000, \
  0x000d0b00, 0x505ac2e0, 0x00000058, 0x00000000, 0x00000000, 0x3a000000, 0x00000000, 0x00000000, \
  0x00000000, 0x00000000, 0x00000000, 0x00000000, 0x00000000, 0x00000000, 0x00000000, 0x00000000, \
  0x00000000, 0x00000000, 0x00000000, 0x00000000, 0x00000000, 0x00000000, 0x00010000, 0x00000000, \
  0x00000000, 0x00000000, 0x00000000, 0x00000000, 0x00000000, 0x00000000, 0x00000000, 0x00000000, \
  0x00000000, 0x00000000, 0x00000000, 0x00000000, 0x00000000, 0x00000000, 0x00000000, 0x00000000, \
  0x00000000, 0x3e000000, 0x00000000, 0x00000000, 0x00000000, 0x00000000, 0x00000000, 0x00000000, \
  0x00000000, 0x00000000, 0x00000000, 0x00000000, 0x00000000, 0x00000000, 0x00000000, 0x00000000, \
  0x00000000, 0x1bfcece5, 0xfe0bf6eb, 0xe9f502fc, 0xf0fcf9ed, 0xeaed0403, 0x020eeb06, 0xfb000a05, \
  0x07260513, 0x1602161c, 0x13fce603, 0x0206f7fb, 0x0beffcfd, 0x03ecfff4, 0x1a04ea16, 0xf5eef508, \
  0x0413f011, 0x0e10f621, 0xf7f7030b, 0x020410f6, 0xfafe1601, 0x0c0ef709, 0xf5ff0f16, 0x0a07210c, \
  0x0c1ff6e8, 0x09f906ed, 0xfbfe08f5, 0xf40f11fa, 0x011417ec, 0xf2f2180a, 0x0d0fee0b, 0xe11603f8, \
  0xf5030000, 0x00000000, 0x00181800, 0x505ac380, 0x00000022, 0x1d020df6, 0xf2fb11fd, 0xf9faf0fd, \
  0x030de603, 0x080702fe, 0xfc03d904, 0xfe07f9fd, 0x000104ef, 0x1b02140a, 0x0bfffe03, 0xd804f609, \
  0xf7010109, 0xf2050b11, 0x11002005, 0x000c0101, 0x08fffbfe, 0xeff5eefe, 0x160a06fe, 0xf3fdf403, \
  0x06fdea08, 0x0900f80a, 0xfcfaf907, 0x0600fe05, 0x0af9fa00, 0xf6fb14fb, 0xf8fa05ff, 0x00f9f5fa, \
  0xf303eaff, 0x0ffc0204, 0x010708fa, 0x10f9f804, 0xda050000, 0x00000000, 0x000bf900, 0x505ac3c0, \
  0x00000058, 0x00000000, 0x00000000, 0x75000000, 0x00000000, 0x00000000, 0x00000000, 0x00000000, \
  0x00000000, 0x00000000, 0x00000000, 0x00000000, 0x00000000, 0x00000000, 0x00000000, 0x00000000, \
  0x00000000, 0x00000000, 0x00000000, 0x00000000, 0x00d90000, 0x00000000, 0x00000000, 0x00000000, \
  0x00000000, 0x00000000, 0x00000000, 0x00000000, 0x00000000, 0x00000000, 0x00000000, 0x00000000, \
  0x00000000, 0x00000000, 0x00000000, 0x00000000, 0x00000000, 0x00000000, 0x00000000, 0x3d000000, \
  0x00000000, 0x00000000, 0x00000000, 0x00000000, 0x00000000, 0x00000000, 0x00000000, 0x00000000, \
  0x00000000, 0x00000000, 0x00000000, 0x00000000, 0x00000000, 0x00000000, 0x00000000, 0x08011901, \
  0x0803fa25, 0x020a250e, 0x0ff6ffee, 0x09fd04f6, 0x07070c1f, 0xfe03ec06, 0x1c0a0f19, 0x2401171d, \
  0x1fec00fe, 0x03060f0d, 0x0d02050e, 0x110f220b, 0x1d2004e4, 0x0702010d, 0x0913fb0a, 0x0a14f01f, \
  0xf6fc190b, 0xe802110c, 0x0c040505, 0xf21f0b06, 0xfb2a0528, 0xf7fc1d1d, 0x18fd1204, 0xfc04f609, \
  0xeef112fe, 0xe71d12fe, 0xf91a26fb, 0x041dfeee, 0x0ae635f3, 0x13fee400, 0x16010000, 0x00000000, \
  0x000c0700, 0x505ac460, 0x00000022, 0x130d1d07, 0x09fb1c10, 0x0df5f1fc, 0xd6f9fc14, 0xfff3e0ff, \
  0xf713e709, 0x091b0c01, 0x13faed0e, 0x02effafc, 0x10f0eb09, 0xfa04eaf8, 0xe217ed01, 0xf20ff7f8, \
  0x17fb1df8, 0x0ffef4fe, 0xfd06effe, 0xff00ec08, 0x2d0217ea, 0xefff1c0b, 0x0a13fef5, 0x1011dff1, \
  0xf4fd0af6, 0x03eefb09, 0xe3081711, 0xde021206, 0x0df70eea, 0xfcec02e8, 0xf2f2fbf2, 0x01150904, \
  0xf40905fa, 0x07211009, 0xd8130000, 0x00000000, 0x00f8f600, 0x505ac4a0, 0x00000017, 0x00000000, \
  0x00000000, 0x51000000, 0x00000000, 0x00000000, 0x00000000, 0x00000000, 0x00000000, 0x00000000, \
  0x00000000, 0x00000000, 0x00000000, 0x00000000, 0x00000000, 0x00000000, 0x00000000, 0x00000000, \
  0x00000000, 0xdf13d80e, 0x132109f1, 0x13000000, 0x00000000, 0x00f70000, 0x505b0000, 0x00000178, \
  0x0100fc05, 0x00130117, 0x11f4011f, 0x0afefcf6, 0x02e6f9fa, 0xfafaf8f8, 0xfbfdf8fa, 0xf8f9f8f8, \
  0xf4fafcfd, 0x00ff0100, 0xffff00ff, 0x0013f4ed, 0xf100f202, 0xf5fff4f6, 0xf0e8fb05, 0xf6050a00, \
  0x00000000, 0x00000000, 0x05fffa0f, 0xf0e0ffff, 0x04000000, 0x00000000, 0x000005f3, 0xfff2f60c, \
  0x15dce6ff, 0xf00c0403, 0xeeeefaf3, 0xd6d5fce4, 0xdd02e5fa, 0xf7ebf0f3, 0x0604f7e6, 0xfce906fb, \
  0xfe04fc00, 0x07f90603, 0x01fe0001, 0xfc01f8fd, 0xf306f7ff, 0xfb09f80a, 0x00fcfffa, 0xfffefcff, \
  0xfcfaf514, 0x1a130cf6, 0xedf60310, 0xf006f5f2, 0xf203e1f8, 0x08eaf8fb, 0x08faf4f9, 0xf500ff00, \
  0x00000100, 0x0000e6fc, 0xf8ed05fb, 0xfef90cdc, 0xf906e702, 0xf9e40108, 0x08fe12f2, 0xf912fc02, \
  0xec0df7f6, 0x0a14f502, 0x140fe6f8, 0xddf2d9f9, 0xeceef1f3, 0xf0f8f4fa, 0xeffcf5ef, 0xee07ed06, \
  0xf1ec04ea, 0xfbfff3f4, 0x06f806fd, 0xfef50e05, 0x0f0ce4ec, 0xfa00f7f1, 0xf0f50dfe, 0x0d02fefc, \
  0x03f9fffc, 0x030307f3, 0x0d14f611, 0xfbfc0f01, 0xf308fbfc, 0x02f2fe01, 0x02fbfb03, 0x0408fbf8, \
  0xed020cf6, 0xf0f31003, 0xf006e8f6, 0x0c000000, 0x00000000, 0x0000ffe6, 0xf7f6f800, 0xe803e3d9, \
  0xeff9cbf6, 0xe7dff5f5, 0x0000ff00, 0x00000000, 0x0002f806, 0xfbeffa05, 0xebeafa05, 0xf5f003ff, \
  0xf3020311, 0xf8fbecf5, 0xef0efaf1, 0x05fe09f9, 0x0406030b, 0xf7f30ff7, 0xe9e8ef02, 0xeff10713, \
  0x0cec02ee, 0xeafefef1, 0xecf502fb, 0xf9fbf5fc, 0xfbeeece7, 0xe507e9e6, 0xf6fefdfb, 0xfc0105fc, \
  0x03fd0202, 0x0003fd00, 0x030100f9, 0xf9fbf9f8, 0xf4fafbfd, 0xf8fcfa0e, 0x10f60302, 0xfff7f8f8, \
  0xf6f7f9f6, 0xf5f7f40c, 0x03f8f3fd, 0xfb0af6e8, 0xecf2ebf5, 0xf7eeedea, 0xfcf7f5f8, 0x050af8f1, \
  0xf4ebe9e6, 0xfef3f6e8, 0xfce304ee, 0x0ae206ff, 0xecf7e5f1, 0x0703fd0a, 0xe7f1ed08, 0x0fff07f7, \
  0x090f00ef, 0x01cceaff, 0x08ecf915, 0x09f309ea, 0xea01fd01, 0xea0af908, 0x030c0aff, 0x07020f0a, \
  0xf4f8fcf3, 0x0d0bf20d, 0xfef1f60a, 0x07fc0afd, 0xfafd0409, 0x060600ef, 0x040af50c, 0x08fe04fe, \
  0xf70c09fd, 0xf70b040e, 0x0ff50f00, 0x0af110fc, 0x07eff403, 0xf8020bfc, 0xfe0af207, 0x10f9f5fd, \
  0xf00e0afd, 0x0a0d0e0e, 0xf20dfafb, 0x0c0af30c, 0xee0c0f04, 0x0df1f1f6, 0x00f30000, 0x00000001, \
  0x0000fe00, 0x00fe01ff, 0xfe01fc02, 0xfdf7f408, 0x00030b07, 0xf2020e00, 0x0e01030d, 0x0b12f8f6, \
  0xfaf80505, 0x0301f801, 0x04f503f6, 0xf7f6f603, 0x070a0ef6, 0xf703f702, 0xfc0cf909, 0xf2fe0cff, \
  0xf9f90304, 0x09090802, 0x0af2f6fc, 0x13fe030c, 0x00150113, 0x12f8f200, 0x0dfe0c00, 0x0efbfafd, \
  0xfa0401fc, 0xfe0301ef, 0x0ffc0803, 0xf2030c03, 0x0bf8f9ef, 0xfaf90fee, 0x09fd0a0c, 0x04f50cf9, \
  0x0e0d0711, 0x0d04f101, 0x0c0b0201, 0x01020101, 0x04010002, 0xf1f30b09, 0x0008f2f3, 0xfbf70902, \
  0xf7f6fb0b, 0xf002fd10, 0x01060e0d, 0x010dec0a, 0x10f4f800, 0x01fa0a0b, 0x0bed0ff4, 0xeffafa02, \
  0x040606f4, 0xf5040d05, 0x07f9100d, 0xf9121106, 0x1115f8f8, 0xf802f3fb, 0xfa0a020c, 0x14f4fd06, \
  0x14f9f6f7, 0x1002f302, 0x020601f3, 0x08000000, 0x00000000, 0x0000000a, 0x1505f6f3, 0xf3f200f4, \
  0xf5090107, 0x1104f4f5, 0x100c08fd, 0x01f807fa, 0x05000000, 0xff0000ff, 0x0000f90d, 0xf2faff11, \
  0xf110f4ff, 0xff0000ff, 0x010001fe, 0x000b0c03, 0xf7f9fb0d, 0xf6fdfafc, 0x0102fffa, 0x0706f907, \
  0x0b00faf0, 0x09eff400, 0x00000000, 0x00000000, 0x00ff00fe, 0x0401ffff, 0x03fffffd, 0x01ffff00, \
  0xfe010000, 0x00000000, 0x000000fd, 0x11ff110a, 0xf80f1414, 0xfe110e0f, 0xf50208fc, 0xff01f60a, \
  0xf9080700, 0x05f8f3f3, 0xf808060d, 0xffed0f02, 0xf9f50cfb, 0xf60f100e, 0x15000e0d, 0xf9f8f9f7, \
  0x0902f5f2, 0x0efd0dfd, 0x09f30ef2, 0xf80a0a0f, 0x0110f609, 0xf9ffef11, 0x08f0f8f6, 0x08f7fb09, \
  0xfbfaf906, 0xff000000, 0x0000ff00, 0x000101fc, 0xf8fcff06, 0xf8fb0809, 0x04130c0b, 0xf41013fd, \
  0x00000000, 0x00000000, 0x3e000000, 0x00000000, 0x00000000, 0x00000000, 0x00000000, 0x00000000, \
  0x00000000, 0x00000000, 0x00000000, 0x00000000, 0x00000000, 0x00000000, 0x00000000, 0x00000000, \
  0x00000000, 0x00000000, 0x00000000, 0x00f80000, 0x00000000, 0x00000000, 0x00000000, 0x00000000, \
  0x00000000, 0x00000000, 0x00000000, 0x00000000, 0x00000000, 0x00000000, 0x00000000, 0x00000000, \
  0x00000000, 0x00000000, 0x00000000, 0x00000000, 0x00000000, 0x00000000, 0x3f000000, 0x00000000, \
  0x00000000, 0x00000000, 0x00000000, 0x00000000, 0x00000000, 0x00000000, 0x00000000, 0x00000000, \
  0x00000000, 0x00000000, 0x00000000, 0x00000000, 0x00000000, 0x00000000, 0xf3e3ea18, 0xe0f6f9fb, \
  0x11ee08ee, 0xfafa06fa, 0xfed2eff7, 0xfbfbfaf0, 0xfdf4e50a, 0xf30ee7d9, 0xef1604eb, 0xe2f9ef02, \
  0xf7fcede7, 0xf0f31af7, 0x06f4e411, 0x03f8dcfc, 0xe9f0f5f4, 0x05f3f5ec, 0x02f202fd, 0x03fe03e8, \
  0xf5f6e1ed, 0xf42211ea, 0xddfef601, 0xe6fcf2fe, 0xf8edf7dd, 0x0beed714, 0xf20df3fc, 0xece8ed07, \
  0x01ecfed7, 0x02f105f6, 0xe6040411, 0x03e801fe, 0x000904ec, 0xe00c0000, 0x00000000, 0x00fb1d00, \
  0x505b02a0, 0x00000022, 0x22030200, 0x09f807fd, 0x1afd07fb, 0xf2030a0e, 0xeafc01f1, 0x07f9ff07, \
  0xfa04f5f6, 0x18040402, 0x0314faf9, 0x000f04f1, 0xfdeff400, 0xf009ebf7, 0x06070106, 0x0af817f9, \
  0x19ffeefb, 0x12000eec, 0x06f206fe, 0x001cf2fe, 0x04fa0202, 0x12f71000, 0xdf02eb12, 0xf8fa08fe, \
  0x18f80113, 0x06000800, 0xe5f80bf9, 0x04f114f4, 0xeb02fc11, 0x03f7fe06, 0x00f30e18, 0x00fdf00a, \
  0xf7faed01, 0xfaf60000, 0x00000000, 0x0006fd00, 0x505b02e0, 0x00000058, 0x00000000, 0x00000000, \
  0x3c000000, 0x00000000, 0x00000000, 0x00000000, 0x00000000, 0x00000000, 0x00000000, 0x00000000, \
  0x00000000, 0x00000000, 0x00000000, 0x00000000, 0x00000000, 0x00000000, 0x00000000, 0x00000000, \
  0x00000000, 0x00fe0000, 0x00000000, 0x00000000, 0x00000000, 0x00000000, 0x00000000, 0x00000000, \
  0x00000000, 0x00000000, 0x00000000, 0x00000000, 0x00000000, 0x00000000, 0x00000000, 0x00000000, \
  0x00000000, 0x00000000, 0x00000000, 0x00000000, 0x3d000000, 0x00000000, 0x00000000, 0x00000000, \
  0x00000000, 0x00000000, 0x00000000, 0x00000000, 0x00000000, 0x00000000, 0x00000000, 0x00000000, \
  0x00000000, 0x00000000, 0x00000000, 0x00000000, 0x17eefdeb, 0xecf50911, 0x040f0a00, 0xf105f906, \
  0xfc0604fe, 0xef13ed09, 0xedef04ec, 0x0600ff00, 0xec080bf7, 0x0226fafa, 0x060103f5, 0xf1f40002, \
  0xf6f403ed, 0xf7060504, 0xf8f0190e, 0xfa10f818, 0xfd05f118, 0xf8010a18, 0xeff60201, 0xe70224fd, \
  0xf2f7030d, 0x090617f7, 0x24031df8, 0x071c0013, 0x04050605, 0x0d00f31a, 0x0af5f7ff, 0xf1241a02, \
  0xf6fc120a, 0x01f51c23, 0xe328fdfb, 0xf80f0000, 0x00000000, 0x00ee0600, 0x505b0380, 0x00000022, \
  0x1afaf2fe, 0xffe90afb, 0x08ef0ae4, 0xf915f00f, 0x01ea03f7, 0x03faf205, 0x1603e414, 0x09f7f5ec, \
  0x09fe0700, 0x15f8f7ff, 0x06130214, 0xf4fbf611, 0xe506f313, 0xfdf120f6, 0x0f0bec0a, 0x0704f4fc, \
  0x01f4f4fe, 0x02f600e9, 0xffff0405, 0x04180a1b, 0x05030fe9, 0x0effe3f5, 0xdd171aee, 0xe604f806, \
  0xef10eb09, 0x02060e04, 0xfff905f9, 0xfd20e912, 0x12fcf3f9, 0x070bee00, 0x0d010605, 0xeef30000, \
  0x00000000, 0x00f8f200, 0x505b03c0, 0x00000058, 0x00000000, 0x00000000, 0x70000000, 0x00000000, \
  0x00000000, 0x00000000, 0x00000000, 0x00000000, 0x00000000, 0x00000000, 0x00000000, 0x00000000, \
  0x00000000, 0x00000000, 0x00000000, 0x00000000, 0x00000000, 0x00000000, 0x00000000, 0x00d60000, \
  0x00000000, 0x00000000, 0x00000000, 0x00000000, 0x00000000, 0x00000000, 0x00000000, 0x00000000, \
  0x00000000, 0x00000000, 0x00000000, 0x00000000, 0x00000000, 0x00000000, 0x00000000, 0x00000000, \
  0x00000000, 0x00000000, 0x3d000000, 0x00000000, 0x00000000, 0x00000000, 0x00000000, 0x00000000, \
  0x00000000, 0x00000000, 0x00000000, 0x00000000, 0x00000000, 0x00000000, 0x00000000, 0x00000000, \
  0x00000000, 0x00000000, 0x00f1091c, 0x10fcf6f2, 0x00fa1ef6, 0x01feebe8, 0x0e0ffbfa, 0xf00dfee7, \
  0x14fef3fa, 0x0a05faf2, 0xe53604fa, 0x1af3f108, 0xe300e304, 0xf315fffc, 0xed1c070b, 0x07f8eef9, \
  0x0e05eef3, 0x07fff4fa, 0xf6fefced, 0xf5eb05fc, 0x0309fbf6, 0xfeff0206, 0xdeecfb03, 0x0ffdf50e, \
  0x02fefbe9, 0xf600f915, 0x170e0417, 0xfefafb0b, 0x23fdf7f4, 0xff1bf908, 0xea090408, 0x040410f2, \
  0x00fae900, 0xf6f70000, 0x00000000, 0x00f9f600, 0x505b0460, 0x00000022, 0x06060c02, 0xfb0f0ada, \
  0xe7e2f3f1, 0xf602e6fd, 0xf81303f6, 0xf918f0db, 0x04190eec, 0xe61400eb, 0x0a1102fb, 0x08ff1311, \
  0xfe030af4, 0xeff2ec08, 0xf6ecfd01, 0x0d03012c, 0x14f60f03, 0xec25fc04, 0xf520ef23, 0x07fe111b, \
  0x12d2e913, 0x11f4edcf, 0x190bf802, 0x0bf006f4, 0xfc1cf6ea, 0x2f0d16ee, 0x1315fcf9, 0xeadef0e8, \
  0xeceee833, 0x0713fdf6, 0x1307fbf0, 0x18210d18, 0x1aeaf0f8, 0xecf70000, 0x00000000, 0x000a1a00, \
  0x505b04a0, 0x00000017, 0x00000000, 0x00000000, 0x4e000000, 0x00000000, 0x00000000, 0x00000000, \
  0x00000000, 0x00000000, 0x00000000, 0x00000000, 0x00000000, 0x00000000, 0x00000000, 0x00000000, \
  0x00000000, 0x00000000, 0x00000000, 0x00000000, 0xf50bf4f6, 0x24f1ea03, 0x17000000, 0x00000000, \
  0x001b0000, 0x505b4000, 0x00000178, 0xd2e9dafd, 0x00fbfcf2, 0xe7ec1413, 0x02d80606, 0xf8f4fdfa, \
  0xf9f9f9f9, 0xf9f8fcff, 0xfefcfefd, 0xfdfeffff, 0x00000000, 0x00000000, 0x00fb00ff, 0x05041103, \
  0xfb13fc08, 0x2a04fc22, 0x14142400, 0x00000000, 0x00000000, 0xff00dbee, 0xe4dbe5f5, 0xeb000000, \
  0x00000000, 0x000017f9, 0x040ee60e, 0x18e9fc12, 0x2528f9ea, 0x0d05f019, 0xfb0d06e0, 0x01f6d9ed, \
  0xe6eef0d3, 0xe1decfde, 0xe4ec0000, 0x00000000, 0x00000000, 0x01fe0000, 0xff000000, 0x00fffeff, \
  0x00000000, 0x00fd00ff, 0x00fffc03, 0xfbfb0428, 0x3af81120, 0x03f5fd0b, 0x1a31fecf, 0xf0ebd5eb, \
  0xf1feecf0, 0xddcfeff5, 0x01000000, 0x00000000, 0x0000e6e8, 0x00040604, 0x15ef01f7, 0x292aebf6, \
  0x140a0d1e, 0xdee905ff, 0x00ef06fe, 0xece7dad9, 0xf8f40a19, 0xf50af301, 0x00e2e7f3, 0xe1e1fef8, \
  0xf7f9f7f5, 0xf5fcf6f6, 0x00fffd00, 0x0002ff00, 0x0007fc02, 0x0101fb02, 0xfb00e7ec, 0x0ce2d9fb, \
  0xc5fb1302, 0x00000000, 0x00000000, 0x0f142904, 0x0c0c080f, 0xfa040920, 0x1f130800, 0x12f80000, \
  0x00fe0000, 0x000302fa, 0x00000000, 0x00000000, 0x010b16f6, 0x010cf7f7, 0x00000000, 0x00000000, \
  0x0000e6f1, 0xf9eef5ef, 0xedf4f1c4, 0xede8edf6, 0x08f8fde7, 0x00000000, 0x00000000, 0x0001f9f8, \
  0xf1ff0204, 0x01f1f9fe, 0xfa0ff6fd, 0x0afafffb, 0x020b0603, 0x0609f4fc, 0x00000000, 0x00000000, \
  0x001312ee, 0xff06fc10, 0x0b19140c, 0x22fcfa26, 0x170cfffd, 0xfbfdf6f9, 0xf6f7f8f9, 0x1902f100, \
  0xf2eefdff, 0xfe000000, 0x00000000, 0x00000000, 0x00000000, 0x000000f8, 0xf8f9f8f9, 0xf9f7f8f9, \
  0xf403f2f5, 0xefe4ddea, 0xf200fffe, 0xf6f1f6f4, 0xedeb0000, 0x00000000, 0x00ff00ef, 0xff00f7f3, \
  0xfaeff1ea, 0xff00ff00, 0xfffffffc, 0xfd1bfb12, 0x0cffed1a, 0xf809cbe6, 0xfbecfe03, 0xfe13ee0e, \
  0x1b20f5fd, 0xfd0ded0b, 0x00000000, 0x00000000, 0x00f2ea0e, 0xfdf6fc0f, 0x0ef5f601, 0xfffc00fe, \
  0xfd00ff00, 0xfefe0000, 0x00000000, 0x16110a0b, 0x0d0800fd, 0x01000000, 0x00000000, 0x000003fb, \
  0x0205fc06, 0x0006fe09, 0xfffef20a, 0x02090500, 0xff000000, 0x0003ff01, 0x02fe03fe, 0xffff01ff, \
  0xfffe0a03, 0x020b01fe, 0x06ff0307, 0x01141808, 0x081411fd, 0xf70ffd0b, 0x0df2f908, 0x070003ef, \
  0x06f407fa, 0xfff900ff, 0xfe0000fe, 0x000000fc, 0x07fb0000, 0x0b0403f9, 0xf607f3f5, 0x0405070b, \
  0xf40a0100, 0xf8fc01fa, 0xfefb0000, 0x00000000, 0x00000002, 0x0000ff00, 0x00000000, 0xf0fef6f4, \
  0x0206f708, 0x03f6fe06, 0x06f0f0f0, 0xf8f901fe, 0xfffe0000, 0xfcff02f9, 0xedf2f2ea, 0xfe010103, \
  0xfb0a04fe, 0x0200fffe, 0x02000000, 0x00000000, 0x0000f907, 0xf7fb03f6, 0xfafeff00, 0x00000000, \
  0x00000004, 0x00f5fdf8, 0x000a030a, 0x0806fffc, 0x05fefe03, 0xfe000000, 0x00000000, 0x00000000, \
  0x00000000, 0x00010000, 0x00000000, 0x00000000, 0x000af30e, 0x0c07fbff, 0xf3f3fdf9, 0xf601f5f5, \
  0x01f800f3, 0x0a060c06, 0x03fc0506, 0x07f4fa03, 0x030100fe, 0x03050301, 0x06000000, 0x00000000, \
  0x00000000, 0x00000005, 0x03020200, 0x00020000, 0xfafe07fb, 0x0309f804, 0xf7000000, 0x00000000, \
  0x00010002, 0x0c000000, 0x0200fefc, 0x05fb0c04, 0x00fc0a07, 0xffedeb00, 0x05000201, 0xf6fdfb00, \
  0xf8010306, 0x05050eef, 0x020403fe, 0xf1121001, 0xfa01fd02, 0xf6020504, 0x0607f404, 0x0603ff01, \
  0xfefbff00, 0x000000ff, 0x000008f5, 0xf5f5f809, 0x0b08f700, 0x00000000, 0x00000000, 0x00000000, \
  0x00000000, 0x00010200, 0xfefcfd03, 0x06fb0000, 0x00000000, 0x00000007, 0x02070000, 0x05fd0103, \
  0xff02f5f9, 0xeaeefc02, 0x020001f9, 0x0000fb00, 0x00000b12, 0x030408fc, 0x000002f2, 0x00070a08, \
  0x09f0f704, 0xf4fb00fc, 0x0000ff00, 0x01fffd03, 0xfefa0005, 0x0306f803, 0xf7080f00, 0x0cfe03fe, \
  0x07fd0404, 0xfcfcf600, 0xf60203fe, 0x08ff0203, 0xfd0001fc, 0x00fcfa00, 0x00ff0000, 0x00000000, \
  0x0000000b, 0x04040506, 0x0507fd02, 0x00000000, 0x00000000, 0x3d000000, 0x00000000, 0x00000000, \
  0x00000000, 0x00000000, 0x00000000, 0x00000000, 0x00000000, 0x00000000, 0x00000000, 0x00000000, \
  0x00000000, 0x00000000, 0x00000000, 0x00000000, 0x00000000, 0x00000000, 0x003a0000, 0x00000000, \
  0x00000000, 0x00000000, 0x00000000, 0x00000000, 0x00000000, 0x00000000, 0x00000000, 0x00000000, \
  0x00000000, 0x00000000, 0x00000000, 0x00000000, 0x00000000, 0x00000000, 0x00000000, 0x00000000, \
  0x00000000, 0x42000000, 0x00000000, 0x00000000, 0x00000000, 0x00000000, 0x00000000, 0x00000000, \
  0x00000000, 0x00000000, 0x00000000, 0x00000000, 0x00000000, 0x00000000, 0x00000000, 0x00000000, \
  0x00000000, 0x0a0100f1, 0xf808370f, 0xeeebe6fa, 0x07fcfb07, 0xeb2014fc, 0x012df210, 0x230dfeff, \
  0x06eff5f9, 0xef0b0430, 0x3c030f04, 0xfbff0cf7, 0xfbfcf5f5, 0x0a100714, 0x09ff1613, 0x260afc01, \
  0x0009010a, 0x0c01fa0a, 0x05f12613, 0xf6f3010c, 0x130604f9, 0xfffafa02, 0x0e19ff09, 0xfa070e1a, \
  0x1a0318fb, 0x0a100620, 0x020f0efa, 0x000019f9, 0x160c060d, 0xfe0cfffb, 0x220efb08, 0x0ae4ec11, \
  0xf9fd0000, 0x00000000, 0x00fe0b00, 0x505b42a0, 0x00000022, 0xeb1104fa, 0x000e0115, 0x0c0cf7f3, \
  0xf80703f4, 0xef150301, 0x080e0cf4, 0xebf8f110, 0x11fdfeff, 0xedfbf903, 0xfa01fb00, 0x07f7f3ef, \
  0xf9ece4fc, 0x00f900fe, 0xf80f1424, 0x29fafdf7, 0xe61617f6, 0x0d0f0ffc, 0xf9faff16, 0x0ef0e310, \
  0x121207d9, 0xdbe8f8f7, 0x130cf911, 0x10121500, 0x0102fcdb, 0xf6040101, 0xf9130ff4, 0xf9eeeffb, \
  0x020803f8, 0x03110df7, 0xe7f0fdfe, 0xf7eefbf4, 0x0efc0000, 0x00000000, 0x00040b00, 0x505b42e0, \
  0x00000058, 0x00000000, 0x00000000, 0x3c000000, 0x00000000, 0x00000000, 0x00000000, 0x00000000, \
  0x00000000, 0x00000000, 0x00000000, 0x00000000, 0x00000000, 0x00000000, 0x00000000, 0x00000000, \
  0x00000000, 0x00000000, 0x00000000, 0x00000000, 0x00ff0000, 0x00000000, 0x00000000, 0x00000000, \
  0x00000000, 0x00000000, 0x00000000, 0x00000000, 0x00000000, 0x00000000, 0x00000000, 0x00000000, \
  0x00000000, 0x00000000, 0x00000000, 0x00000000, 0x00000000, 0x00000000, 0x00000000, 0x42000000, \
  0x00000000, 0x00000000, 0x00000000, 0x00000000, 0x00000000, 0x00000000, 0x00000000, 0x00000000, \
  0x00000000, 0x00000000, 0x00000000, 0x00000000, 0x00000000, 0x00000000, 0x00000000, 0xe910fa0e, \
  0x121ce8fd, 0xe9ef00fb, 0x1f020aff, 0xeedffdfa, 0xfcebf6ee, 0x2d06ff02, 0x00000206, 0xfd0efe01, \
  0x16f9faef, 0xfefd0a01, 0x0f10c9f7, 0x1414f8f8, 0x02fd00ff, 0x1714f5fb, 0x1feef1fb, 0xfdf70c06, \
  0x0307fe10, 0x0c0a1008, 0x12fff402, 0x070a0921, 0x050b1428, 0xf710e5f3, 0xfb050fe2, 0x0fff230c, \
  0x02fb12f9, 0x110d12f3, 0x1707eeca, 0xfdebf1fd, 0xfe00da0a, 0xfffe0afe, 0xf0090000, 0x00000000, \
  0x00130500, 0x505b4380, 0x00000022, 0x0a0c0704, 0xffebf9f4, 0x04ec0ae2, 0x04fefb24, 0x09f502fa, \
  0x0c1a09fe, 0x020aeafd, 0x08fe0f16, 0x16f31f09, 0x01f40901, 0x16fdf111, 0xf30c06f3, 0xd902fae7, \
  0x0828f306, 0x030001f1, 0xfa0ff5f1, 0xf0e5f2ff, 0xfc1114f2, 0x03ec1611, 0xf4f7111e, 0x12ecf802, \
  0x11d7fae3, 0xf3010ff5, 0x000ef9f2, 0xf9e9e3eb, 0x0f00ffe0, 0xf50002e9, 0x0a00e5df, 0xf123fcf9, \
  0x0dfaef1a, 0x001b0419, 0x121e0000, 0x00000000, 0x00f6fd00, 0x505b43c0, 0x00000058, 0x00000000, \
  0x00000000, 0x75000000, 0x00000000, 0x00000000, 0x00000000, 0x00000000, 0x00000000, 0x00000000, \
  0x00000000, 0x00000000, 0x00000000, 0x00000000, 0x00000000, 0x00000000, 0x00000000, 0x00000000, \
  0x00000000, 0x00000000, 0x00e30000, 0x00000000, 0x00000000, 0x00000000, 0x00000000, 0x00000000, \
  0x00000000, 0x00000000, 0x00000000, 0x00000000, 0x00000000, 0x00000000, 0x00000000, 0x00000000, \
  0x00000000, 0x00000000, 0x00000000, 0x00000000, 0x00000000, 0x41000000, 0x00000000, 0x00000000, \
  0x00000000, 0x00000000, 0x00000000, 0x00000000, 0x00000000, 0x00000000, 0x00000000, 0x00000000, \
  0x00000000, 0x00000000, 0x00000000, 0x00000000, 0x00000000, 0xf8f30ef8, 0xdbfafe16, 0xeffe1000, \
  0x020e001d, 0xeaf0f816, 0x19e9fcfd, 0x05f60dde, 0x0ef3fa04, 0x13d71b0d, 0xbe0e08f0, 0xf60332ec, \
  0x1b06f8fb, 0x0fed0204, 0xf50114f5, 0xfbf8140c, 0xfaf9f8fc, 0xf916fe12, 0x310eeef9, 0xf1fef6f8, \
  0x0c000116, 0x02ff2c10, 0x06210edf, 0xf3fd11f4, 0x22f5f304, 0xf305fdfc, 0xf7f8fcf1, 0xdef803fa, \
  0xf6fefe0a, 0xfe1b0d03, 0xfbf60206, 0x1c00031a, 0x0ffe0000, 0x00000000, 0x00130200, 0x505b4460, \
  0x00000022, 0x1a04f1fb, 0xf4e1f303, 0x020adc00, 0x18ff1000, 0xf901edf7, 0xfe08fffa, 0xb90127f9, \
  0x13fbf0fc, 0xd400f7f8, 0xf000f5fc, 0x09120001, 0xe80e08fc, 0x10f707f4, 0xe706fa01, 0x100d29fd, \
  0xeef64010, 0x240814fc, 0x2aff07e0, 0x26f3e504, 0x0dfaee04, 0xe1ee0a04, 0xe2f6fdf5, 0x16f902ee, \
  0xe8f1120c, 0xf2f12af6, 0x0d01da09, 0x0905c2f6, 0xf20b1902, 0xe5141a07, 0x0af32901, 0xf019ee02, \
  0xee060000, 0x00000000, 0x00052200, 0x505b44a0, 0x00000017, 0x00000000, 0x00000000, 0x58000000, \
  0x00000000, 0x00000000, 0x00000000, 0x00000000, 0x00000000, 0x00000000, 0x00000000, 0x00000000, \
  0x00000000, 0x00000000, 0x00000000, 0x00000000, 0x00000000, 0x00000000, 0x00000000, 0xf026ece0, \
  0xe71c391e, 0xd4000000, 0x00000000, 0x00d80000, 0x505b8000, 0x00000178, 0xd001daef, 0xecf6ddeb, \
  0xe5dfff18, 0xda0511ea, 0xf318f8f6, 0xf7f6f3f6, 0xf5f3f4ff, 0xfffb00fe, 0xfc0100fd, 0x00010000, \
  0x02000100, 0x00f3f9f7, 0xfef0f1eb, 0x040d0d13, 0x13ec13fa, 0xe8eef200, 0x00000000, 0x00000000, \
  0x0b0eff02, 0x0f07f8fc, 0xf500ffff, 0x00000000, 0x000009fe, 0xff09e718, 0x11d7fff8, 0xfdf9f8f9, \
  0xfc03f70b, 0x08e6f705, 0x09ed0606, 0x01fffd12, 0x0008f909, 0x01c40000, 0x010000ff, 0x00fffffa, \
  0xf90000f9, 0xfcfa0301, 0xfe000100, 0x00010000, 0x01f4fcf4, 0x02faf8fa, 0xfafa0316, 0xfff9f50b, \
  0xfbf91bf4, 0x0e1c0614, 0xf8f1f8f0, 0x06fa0cee, 0x0924eef9, 0x24000000, 0x00000000, 0x0000f2f2, \
  0xfa000309, 0xfc09050c, 0x0903fdf4, 0xf815f603, 0x02f2f618, 0xeff0ee01, 0xe7eae2f3, 0x03f4f515, \
  0x170110ed, 0xe00b05ed, 0x03f3cbf6, 0xf6f7f6f7, 0xf8f9f6f8, 0xfc02fd01, 0xfd06fe04, 0x07fcfc00, \
  0xf704fdfd, 0xfbff05f6, 0x0704e212, 0x08f7f204, 0xfa030601, 0x02fd02f9, 0xfa141b08, 0xea1d06f2, \
  0x080b10e9, 0xf804f1d9, 0xedf8f802, 0x01f703f6, 0xfcfbfaff, 0xfcf50001, 0x0101fcf9, 0xeefc11ec, \
  0xf902fdf7, 0x00000000, 0x00000000, 0x0000fb0e, 0xfdf51001, 0xf3fd0709, 0xecf218f0, 0xf3fcf4f7, \
  0x00000000, 0x00000000, 0x0004f7f4, 0xf9ebfdf9, 0xfcedf401, 0xfc0c05fd, 0x0bfdfbfd, 0xeaf5ef07, \
  0x00080afa, 0x00000000, 0x00010000, 0xfeeb0eec, 0x0c18f1f6, 0x11040010, 0xf6edf1ee, 0xed0cf9f9, \
  0xfc00f6fa, 0xfdf8f5fa, 0xf605fcf4, 0xfb02f700, 0xff000000, 0x00000000, 0x00ff01ff, 0x0103ff03, \
  0x00fafafa, 0xfffbf7fc, 0xf7f7fbf8, 0xf71617f4, 0x16170321, 0x10fafcfd, 0xf3f6f7ec, 0xe9ef0000, \
  0xff000000, 0xfdfeffec, 0xfdf7eafe, 0xf3f4faf8, 0xfcfffefd, 0xfffdfeff, 0xfe070b31, 0xf91910f6, \
  0x111ff2e7, 0xf3ffe208, 0xf0e006ea, 0x0008f60d, 0x0005e6e8, 0x0204fe06, 0xfe0101fe, 0x03f8e4fd, \
  0x19050111, 0x1a08fef7, 0x06faf504, 0x06f5eefe, 0xfffb0000, 0xfc00ff02, 0xf304f1e3, 0xe90df2ef, \
  0xed07fffb, 0x0007f605, 0xf007271d, 0xf01706fa, 0x11feed32, 0x21002503, 0xfb151fdf, 0xf9080af1, \
  0xf71c00ef, 0xecfbf3fe, 0xfdfbff0f, 0x16f2dcfc, 0xeefae8f5, 0x03f70500, 0x10f8f2f0, 0x06f0ed03, \
  0x080f1ef2, 0x09f5f0e7, 0xf6ee02ee, 0xebfaebf7, 0xf8f6e0d0, 0xfdd0dfdf, 0xf8fc02ed, 0xf7eddee8, \
  0xecf600d9, 0x04fdfafd, 0x030008f6, 0xfbfbfce8, 0xeae8eae4, 0xefd5e6f7, 0x08ec06e6, 0x01e0e907, \
  0x0f06f3d0, 0xecdcd5f4, 0x21002418, 0x1bfd1a25, 0xf9fce9ee, 0x09eded06, 0xe709e40a, 0x3adcf40a, \
  0xc9cbcd11, 0x06e92008, 0xf1060c0a, 0xfe0cf8f6, 0x0116ff16, 0x00f3e6e0, 0xfde9ec08, 0x01f8f3e6, \
  0xf60409f3, 0xf1f5f4df, 0x0609e8ee, 0x060ff805, 0xedec0fe4, 0xfc09e9f4, 0xfbdd0401, 0xf6fe06ca, \
  0xefcd0509, 0x001a12f4, 0x3015e3e8, 0xe7db0f03, 0x061219fc, 0xfafbde15, 0x05fb1802, 0x10040f10, \
  0xf8ee09fb, 0xfce60ffd, 0x0e10fb1a, 0x0a0e0c09, 0xdbf50c14, 0xec0df4e6, 0xf41202d5, 0xe6f0f609, \
  0x1b15f300, 0xf301f6f7, 0xe0fd00f8, 0xfa00fcfd, 0x00fffbeb, 0x0e041911, 0xe8f6efec, 0xecfff4f1, \
  0xef07faf0, 0x00f8f803, 0x1a1d0215, 0x07ffebf1, 0x00e1e3f7, 0xefe1fafe, 0xf615ed15, 0x060f0008, \
  0x1b150304, 0x0dfb15f8, 0x1208fdfd, 0x06f7ff00, 0xfffc1505, 0x0a07fef5, 0xdee908e5, 0xeae7fcfa, \
  0x01e1e7f6, 0xd3f0f0f0, 0xfb00f0fa, 0xf6f307f8, 0xf5f309e6, 0xd6ea1225, 0x151b1b11, 0xfb03f500, \
  0x00000000, 0x00000000, 0xe0f4f2e6, 0x0b070623, 0x07f1fbff, 0x08fbfff5, 0xf5fef5f5, 0xf6fd0101, \
  0x0400f914, 0x01142200, 0x10090d0d, 0x1e1afaf4, 0x15f8fbf9, 0x21f4ecf2, 0xeef6f5e9, 0xebe72122, \
  0x010c1b0c, 0x2411effa, 0xf5ecdff7, 0xf81c3e21, 0x1101ecfa, 0x010f0401, 0x00f305fa, 0x272dfa0e, \
  0x130909f8, 0x031c1507, 0xfc150205, 0x06edfcfc, 0x040506f4, 0x06e802df, 0xf30cfaf5, 0xf6f6f6d3, \
  0xf4ebddec, 0xe9effdfe, 0xfcfe00ff, 0x00fefd0f, 0xf5f80cf8, 0xfae901ee, 0x00000000, 0x00000000, \
  0x3f000000, 0x00000000, 0x00000000, 0x00000000, 0x00000000, 0x00000000, 0x00000000, 0x00000000, \
  0x00000000, 0x00000000, 0x00000000, 0x00000000, 0x00000000, 0x00000000, 0x00000000, 0x00000000, \
  0x00000000, 0x00cc0000, 0x00000000, 0x00000000, 0x00000000, 0x00000000, 0x00000000, 0x00000000, \
  0x00000000, 0x00000000, 0x00000000, 0x00000000, 0x00000000, 0x00000000, 0x00000000, 0x00000000, \
  0x00000000, 0x00000000, 0x00000000, 0x00000000, 0x40000000, 0x00000000, 0x00000000, 0x00000000, \
  0x00000000, 0x00000000, 0x00000000, 0x00000000, 0x00000000, 0x00000000, 0x00000000, 0x00000000, \
  0x00000000, 0x00000000, 0x00000000, 0x00000000, 0xf8ff1ae1, 0x110cdefc, 0x001c0509, 0x1212fd05, \
  0x02ee1010, 0x00f1f6f9, 0xdd0608fe, 0x0f102014, 0x03fd010f, 0xeb080615, 0x08f82702, 0x02240d01, \
  0xe3db0822, 0x011ceb03, 0xe9120a04, 0xfc01fb02, 0xfa1105f5, 0x090c04ee, 0x0b03170d, 0x14140100, \
  0x1916fcfe, 0x13d7fe11, 0x120c09fa, 0x110a0bf7, 0xf702e407, 0xfe111a10, 0xff060903, 0xe4fa00e9, \
  0x0b0c01ff, 0xdc210cee, 0x063c14df, 0x0a150000, 0x00000000, 0x0012f900, 0x505b82a0, 0x00000022, \
  0x0a0a1b09, 0xedf6f710, 0x12fc0c02, 0xfefbe411, 0xfdf3f7ee, 0xebe6ec24, 0xf1091714, 0xffdb04fa, \
  0xfbf91800, 0x03fb0e01, 0xfaf90d18, 0xea10090f, 0xda1c1317, 0x0e070fdd, 0x0afd0ff5, 0xf9d702f1, \
  0xeef303fb, 0xfbf302fc, 0xfafeede8, 0xfd0ee207, 0x0cfae710, 0x08ebeefd, 0xfbea10fa, 0x00e4fcdb, \
  0xfd13f1e8, 0xe217ebf5, 0x100ef1fe, 0x14fb0303, 0xf4c3000f, 0xfe0c09f6, 0x210ff705, 0xe4f80000, \
  0x00000000, 0x00df1100, 0x505b82e0, 0x00000058, 0x00000000, 0x00000000, 0x3d000000, 0x00000000, \
  0x00000000, 0x00000000, 0x00000000, 0x00000000, 0x00000000, 0x00000000, 0x00000000, 0x00000000, \
  0x00000000, 0x00000000, 0x00000000, 0x00000000, 0x00000000, 0x00000000, 0x00000000, 0x00030000, \
  0x00000000, 0x00000000, 0x00000000, 0x00000000, 0x00000000, 0x00000000, 0x00000000, 0x00000000, \
  0x00000000, 0x00000000, 0x00000000, 0x00000000, 0x00000000, 0x00000000, 0x00000000, 0x00000000, \
  0x00000000, 0x00000000, 0x40000000, 0x00000000, 0x00000000, 0x00000000, 0x00000000, 0x00000000, \
  0x00000000, 0x00000000, 0x00000000, 0x00000000, 0x00000000, 0x00000000, 0x00000000, 0x00000000, \
  0x00000000, 0x00000000, 0x040ef4ef, 0x090107fe, 0x1ef2022c, 0xf7080012, 0xe9fc0c1a, 0x1e0e160b, \
  0xee080502, 0x071eff22, 0x28f71015, 0x10e51722, 0xfb040a18, 0x0b10161a, 0x0c0706fe, 0x260b1525, \
  0x08eded08, 0x0be80e13, 0x110817e7, 0x160715f1, 0x0d1202f9, 0x18090115, 0x1cf01a05, 0x260905fa, \
  0xf90009fe, 0x08100a09, 0xea03d005, 0x3c2507ec, 0x01010ef9, 0x0414e721, 0x04eaf408, 0x122a14fc, \
  0xf3ec0d0a, 0x0e040000, 0x00000000, 0x000afa00, 0x505b8380, 0x00000022, 0x23e50b04, 0xf3f10f11, \
  0x14fdea08, 0xf605ee06, 0x07fedbf3, 0x04fee6de, 0xfaf9100b, 0x2110fdf7, 0xfdf6f8ef, 0x10fb040e, \
  0x0a0ef806, 0x050d1706, 0xe81912f6, 0x15f5f7f6, 0xfc151202, 0x02150d09, 0x0901ed0d, 0x1901fff7, \
  0xe3e4ff07, 0xfd060afa, 0x0a040204, 0x0e09080e, 0xfc04eff5, 0xef040608, 0xd2f70805, 0x0a00110e, \
  0x06eceaf0, 0x10faf206, 0xfbfd0709, 0x0709feed, 0xf312001b, 0xf1fc0000, 0x00000000, 0x00f7f700, \
  0x505b83c0, 0x00000058, 0x00000000, 0x00000000, 0x75000000, 0x00000000, 0x00000000, 0x00000000, \
  0x00000000, 0x00000000, 0x00000000, 0x00000000, 0x00000000, 0x00000000, 0x00000000, 0x00000000, \
  0x00000000, 0x00000000, 0x00000000, 0x00000000, 0x00000000, 0x00050000, 0x00000000, 0x00000000, \
  0x00000000, 0x00000000, 0x00000000, 0x00000000, 0x00000000, 0x00000000, 0x00000000, 0x00000000, \
  0x00000000, 0x00000000, 0x00000000, 0x00000000, 0x00000000, 0x00000000, 0x00000000, 0x00000000, \
  0x3e000000, 0x00000000, 0x00000000, 0x00000000, 0x00000000, 0x00000000, 0x00000000, 0x00000000, \
  0x00000000, 0x00000000, 0x00000000, 0x00000000, 0x00000000, 0x00000000, 0x00000000, 0x00000000, \
  0x09110010, 0xf804211e, 0x0e031016, 0x0d03050a, 0xf902030f, 0x0c011836, 0xf119071a, 0x16081713, \
  0x17df0125, 0x0c0a05fe, 0x170d0e14, 0x20050ffa, 0x080009fc, 0x131f1e16, 0xf10d181f, 0x0801f617, \
  0x05171217, 0x041b3200, 0xfa0f1508, 0xfd0f1afe, 0x00100812, 0xe6f60408, 0x13ef232f, 0x1b0f0dfc, \
  0xe7fd011e, 0x22011c02, 0xd8240afc, 0x0f0f0e14, 0xfa21f4ed, 0xf6f40b0f, 0xff140802, 0x0f100000, \
  0x00000000, 0x002afd00, 0x505b8460, 0x00000022, 0x00141b07, 0x26050a07, 0x0efcf3fe, 0xe0eefe07, \
  0xf610f203, 0xeef3de0b, 0x09090206, 0x1502ee13, 0x020900f6, 0x1e0d0cfb, 0xe7fafbfe, 0xf3f6fdef, \
  0xfb01f408, 0x0e0b200f, 0xf9fef606, 0x15f7eaf3, 0xeffdeb07, 0x3c06240a, 0xe3030903, 0x03fff401, \
  0x18f9e7fd, 0x09f6ec00, 0xeef5ef04, 0x02f40fef, 0xe30714f6, 0xf2f9fbec, 0x12ff1406, 0xf6e8fa07, \
  0x18f9fb01, 0x01fd000a, 0x0cfc20fa, 0xde010000, 0x00000000, 0x00fbed00, 0x505b84a0, 0x00000017, \
  0x00000000, 0x00000000, 0x55000000, 0x00000000, 0x00000000, 0x00000000, 0x00000000, 0x00000000, \
  0x00000000, 0x00000000, 0x00000000, 0x00000000, 0x00000000, 0x00000000, 0x00000000, 0x00000000, \
  0x00000000, 0x00000000, 0xebdb0026, 0xf12afa2c, 0xf7000000, 0x00000000, 0x00fe0000, 0x505bc000, \
  0x00000178, 0xf2fcdcf6, 0x07f7e4fb, 0xea09fb09, 0xfcee1ef5, 0xf3fbf5f7, 0xf7f8f7f6, 0xfaf7f4fd, \
  0xfaf9fcf7, 0xf9f8f7fb, 0x02000101, 0xff010102, 0x02f1eaf9, 0x1518eaff, 0x110410fa, 0xf914f521, \
  0x20121600, 0x00000000, 0x00000000, 0xddec02df, 0xe106e50b, 0x14000103, 0xfefe0301, 0xfe00011a, \
  0x09f0fd04, 0xe5e5fbfc, 0xf902091c, 0x1bfd15fc, 0x1509fd05, 0x05edec02, 0x06f10a1b, 0xf7090210, \
  0x1e1402fe, 0x00000000, 0xfffefff8, 0x03fa04fd, 0xf905f8f9, 0xf6fdfffd, 0x0201ff00, 0xffecf6f1, \
  0xf50a09f8, 0xfeedfe22, 0x1cf7060c, 0x10fd01ec, 0x1725fc0a, 0x2c14fd06, 0xe8f305f0, 0xf80a05eb, \
  0xef000102, 0x010000fe, 0xffff14eb, 0xfc00e909, 0xfcebe90f, 0xf611f40a, 0x09f11305, 0x0af2ff1a, \
  0xf5fe07e6, 0xf4080e03, 0x0dfefeff, 0x11fa050a, 0xf40c03f2, 0x0bfd0af7, 0xf7f5f5f8, 0xf2f2f0f8, \
  0xff000102, 0xf7f9f803, 0x020cfd04, 0x0afef6fb, 0xf302071a, 0x260f0b08, 0x25290a0b, 0xf90402fc, \
  0xf8fcf503, 0xe8f41e04, 0x1124f903, 0x01fbf70e, 0xf0eadff5, 0x01f1f609, 0xfafaf205, 0xfb09f008, \
  0xf1f1f409, 0xf5ea04e5, 0xf707030f, 0xfc0cfbf9, 0xf2000000, 0x00000000, 0x00000512, 0xfdf2eb0d, \
  0x0001f809, 0x050510fb, 0x08eefdf1, 0xffff0000, 0x00ff0001, 0xff060bec, 0xfbf7f30b, 0x010305f1, \
  0x0506f707, 0x05fe0b02, 0xf6160504, 0x11f7ef00, 0x03ff00fc, 0xfd0106fb, 0x03f1ecde, 0x02e5de15, \
  0x02ec1222, 0x20fff4ea, 0xd9e30603, 0xf8fcfbf6, 0x01f5f9eb, 0xf0f705e4, 0xe5e5ea02, 0xf7000000, \
  0xffffffff, 0xffff00ff, 0xf900fe02, 0x01ff02fb, 0xf8f8f7f8, 0xf7f5f6f5, 0x0500eef5, 0xf1ebdfee, \
  0xf5f4f3f4, 0xefeaf0f0, 0xeceb02fe, 0x00fd0000, 0xfdfcfbf6, 0xf3edeaeb, 0xf0ece3eb, 0xfbf5f6f9, \
  0xfdfcfdf3, 0x00f906dc, 0xe1f5e1f3, 0x11eafb03, 0xf8f6edee, 0x02e3f1ec, 0xf3e0e1fe, 0x16021b1d, \
  0xf8fcf8f8, 0xf3f902f7, 0xf7f00c09, 0xe3e2fee0, 0xeffa00f8, 0x0009fc03, 0x02fc08fc, 0xfafe00fe, \
  0x00fcffff, 0x010000ff, 0xff0001ff, 0x00000000, 0x000000fe, 0xfe0008f7, 0x0bfbf9fd, 0xf9fd0700, \
  0x01000000, 0x0000ff00, 0x00010000, 0xff000000, 0x0002ff02, 0x0000ff02, 0x0002fa0c, 0xf70d080b, \
  0xfa040c07, 0xfa08040c, 0xfafffbfb, 0xfd0704fd, 0x07f806f1, 0x02fe0603, 0xfd04fd00, 0xfd030000, \
  0x00000000, 0x00010000, 0x01010000, 0x02010000, 0xfa02fbfe, 0x030305fd, 0xfa02f502, 0x01f90405, \
  0x09fffe01, 0x00fdfc01, 0x01ffff08, 0x0301fa05, 0x0007fbfd, 0x00000000, 0x00000000, 0x00000000, \
  0x01ff00ff, 0x0000f502, 0xfafbf601, 0xf8020800, 0x00000000, 0x00010000, 0xff010002, 0x0000fe00, \
  0x00020100, 0xfefe00ff, 0xff0100fc, 0xfd00ff03, 0x01040000, 0x00000000, 0x00000000, 0xff0003fe, \
  0x02ff0100, 0x0304f909, 0xfbfffd0a, 0x02fe0000, 0x00000000, 0x00000001, 0xff01ff00, 0x00000000, \
  0x00000000, 0x00000100, 0x0006fcf6, 0x0f06000b, 0x060b0000, 0x00000000, 0xffff00fc, 0x0903fc05, \
  0x01f8ee09, 0xf3060904, 0xff0af807, 0x00000000, 0x00000001, 0x0000fdf8, 0x05f9f708, 0x09fbfa00, \
  0x00000000, 0x0000ff00, 0xf7f609f4, 0xf404fafa, 0x0a000000, 0x00000000, 0x00000001, 0x00000000, \
  0xfd0000ff, 0xffffff01, 0x0202fd03, 0x00000001, 0x00000000, 0x00000000, 0x00000000, 0x00000400, \
  0x07f7fdf2, 0x00f9f500, 0x00000000, 0x00fc0000, 0x0501f400, 0x01fffbf2, 0x09000000, 0x00000001, \
  0x010000f7, 0xff00090d, 0xf608f700, 0x00000000, 0x00000000, 0x00000000, 0x010000ff, 0x00000000, \
  0x000101ff, 0x02030000, 0x00000000, 0x00000000, 0x00000000, 0x00000100, 0x0af1fa0a, 0x06fb03ef, \
  0xf100fcfc, 0x0600fe0b, 0xf9030000, 0x01000000, 0xff00fe02, 0x0a06f506, 0xf6fefa07, 0x00000000, \
  0x0000fcfb, 0x00000000, 0x00000000, 0x00000000, 0x00000000, 0x00000000, 0x00000000, 0x00000000, \
  0x0bfa03fd, 0x050afc0a, 0x05000001, 0x0000ff00, 0x01020000, 0x00000000, 0x0000000a, 0x0e0d07fe, \
  0x09f90704, 0x00000000, 0x00000000, 0x41000000, 0x00000000, 0x00000000, 0x00000000, 0x00000000, \
  0x00000000, 0x00000000, 0x00000000, 0x00000000, 0x00000000, 0x00000000, 0x00000000, 0x00000000, \
  0x00000000, 0x00000000, 0x00000000, 0x00000000, 0x00e20000, 0x00000000, 0x00000000, 0x00000000, \
  0x00000000, 0x00000000, 0x00000000, 0x00000000, 0x00000000, 0x00000000, 0x00000000, 0x00000000, \
  0x00000000, 0x00000000, 0x00000000, 0x00000000, 0x00000000, 0x00000000, 0x00000000, 0x40000000, \
  0x00000000, 0x00000000, 0x00000000, 0x00000000, 0x00000000, 0x00000000, 0x00000000, 0x00000000, \
  0x00000000, 0x00000000, 0x00000000, 0x00000000, 0x00000000, 0x00000000, 0x00000000, 0xfeeb08ed, \
  0xfe0adb0c, 0x03fc0001, 0xfff0f7ff, 0xf50007f6, 0xf3f508f5, 0xf2eb17f2, 0xfcfbf404, 0x0907e707, \
  0xf9fcfc07, 0x06f71605, 0x041b0af1, 0xffdbef05, 0x06000cf5, 0xf30df40a, 0x1cf403ff, 0xf101f9f1, \
  0xfa00eef7, 0xe8f601f9, 0xef041bec, 0xef00f704, 0xf6f10802, 0x0ee406fd, 0xf4ecf9f8, 0xfdfb07fd, \
  0x03fb0afb, 0x0cf8eafc, 0xf40df8f1, 0xf502f200, 0xe6dff2fb, 0xf52f1ffb, 0xfdf90000, 0x00000000, \
  0x00faec00, 0x505bc2a0, 0x00000022, 0xfa04fdfd, 0xf2f80401, 0x030013ef, 0xfb070204, 0xfbfb05fe, \
  0xe301f902, 0x030709ff, 0x0507ff08, 0x03fc0a04, 0x0b00f7ee, 0xed02fc02, 0xf704f3fe, 0xf6fef4fc, \
  0x11f91604, 0x03fff9f4, 0x0b00f8f7, 0xfbfb0e01, 0xe30b04ff, 0x04fb060b, 0xfcfb0901, 0x0ffe0815, \
  0x0f040402, 0xe6fe0907, 0x0c00f406, 0xfbf7e003, 0xf9fe06fc, 0x0504fcfd, 0xfaff0500, 0xfa08f800, \
  0xeff9f80a, 0x0f01f600, 0x06fc0000, 0x00000000, 0x00020a00, 0x505bc2e0, 0x00000058, 0x00000000, \
  0x00000000, 0x33000000, 0x00000000, 0x00000000, 0x00000000, 0x00000000, 0x00000000, 0x00000000, \
  0x00000000, 0x00000000, 0x00000000, 0x00000000, 0x00000000, 0x00000000, 0x00000000, 0x00000000, \
  0x00000000, 0x00000000, 0x00070000, 0x00000000, 0x00000000, 0x00000000, 0x00000000, 0x00000000, \
  0x00000000, 0x00000000, 0x00000000, 0x00000000, 0x00000000, 0x00000000, 0x00000000, 0x00000000, \
  0x00000000, 0x00000000, 0x00000000, 0x00000000, 0x00000000, 0x41000000, 0x00000000, 0x00000000, \
  0x00000000, 0x00000000, 0x00000000, 0x00000000, 0x00000000, 0x00000000, 0x00000000, 0x00000000, \
  0x00000000, 0x00000000, 0x00000000, 0x00000000, 0x00000000, 0x0afce4e4, 0x070cfcdc, 0xeff71f07, \
  0xe600e117, 0xe7ea0608, 0xf7020afc, 0xcbfd0a16, 0x0802ee0c, 0x12dc090a, 0x0fe7fb12, 0x091a00f7, \
  0x0504210e, 0xfd0ef6fb, 0x0cf4e809, 0xc2d2ea10, 0xf4121df2, 0x110d06e7, 0x18080f06, 0xf228e9e3, \
  0x0a21fc11, 0xff15f905, 0xf309e7f7, 0x030112f3, 0x16020808, 0xebfce606, 0x110a07f4, 0x05fd03e5, \
  0xeceee801, 0xcef7d70f, 0x0208f5fe, 0xdc001efe, 0x1a050000, 0x00000000, 0x000f1500, 0x505bc380, \
  0x00000022, 0x0acb22ea, 0xfc020c03, 0x0c2df425, 0xfbeafaf2, 0x0319f41c, 0x03e9f5e3, 0xfa09fe0b, \
  0x0510faff, 0x08160505, 0x0601f4ff, 0xf50a0401, 0xe62dfd08, 0xf41b0ce0, 0x0aeb07dd, 0x0700f205, \
  0xfd040200, 0x06edfa04, 0x10f603e9, 0xf61316e2, 0x01050503, 0x031eedcf, 0x0813f214, 0x21ff2105, \
  0xf6070416, 0xfa032d15, 0x08f3f209, 0x01fcf6ef, 0xf4e7fa0d, 0xfe0b080c, 0xf3fb0aed, 0x140e0010, \
  0xfe000000, 0x00000000, 0x000ff700, 0x505bc3c0, 0x00000058, 0x00000000, 0x00000000, 0x7a000000, \
  0x00000000, 0x00000000, 0x00000000, 0x00000000, 0x00000000, 0x00000000, 0x00000000, 0x00000000, \
  0x00000000, 0x00000000, 0x00000000, 0x00000000, 0x00000000, 0x00000000, 0x00000000, 0x00000000, \
  0x00e20000, 0x00000000, 0x00000000, 0x00000000, 0x00000000, 0x00000000, 0x00000000, 0x00000000, \
  0x00000000, 0x00000000, 0x00000000, 0x00000000, 0x00000000, 0x00000000, 0x00000000, 0x00000000, \
  0x00000000, 0x00000000, 0x00000000, 0x40000000, 0x00000000, 0x00000000, 0x00000000, 0x00000000, \
  0x00000000, 0x00000000, 0x00000000, 0x00000000, 0x00000000, 0x00000000, 0x00000000, 0x00000000, \
  0x00000000, 0x00000000, 0x00000000, 0x15f10f02, 0xfe160d0c, 0x1ff9071d, 0x08dee5db, 0x0efbf6fc, \
  0x09190e0c, 0xe908f618, 0x13f71011, 0x1d00040e, 0x0b021b0d, 0xfd1af710, 0x0b0615f3, 0x041105ff, \
  0x180a0f0a, 0x080ef904, 0xf21f2a1a, 0x04fbfdfa, 0xd3f21d08, 0x001e0418, 0xf21b150c, 0x1b030d06, \
  0xdee9f703, 0x0c130215, 0x011503fb, 0xf7f603f6, 0x032205fd, 0x04061809, 0x010d05d4, 0x18f4f3e3, \
  0x1ff3fdf3, 0xfcfbd9d6, 0x04190000, 0x00000000, 0x000a0900, 0x505bc460, 0x00000022, 0x2ff90909, \
  0x150c13ec, 0x07f8f3fb, 0xe2f905fe, 0x1118dbfc, 0xf6edf60a, 0x060a03fc, 0x18f9f504, 0x0011f7fb, \
  0x1804e9fb, 0xfbfbefef, 0xea02fc04, 0xfefa0808, 0x0a070c10, 0xfff40614, 0x04faf4e5, 0xf7f2f71c, \
  0x1c0c131e, 0xf8ff0c04, 0xfdf8fd06, 0x1605e9f2, 0x0204f9f7, 0xf3fdf3f6, 0xf4fe14ef, 0xe104fefe, \
  0x0efe0109, 0x0701110f, 0x0fecfb14, 0x06f80409, 0x060a0b0d, 0x07fa0bf0, 0xe7ff0000, 0x00000000, \
  0x00fcfe00, 0x505bc4a0, 0x00000017, 0x00000000, 0x00000000, 0x55000000, 0x00000000, 0x00000000, \
  0x00000000, 0x00000000, 0x00000000, 0x00000000, 0x00000000, 0x00000000, 0x00000000, 0x00000000, \
  0x00000000, 0x00000000, 0x00000000, 0x00000000, 0x00000000, 0x27d6d519, 0xe013d111, 0x01000000, \
  0x00000000, 0x001c0000, 0x50980000, 0x00000178, 0x080bf705, 0x05f0ecd6, 0xcee9ccfd, 0xf5f2f804, \
  0xfafdf9fa, 0xf8f8f9f5, 0xf6f4f300, 0x00000000, 0x00ff00ff, 0x00000000, 0x00000000, 0x00fdfe06, \
  0xec0c0302, 0xfbefefed, 0x0dfbf707, 0xed100f00, 0x00000000, 0x00000000, 0x0500eb12, 0x00e7fd01, \
  0xd4000000, 0x00000000, 0x0000eaf2, 0xc6fef5d7, 0x090fec00, 0x081201f9, 0x0d13f002, 0xe4f9ecf0, \
  0xfc0bcd0c, 0x19ede0f9, 0x0cf8c8f9, 0xe6f70000, 0x00000000, 0x000000fe, 0x00000000, 0x000000f7, \
  0x00000000, 0x00000000, 0x00f4f3f7, 0xf5f3f6fa, 0xf7fed2f2, 0xebf4e306, 0xf0f00de9, 0xee15fcfe, \
  0xfbede5e8, 0x1afffb15, 0xede40304, 0xe8000000, 0x00000000, 0x0000fbfb, 0x0500f6f6, 0xf0fbfedd, \
  0xfff9d507, 0xf9eeee0a, 0xfcf4f102, 0xf7edf9ea, 0xdaf214fe, 0xe20900f8, 0x0f13e2ee, 0xea01eff3, \
  0xf5f4f4f9, 0xf6f4faf6, 0xf6f7f9fe, 0x01000000, 0x00000000, 0xff000000, 0x00000000, 0x00000b14, \
  0x1f00061a, 0xfc02f200, 0x00000000, 0x00000002, 0x1b2528ff, 0x00fad2ec, 0x0dd8f0e6, 0x21f2134b, \
  0x2e2cfcf9, 0xf4fd01f8, 0xf2fd0100, 0x00000000, 0xfe00fff4, 0xfd0006ff, 0x00000000, 0x00000000, \
  0x00000000, 0x0000f6fb, 0xe9fee8e7, 0xe1e7f3ed, 0xee1001f0, 0x07db0de2, 0x00000000, 0x00000000, \
  0x00f4f0ed, 0xeff2f9fe, 0xfcf6fdfe, 0xffff0000, 0x00ff02f7, 0xf4f7d8ec, 0x0207f912, 0x00000000, \
  0x00000000, 0x000e120f, 0xfc102103, 0xee05f5f9, 0x13fdfdf9, 0xf004edf2, 0xf4f7f3f6, 0xfaf7fafb, \
  0x0000fb00, 0xfffbfcff, 0xf7000000, 0x00000000, 0x00000000, 0x00000000, 0x000000f5, 0xf7f4f6f5, \
  0xf2f4f3f3, 0xe4f2e9f5, 0xfeea0800, 0x0df5f8f3, 0xfdfef9eb, 0xecee0000, 0x000000ff, 0x00fd01f4, \
  0xedeef8f5, 0xf6f4f4fd, 0x00000000, 0x00000000, 0x00f6f6e1, 0xf4ebc10f, 0xeec2fce9, 0xf209ee02, \
  0xe8eee9f3, 0xf71a211c, 0x1321e8dc, 0x00000000, 0x0000feff, 0xffc4dfb0, 0xd6cfded8, 0xf10b0000, \
  0x0300fcff, 0x07f8f000, 0x00000000, 0x00000000, 0x00ecc8f4, 0xebd21805, 0xe9e4f4ff, 0xe810f408, \
  0x04e8e7e0, 0xcbf9d2e8, 0xf4efe405, 0x1dfefcf6, 0xf0010eea, 0xe80500f0, 0x141c1127, 0x27ebf9ee, \
  0xfc080af8, 0xfaf0ff00, 0xe6f60b12, 0x0dee1a0c, 0x12201110, 0x13fff0ef, 0x10fb1318, 0xfa0220e5, \
  0xd9110318, 0xfe1f070e, 0x16142af1, 0xe0f1d7cf, 0xf4051806, 0x0027f904, 0x1613f921, 0x08fffc05, \
  0x05fd0307, 0x03d4e8fa, 0x13fdfe1e, 0x0705100e, 0xfa2b17f8, 0x0ef3f4fa, 0xf408ffd4, 0xed06dadf, \
  0x1109f613, 0x041c0617, 0x0706eb0b, 0x11f419f1, 0x050d1b26, 0x08182e20, 0x04191ae6, 0x1c0bfcf0, \
  0x1dfe05f8, 0x06fbe400, 0xfadc1d0a, 0xd8f5fcff, 0xf4e7f4f6, 0xdcece2ed, 0xfdfe0bea, 0xef0808c3, \
  0xd9eed1ff, 0x08f4fbf3, 0xe004140b, 0x0f110f0e, 0x05daecd8, 0x02091d1d, 0x212407f3, 0xed040009, \
  0x05010bfd, 0xfee1efd9, 0xe2ecedf1, 0x140b07d2, 0xdbf8ede4, 0xeae10818, 0x13211a01, 0xfefef908, \
  0x2e08ee13, 0x05050013, 0x06e7f607, 0x08f2fcde, 0xfd0a16e0, 0xf0fd02f4, 0x0eece4d9, 0xf9f6f11d, \
  0xeae109ed, 0xf302f2fa, 0xfdf3f30d, 0x0af51d14, 0xf207050c, 0xf3f8e4f5, 0xe4fd0a1a, 0xe7d9f0f8, \
  0x03160907, 0x1c2cf4ee, 0xfcf3fcff, 0xdae5d305, 0xfc0a0018, 0x1d1a1721, 0xfafb14ec, 0xf415dfff, \
  0x0afeed08, 0x0607fb04, 0xf8f5fdd3, 0xde09eef7, 0x110d100a, 0xff22e9f6, 0xfafdf8d5, 0x20f3ce12, \
  0xd2e8140f, 0x0ae8edfa, 0xe2141f1a, 0x1030e914, 0x190d03f2, 0x0e031200, 0x00000000, 0x00000000, \
  0xf5e5e7bf, 0xebe6cbe5, 0xf4e507f1, 0xfa06fbf3, 0xfaf9f6f8, 0xfbfc0102, 0x03f704fa, 0x08eee7fb, \
  0xf4080805, 0xdbf30ce5, 0xfafb0006, 0x01f00a28, 0xd6ed0edf, 0xef01f8f1, 0x11e4fc06, 0xf8f3e108, \
  0x0ef3f209, 0x0ae2dff5, 0x1915f904, 0xfc21040f, 0x250f14e7, 0xeee6d30b, 0x1111e70f, 0xfaf81821, \
  0x0f1608e2, 0xffe3eef1, 0xf7f913fc, 0xe7ff16e0, 0xf2280ae8, 0xf60ff1da, 0x14e6e50a, 0x0f050000, \
  0x00000000, 0x000000ed, 0x01ebeefa, 0x1816fc35, 0x00000000, 0x00000000, 0x41000000, 0x00000000, \
  0x00000000, 0x00000000, 0x00000000, 0x00000000, 0x00000000, 0x00000000, 0x00000000, 0x00000000, \
  0x00000000, 0x00000000, 0x00000000, 0x00000000, 0x00000000, 0x00000000, 0x00000000, 0x00f30000, \
  0x00000000, 0x00000000, 0x00000000, 0x00000000, 0x00000000, 0x00000000, 0x00000000, 0x00000000, \
  0x00000000, 0x00000000, 0x00000000, 0x00000000, 0x00000000, 0x00000000, 0x00000000, 0x00000000, \
  0x00000000, 0x00000000, 0x3f000000, 0x00000000, 0x00000000, 0x00000000, 0x00000000, 0x00000000, \
  0x00000000, 0x00000000, 0x00000000, 0x00000000, 0x00000000, 0x00000000, 0x00000000, 0x00000000, \
  0x00000000, 0x00000000, 0x121d1c0d, 0x0d0b090c, 0x173d0020, 0x0f231408, 0x1919102e, 0x030c1e1b, \
  0x0518fe00, 0x09205002, 0x2c242601, 0x111f0df7, 0x19170a21, 0x0f072422, 0xfc060f1c, 0x0010fa11, \
  0xfd101b02, 0x17190613, 0x0b0f0a10, 0x151bf70b, 0x031e1f1a, 0x0f26f9f3, 0x1bfa1605, 0x00022611, \
  0x081d16f2, 0x260dff2f, 0x08ec0b10, 0x181a0713, 0x220dff00, 0xff160515, 0x06002607, 0x040a25fb, \
  0x15080d1c, 0x02260000, 0x00000000, 0x000af100, 0x509802a0, 0x00000022, 0xfd01240e, 0x0808fd01, \
  0x2d07f6f7, 0xf01010f1, 0xfc01f311, 0x150710f8, 0x15f3f8f7, 0x2bf804fe, 0x10f9e510, 0x28f6f705, \
  0x10fcfefe, 0x02e9faf6, 0xeaeefaf9, 0xf908f716, 0x03fff7ff, 0xf000f2fb, 0x020f05fc, 0xeffffd25, \
  0xf5eefd13, 0x16f51cdc, 0xfd00f117, 0x0ef7f700, 0x020ce704, 0xfefe0c0e, 0xcefafafc, 0xf8fb2af5, \
  0xd8060512, 0x03000801, 0xf20afef4, 0xe3f1e509, 0xf5f3fff2, 0x05070000, 0x00000000, 0x0005ec00, \
  0x509802e0, 0x00000058, 0x00000000, 0x00000000, 0x3b000000, 0x00000000, 0x00000000, 0x00000000, \
  0x00000000, 0x00000000, 0x00000000, 0x00000000, 0x00000000, 0x00000000, 0x00000000, 0x00000000, \
  0x00000000, 0x00000000, 0x00000000, 0x00000000, 0x00000000, 0x00040000, 0x00000000, 0x00000000, \
  0x00000000, 0x00000000, 0x00000000, 0x00000000, 0x00000000, 0x00000000, 0x00000000, 0x00000000, \
  0x00000000, 0x00000000, 0x00000000, 0x00000000, 0x00000000, 0x00000000, 0x00000000, 0x00000000, \
  0x3e000000, 0x00000000, 0x00000000, 0x00000000, 0x00000000, 0x00000000, 0x00000000, 0x00000000, \
  0x00000000, 0x00000000, 0x00000000, 0x00000000, 0x00000000, 0x00000000, 0x00000000, 0x00000000, \
  0x100d1920, 0x0a1f2a10, 0x0b250d16, 0x09fe0d25, 0x3421060d, 0x19022a03, 0x0102071e, 0x18180809, \
  0x0d0700ff, 0xf51e300e, 0x06150820, 0x11ff021f, 0xf10c181f, 0x150bf216, 0xffff1020, 0xf6192a1a, \
  0x150b2515, 0x150a070e, 0x0c070905, 0x14201807, 0x0204fdeb, 0x02fb0d05, 0x21e71e0b, 0x14120929, \
  0x200b0b2b, 0xeeeff416, 0x28fbe516, 0xff1f190e, 0x102ffd2d, 0xfa13f51e, 0x2d19150b, 0x30000000, \
  0x00000000, 0x00000f00, 0x50980380, 0x00000022, 0xed180dfe, 0x0908fbe8, 0x0b13f104, 0xe2fbf5f8, \
  0xf205f8e3, 0xfff213f8, 0x0e0700db, 0x1502000c, 0x180efb1d, 0xf5210bf9, 0x0803faf7, 0xfa06fce8, \
  0xf7f7f518, 0xff11042b, 0xfa011504, 0x16fef1fc, 0x06f40f0d, 0xef0e020f, 0xf70704f7, 0xf4e5ff19, \
  0x0a0df80f, 0xf9ef09e6, 0x1511090c, 0x0b0c0506, 0x03e4fdea, 0xfef309ff, 0xf7fff81a, 0xf0f4fe0a, \
  0x03f90a01, 0x0004f818, 0x09e307ea, 0x07000000, 0x00000000, 0x0004f000, 0x509803c0, 0x00000058, \
  0x00000000, 0x00000000, 0x78000000, 0x00000000, 0x00000000, 0x00000000, 0x00000000, 0x00000000, \
  0x00000000, 0x00000000, 0x00000000, 0x00000000, 0x00000000, 0x00000000, 0x00000000, 0x00000000, \
  0x00000000, 0x00000000, 0x00000000, 0x00f90000, 0x00000000, 0x00000000, 0x00000000, 0x00000000, \
  0x00000000, 0x00000000, 0x00000000, 0x00000000, 0x00000000, 0x00000000, 0x00000000, 0x00000000, \
  0x00000000, 0x00000000, 0x00000000, 0x00000000, 0x00000000, 0x00000000, 0x3c000000, 0x00000000, \
  0x00000000, 0x00000000, 0x00000000, 0x00000000, 0x00000000, 0x00000000, 0x00000000, 0x00000000, \
  0x00000000, 0x00000000, 0x00000000, 0x00000000, 0x00000000, 0x00000000, 0x0ef9ed05, 0x141e0bfd, \
  0x1afeec0f, 0xf100011d, 0xf9160f09, 0xf1140d08, 0xf60c1111, 0x03101b0a, 0xf61fe818, 0xff05141c, \
  0x1f1ceb0c, 0x0f141715, 0xf02c000e, 0xfce9fe07, 0x1e000501, 0xdf15070e, 0x0c060df9, 0x0b0e1b13, \
  0x30071f1c, 0x020b11f7, 0x1d1907f3, 0x08ffff2a, 0xfb1ded03, 0xfb131105, 0x29ef19f2, 0x17141a22, \
  0x28170817, 0x0433090d, 0x0a120b08, 0x0bed1b1b, 0x001b2416, 0xef070000, 0x00000000, 0x00021000, \
  0x50980460, 0x00000022, 0xf1fe0bf7, 0x06fa07f0, 0xe80106eb, 0x0fe8fffd, 0xfaf5fefa, 0xf5f6fb06, \
  0x0c2403f9, 0xf7ebfc01, 0x1a050d07, 0x1d0a0703, 0xf51209fa, 0xf60af7f8, 0xe20efd00, 0x140f16fa, \
  0x190e0213, 0x08f1e8f8, 0xf5e6fd05, 0xff1b0d03, 0xf1fe0a03, 0xf8dffa02, 0x1907f8ed, 0x110efaf1, \
  0xf5160815, 0x0bf604ff, 0xfd0cf2f7, 0xf1e30d0c, 0x05ed0a07, 0xf70cf309, 0x00f80406, 0x04130b1b, \
  0x1407f604, 0xf5ed0000, 0x00000000, 0x00180800, 0x509804a0, 0x00000017, 0x00000000, 0x00000000, \
  0x50000000, 0x00000000, 0x00000000, 0x00000000, 0x00000000, 0x00000000, 0x00000000, 0x00000000, \
  0x00000000, 0x00000000, 0x00000000, 0x00000000, 0x00000000, 0x00000000, 0x00000000, 0x00000000, \
  0xf9f31fe4, 0xf6f7f41a, 0x2e000000, 0x00000000, 0x00d90000, 0x50984000, 0x00000178, 0xe6d3cdee, \
  0xfbf4f2f9, 0xf9fb0cf6, 0xf9db09f4, 0xd1fefcf8, 0xf5f8f5f5, 0xf4f5f5f8, 0xf7f5fbf9, 0xf9fcfcfd, \
  0x01f901fc, 0x01fe00ff, 0xfcf8f30a, 0x0b0d0e15, 0x040216ff, 0x040d04ed, 0x0cf41100, 0x00000000, \
  0x00000000, 0xeeeef4ed, 0x0400f2fd, 0x01000000, 0x0000fe00, 0xfe03fd09, 0xf809fefa, 0xf8ead8f9, \
  0x07eaf7f2, 0xf50e01ff, 0xf3f818ef, 0xfaecf206, 0xf3f2fb00, 0xea011cf3, 0x090601ff, 0x02fdfe01, \
  0x000000fa, 0x07090608, 0x0beff1f8, 0x04f50107, 0xfcff02fb, 0xfe06fff8, 0xf0ffeafb, 0x04f2f8e8, \
  0xf9f807fb, 0x16fefc12, 0xfaedf3da, 0x15d60102, 0x0effe001, 0xfce2fffe, 0xe7000000, 0x0000fffe, \
  0x010203eb, 0xf005fef4, 0xeeea03e5, 0xeffafdf1, 0xf80f1110, 0xeddad202, 0xe4dafbe8, 0xeaded0e7, \
  0x071afc04, 0x001505fe, 0xf7f3ea01, 0xe9f7ebf6, 0xf5f6f5f3, 0xf4f4f7f5, 0xfefc080a, 0xf9fd02fa, \
  0xf9100803, 0xebf6f205, 0xf801fdf3, 0xf8dffefc, 0xebf80bee, 0x08f5070b, 0xf7fd0dfd, 0x0cf40dfe, \
  0x0af10502, 0x080f281f, 0x0f14fef9, 0xf7cdfc03, 0xf701f905, 0x0103ffff, 0x00fc0000, 0x00000000, \
  0x0c08ef04, 0x011100f5, 0xee00ff00, 0x00000000, 0x00000afa, 0xeafcf4fd, 0xfbf0f7ec, 0x06dbf00c, \
  0xefe80ddd, 0xfcffffff, 0x0000ff00, 0x00f0e8fc, 0xf504e9f2, 0xf4fd04f9, 0xf8f50602, 0xfd090afb, \
  0xfc16fffc, 0x040b05f3, 0xfffe0004, 0x000004fe, 0x0111ebc4, 0xebf1fa08, 0xf900efe1, 0x01050e10, \
  0x0bf10605, 0x05eeecf0, 0xfefcfbed, 0xf8f2f8f9, 0xe8fff601, 0xfe00fdfe, 0x01fffe00, 0xfffe0000, \
  0xfd00fffa, 0x00fc00f7, 0xf9faf6f6, 0xf7f3f5f8, 0xf7f40cf9, 0xe5ef19e4, 0xf600fffe, 0xf7f6f6f1, \
  0xedecff02, 0xfdfe0000, 0x000000f2, 0xf7fcf9f6, 0xf1faf1ee, 0x00fdfcfa, 0xfaf9f9fa, 0xfe14fdfc, \
  0x19f6dc23, 0xf8fcedf4, 0xca10fef4, 0x10eff421, 0xffe2f4e9, 0xf6e10a16, 0xfef708f8, 0xfcf90205, \
  0xfb08d5d9, 0x19f7d000, 0x01eb0603, 0xf2fdfbff, 0x00fefcfd, 0x050200ff, 0xfb000000, 0xebfcf9eb, \
  0xdfcfdce9, 0x03d2ee03, 0x0c0e030a, 0x0f03d6e8, 0xdfe8ecd3, 0xff04f4d9, 0xdcdbe9e3, 0xbececcc5, \
  0x1a05efe6, 0xe4ffe2e1, 0x1d00f0f8, 0x09fe0c01, 0xf1f3d4e7, 0xc7030fd6, 0x0af1011a, 0xfc1c041f, \
  0x1a300cfd, 0x24233706, 0x13ff0a12, 0x22f40501, 0x14f8101a, 0x051f011f, 0x1d1518f6, 0x1002e5f0, \
  0xfa1bfd0e, 0x09f7fe0b, 0xfffef300, 0x02f703f3, 0x00dcccd0, 0xfbe8f40e, 0xdfeadaf2, 0x1ff61a1e, \
  0x231301c6, 0xdf09dff7, 0x02d6b6cf, 0xf9d6e2e4, 0xf9eae3fc, 0xf1e506f4, 0xfd02ff07, 0x1104e105, \
  0x08dbf90f, 0xfd030c11, 0x1710e000, 0x02dbd6fc, 0x0f0a10de, 0xf3f3f216, 0x0bfa1e11, 0xfaf5f5e4, \
  0xe4e9f6ff, 0x0de8eeea, 0xf8dae8e5, 0xe5ededf1, 0xe4e9dee2, 0xcef7dfe8, 0xfa0cff0e, 0xf90c05ed, \
  0x110cf7f1, 0xff0a2911, 0xef1d05ea, 0xf7f2fc1c, 0x290f0505, 0x06ef0a05, 0x1d1f11fa, 0xeb08d9d2, \
  0xe709dbc4, 0xffe3dee3, 0x0e08eff9, 0xf8e7e5f9, 0xa4abc1d8, 0xe203ecfe, 0x0ee30901, 0xf0f2fedd, \
  0xe40acfc3, 0xd1d8f7f1, 0xedf6ed0d, 0xf8fffafe, 0xf4ebf7fa, 0xfefe03f0, 0xe813ee1a, 0x16f80611, \
  0x1108e8f5, 0x02fd0dee, 0xf8020e19, 0xf9fa04de, 0xff0d0b1e, 0x13f410e8, 0x130bf40c, 0xe0c503e7, \
  0xec29f307, 0xebe1dff7, 0xe2f6f5e8, 0xddf8fff3, 0x0406fef8, 0xfafeecf5, 0xecf6f1ea, 0x1a09df09, \
  0x1014fffd, 0x0cdaeaef, 0x1e11ea27, 0x09d10302, 0xddc3e9cb, 0xf505faf3, 0xebdef609, 0xfb15f6f8, \
  0xf5f5da00, 0x00000000, 0x00000000, 0x0b01f0fd, 0x05f3e9e6, 0xf003fffa, 0xf5fcf5f8, 0x0601fdf8, \
  0xf8f8f9fa, 0xf5f9fe2b, 0x0df705fc, 0xecfff41c, 0xd7d90ae2, 0xfc07fdf5, 0x04f8f8fc, 0xe8e9fe03, \
  0xcadbf812, 0xf00c10ff, 0x0cff0c20, 0x1ef50e03, 0xe4dbf8d8, 0xdffcdc07, 0x04defdfd, 0xddee0f13, \
  0x13050cf3, 0x0ff1cfd0, 0xf4e5f91f, 0xfdf705e0, 0x050ad0c8, 0xe9fe03f8, 0xe6f5e9eb, 0xfff8d4dd, \
  0x08e7f3ef, 0xe0dfd8ee, 0xf4eb0000, 0x00000000, 0x000000c2, 0x0d010004, 0xfefb01f5, 0x00000000, \
  0x00000000, 0x3f000000, 0x00000000, 0x00000000, 0x00000000, 0x00000000, 0x00000000, 0x00000000, \
  0x00000000, 0x00000000, 0x00000000, 0x00000000, 0x00000000, 0x00000000, 0x00000000, 0x00000000, \
  0x00000000, 0x00000000, 0x00dd0000, 0x00000000, 0x00000000, 0x00000000, 0x00000000, 0x00000000, \
  0x00000000, 0x00000000, 0x00000000, 0x00000000, 0x00000000, 0x00000000, 0x00000000, 0x00000000, \
  0x00000000, 0x00000000, 0x00000000, 0x00000000, 0x00000000, 0x3e000000, 0x00000000, 0x00000000, \
  0x00000000, 0x00000000, 0x00000000, 0x00000000, 0x00000000, 0x00000000, 0x00000000, 0x00000000, \
  0x00000000, 0x00000000, 0x00000000, 0x00000000, 0x00000000, 0xf6faffeb, 0x060cf3fd, 0x0c110105, \
  0x04f7050a, 0x0c180807, 0x0908ebdf, 0x01fa1505, 0x0a080b04, 0xfc05f8fa, 0xfafc0b08, 0x0b081210, \
  0x0607130d, 0xfdf2f603, 0xfe0303f5, 0x0a15fd06, 0x00fa040a, 0xf30908fc, 0x0504f8fc, 0xf50b0709, \
  0x06180ef4, 0x0c0a15fd, 0xfbff0208, 0x0014fe03, 0x0703f005, 0x1308060e, 0xeef5170d, 0x0402fb06, \
  0x09080207, 0x10ff0c05, 0xebfc02fa, 0xfa1e030f, 0x07190000, 0x00000000, 0x00020b00, 0x509842a0, \
  0x00000022, 0x1f1a1e1b, 0xef0406fc, 0xf90a0807, 0x030ef40b, 0xf80204f1, 0xf3000808, 0x05eb0002, \
  0xe7e602f5, 0x04100618, 0x08040709, 0xe702fb25, 0xecf4dd05, 0xfc0af713, 0x11f527de, 0x22fa00fc, \
  0xfde70706, 0xed0b15ec, 0xf607eff2, 0x1305f3d9, 0x0404ee05, 0xfcfbf81f, 0x15f111f3, 0xfcf91cf3, \
  0x16ecf9ed, 0x0efedbf2, 0xeb16fdf2, 0x0511f003, 0xff0cfa19, 0xffd50ffb, 0xedfef6ef, 0x11fae60f, \
  0xf8030000, 0x00000000, 0x00e30800, 0x509842e0, 0x00000058, 0x00000000, 0x00000000, 0x3e000000, \
  0x00000000, 0x00000000, 0x00000000, 0x00000000, 0x00000000, 0x00000000, 0x00000000, 0x00000000, \
  0x00000000, 0x00000000, 0x00000000, 0x00000000, 0x00000000, 0x00000000, 0x00000000, 0x00000000, \
  0x00030000, 0x00000000, 0x00000000, 0x00000000, 0x00000000, 0x00000000, 0x00000000, 0x00000000, \
  0x00000000, 0x00000000, 0x00000000, 0x00000000, 0x00000000, 0x00000000, 0x00000000, 0x00000000, \
  0x00000000, 0x00000000, 0x00000000, 0x40000000, 0x00000000, 0x00000000, 0x00000000, 0x00000000, \
  0x00000000, 0x00000000, 0x00000000, 0x00000000, 0x00000000, 0x00000000, 0x00000000, 0x00000000, \
  0x00000000, 0x00000000, 0x00000000, 0x25fdfd0b, 0x05281a00, 0x1a1c050c, 0x0200ff14, 0x131c0126, \
  0x061c0f15, 0x0322ff1a, 0x0423fc32, 0x2efc0d1d, 0xfefb1929, 0xfd0f0904, 0x0811f3fd, 0x020a0004, \
  0x380d0534, 0xf3fdf824, 0x1327041e, 0x150807f8, 0x0c0a1209, 0xf81e130e, 0xfc121d11, 0x2c1700f3, \
  0x140e14f2, 0x21fe3a00, 0x0319ea19, 0x0812fc01, 0xf5fb10fe, 0x0d0bf903, 0x002e1a09, 0xfe15fe41, \
  0x29280e29, 0xf01aff01, 0x0d0a0000, 0x00000000, 0x00151400, 0x50984380, 0x00000022, 0x240a0a0a, \
  0x0f05fff7, 0x08fbf404, 0xfc08f700, 0x0803e905, 0xe907da00, 0xf6021006, 0x17fdf5f4, 0x0ef6f704, \
  0x0efcf2fb, 0x0303eb0b, 0xf1fd05fe, 0xedf60d06, 0x2208010e, 0xef0a0af9, 0xfbf8feff, 0x01fbf3f2, \
  0x0d020401, 0xfeedf90b, 0xfdef0002, 0xfc0bf706, 0xfdf60509, 0xf609f20a, 0xfefc04fe, 0xecf708fb, \
  0xf50e0308, 0x1a0bec03, 0xfe06eefb, 0x09071c08, 0x17f0f905, 0xe8fd0004, 0x03060000, 0x00000000, \
  0x000a0d00, 0x509843c0, 0x00000058, 0x00000000, 0x00000000, 0x72000000, 0x00000000, 0x00000000, \
  0x00000000, 0x00000000, 0x00000000, 0x00000000, 0x00000000, 0x00000000, 0x00000000, 0x00000000, \
  0x00000000, 0x00000000, 0x00000000, 0x00000000, 0x00000000, 0x00000000, 0x00f40000, 0x00000000, \
  0x00000000, 0x00000000, 0x00000000, 0x00000000, 0x00000000, 0x00000000, 0x00000000, 0x00000000, \
  0x00000000, 0x00000000, 0x00000000, 0x00000000, 0x00000000, 0x00000000, 0x00000000, 0x00000000, \
  0x00000000, 0x3e000000, 0x00000000, 0x00000000, 0x00000000, 0x00000000, 0x00000000, 0x00000000, \
  0x00000000, 0x00000000, 0x00000000, 0x00000000, 0x00000000, 0x00000000, 0x00000000, 0x00000000, \
  0x00000000, 0x0ef6e109, 0x14051306, 0x1cee0947, 0x00f50bfd, 0x17100e19, 0xf40a0112, 0x0a10f610, \
  0x06090c42, 0x122d153c, 0x19ff1f0c, 0x2107e727, 0x1c221317, 0xf03a081b, 0x1afe0702, 0x38090c12, \
  0xed0b0600, 0x1fe90307, 0xef0b5c12, 0x01050b11, 0xfc10e801, 0x2f342a01, 0xfaf90528, 0xfd2c021c, \
  0x071c2711, 0x2ae81425, 0x111c300c, 0x1f500eee, 0xf2373405, 0x0eff05fe, 0x04f3200a, 0xf422fa00, \
  0xec040000, 0x00000000, 0x001b0f00, 0x50984460, 0x00000022, 0xfd20fbf3, 0x0213050a, 0xfbed00de, \
  0x08ee0f0c, 0x03170a16, 0x1004fb13, 0x081d0a0c, 0xf20bf913, 0x12eb12f8, 0x03fb0608, 0xf8fa04f5, \
  0x0110faf6, 0xf3f30501, 0x0bf60510, 0x0af1fa01, 0x0a0cffef, 0x010c0d14, 0xf004fefc, 0xf8fc0505, \
  0xf70409df, 0xfefa03f4, 0x00ed1213, 0x0000fdf8, 0x00f408d9, 0x033e0006, 0xe9f407d7, 0x0ee10d22, \
  0x01f301f4, 0x0701f9f5, 0x0c21070b, 0xf8ebfff8, 0xf2ef0000, 0x00000000, 0x00ef0900, 0x509844a0, \
  0x00000017, 0x00000000, 0x00000000, 0x55000000, 0x00000000, 0x00000000, 0x00000000, 0x00000000, \
  0x00000000, 0x00000000, 0x00000000, 0x00000000, 0x00000000, 0x00000000, 0x00000000, 0x00000000, \
  0x00000000, 0x00000000, 0x00000000, 0x09eae2ea, 0x052feafb, 0x3e000000, 0x00000000, 0x00e70000, \
  0x50988000, 0x00000178, 0xf3f20402, 0x181612f3, 0x1216eaef, 0x0bf0fe0d, 0xf1f1fcf5, 0xf900f7f9, \
  0xf8fbf6f9, 0xfefef9fd, 0xf1f0f0f9, 0xff0104fc, 0x04040100, 0x0003f6fc, 0xf208eaf4, 0xf109ed03, \
  0xf50b170e, 0x0413ee00, 0x00000000, 0x00000000, 0xf9eed0ef, 0xf0f3e4f9, 0xcfffff00, 0x00000000, \
  0x0000e113, 0xf7dfed09, 0xeaf40ef7, 0x030301f5, 0x04fe08e7, 0xe5fd000a, 0x12e40a0e, 0xea04c7c1, \
  0xebf7ef0f, 0xdd090901, 0xf1fdf5ee, 0x02f4fa01, 0x0201fd06, 0xfcf8f3f6, 0x09fdf8f7, 0xfef6f5ef, \
  0x03010508, 0xff0003fe, 0x02fc08f3, 0xff0efbf2, 0xf20504f2, 0xf0d4efe4, 0xe4e5f5e8, 0x0a0bd5f6, \
  0xebf00313, 0xf601fdff, 0xff02ffff, 0x0302e2f0, 0x04ea01f5, 0xe7fb00f3, 0xe9f1fdfe, 0xfdf802f8, \
  0xf40e0304, 0x11100e0a, 0xf41c09f7, 0x10080b08, 0x0d02fbeb, 0xeef4f007, 0xecfff2f5, 0xfcf6f9f6, \
  0xfff6fceb, 0xf5f307ec, 0x070d0fff, 0x0ffafaf3, 0xfdf000f6, 0xff0c04e7, 0x11f1fa05, 0x05f0f7f9, \
  0x0ff90aeb, 0x03f20009, 0x0d0fde0c, 0xfaf5f5fb, 0xf814fffa, 0xfaf002f1, 0xfaec01f3, 0x07fef8fa, \
  0x0101ffe9, 0x0c0d0cfd, 0x0beb0bff, 0xec00f100, 0x07faebf4, 0x0a0000ff, 0x00000000, 0x0000eaef, \
  0xf7eb03ed, 0x01eaef0c, 0xef0fee07, 0x10fc0a17, 0xff02fa02, 0x0300ff00, 0x00e9f8fb, 0xfbf6f201, \
  0x0c0af70e, 0xf9fdeef7, 0xf5ea050c, 0xedf20cf7, 0xfc011110, 0x00f90608, 0x0c070404, 0xf311f509, \
  0x1506fa05, 0xf4d117f9, 0xfbdcdffb, 0xf900f8f1, 0xf7080a09, 0x0105fd0b, 0xebf6f4fe, 0xf4f6f6f6, \
  0x0e020402, 0xf70206fe, 0x0000fe01, 0x00fc0000, 0xfe0000fa, 0xf6fffbf6, 0x00fdf1f5, 0x0e14030d, \
  0xf6ddf8f4, 0xebf5f4f2, 0xf7f5f5f8, 0xf8f809ef, 0xf404fcfa, 0xf2fe01f0, 0xfbf3efed, 0xeefdf9f4, \
  0x02fb03fc, 0xed090409, 0xf9efe9b6, 0xe3f9e1fb, 0xeac609ed, 0xed0407f5, 0xf60408e1, 0xdef5d7fb, \
  0xf31107f0, 0xf907f90b, 0x10100c07, 0xf9f71015, 0xee0f03e3, 0x05f2f412, 0x0b020502, 0xf3ef1009, \
  0x05f20d0e, 0x08ff060d, 0x01fdfb06, 0xfd020605, 0x06000000, 0x00000000, 0x0000f1f3, 0xfaeef3f3, \
  0xf4f1f900, 0xfffffffc, 0xfdfffbfe, 0x08fffc03, 0xfdf902ff, 0x00ffffff, 0x00ff0000, 0x02fe0502, \
  0x0301050f, 0x050c040b, 0x0800f9f9, 0xffff05f5, 0x0604f501, 0x000cfbf9, 0x07fe0a05, 0xf6f9fbfd, \
  0xf4fb0000, 0xff02f2f4, 0xf1f0f306, 0x0af70f04, 0xfe0d010a, 0x09fff5f3, 0xf30102f7, 0xf3fbfe08, \
  0xf8f2f80a, 0x01fa00fd, 0xff00fc04, 0xff02fc00, 0x00000000, 0x01000203, 0xfb0005fd, 0xfa0103ff, \
  0xfc030005, 0xfe0306fe, 0xfffe0403, 0xf6ff0807, 0xff0afaf6, 0xf600faff, 0x04f8eef3, 0x0509080e, \
  0x0b030b05, 0x04000000, 0x00000000, 0x0001f3fd, 0x0af90403, 0xfafbfe05, 0x01090d01, 0x0c060804, \
  0xfcf6f7fe, 0x00fa0b00, 0x010202f7, 0xfe04fc02, 0xfff90d06, 0x04fdfaff, 0xfcf3f900, 0x0000ff01, \
  0x010301ff, 0x00030004, 0x00000b06, 0x05f703f6, 0x06040105, 0xf3f40805, 0x050c0b0b, 0x040dfdf9, \
  0xfbfb0300, 0x06f7f9f6, 0x02fdf907, 0x02ff0807, 0x05000000, 0x0000ffff, 0x00ff0000, 0x00000000, \
  0x000000fc, 0xfc000003, 0x07fbfd00, 0x040b0302, 0xf5f704f9, 0xff0a0a00, 0x03fcf408, 0xf9f6090d, \
  0x0e080909, 0x05040606, 0xfc0008f7, 0xf80b0700, 0x00000100, 0x00000000, 0x00fd07fc, 0x04000403, \
  0xfcfef4f8, 0x060713ff, 0x11021405, 0x0307fe06, 0x0501fafc, 0xfe00feff, 0xfc00f1f1, 0xf4000001, \
  0x01050900, 0x000608fb, 0x050003f0, 0xfbf50900, 0x00000000, 0x00000000, 0xfe01fefe, 0x03000001, \
  0x00040002, 0xfd000005, 0xfcfe0000, 0x00000000, 0x00000002, 0x05000204, 0x04070707, 0x09010a0d, \
  0x1210fdfe, 0x080000ff, 0x000100ff, 0x02020001, 0x03fffe04, 0xfc030408, 0x07f8090a, 0xff03000c, \
  0x09030c0b, 0x0d070908, 0x0a060df9, 0x000ffef4, 0xfc000002, 0x03ff0204, 0x04090b0b, 0x0903fe07, \
  0x03fdfc03, 0x060602f8, 0x03fffbfe, 0xfefdfc01, 0xff0302ff, 0x01ff0000, 0x00000000, 0x000000fe, \
  0x00000b0d, 0x02ff0904, 0x00000000, 0x00000000, 0x3e000000, 0x00000000, 0x00000000, 0x00000000, \
  0x00000000, 0x00000000, 0x00000000, 0x00000000, 0x00000000, 0x00000000, 0x00000000, 0x00000000, \
  0x00000000, 0x00000000, 0x00000000, 0x00000000, 0x00000000, 0x000e0000, 0x00000000, 0x00000000, \
  0x00000000, 0x00000000, 0x00000000, 0x00000000, 0x00000000, 0x00000000, 0x00000000, 0x00000000, \
  0x00000000, 0x00000000, 0x00000000, 0x00000000, 0x00000000, 0x00000000, 0x00000000, 0x00000000, \
  0x3e000000, 0x00000000, 0x00000000, 0x00000000, 0x00000000, 0x00000000, 0x00000000, 0x00000000, \
  0x00000000, 0x00000000, 0x00000000, 0x00000000, 0x00000000, 0x00000000, 0x00000000, 0x00000000, \
  0x04f7feec, 0x1ffdf6f7, 0xf4dffa03, 0x0604f2f7, 0xebf804fd, 0x0304fb02, 0xf6eaf4e8, 0x07e2ddfc, \
  0xf2f5e705, 0xf1f4ebfb, 0xf1f803f9, 0xf604e4fc, 0xfcfaf0e1, 0x01f3eee0, 0x02f0f705, 0xeefc0907, \
  0xeff9f9f7, 0x00f5f6f1, 0xf0ea07e9, 0xf9e3eaf4, 0xf1f4eef8, 0x0302fdf2, 0xf9f30104, 0xfbfe10ea, \
  0x08fdfafd, 0xf6f805f4, 0xee01faf6, 0xf80101f6, 0xf302e4f9, 0xfadaedf4, 0xecf1ed02, 0xefec0000, \
  0x00000000, 0x0006ee00, 0x509882a0, 0x00000022, 0x0a13f9ff, 0xeffeebfd, 0x06140b04, 0x1ef308f2, \
  0x0708fa00, 0x04e7f102, 0x0303f3f6, 0xf91d0b0d, 0xf20f1d0d, 0xf0fefbeb, 0x0401ebfd, 0xf9fe05f4, \
  0xfb050814, 0xfa0eee10, 0xf7fc1704, 0xfae4f8f4, 0x10f306ff, 0x05ee1014, 0xf4090fee, 0x02fe0616, \
  0x0c13f61d, 0x0bfc0ff6, 0x150504ff, 0xfee90109, 0x06f613f1, 0x0fe90a07, 0x13f8f218, 0xfbeff4fb, \
  0x04e6f805, 0x0505f80f, 0xe7e702f5, 0x04f30000, 0x00000000, 0x00f80200, 0x509882e0, 0x00000058, \
  0x00000000, 0x00000000, 0x3d000000, 0x00000000, 0x00000000, 0x00000000, 0x00000000, 0x00000000, \
  0x00000000, 0x00000000, 0x00000000, 0x00000000, 0x00000000, 0x00000000, 0x00000000, 0x00000000, \
  0x00000000, 0x00000000, 0x00000000, 0x00ec0000, 0x00000000, 0x00000000, 0x00000000, 0x00000000, \
  0x00000000, 0x00000000, 0x00000000, 0x00000000, 0x00000000, 0x00000000, 0x00000000, 0x00000000, \
  0x00000000, 0x00000000, 0x00000000, 0x00000000, 0x00000000, 0x00000000, 0x3d000000, 0x00000000, \
  0x00000000, 0x00000000, 0x00000000, 0x00000000, 0x00000000, 0x00000000, 0x00000000, 0x00000000, \
  0x00000000, 0x00000000, 0x00000000, 0x00000000, 0x00000000, 0x00000000, 0xf6f3d7fe, 0x04efe2ff, \
  0xf1e3faf6, 0x03f8efe3, 0xe7eefaf8, 0xed08f3f7, 0xfff7fafe, 0xe503f100, 0x04edfc13, 0x00e2d700, \
  0xdbf2edef, 0xefef03f3, 0xf104e6f1, 0xfdf8fd02, 0xfafdeff0, 0x08f9f3f9, 0xf1e1e9f0, 0xe6ff000b, \
  0xf70302f4, 0x06defc02, 0xe5f6f208, 0xfdfce615, 0xfd14fdf6, 0xe5f111f3, 0xf7f8eae6, 0x0e080fec, \
  0xe30b06ea, 0xe8e6e6f4, 0xe8e4f7ef, 0xfafffff1, 0xdde8eff8, 0xeb0b0000, 0x00000000, 0x0007fa00, \
  0x50988380, 0x00000022, 0xf2f91609, 0x02effaf8, 0x02ebfdeb, 0xfc0302ef, 0x000b12fa, 0xf30eefe1, \
  0x0aef09f8, 0xed01fd0e, 0x061b0306, 0x20ed1c02, 0x04070c05, 0x03fa0d14, 0xf1ef00f6, 0x01fb01ed, \
  0x22f5190e, 0xfb1e02f3, 0xeefbee1b, 0xe3130803, 0x0aebf20b, 0xf1e5f403, 0x0a06ebf5, 0x05fbd7fe, \
  0xf113fe0a, 0x0e0606ee, 0x00f3da12, 0xf1f204f9, 0x0103010f, 0xfa05e408, 0x0619fa03, 0x1a0ffd04, \
  0x0716e80c, 0xe70c0000, 0x00000000, 0x00100b00, 0x509883c0, 0x00000058, 0x00000000, 0x00000000, \
  0x75000000, 0x00000000, 0x00000000, 0x00000000, 0x00000000, 0x00000000, 0x00000000, 0x00000000, \
  0x00000000, 0x00000000, 0x00000000, 0x00000000, 0x00000000, 0x00000000, 0x00000000, 0x00000000, \
  0x00000000, 0x00de0000, 0x00000000, 0x00000000, 0x00000000, 0x00000000, 0x00000000, 0x00000000, \
  0x00000000, 0x00000000, 0x00000000, 0x00000000, 0x00000000, 0x00000000, 0x00000000, 0x00000000, \
  0x00000000, 0x00000000, 0x00000000, 0x00000000, 0x3c000000, 0x00000000, 0x00000000, 0x00000000, \
  0x00000000, 0x00000000, 0x00000000, 0x00000000, 0x00000000, 0x00000000, 0x00000000, 0x00000000, \
  0x00000000, 0x00000000, 0x00000000, 0x00000000, 0xff0a11f4, 0xfc0af114, 0xf1fe0f06, 0xfbf0f2e8, \
  0x0df9e110, 0x05050a09, 0xef02f9f9, 0x13f4eeec, 0xf7d900f6, 0xf6f2f302, 0x09ef03f5, 0xf7effdff, \
  0x08f32004, 0xf910f3f5, 0xe906eefd, 0x1beffcf9, 0xf808fe0f, 0x000606f4, 0xf1edfffd, 0xfdf803f5, \
  0xe7ee0ff3, 0xd4f604ef, 0xf1000d04, 0x0beffaf7, 0xd1fff4e6, 0x02f6f8f9, 0xd1f2fdff, 0x11efecfe, \
  0xfafe13f2, 0xf801e1e5, 0x09f9dff0, 0x09f90000, 0x00000000, 0x00fa0100, 0x50988460, 0x00000022, \
  0xec1b0ffd, 0x17fbf703, 0xfdf2fcfa, 0xece10b16, 0xf124ee06, 0x01f4fcf8, 0xea19fb14, 0xfc0dff17, \
  0xfef600ee, 0x1705ef05, 0x14f71a00, 0x031af6ed, 0xfa11fefd, 0x0311ee0a, 0x0f070e08, 0xf307f8ee, \
  0x13d5f817, 0x0a1405e5, 0xf901f808, 0x13faf805, 0x120502fa, 0x03e70009, 0xe6e70803, 0x0efd17da, \
  0x0f10ea02, 0x02edf4e3, 0x02eef905, 0x0ae8f704, 0x01fa0906, 0x0e100013, 0x0815fc07, 0xff080000, \
  0x00000000, 0x00f90600, 0x509884a0, 0x00000017, 0x00000000, 0x00000000, 0x4f000000, 0x00000000, \
  0x00000000, 0x00000000, 0x00000000, 0x00000000, 0x00000000, 0x00000000, 0x00000000, 0x00000000, \
  0x00000000, 0x00000000, 0x00000000, 0x00000000, 0x00000000, 0x00000000, 0x05f7e420, 0xe00912e3, \
  0xf1000000, 0x00000000, 0x00180000, 0x5098c000, 0x00000178, 0xfff3120a, 0xfc09ecf6, 0x0c0604db, \
  0x12eed204, 0xf4dafafa, 0xf9f8f8f7, 0xfcf6f803, 0xfcf901fa, 0xf7f7f7f7, 0x000100ff, 0xff010000, \
  0x00f70ef5, 0xfdf7f7fa, 0x07120703, 0xdafee1fd, 0xfdeee600, 0x00000000, 0x00000000, 0xe6f3dedd, \
  0xece7e9ea, 0xf2010000, 0xff000000, 0x000003ef, 0x0ada0319, 0xc8f81ae9, 0x03fff3f3, 0xe5e9fcf2, \
  0xf00003ff, 0xe7ed09ef, 0x08d2ade7, 0xcad4f5f7, 0x0236fd00, 0xf703f500, 0xf5fe03f6, 0x0700fafa, \
  0xf7f6f7fd, 0xfcf6fa07, 0x04fff70a, 0xf7f5faf5, 0x0106fe01, 0x0402f8ec, 0xd901f6da, 0xfdebf9f4, \
  0xecf3fae2, 0xee060e0b, 0xeff4dce4, 0xdcced9d2, 0xd2000000, 0x00ffff00, 0x0000f508, 0xfdeeeffb, \
  0x00f1fc20, 0xeaee1eed, 0x01ed00ee, 0x0e140519, 0x060011f4, 0x0d11ebed, 0x13f8f0ec, 0xeee6ec0c, \
  0x19f90904, 0x0500f8f1, 0xf6f6eef3, 0xeef0eced, 0x02fa09ff, 0xed07fd10, 0xfbedf0f0, 0xf006fc0b, \
  0xffffdfe6, 0xeee1eeed, 0x00f411f2, 0xedf1ed07, 0xfb010404, 0xdfcbd8e7, 0xe6e4f3e7, 0xeadd05f9, \
  0xdff4e9fd, 0xe4fdf300, 0x05fb0706, 0x0705fc0f, 0xeb0d03ea, 0x03f011f8, 0xed07f306, 0x02f5010d, \
  0xf700ffff, 0x00ff0000, 0xff00dfd1, 0xe8e1ecf0, 0xe2e9f105, 0x21261f10, 0x1c060bf4, 0x0102fe00, \
  0xfe010000, 0x030d0ff9, 0xf406ec0b, 0xe801fefc, 0xf2f9f100, 0xf7010409, 0xf707f4e8, 0x06fffcf8, \
  0xf4fe09f9, 0x050309fe, 0x0a0113f0, 0x03f2060b, 0xe8d3f6e8, 0xf409ef0e, 0x03daf7f0, 0xeef504f2, \
  0xf4f7faef, 0x0e0d0208, 0xe9eceaea, 0xe7020004, 0x0102fffd, 0x01000000, 0x00000000, 0x000000f8, \
  0xf9f5f8f1, 0xf5f8f9f7, 0x1116ec0b, 0x16e7ed08, 0xe0ede6e3, 0xeeebeaf0, 0xedeef9f8, 0x04f6f9fc, \
  0x0cfcfbf5, 0xf1f1f9f3, 0xeef8ecec, 0xfffffafc, 0x00f10009, 0xffef0ec3, 0xe4f8c8f8, 0xfbe61513, \
  0xfff9f3f9, 0x011308f5, 0xd7dbbdc7, 0xdfe2efdb, 0x08f7f2f5, 0x0df2f104, 0x080c11fc, 0xf00d0ae9, \
  0x0510fdf8, 0xf7110bf1, 0xf7f9eeee, 0x03fdebfe, 0xfeeef308, 0xfffeff02, 0x00fefefe, 0x04130612, \
  0x0df0f6fd, 0xf7f90211, 0x02ffff06, 0x130811f7, 0xfcf701f7, 0xf2fcfd00, 0x0808f9f4, 0x02fdff00, \
  0xfaf403f4, 0xfffd0402, 0xf303fcee, 0xfa0c0207, 0x0e070af6, 0x01fc07ee, 0xef05f2f4, 0x00f3fb07, \
  0x050af505, 0x050506f8, 0x03fb080c, 0x00fc00fe, 0x00000000, 0x000200ff, 0x0000ff00, 0x00feff00, \
  0xf6f7fa09, 0xf9fff9f8, 0x00ff0f07, 0x0c0019fa, 0x1a0001f5, 0xf500f3fa, 0x000209fe, 0x0100fefe, \
  0x01010001, 0xedec0501, 0xf1f7f4ed, 0xfd0ef910, 0xfaee09f5, 0xfffe0a06, 0xff0a02ff, 0x03f9ffea, \
  0xfaf3edfa, 0xf7030006, 0x0f09f313, 0x0f0e030c, 0xf8fc05ff, 0x000801fe, 0x07ff0101, 0xf2fb0bfd, \
  0xfbf40b05, 0x160d00f3, 0xf1f61108, 0xeefa05ee, 0xf2f1f1f4, 0xf3f9f2f8, 0xf90a0e05, 0x130f0000, \
  0x00000000, 0x00000014, 0xfa0105f4, 0x05fbf6f1, 0x01fb03f9, 0x04fbfff8, 0x0202ebf1, 0xfcf9050d, \
  0xf2f9fc09, 0x05fefd04, 0x01f3f708, 0xfd03f801, 0xfbfefbfd, 0xfc07fe06, 0xf3fc03f2, 0x01001ef7, \
  0xfb10fb08, 0x0e04fd02, 0x02ffff00, 0xfe01fff7, 0x1205f914, 0xf6190df9, 0xfe08f3f4, 0xf4f6090c, \
  0xee000000, 0x00000000, 0x00001201, 0x07faf61a, 0xfafb05f1, 0xf7fd11f6, 0x0910f50e, 0xfffef80c, \
  0x01000302, 0xfd000000, 0x00000000, 0x000000fe, 0x02fe030a, 0x04f90500, 0x00000000, 0x00000000, \
  0x04f706fb, 0x07f805fa, 0x070d04ff, 0x09121512, 0xf8faf9f8, 0xfd040d0e, 0xfa020a00, 0x00000000, \
  0x00000000, 0x00000000, 0x00000000, 0x00000000, 0x00000000, 0x00000000, 0x00000000, 0x0000000c, \
  0x12f70e01, 0x0dfa070a, 0x0b0200fa, 0xf405f4ef, 0x05f9f507, 0x09fb02f6, 0xf4f913f8, 0xfa0701fa, \
  0xf40afefe, 0x050406fb, 0xfbfc0909, 0x01091019, 0x0a0417f1, 0xff06f7ff, 0xfe02fafd, 0x05f6fe0c, \
  0xf5fb0cf5, 0x0500f910, 0xeeeff6ed, 0xfd0afdfb, 0x0301fffc, 0xfc0404fe, 0x00ffff00, 0x00000000, \
  0xff000402, 0xfcfaf902, 0x0503fffe, 0xf40a0110, 0x11f61bfb, 0x00000000, 0x00000000, 0x40000000, \
  0x00000000, 0x00000000, 0x00000000, 0x00000000, 0x00000000, 0x00000000, 0x00000000, 0x00000000, \
  0x00000000, 0x00000000, 0x00000000, 0x00000000, 0x00000000, 0x00000000, 0x00000000, 0x00000000, \
  0x00140000, 0x00000000, 0x00000000, 0x00000000, 0x00000000, 0x00000000, 0x00000000, 0x00000000, \
  0x00000000, 0x00000000, 0x00000000, 0x00000000, 0x00000000, 0x00000000, 0x00000000, 0x00000000, \
  0x00000000, 0x00000000, 0x00000000, 0x40000000, 0x00000000, 0x00000000, 0x00000000, 0x00000000, \
  0x00000000, 0x00000000, 0x00000000, 0x00000000, 0x00000000, 0x00000000, 0x00000000, 0x00000000, \
  0x00000000, 0x00000000, 0x00000000, 0xfc01f4e4, 0xfef8fa02, 0xf4e4e90c, 0xee00eeef, 0xf6fff4dc, \
  0x0af6e1f7, 0x14edf405, 0x05e4e9dc, 0xcc01f107, 0xfbeb0406, 0xede5fef7, 0xf3f6ebf1, 0xfee1f6e2, \
  0xe3d1faf5, 0x08f3fdfc, 0xe1f10dfe, 0xf5f502fe, 0xf5edf201, 0xe9f5fcf9, 0xf8f3fef1, 0xf902f609, \
  0x0409ddfe, 0xf205e402, 0xf60102f2, 0xfdf40d11, 0xeb0afbf4, 0xdef60102, 0x1d0e0304, 0xf4f60c03, \
  0xf0fce9fe, 0xdff1f40c, 0xf2ea0000, 0x00000000, 0x00ff0000, 0x5098c2a0, 0x00000022, 0x1205fc0e, \
  0x0bef0207, 0x18fdf9fd, 0xf611f30f, 0xfbf800f1, 0xfd030a1a, 0x01effe08, 0x10fe0809, 0x09eb0403, \
  0xfafc04fb, 0xfb04fcfe, 0xeff9e901, 0xfdfef402, 0x00f60cfc, 0x0d13fef1, 0xf7f4fb0f, 0x02fe05ec, \
  0x001c00f2, 0xf201fff1, 0x03070b13, 0xf3fc0e0d, 0xf9f80606, 0xfaf71013, 0x090cf21f, 0xff08feea, \
  0xff111306, 0xe9070104, 0xf50de504, 0x08e8f604, 0xfbf8000b, 0xde0ef50b, 0x17ed0000, 0x00000000, \
  0x00f10600, 0x5098c2e0, 0x00000058, 0x00000000, 0x00000000, 0x3d000000, 0x00000000, 0x00000000, \
  0x00000000, 0x00000000, 0x00000000, 0x00000000, 0x00000000, 0x00000000, 0x00000000, 0x00000000, \
  0x00000000, 0x00000000, 0x00000000, 0x00000000, 0x00000000, 0x00000000, 0x00070000, 0x00000000, \
  0x00000000, 0x00000000, 0x00000000, 0x00000000, 0x00000000, 0x00000000, 0x00000000, 0x00000000, \
  0x00000000, 0x00000000, 0x00000000, 0x00000000, 0x00000000, 0x00000000, 0x00000000, 0x00000000, \
  0x00000000, 0x3f000000, 0x00000000, 0x00000000, 0x00000000, 0x00000000, 0x00000000, 0x00000000, \
  0x00000000, 0x00000000, 0x00000000, 0x00000000, 0x00000000, 0x00000000, 0x00000000, 0x00000000, \
  0x00000000, 0xe70df002, 0xfffee905, 0xfdfbe4e6, 0x00fafbd4, 0xfa00f3f7, 0x0eece2fd, 0x1af8f7d4, \
  0xdcf4f1f9, 0x0305eafe, 0xf6e3f2fe, 0xe4d503d1, 0xe2fbfcdf, 0x02f6ecfb, 0xf9f9f3fd, 0x0f25dfd5, \
  0x0bf6dcec, 0xe7e9d9e4, 0xc9f0f915, 0xe6f602e3, 0xe4c6f4f8, 0xff04e703, 0xfdfcd6f5, 0xf20ff3ef, \
  0xc4ddf8fd, 0xefececc9, 0xf509fddb, 0xdf11fdf5, 0xeab8eafa, 0xfaf8eff1, 0x04f500e9, 0xf6e0d103, \
  0xdd0c0000, 0x00000000, 0x0007eb00, 0x5098c380, 0x00000022, 0xfe141a04, 0xf3120314, 0xf3fc15f5, \
  0x05fcfd05, 0xfb0e1600, 0xe71600fc, 0x0803020f, 0xe4f10802, 0x02ff10ec, 0x08f615f2, 0xf5fc0509, \
  0x08f2fbf7, 0xe90af8f5, 0x120d080a, 0x20030d12, 0x0000f40e, 0xe8ef06fc, 0xea01f9f3, 0xfcf600f0, \
  0xf8fcf209, 0x07fa0405, 0x1f01f405, 0xfaf00cfd, 0x0d00f2d6, 0xfb04dc0f, 0xeb11fcf6, 0x07fa02fa, \
  0xfb00fcfa, 0xfe16fcfa, 0x01f907f3, 0x29f9e7f6, 0xf0fa0000, 0x00000000, 0x00f90900, 0x5098c3c0, \
  0x00000058, 0x00000000, 0x00000000, 0x75000000, 0x00000000, 0x00000000, 0x00000000, 0x00000000, \
  0x00000000, 0x00000000, 0x00000000, 0x00000000, 0x00000000, 0x00000000, 0x00000000, 0x00000000, \
  0x00000000, 0x00000000, 0x00000000, 0x00000000, 0x00e40000, 0x00000000, 0x00000000, 0x00000000, \
  0x00000000, 0x00000000, 0x00000000, 0x00000000, 0x00000000, 0x00000000, 0x00000000, 0x00000000, \
  0x00000000, 0x00000000, 0x00000000, 0x00000000, 0x00000000, 0x00000000, 0x00000000, 0x3e000000, \
  0x00000000, 0x00000000, 0x00000000, 0x00000000, 0x00000000, 0x00000000, 0x00000000, 0x00000000, \
  0x00000000, 0x00000000, 0x00000000, 0x00000000, 0x00000000, 0x00000000, 0x00000000, 0xee0c09ea, \
  0xfcf001fd, 0xf3fbf701, 0xf3e4fc03, 0xf4f9e804, 0xfeeaf9ff, 0xee01eff5, 0x01f5e5e9, 0xfbe7fcf8, \
  0xddf5f8f3, 0x01db1501, 0xfdf2e609, 0xffe0fe01, 0xf5fe08ff, 0xf0ed0303, 0x00e9f301, 0xf804fa10, \
  0x020ff5fd, 0xd6e9f9d8, 0xffe3ec0f, 0xeaff0ef5, 0xddf102f0, 0xfaf102ff, 0x02edfe0a, 0xedfef9ec, \
  0xe7f4f5f8, 0xbcf0ebfd, 0x0deff2fb, 0xd6e301f4, 0xe913e6f2, 0x0df1e402, 0x06eb0000, 0x00000000, \
  0x00fde800, 0x5098c460, 0x00000022, 0xfffb0c0a, 0xf3021bf3, 0xf9fc010a, 0x05f9ff02, 0xff0106fb, \
  0x03fded06, 0xfdfc06ef, 0xf906fe04, 0x1704080c, 0x08080d02, 0xfa0f04fb, 0xf609f810, 0xfbf9fcfd, \
  0x0503fe04, 0x0d05f209, 0x030204ff, 0xf1fe010d, 0x1007160f, 0xf2fa0602, 0xfa08eafc, 0x1cfbfd09, \
  0xfff7f7f3, 0xe9f30f07, 0x11f807f2, 0xfcf5e900, 0xf70afd04, 0x000c00fe, 0xfb06f80b, 0xeefe000f, \
  0xfc020d01, 0x1108fe13, 0xf3fe0000, 0x00000000, 0x00090a00, 0x5098c4a0, 0x00000017, 0x00000000, \
  0x00000000, 0x4d000000, 0x00000000, 0x00000000, 0x00000000, 0x00000000, 0x00000000, 0x00000000, \
  0x00000000, 0x00000000, 0x00000000, 0x00000000, 0x00000000, 0x00000000, 0x00000000, 0x00000000, \
  0x00000000, 0x06f0fb02, 0xf31123d0, 0xf8000000, 0x00000000, 0x00090000, 0x50990000, 0x00000178, \
  0xe0f6d309, 0x12f6d9f4, 0xd3050314, 0xf0e20809, 0xeef9f8f6, 0xf4f8f6f5, 0xf7f4f4fd, 0xfcf9fafa, \
  0xfbfefffe, 0x00000000, 0x00000000, 0xfff1f704, 0xfdece413, 0x01060bfb, 0x03f8ed09, 0xedeb0500, \
  0x00000000, 0x00000000, 0xe1edecff, 0xede609ea, 0x03000000, 0x00000000, 0x0000f0ff, 0xdbdf050d, \
  0xe6bfca19, 0x00f90812, 0x08eeebfa, 0x02f913ea, 0xf1fced09, 0x0601f3f8, 0xfcdafde2, 0xd6fb0000, \
  0x000000ff, 0x0000ff02, 0xfdf3fe08, 0xfafdf905, 0xfefffe03, 0xfdfe0201, 0xfff7f2ef, 0x06f70201, \
  0x05000607, 0x0708fd03, 0xffea01f2, 0x11fedae8, 0xede9fae0, 0x29fbe70a, 0x13d91d04, 0xe8000000, \
  0x00000000, 0x0000ecec, 0xf5e9f9fc, 0xf0eff9f6, 0x1a0efff4, 0x01100f11, 0xe2e8cff4, 0xe6e5d7d5, \
  0xce0df0fe, 0xf90d1b38, 0x1c3211f1, 0xf1eb02f1, 0x0103e5f9, 0xfafaf7f6, 0xf8f5f4f3, 0xfdf602fa, \
  0x02fc0303, 0xfd06fc0a, 0x0703fbfc, 0x01011bfd, 0x1ae90307, 0x0708f1fd, 0xfbf7f902, 0xfb0003fc, \
  0xf6efed0a, 0x050608fe, 0x17281d17, 0x18181c27, 0x221504f7, 0x06f801fe, 0xfdfdfcfd, 0xfff80000, \
  0x00fffffc, 0x01f211f5, 0xf809f8ff, 0x08000000, 0x00000000, 0x0000e9e9, 0x02f4ecf1, 0x070104cd, \
  0xc3e4e6e8, 0xc9f6f3e9, 0x00000000, 0x00000000, 0x00f20af4, 0x00fceffa, 0xfdf201f4, 0xfd0cf900, \
  0xfdf4f2e9, 0x05fdfbfb, 0xf6071609, 0xffff00ff, 0x0000ff00, 0x00121e29, 0xf4fafee2, 0xeaf22f1d, \
  0x100b2a2a, 0xfefe05fb, 0xf401fbf8, 0xfcf1f7f5, 0x0de501e7, 0xe8f7f900, 0xf3000000, 0x00000100, \
  0xffff0000, 0x01000002, 0xff01fef6, 0xf7f9f6f6, 0xf6f5f6f7, 0x04f3f8e4, 0xf1e3f6e4, 0xde030202, \
  0xfbfafaef, 0xeded01ff, 0x00000000, 0xfffffff9, 0xf7f1f2f1, 0xf7f0f4f5, 0x00000000, 0xfefcfbfa, \
  0xfc24fdf6, 0x0201fe0a, 0xfbebf4ed, 0xcfebe2cc, 0xddd9bfee, 0x0d2efff1, 0xe0d6e819, 0xfdfa0600, \
  0xfb040001, 0x00e6e9f6, 0xfeea0f2b, 0x260701f2, 0x01fe04f4, 0x04fd08fd, 0xfefc00ff, 0xfc000000, \
  0xff02fa06, 0xfd04fdfe, 0x06fcf800, 0xf4fe07fc, 0xff00030b, 0xff1bf9f8, 0x1c08fc03, 0x14eefa03, \
  0x1423f908, 0xf70f12f1, 0xf5f2f60d, 0xfbf5070a, 0xf102fcf6, 0x0b03faed, 0xf5f00bed, 0xf40ceff2, \
  0x07180210, 0x0500f50b, 0xf508f7f8, 0xf70409f3, 0x100bf6ff, 0x0c0916ed, 0x09ef0000, 0xfa000000, \
  0x00fe0006, 0x080f0205, 0xf9fdf1f8, 0xf1f3f3ff, 0x02f009f0, 0x04fe0d00, 0x12fbfffe, 0x0705fa01, \
  0x000000ff, 0x000000fc, 0x00fb0301, 0xfcfffdfe, 0xfff5f0fb, 0x01030a19, 0x0c07fe06, 0x12130806, \
  0x12f3fcfa, 0x01fdff04, 0x01fd05f6, 0x1b1e0afd, 0x150afc15, 0xfb111005, 0xf1f205f5, 0xf5000002, \
  0x00000000, 0x0000fcfc, 0xf1f00c12, 0x0fff14e4, 0x0202f8fb, 0xfde509f7, 0x061314f9, 0x0609ecf6, \
  0x0bfef7fe, 0xf5080001, 0xfdfc0000, 0x00000000, 0x000100f9, 0x07ff06f8, 0x05fd08f9, 0x0002fe01, \
  0x01010100, 0x001504f2, 0x160df2fd, 0xf4040e0f, 0x0a00f808, 0x01050c0b, 0xf3f60701, 0xfb00f705, \
  0xfe00f7f8, 0x04fdfef5, 0xf713fbe7, 0xfb19f70e, 0xfdfcfefd, 0x020401fc, 0x00fefef5, 0xf5f0f709, \
  0xfd0201fd, 0xfe0102fb, 0xfbf70c09, 0xfbff0000, 0x01000001, 0x01000e0a, 0xfd0d08fd, 0xf9f80eea, \
  0xf703ea02, 0xfe0208fd, 0x0516fc0c, 0x05f00dfd, 0x0f000000, 0x00000000, 0x0000f6f2, 0x05feef0c, \
  0x0c080800, 0x00000000, 0x00000000, 0xf4fa0009, 0xfcf7f606, 0x03fef3fb, 0x1afcfcff, 0x01fffaef, \
  0x0ff7000f, 0x1503f600, 0x00000000, 0x00000000, 0x00000000, 0x00ff0000, 0x00fa0000, 0x060000f4, \
  0x00000000, 0x00000000, 0x000000fd, 0xfa04f7f3, 0xf30f070a, 0x06130cff, 0x09170904, 0x0b05f4f9, \
  0x03040c0b, 0x02010f0a, 0xf904f5fa, 0x04040511, 0x06f2fd05, 0x05f9030a, 0x1510fe1f, 0x01071109, \
  0x0b0906f7, 0x04f4f308, 0xf9020a03, 0x130df90d, 0xed14f700, 0xfdf90219, 0xfa04f7f5, 0xf70107f9, \
  0xfe08f9fb, 0xfa000000, 0x00000000, 0x00fe0000, 0x00000000, 0x00000008, 0x0208f6fa, 0xf71709fc, \
  0x00000000, 0x00000000, 0x3d000000, 0x00000000, 0x00000000, 0x00000000, 0x00000000, 0x00000000, \
  0x00000000, 0x00000000, 0x00000000, 0x00000000, 0x00000000, 0x00000000, 0x00000000, 0x00000000, \
  0x00000000, 0x00000000, 0x00000000, 0x001f0000, 0x00000000, 0x00000000, 0x00000000, 0x00000000, \
  0x00000000, 0x00000000, 0x00000000, 0x00000000, 0x00000000, 0x00000000, 0x00000000, 0x00000000, \
  0x00000000, 0x00000000, 0x00000000, 0x00000000, 0x00000000, 0x00000000, 0x3e000000, 0x00000000, \
  0x00000000, 0x00000000, 0x00000000, 0x00000000, 0x00000000, 0x00000000, 0x00000000, 0x00000000, \
  0x00000000, 0x00000000, 0x00000000, 0x00000000, 0x00000000, 0x00000000, 0x0c1620f8, 0x0a13000b, \
  0x19200f11, 0xff210616, 0x1d30132a, 0xfb0b3218, 0x17090508, 0x000f1218, 0x302a0e19, 0x27350e0a, \
  0x1c1a1007, 0x1d081814, 0x151b1111, 0x1e262f0f, 0x0e131216, 0x17241328, 0x0f221e08, 0x1c1bfe12, \
  0x2721190f, 0x001d071a, 0x09160e0e, 0x082f330d, 0x1614241c, 0x0c061919, 0x07fa082d, 0x03151620, \
  0x28fefb07, 0xee221a11, 0x12072418, 0x0c1c2315, 0x120e0921, 0x1c1a0000, 0x00000000, 0x000afe00, \
  0x509902a0, 0x00000022, 0x17f8090d, 0xfd02ec0f, 0xf20c0c06, 0x1101feef, 0x03fdf70d, 0xf0110d14, \
  0xfbe90df7, 0x00170c0d, 0xfff70714, 0xf4f10f0b, 0x01f0fe0a, 0xf4fdfffa, 0xf1e20dff, 0x01fc0502, \
  0x01fbf9fe, 0x11defc0f, 0xf30eebf0, 0x07f60a07, 0xfb0ffc04, 0x150fe7fa, 0x14fa0726, 0x0cfcf4f3, \
  0xf6f404f9, 0x05eaf301, 0x00eafc0c, 0xec12f1eb, 0x0610ef15, 0x01ef020a, 0x15ed11ea, 0x06fdfde4, \
  0xfe08f70d, 0xf1f90000, 0x00000000, 0x00f4fe00, 0x509902e0, 0x00000058, 0x00000000, 0x00000000, \
  0x3d000000, 0x00000000, 0x00000000, 0x00000000, 0x00000000, 0x00000000, 0x00000000, 0x00000000, \
  0x00000000, 0x00000000, 0x00000000, 0x00000000, 0x00000000, 0x00000000, 0x00000000, 0x00000000, \
  0x00000000, 0x000b0000, 0x00000000, 0x00000000, 0x00000000, 0x00000000, 0x00000000, 0x00000000, \
  0x00000000, 0x00000000, 0x00000000, 0x00000000, 0x00000000, 0x00000000, 0x00000000, 0x00000000, \
  0x00000000, 0x00000000, 0x00000000, 0x00000000, 0x3d000000, 0x00000000, 0x00000000, 0x00000000, \
  0x00000000, 0x00000000, 0x00000000, 0x00000000, 0x00000000, 0x00000000, 0x00000000, 0x00000000, \
  0x00000000, 0x00000000, 0x00000000, 0x00000000, 0xee131a13, 0x132805fe, 0x0dfb1611, 0x260e142e, \
  0x18030c10, 0x19031afb, 0x33050c22, 0x1e1909ef, 0x11ff08f3, 0xe6131706, 0x1b160d1d, 0x2208fa16, \
  0x031b000e, 0x1503f005, 0x031d0c1c, 0xfc052a01, 0x0816211a, 0x200a1b0e, 0x050ffb05, 0x11270905, \
  0x0aff160e, 0x0105fbfe, 0xfefbfe16, 0x12f21012, 0x1802221b, 0xf8f3fe0c, 0x1afbf713, 0x1efd0bfc, \
  0x0c0af117, 0x13120603, 0x16031503, 0x18fe0000, 0x00000000, 0x000a0200, 0x50990380, 0x00000022, \
  0x04ec1d0b, 0xf618eafd, 0xf2f90a00, 0xfdf6f7fd, 0x0506120f, 0xf1f00305, 0x0de9f018, 0xf1160408, \
  0xff0e15f2, 0xfa000518, 0xed021406, 0x0a0fefef, 0xfd0401ef, 0x051a13ef, 0x1cf1ff1f, 0x0de6edf9, \
  0xfef3082d, 0xee23060e, 0x0afdf5f3, 0xff0af312, 0x0e131501, 0x1dfbe4d9, 0xf6130ef7, 0x1514f4fb, \
  0xf700e60d, 0xf70306eb, 0x02f902f2, 0x04eafdf9, 0x1308f5fd, 0x05010b16, 0x1322ed06, 0xf0070000, \
  0x00000000, 0x00fe1100, 0x509903c0, 0x00000058, 0x00000000, 0x00000000, 0x6b000000, 0x00000000, \
  0x00000000, 0x00000000, 0x00000000, 0x00000000, 0x00000000, 0x00000000, 0x00000000, 0x00000000, \
  0x00000000, 0x00000000, 0x00000000, 0x00000000, 0x00000000, 0x00000000, 0x00000000, 0x00150000, \
  0x00000000, 0x00000000, 0x00000000, 0x00000000, 0x00000000, 0x00000000, 0x00000000, 0x00000000, \
  0x00000000, 0x00000000, 0x00000000, 0x00000000, 0x00000000, 0x00000000, 0x00000000, 0x00000000, \
  0x00000000, 0x00000000, 0x3d000000, 0x00000000, 0x00000000, 0x00000000, 0x00000000, 0x00000000, \
  0x00000000, 0x00000000, 0x00000000, 0x00000000, 0x00000000, 0x00000000, 0x00000000, 0x00000000, \
  0x00000000, 0x00000000, 0xfcebdff8, 0xfc080cf2, 0x0c0cfc0a, 0xfa10021d, 0x090c0d01, 0x0001f5f2, \
  0x17040afc, 0xf106fd0c, 0x0500f30c, 0xe01d0e02, 0xf506eff7, 0x060203fe, 0xf7f4f509, 0xeef6140b, \
  0x07f804fe, 0xd3f90efa, 0xfff200f0, 0x21f5feff, 0x0d04fff6, 0xfa080df8, 0x180e0709, 0x100c01fe, \
  0xf713f8f2, 0xf50402f9, 0x27fffb09, 0x010c0612, 0x1414fcfc, 0xf00bfdf3, 0x0dfafa1d, 0xf3fc010e, \
  0xf2161f18, 0xf6030000, 0x00000000, 0x00140900, 0x50990460, 0x00000022, 0x150717fc, 0xfff704fb, \
  0x0c04f206, 0xd5030100, 0x02ffedf4, 0x03ecf414, 0x020712ea, 0x08f5eb19, 0x1218eefe, 0x1108e9f1, \
  0x0302fd04, 0xe2f70e01, 0xfe08fbff, 0x100e1412, 0x0bee0807, 0xffede3f3, 0xf501f9fa, 0x20010e07, \
  0xfb0509f8, 0x1608eb0a, 0x2508e108, 0x04f404f8, 0xf9f5ea10, 0xf90312f4, 0xe8eb08fc, 0x04fbff15, \
  0xfc0fff04, 0x00f1ec02, 0x01f80bf6, 0xfb19fb0e, 0x0f040efc, 0xe7f90000, 0x00000000, 0x0003fc00, \
  0x509904a0, 0x00000017, 0x00000000, 0x00000000, 0x53000000, 0x00000000, 0x00000000, 0x00000000, \
  0x00000000, 0x00000000, 0x00000000, 0x00000000, 0x00000000, 0x00000000, 0x00000000, 0x00000000, \
  0x00000000, 0x00000000, 0x00000000, 0x00000000, 0x140c18d1, 0xee001031, 0xf4000000, 0x00000000, \
  0x00ef0000, 0x50994000, 0x00000178, 0x1dfd03f5, 0xf9f4f5f3, 0xe8eae60c, 0xf6eb03e5, 0xf3f6f7f7, \
  0xfaf6f6f9, 0xf5f5f7fd, 0xfefcfdff, 0xfcfcfcfa, 0x000100ff, 0x0200ffff, 0x00f9070a, 0x03f8e9f2, \
  0xf5f4edd5, 0xe5e7f7fc, 0xebdcec00, 0x00000000, 0x00000000, 0x050c11f9, 0x0d020b0a, 0x1100ffff, \
  0x00000000, 0x000013f0, 0xd513e4f5, 0x141feeea, 0xf3fde704, 0x14f7fcea, 0xf701f6f1, 0xec1cfdfe, \
  0x00e61006, 0x0512d7f5, 0x011e0001, 0xff0101fe, 0x00fefe00, 0xfefdff00, 0xff000101, 0x0203fdff, \
  0xfa030303, 0x05f9faf9, 0xf3fafafb, 0xfdfdc5e2, 0xe0ccd6d3, 0xf6ffeae4, 0xf4ecdd00, 0xe6f30e11, \
  0xf703fde7, 0x0814ffed, 0x1b000001, 0x00000000, 0x0000e9f8, 0x100600fa, 0xfaebf2d8, 0xd2f6f3f6, \
  0xdfdff1e5, 0xfff60eec, 0xf7f903f6, 0xfee9f2e5, 0xd0f807e5, 0xdcf7f703, 0xe80306f0, 0xf8f6edf4, \
  0xf3f5f5f5, 0xf4faf7f9, 0xf606f6f1, 0x02fef7fb, 0xfdff0000, 0x0000fd00, 0xff02ef07, 0x02f1e80e, \
  0xf9edea04, 0xfb09f901, 0xfdfdfa0a, 0x030d2725, 0x060af1ea, 0xe2fd11ed, 0xf0e2fcf7, 0x0b0bf2f6, \
  0xf5f001fc, 0xeef5010d, 0x0d0b0af2, 0xfef0eaff, 0xf4f006f8, 0xf107fdfe, 0xe9000000, 0x00000000, \
  0x000017f3, 0xebfbf3f8, 0x1304f9eb, 0x0215daf5, 0x00d2e1db, 0x00000000, 0x00000000, 0x00f80501, \
  0x0efdf805, 0x0bff0000, 0xf6fcf301, 0xf2f7fbef, 0x03ede6fe, 0x08e3f9ea, 0x00000100, 0xff04ff00, \
  0xfe0305f3, 0x0109fa04, 0xef15f3ee, 0x09ee0011, 0xf6faecf5, 0xf3f9f5fc, 0xf6f7faf8, 0x02f001ef, \
  0xf404edfc, 0x00000000, 0xff000000, 0x0000fdf9, 0xf803fe03, 0x0102faf7, 0xfefcf7fd, 0xfdf7fa01, \
  0x00e90108, 0xef1bed13, 0x12edeeee, 0xf1eceeee, 0xecf0fc03, 0xfd0600f8, 0x070406e3, 0xefede6f3, \
  0xf4f2faff, 0xfb00fffe, 0x00feff00, 0x03fdfaf2, 0xfaec0d02, 0xf42ce7fe, 0xf8dbe30e, 0x03f10ee9, \
  0xe8e20a0a, 0x3303e8f0, 0x0a00f903, 0x02fdf9f6, 0xfec9dbfe, 0xe4fef4fe, 0xfaf4f90f, 0xf9f2f70c, \
  0x061207fe, 0xf9fc0707, 0x04fb08fe, 0x00000000, 0x00000000, 0x00000000, 0x00000000, 0x00000000, \
  0x00000000, 0x00000000, 0x00000000, 0x00000000, 0x00000000, 0x00000000, 0x00000000, 0x00000000, \
  0x00000000, 0x00000000, 0x00000000, 0x00010000, 0x00000001, 0x01ff0000, 0xff0100ff, 0x02000000, \
  0x00000000, 0x00000000, 0x00000000, 0x00000000, 0x00000000, 0x00000000, 0x0001ff00, 0x00010000, \
  0xff000000, 0x00000000, 0x00000000, 0x00000000, 0x00000000, 0x00000000, 0x00000000, 0x00000000, \
  0x00000000, 0x00000000, 0x00000000, 0x00000000, 0x00000000, 0x00000000, 0x00000000, 0x00000000, \
  0x00000000, 0x00000000, 0x00000000, 0x00000000, 0x00000000, 0x00000000, 0x00000000, 0x00000000, \
  0x00000000, 0x00000000, 0x00000000, 0x00000000, 0x00000000, 0x00000000, 0x00000000, 0x00000000, \
  0x00000000, 0x00000000, 0x00000000, 0x00000000, 0x000204ff, 0xfd040501, 0x01050000, 0x00000000, \
  0x00000000, 0x00000000, 0x00000000, 0x00000000, 0x00000000, 0x00000000, 0x00000000, 0x00000000, \
  0x00000000, 0x00000000, 0x00000000, 0x00000000, 0x0000ff00, 0x00010000, 0x00000000, 0x00000000, \
  0x00000000, 0x00000000, 0x00000000, 0x00000000, 0x00000000, 0x00000000, 0x00000000, 0x00000000, \
  0x00000000, 0x0000ff00, 0x01ff0000, 0x00000000, 0x00000000, 0x00000000, 0x00000000, 0x00000000, \
  0x00000000, 0x00000000, 0x00000000, 0x00000000, 0x00000000, 0x00000000, 0x00000000, 0x00000000, \
  0x00000000, 0x00000000, 0x00000000, 0x00000000, 0x00000000, 0x00000000, 0x00000000, 0x00000000, \
  0x00000000, 0x00000000, 0x00000000, 0x00000000, 0x00000000, 0x00000000, 0x000000fe, 0xff020001, \
  0xffff0101, 0x00000000, 0x00000000, 0x00000101, 0x00000000, 0x00010000, 0x00000000, 0x00000000, \
  0x00000000, 0x00000000, 0x00000000, 0x00000000, 0x00000000, 0x00000000, 0x00000000, 0x00000000, \
  0x00000000, 0x00000000, 0x00000000, 0x00000000, 0x00000000, 0x41000000, 0x00000000, 0x00000000, \
  0x00000000, 0x00000000, 0x00000000, 0x00000000, 0x00000000, 0x00000000, 0x00000000, 0x00000000, \
  0x00000000, 0x00000000, 0x00000000, 0x00000000, 0x00000000, 0x00000000, 0x00f80000, 0x00000000, \
  0x00000000, 0x00000000, 0x00000000, 0x00000000, 0x00000000, 0x00000000, 0x00000000, 0x00000000, \
  0x00000000, 0x00000000, 0x00000000, 0x00000000, 0x00000000, 0x00000000, 0x00000000, 0x00000000, \
  0x00000000, 0x3d000000, 0x00000000, 0x00000000, 0x00000000, 0x00000000, 0x00000000, 0x00000000, \
  0x00000000, 0x00000000, 0x00000000, 0x00000000, 0x00000000, 0x00000000, 0x00000000, 0x00000000, \
  0x00000000, 0x02f9eaf2, 0xf3f7eafa, 0xf0effafd, 0x00f6f7fd, 0x0cfae9f2, 0x16f9f105, 0xfced0bef, \
  0x0be4f4f6, 0xf0f1ebf8, 0xe200f404, 0xf4f2fefe, 0xf5e9da03, 0xf2e3f9ed, 0xf4f6f604, 0x03f3f5f9, \
  0xe1eded01, 0xec02fdfc, 0xfcf8d9f7, 0xf909defd, 0xe9e4dd02, 0xfd06f7f8, 0x09f1f0f2, 0xd408f0fc, \
  0xed0119fb, 0xfffbfa02, 0xf20202f6, 0xf3f2eff8, 0x17f9effe, 0xfcfd03f0, 0xe0efe9e6, 0xf2efe5f4, \
  0xf6e40000, 0x00000000, 0x00fb1100, 0x509942a0, 0x00000022, 0x060601f9, 0x05e50e11, 0x29fe031a, \
  0x01f503f5, 0xfc1df902, 0x02f5fffb, 0x02faf402, 0x1f100f16, 0x1bfcfcf3, 0x1f15fc03, 0x00e8f7fb, \
  0xfcfd01f2, 0xf0f8fc08, 0xf2fbfd06, 0xfb0107f0, 0xe505fd11, 0x0b07f1eb, 0xfe1010f9, 0xe805f8ef, \
  0x0d1712fe, 0x06fae600, 0x08100a03, 0xfff9e710, 0x0703010e, 0xea01eb03, 0x0af41712, 0xedee0217, \
  0x0a010afd, 0xf1fdf30c, 0x0905edf9, 0x00010f08, 0x0fe40000, 0x00000000, 0x0007f000, 0x509942e0, \
  0x00000058, 0x00000000, 0x00000000, 0x3a000000, 0x00000000, 0x00000000, 0x00000000, 0x00000000, \
  0x00000000, 0x00000000, 0x00000000, 0x00000000, 0x00000000, 0x00000000, 0x00000000, 0x00000000, \
  0x00000000, 0x00000000, 0x00000000, 0x00000000, 0x00fc0000, 0x00000000, 0x00000000, 0x00000000, \
  0x00000000, 0x00000000, 0x00000000, 0x00000000, 0x00000000, 0x00000000, 0x00000000, 0x00000000, \
  0x00000000, 0x00000000, 0x00000000, 0x00000000, 0x00000000, 0x00000000, 0x00000000, 0x3e000000, \
  0x00000000, 0x00000000, 0x00000000, 0x00000000, 0x00000000, 0x00000000, 0x00000000, 0x00000000, \
  0x00000000, 0x00000000, 0x00000000, 0x00000000, 0x00000000, 0x00000000, 0x00000000, 0xe100f8fc, \
  0xfaebf9ed, 0xffe6f2ff, 0xf600ece5, 0xfc0209f4, 0xf5f2fdfa, 0xf7f9f0f7, 0xf5e60bef, 0xe0f007f9, \
  0xedcfedf3, 0xe2ecf5e3, 0xfffe01f0, 0x00e3faf3, 0xebf4fcfd, 0x15fbe4e6, 0xf6ebdadd, 0xe9dbf3e4, \
  0xf7f3e014, 0xf7f4f6f7, 0xe3e0fafe, 0xeefde9ea, 0xfdf5f6f5, 0xf00cfbf3, 0xe906f4fe, 0xf9fcd9f1, \
  0xf90a16dd, 0xfcf609fc, 0xe8f711d8, 0x0a15e2cb, 0xf1ebecf0, 0xffd9def8, 0xe9fe0000, 0x00000000, \
  0x00fef400, 0x50994380, 0x00000022, 0x0b0a2bff, 0xf3f203fb, 0xe5e8f805, 0x0eeb0d05, 0x19111112, \
  0xebfff7fb, 0xfe0e1207, 0xf6f8fe05, 0xed05fffa, 0x10120b01, 0xf202ff06, 0x0207f7fa, 0xee1703fc, \
  0x1c0a1108, 0x100318fa, 0x0219ffe8, 0xf0eef21a, 0xf40a00fc, 0x1cecf7f8, 0xf8f6f2fe, 0x1105f1fa, \
  0x10f0e711, 0xeaf611f9, 0x0d06fbfb, 0xff06eef7, 0xf000f5e0, 0xf9e6f308, 0xfc010bf6, 0x00fdfd06, \
  0x0f17110a, 0x17f4ef04, 0xf3ed0000, 0x00000000, 0x00ff1c00, 0x509943c0, 0x00000058, 0x00000000, \
  0x00000000, 0x6f000000, 0x00000000, 0x00000000, 0x00000000, 0x00000000, 0x00000000, 0x00000000, \
  0x00000000, 0x00000000, 0x00000000, 0x00000000, 0x00000000, 0x00000000, 0x00000000, 0x00000000, \
  0x00000000, 0x00000000, 0x00fc0000, 0x00000000, 0x00000000, 0x00000000, 0x00000000, 0x00000000, \
  0x00000000, 0x00000000, 0x00000000, 0x00000000, 0x00000000, 0x00000000, 0x00000000, 0x00000000, \
  0x00000000, 0x00000000, 0x00000000, 0x00000000, 0x00000000, 0x3d000000, 0x00000000, 0x00000000, \
  0x00000000, 0x00000000, 0x00000000, 0x00000000, 0x00000000, 0x00000000, 0x00000000, 0x00000000, \
  0x00000000, 0x00000000, 0x00000000, 0x00000000, 0x00000000, 0xf1011208, 0xf1f4f0fa, 0xf604fcf6, \
  0xd3050300, 0xf1fb020a, 0xefd9f3e9, 0xfb04fdeb, 0xe2eae6e6, 0xf1fe11e8, 0xe00be2e9, 0xffe110fa, \
  0xe3f9e501, 0xf8cafbfe, 0xecf2e7fc, 0xdee805eb, 0x18e4eef2, 0xf8f60608, 0xebfefd00, 0xe0eff401, \
  0xe7f0e505, 0xeee804d1, 0xd1e806d5, 0x03df08ff, 0x0ef600fe, 0xea0700fe, 0xf5eeee04, 0xf4f3f1fb, \
  0xfbd2fb08, 0xf307f403, 0xf014d801, 0x11fb0f09, 0x0be40000, 0x00000000, 0x00fde800, 0x50994460, \
  0x00000022, 0x1f0b041a, 0x0818ff15, 0xf1e50cdc, 0x0401dcf6, 0x054508f8, 0x0bd3ff04, 0xfc060c2e, \
  0xfbf71606, 0x04ef08e2, 0x04dd0afe, 0x05d201ed, 0x06e60afb, 0xf9fe0720, 0xf5120411, 0x0fedfffb, \
  0x16f90d11, 0xeaf1f529, 0x1400fe23, 0xff05f704, 0x0105fb0c, 0xfbe518f6, 0xf113f00d, 0x02ed01d5, \
  0xfc0df2c4, 0xe71a0419, 0x0009e8fb, 0xe3f90108, 0xfde4e208, 0x0bf9f5fe, 0xff0111ff, 0x1b03f8d7, \
  0x10ee0000, 0x00000000, 0x00deff00, 0x509944a0, 0x00000017, 0x00000000, 0x00000000, 0x4e000000, \
  0x00000000, 0x00000000, 0x00000000, 0x00000000, 0x00000000, 0x00000000, 0x00000000, 0x00000000, \
  0x00000000, 0x00000000, 0x00000000, 0x00000000, 0x00000000, 0x00000000, 0x00000000, 0x09fa1bfd, \
  0x09f201d3, 0xe6000000, 0x00000000, 0x00190000, 0x50998000, 0x00000178, 0xecfa09f8, 0x10f91616, \
  0x050b0a05, 0x00fecaf8, 0x08f9f6fe, 0xf7faf7f7, 0xfcf6f7f7, 0x01f2fdf6, 0xf7f7f7f5, 0x02fe01ff, \
  0xfefe0101, 0x0000e7f4, 0xf80501e9, 0x020b0613, 0xff11f5f3, 0xfa07e900, 0x00000000, 0x00000000, \
  0xf3edf2fe, 0xf6f7f0e0, 0xf7ff0000, 0x01ff0001, 0xfe00f806, 0x16e7f813, 0xf9001607, 0x0803fdfa, \
  0xfb080603, 0x0b09ea0a, 0xf5eef7dc, 0xf302edfb, 0xf200e7db, 0xe901fffe, 0xfe050503, 0xf8f9fdf2, \
  0xf40b09ff, 0x040302f1, 0x03060202, 0x0906f506, 0xfdf90104, 0xf1ef03fc, 0x0705f812, 0xf90209ed, \
  0x13f2e70d, 0xf90606e4, 0xf816e9f6, 0xedf9ede9, 0xf3f40102, 0xed00ff00, 0x00fe00ff, 0xfdfdf108, \
  0x070912f9, 0xf703ff14, 0x13f320f9, 0x0a16edf5, 0x11f901f9, 0xf9fd1df3, 0xff150cf8, 0xf6f1ed0e, \
  0xe504f2f6, 0x07f1fe12, 0xf90107f9, 0xf9f1f8f0, 0xfbfcfbf5, 0x02f80409, 0x10100204, 0xf00cfd07, \
  0xec00f1fb, 0xfbefdd05, 0xece2ecf2, 0x100f1703, 0xff01fc03, 0x0008f0fb, 0x01f70fe6, 0x05dee4ec, \
  0xfc0e0ff7, 0xe5ef0ee5, 0x0506f3fb, 0x08f50006, 0xf6f300eb, 0xeefaffef, 0x09f0fbed, 0x08ed0300, \
  0xf9f2f806, 0xf9000000, 0x00000000, 0x0000fbfa, 0x02f3060e, 0xeceaeb03, 0x130e1b15, 0x0b180403, \
  0x00010100, 0xff010100, 0xff0ce80d, 0x09fd0ff7, 0x02f90ffb, 0x03f903f8, 0x08fd01ec, 0xfeffe4eb, \
  0x05ed02f5, 0x030af4ff, 0x0af1fdf8, 0xf102ede4, 0x0ef1f8fa, 0xfefdefef, 0xef0a0018, 0x200ef200, \
  0xeff4f2fd, 0xfeef04f4, 0x0cf9fb04, 0xf0ecfcff, 0xf3fefd03, 0x010301fc, 0xfb0203fe, 0x00020000, \
  0x010000f8, 0xf6f5f9f3, 0xf7fafaf6, 0x01fbf0ef, 0xf7f107e9, 0xf4faf6f6, 0xf4f1eff2, 0xf1f1fb03, \
  0x00f009fb, 0xfef2f5f8, 0xf7eff1f6, 0xf6eaf4ea, 0xfbf403f8, 0xecf2fef0, 0x010e0901, 0xf70ae3e5, \
  0xf5e1faf2, 0xec090bf5, 0x141509ff, 0x06f7f2ff, 0x01d6ec01, 0x03fbf9f0, 0x0e0df002, 0x0c1f0f03, \
  0x140bee0e, 0xf5fa000d, 0xfe0c08ff, 0xf9070801, 0x04f8f902, 0x0508f90a, 0x0c00ef10, 0x0b09ee08, \
  0x0bf5f90d, 0x0713000c, 0x02fbf0f2, 0xed040eee, 0xe506e814, 0x0107f9f3, 0xe8e3e4d4, 0x0ce9f8e6, \
  0xedf4e9f9, 0xef0a0dfe, 0x05ec0705, 0x0510f90d, 0x19ed1d1f, 0x0a24100e, 0xeff40bfe, 0x0eebebfd, \
  0x01f6f204, 0x02fa06f3, 0xe9f5f70c, 0x140c0bf4, 0x18f82b0f, 0xf51316f1, 0x00f8f3f4, 0x16fa1113, \
  0xe715faf8, 0xf40902ef, 0xfeedfc07, 0x0cfc0b02, 0xf110f6ee, 0xf4fd05fc, 0xeef2f6e9, 0xeb01080b, \
  0xf2dc03f1, 0xeb07f802, 0xfbf2ebf7, 0xf7e4f7ed, 0xf6ebe8fc, 0x03fbf40f, 0xf4e8fc15, 0x0f051b15, \
  0xf6f80010, 0xeefaebf9, 0x06e0dfe8, 0x21140f1c, 0x0dee08ff, 0xe6fcfdfa, 0xf6fc0806, 0xed05f502, \
  0xfb0beb03, 0xe6fbf00d, 0x051e0e1d, 0x1216fa15, 0xef0a010b, 0x1512fa13, 0x0cfcf2e2, 0x0afbfcfa, \
  0x01ffe7e8, 0xf2eef000, 0xecf403ec, 0xef04f2ef, 0x0d070607, 0xebe1fcfe, 0xf300e7fa, 0xfaf70914, \
  0xf7051aeb, 0xf202121c, 0xf80f07f7, 0xf7f1dbf7, 0xf60ae9fb, 0xfc070df6, 0xf7dae80f, 0xebd510f6, \
  0xd41417f4, 0xf9f615f4, 0x11f50208, 0x0a0df4f2, 0xedf30500, 0x041700f7, 0x19090d12, 0xf7f704f3, \
  0x0eeb050f, 0xf0fef5e8, 0xfd0806fb, 0x0205140b, 0x0d180f1f, 0xfb110a10, 0x1a25fd09, 0x15fffa05, \
  0xeafcf508, 0x060f1113, 0xf1fbfaf7, 0x02fcf9fd, 0x05fcfbf9, 0x11170b05, 0x0af3f304, 0x0402f9f7, \
  0xf405fe02, 0xf7fff6f1, 0xfc080803, 0xfbfd07f5, 0x20fe0928, 0x0523f9ee, 0x00110117, 0x11081700, \
  0x00000000, 0x00000000, 0xe3f2f400, 0x0aff211c, 0x06f3fdf6, 0x08f90308, 0x09f6ff01, 0x0001fffd, \
  0xfcfffee9, 0x00e30f09, 0x050fef17, 0x03020008, 0x050b19f2, 0xe8f8060d, 0xfffbf503, 0xebf5e909, \
  0xf00c0be3, 0x070df307, 0xf1eb02e6, 0xfe10f0f8, 0xfc0600f8, 0x150e0616, 0xffec08fd, 0xeb01ed18, \
  0x2203e302, 0xeb0df0e8, 0xf708030d, 0x100df10b, 0xfa0df6f3, 0xef08f009, 0xf4ec0709, 0xf00700fb, \
  0xf5fd04fa, 0xf6ea01fc, 0x0509fe06, 0x0205fe09, 0xf2091312, 0xf4f4f710, 0x00000000, 0x00000000, \
  0x3e000000, 0x00000000, 0x00000000, 0x00000000, 0x00000000, 0x00000000, 0x00000000, 0x00000000, \
  0x00000000, 0x00000000, 0x00000000, 0x00000000, 0x00000000, 0x00000000, 0x00000000, 0x00000000, \
  0x00000000, 0x00f20000, 0x00000000, 0x00000000, 0x00000000, 0x00000000, 0x00000000, 0x00000000, \
  0x00000000, 0x00000000, 0x00000000, 0x00000000, 0x00000000, 0x00000000, 0x00000000, 0x00000000, \
  0x00000000, 0x00000000, 0x00000000, 0x00000000, 0x3f000000, 0x00000000, 0x00000000, 0x00000000, \
  0x00000000, 0x00000000, 0x00000000, 0x00000000, 0x00000000, 0x00000000, 0x00000000, 0x00000000, \
  0x00000000, 0x00000000, 0x00000000, 0x00000000, 0x0005f30b, 0x2306181f, 0x1127f90c, 0x05f50411, \
  0x14f7fd0b, 0x2808ff06, 0x171aff14, 0x1c0317ef, 0x000a0bfe, 0xfb0006ff, 0xed0af61a, 0xfcf5fc08, \
  0x240308fa, 0x020af1f8, 0x03011900, 0x0404080a, 0xf307f30c, 0xfc02f904, 0xe8fc03ff, 0x06280def, \
  0x15000c06, 0xef09fdf9, 0x0e11010f, 0x0a01120e, 0x02111712, 0x0c04e0fa, 0x001a140a, 0x1bfb02f6, \
  0x060bfe0c, 0xfd200000, 0x06d7f70e, 0xea1f0000, 0x00000000, 0x00fdf100, 0x509982a0, 0x00000022, \
  0x2e1701f3, 0xf30a14fc, 0x0c0df7fd, 0x0ff6ecf6, 0xf51cf5f6, 0x04f4fc08, 0x080e0cef, 0x1304eb09, \
  0x020afaff, 0xf5fbeaf9, 0xfe09f1f6, 0xdbfefff0, 0x02091713, 0x0e06171c, 0x08010005, 0xf60b02f4, \
  0xfd06fe04, 0x0efdf914, 0xecf10601, 0xf0fd0703, 0xfaeef004, 0xda051c00, 0x14020303, 0xfafafff4, \
  0xecf81ced, 0x0cf816fc, 0x08e8f317, 0xecf5fc00, 0x030a07fd, 0x0005fb0f, 0xeff8f2e6, 0xf1f80000, \
  0x00000000, 0x00140300, 0x509982e0, 0x00000058, 0x00000000, 0x00000000, 0x40000000, 0x00000000, \
  0x00000000, 0x00000000, 0x00000000, 0x00000000, 0x00000000, 0x00000000, 0x00000000, 0x00000000, \
  0x00000000, 0x00000000, 0x00000000, 0x00000000, 0x00000000, 0x00000000, 0x00000000, 0x00f00000, \
  0x00000000, 0x00000000, 0x00000000, 0x00000000, 0x00000000, 0x00000000, 0x00000000, 0x00000000, \
  0x00000000, 0x00000000, 0x00000000, 0x00000000, 0x00000000, 0x00000000, 0x00000000, 0x00000000, \
  0x00000000, 0x00000000, 0x3f000000, 0x00000000, 0x00000000, 0x00000000, 0x00000000, 0x00000000, \
  0x00000000, 0x00000000, 0x00000000, 0x00000000, 0x00000000, 0x00000000, 0x00000000, 0x00000000, \
  0x00000000, 0x00000000, 0x1ef50205, 0x01fa3017, 0x2215f803, 0x0fff0507, 0xed17070e, 0x0cff15ff, \
  0x0efbf9fc, 0x0405fc0b, 0x150bf302, 0xf809060b, 0xf9020103, 0x0316e8f9, 0x011713fd, 0x0f07ff0a, \
  0x090f0304, 0x162af81e, 0x02000707, 0x14ff0e15, 0x01e10e09, 0x0aff0b0d, 0x08000118, 0xf80dfff2, \
  0x060c1afe, 0xfef31229, 0xf8f51915, 0xfff80b02, 0x03fbec08, 0xfdf50014, 0x1b150d1a, 0x07031207, \
  0x0a09faf9, 0x11f50000, 0x00000000, 0x001afa00, 0x50998380, 0x00000022, 0x181204eb, 0x01feeaf8, \
  0x060a05f8, 0x0e10f301, 0x1d09e3f7, 0xfefa1104, 0xf9ff05e4, 0x09151311, 0x04fe0204, 0xf9100dfe, \
  0x01141211, 0x0aff11ea, 0xec011b13, 0x0324ef1a, 0x08090ffc, 0x060216f8, 0x0306fbff, 0x0efcf90e, \
  0x01eeda03, 0x05eb0006, 0xfdfc0d07, 0x0006f6ea, 0x08f60116, 0xe70405f6, 0xf4e6f8fc, 0x0df900ff, \
  0x04fde606, 0xfdf6050d, 0x010af7fb, 0x08f60f0d, 0xf4f001e3, 0xf8ec0000, 0x00000000, 0x00100500, \
  0x509983c0, 0x00000058, 0x00000000, 0x00000000, 0x77000000, 0x00000000, 0x00000000, 0x00000000, \
  0x00000000, 0x00000000, 0x00000000, 0x00000000, 0x00000000, 0x00000000, 0x00000000, 0x00000000, \
  0x00000000, 0x00000000, 0x00000000, 0x00000000, 0x00000000, 0x00f00000, 0x00000000, 0x00000000, \
  0x00000000, 0x00000000, 0x00000000, 0x00000000, 0x00000000, 0x00000000, 0x00000000, 0x00000000, \
  0x00000000, 0x00000000, 0x00000000, 0x00000000, 0x00000000, 0x00000000, 0x00000000, 0x00000000, \
  0x3e000000, 0x00000000, 0x00000000, 0x00000000, 0x00000000, 0x00000000, 0x00000000, 0x00000000, \
  0x00000000, 0x00000000, 0x00000000, 0x00000000, 0x00000000, 0x00000000, 0x00000000, 0x00000000, \
  0x07fbf2fc, 0x16050719, 0x08f80809, 0xfd00e81c, 0x21fcfb09, 0x080a0e18, 0x03fafb0d, 0x110006fe, \
  0xdaf91a11, 0x16f0ff06, 0x1207fa13, 0xff050415, 0x0b081404, 0x191400f9, 0x1cfafc1b, 0xfbfbf809, \
  0x04f50816, 0x20130b06, 0x030c0901, 0x0af10407, 0xed0d0e03, 0x02090019, 0xfe0dee09, 0xf109040a, \
  0x101514e8, 0x01031810, 0xf110feff, 0xfa100702, 0x03f606f3, 0x0fe9181a, 0xeb0913f9, 0xfcff0000, \
  0x00000000, 0x00fa0200, 0x50998460, 0x00000022, 0x030517e4, 0xffe7f0fd, 0x00d3fefc, 0xe806fd01, \
  0x2208fbee, 0x0e0bfaca, 0xf31614ff, 0xfaf2f5de, 0x13ecf0ed, 0x1801ed05, 0xf61700fb, 0xf7082fee, \
  0xff17fe0c, 0xdf04ea1a, 0xe93102f4, 0x0a2ff906, 0xf404e118, 0x2ffd3efd, 0x02ceef0d, 0x1aea03e6, \
  0x130806fa, 0xe3f4f3fb, 0xe617e7f9, 0x062416fb, 0x0d1a06e3, 0x04e900f8, 0xfdc70902, 0x24150be4, \
  0xee1a160d, 0xff1bf901, 0x12ed41ee, 0x18080000, 0x00000000, 0x0016e400, 0x509984a0, 0x00000017, \
  0x00000000, 0x00000000, 0x50000000, 0x00000000, 0x00000000, 0x00000000, 0x00000000, 0x00000000, \
  0x00000000, 0x00000000, 0x00000000, 0x00000000, 0x00000000, 0x00000000, 0x00000000, 0x00000000, \
  0x00000000, 0x00000000, 0xeced0d15, 0xe71c0e03, 0x2f000000, 0x00000000, 0x00e80000, 0x5099c000, \
  0x00000178, 0x0200f30a, 0x04f80103, 0xf5051018, 0xfdf8fafa, 0x0ce3fbfa, 0xfbfbf7f8, 0xf7f9fff9, \
  0xfaf6f9f2, 0xf8f1fbf8, 0x0204fbfb, 0x02fefcff, 0x00fafceb, 0x010607f5, 0xe7faedef, 0xf1fe040d, \
  0xfafcf900, 0x00000000, 0x00000000, 0xf5f1180e, 0xefe70ef7, 0xfeff0000, 0x00ff0000, 0x0000ffe5, \
  0xed0deff2, 0x1605fcea, 0xea0903f9, 0xf1faebf7, 0xe7e604ee, 0xfe02d8ee, 0xfc0a0713, 0x17180ee9, \
  0xfa020a05, 0x06f0fffe, 0xfd06f4f9, 0x0400fafa, 0xfdfc0205, 0xf6fdf206, 0x0607ecfe, 0x06f9fdff, \
  0xfdfdfbff, 0xfdfcf7e8, 0x06e2e5f7, 0x10eae9f8, 0x150bfc06, 0xea0906f8, 0xfef0f9e5, 0xf914e7fd, \
  0x1dfefdff, 0x02fefe02, 0xfe02e80d, 0xe9050e06, 0xf009fcd8, 0xeaf0dafd, 0x09e201f5, 0x0b09080d, \
  0xf901eafa, 0xeff40af7, 0xf7f807db, 0xfa02ebf9, 0x00eefc08, 0xeaf0f5ed, 0xf2f8f9f2, 0xefeef0fd, \
  0xfafdf906, 0x09fefcf1, 0x08fbf500, 0xfb04ff06, 0x08f9f415, 0x03f7f0fb, 0xf5e8faee, 0x0006f909, \
  0x0ef9f902, 0x020902f5, 0xfcfefa05, 0x0c0debe5, 0xf4f40eff, 0x040ef6ed, 0xf4f7f401, 0xff020207, \
  0xea11f2ea, 0xf2ff0112, 0xfeebeb0c, 0x0802fee6, 0x0c000000, 0x00000000, 0x000008e7, 0xe1e70708, \
  0xf006ecde, 0x0005d214, 0x1309f202, 0x00000000, 0xfffe0000, 0x00e909ec, 0xe8f4020f, 0xfefa08fc, \
  0xf3f9ec08, 0xec090df1, 0xf0e81000, 0xfbe8eae4, 0x08f10109, 0x0300f0f4, 0x04f8f100, 0x00f204ea, \
  0x02e310ec, 0xe9f0f5ea, 0x1111fbf9, 0xf8f7ef0b, 0xf80505f2, 0xf20600e5, 0xfdf5e909, 0xe5fc03f7, \
  0xfe0205f7, 0xfd030400, 0x0200f801, 0xf802fef7, 0xf5fbfa01, 0x03fbf6ff, 0xfc0317ef, 0xf3feef15, \
  0x12ededeb, 0xf5f4f4f8, 0xf6f7ed01, 0xeef00902, 0x01effcea, 0xf4e0e7e4, 0xeef4e9e9, 0xf6fafaf9, \
  0xfbfdf5f9, 0xf7f8eff1, 0xed02fcf0, 0xfb0ae706, 0xf2eb020b, 0x0d050e07, 0xf417171e, 0x0d17faf6, \
  0x0cecf9ec, 0xfb010f10, 0xf5dfeeea, 0xe2cde0cf, 0xd6eeec00, 0x08f5f900, 0x08081102, 0xfd03f3ef, \
  0x06ff0100, 0x1517ea1b, 0xe4e3e8d7, 0xedf8110f, 0xf207f5f5, 0x04f52510, 0x1e02fc25, 0xf6fa1a08, \
  0xf517fc05, 0x0d27160e, 0xf4fce6f2, 0xd4d6f9dd, 0xe9ff01fd, 0x0b0cf4fd, 0x02f71ee3, 0x0b0c04f7, \
  0x120602fc, 0x1f110819, 0x00e7ed03, 0xcd0cfed3, 0x08ffd0e7, 0xf5fbe9f0, 0xdfe204d3, 0xfe08d90a, \
  0x34d7fd0c, 0xd5f5cfcc, 0xd0cee2d8, 0xe805ecf9, 0xfcfffdfe, 0xfe00f902, 0xf61c1a29, 0xf8f6040c, \
  0x00060e0d, 0x3ffd0b20, 0xe1e4eb10, 0xf0eff0da, 0xe5d6e4be, 0xddebdeff, 0xf1f519f6, 0xf908f6ea, \
  0x290ff507, 0xdbeef804, 0x06e9f018, 0xf1e7040f, 0x0ff911ee, 0xfbe8ecdb, 0x1a0c0410, 0x0a070613, \
  0x21fc080a, 0x05ffd3dc, 0xe3e412d8, 0xe3f7f012, 0xfbfcfbde, 0xed00f9f1, 0x09eef100, 0xe1f0e1e7, \
  0xf4deebf7, 0xf0fc0af4, 0xf00c0bea, 0x180bfa07, 0x16f3fb04, 0xf6ff02ed, 0xddde02f6, 0xe9f9f317, \
  0xe9d8cb0f, 0xf6c91e1b, 0xf5f208fd, 0x0809f611, 0xffddede7, 0xfd140403, 0x020efe07, 0x10d6f8f3, \
  0xed212d00, 0xf9e60500, 0xd9e6e5e0, 0x0212fb0b, 0x05f707fd, 0x13f4f509, 0x03f403f6, 0xf7f6fb2e, \
  0xfe022f11, 0x0f09edf6, 0xee04f4fa, 0xec040bf5, 0x0419ede4, 0xfef6eff4, 0xfafef9f9, 0x0b07e021, \
  0x00ed1dea, 0xf3e3ffe9, 0xdfe2f5db, 0xe9f808f2, 0x06f4021b, 0x0c00f900, 0x01f804fd, 0xfaffffeb, \
  0xe1f0e7e6, 0xeef6e8ef, 0xf2cfeafd, 0xf4ebe3fb, 0x12281fef, 0xe40be7d3, 0xe119f4f9, 0x04fb0320, \
  0x2e10e0fc, 0xfbf91124, 0x16160400, 0x00000000, 0x00000000, 0xf6d7cef5, 0xd9dae8fd, 0x02f4f6f8, \
  0x02f7faff, 0xf1f5fcfa, 0xf6fafcfc, 0xf8fefbde, 0x0c000008, 0x01efffd0, 0xfd0ef208, 0xfaf0f2f8, \
  0x04ebdc02, 0xfbf50823, 0xe5ef1719, 0x0d0107f2, 0xe6ed06ee, 0x15fff40b, 0xfaf0eff9, 0x210ae7fc, \
  0xebe2dfee, 0xe8b7c8db, 0xdaebe4fc, 0x0700e2e3, 0xcbcfedf2, 0xdbdfed1f, 0xfc000df3, 0xeff0fd0c, \
  0x300ffb05, 0x13e31006, 0xe5f3f5ef, 0xf6f5dff5, 0xf4ebfbff, 0x09000bf5, 0xfdf5fff3, 0x05fc1ef3, \
  0xe92513f4, 0x00000000, 0x00000000, 0x3f000000, 0x00000000, 0x00000000, 0x00000000, 0x00000000, \
  0x00000000, 0x00000000, 0x00000000, 0x00000000, 0x00000000, 0x00000000, 0x00000000, 0x00000000, \
  0x00000000, 0x00000000, 0x00000000, 0x00000000, 0x00ec0000, 0x00000000, 0x00000000, 0x00000000, \
  0x00000000, 0x00000000, 0x00000000, 0x00000000, 0x00000000, 0x00000000, 0x00000000, 0x00000000, \
  0x00000000, 0x00000000, 0x00000000, 0x00000000, 0x00000000, 0x00000000, 0x00000000, 0x41000000, \
  0x00000000, 0x00000000, 0x00000000, 0x00000000, 0x00000000, 0x00000000, 0x00000000, 0x00000000, \
  0x00000000, 0x00000000, 0x00000000, 0x00000000, 0x00000000, 0x00000000, 0x00000000, 0xf50310f6, \
  0x10f1f6f3, 0xf20f03f9, 0xf606feee, 0x0b10fa15, 0xf8f1fbe7, 0xde020705, 0xee0f0d16, 0x1a0109e2, \
  0x0413fefe, 0x0b1bf203, 0x03ff10fc, 0xe8ea0410, 0xfc08f4eb, 0xf310feed, 0x00fff000, 0xf513040a, \
  0x0005191f, 0x1912fefe, 0x0604f408, 0xf9f2f5fd, 0x1edf15f9, 0x00f303fc, 0xfb0201f9, 0xfeff0fe4, \
  0x19140a00, 0x13f9e6f3, 0xfc19fafe, 0xf5f1faf7, 0xca130a04, 0x030d19ef, 0x0c130000, 0x00000000, \
  0x0009f200, 0x5099c2a0, 0x00000022, 0x1e0706ed, 0xeaff1aff, 0x090209f3, 0xfffefbeb, 0xfa0f03fa, \
  0xfedfeb02, 0xff0306fc, 0xf0070009, 0xf506fe00, 0x09fc0206, 0xf00108f0, 0xf2ff01ed, 0x03040715, \
  0x140c141b, 0x10edf207, 0x08062ef2, 0xf30301f5, 0xfc04011d, 0xfbfbed14, 0xff03ec01, 0xfdf2f90a, \
  0x0801f5ff, 0xf40a1a02, 0x0a02fc02, 0xf3eef2f0, 0xfcfc0bfe, 0xf4f4fd07, 0x05fe02ff, 0x000f2201, \
  0xf0010e12, 0x0ef7faf1, 0xef010000, 0x00000000, 0x000b0d00, 0x5099c2e0, 0x00000058, 0x00000000, \
  0x00000000, 0x3d000000, 0x00000000, 0x00000000, 0x00000000, 0x00000000, 0x00000000, 0x00000000, \
  0x00000000, 0x00000000, 0x00000000, 0x00000000, 0x00000000, 0x00000000, 0x00000000, 0x00000000, \
  0x00000000, 0x00000000, 0x00030000, 0x00000000, 0x00000000, 0x00000000, 0x00000000, 0x00000000, \
  0x00000000, 0x00000000, 0x00000000, 0x00000000, 0x00000000, 0x00000000, 0x00000000, 0x00000000, \
  0x00000000, 0x00000000, 0x00000000, 0x00000000, 0x00000000, 0x41000000, 0x00000000, 0x00000000, \
  0x00000000, 0x00000000, 0x00000000, 0x00000000, 0x00000000, 0x00000000, 0x00000000, 0x00000000, \
  0x00000000, 0x00000000, 0x00000000, 0x00000000, 0x00000000, 0xeffd1bfc, 0x0c04f6fd, 0x12f6fbfb, \
  0xf2080309, 0xfc04effe, 0x03fe040a, 0xeef1faef, 0x02f0ffea, 0xfffdeaf3, 0xe7f00902, 0x0cf6edf4, \
  0xf402140c, 0xfa00140a, 0xe1f0fad8, 0x04e5eeee, 0x04ef00f1, 0xeaf80edb, 0x12f1dbf1, 0xf304eaff, \
  0xf7edc8fc, 0xf10d0af3, 0xf1ff0809, 0xebeef101, 0x01f40205, 0xeefbeafc, 0x020aeeef, 0xf1ed04fe, \
  0x1401e9f4, 0x01f0ebdb, 0xfdf3eedc, 0x0ed51009, 0xffff0000, 0x00000000, 0x00e10000, 0x5099c380, \
  0x00000022, 0xfcf81102, 0xf9e10aee, 0xf8dd0dfb, 0x0a17ff0f, 0xf8e30bde, 0xf3edfa04, 0x0c24fa17, \
  0xeaea06ea, 0x08f60d08, 0x100401ea, 0xf81c1113, 0x0b0df713, 0xee1cf618, 0x0ff118ec, 0x1e1c0cf6, \
  0x050af3f0, 0xf8f50cf6, 0xebf9ffeb, 0x090cf5e6, 0xf703ee0c, 0x0d0404ef, 0x14eef5fe, 0xf1fc1706, \
  0x0a02020c, 0xfa19d0f0, 0xf000f80a, 0x06f406e9, 0xf821f2f9, 0x04f9fd0b, 0xff1003ff, 0x19f9e9fd, \
  0xe6fc0000, 0x00000000, 0x00ff0f00, 0x5099c3c0, 0x00000058, 0x00000000, 0x00000000, 0x7e000000, \
  0x00000000, 0x00000000, 0x00000000, 0x00000000, 0x00000000, 0x00000000, 0x00000000, 0x00000000, \
  0x00000000, 0x00000000, 0x00000000, 0x00000000, 0x00000000, 0x00000000, 0x00000000, 0x00000000, \
  0x00180000, 0x00000000, 0x00000000, 0x00000000, 0x00000000, 0x00000000, 0x00000000, 0x00000000, \
  0x00000000, 0x00000000, 0x00000000, 0x00000000, 0x00000000, 0x00000000, 0x00000000, 0x00000000, \
  0x00000000, 0x00000000, 0x00000000, 0x3e000000, 0x00000000, 0x00000000, 0x00000000, 0x00000000, \
  0x00000000, 0x00000000, 0x00000000, 0x00000000, 0x00000000, 0x00000000, 0x00000000, 0x00000000, \
  0x00000000, 0x00000000, 0x00000000, 0xfc0bfa0a, 0x040704e4, 0x0403e7f3, 0xeb01fa08, 0xec0afef1, \
  0x06f702f0, 0xecfb03f8, 0xf3fb0cee, 0xf225f5e0, 0xe01209fe, 0xf9f802e9, 0xeff8ffe9, 0xfadee1f8, \
  0xeeef00fe, 0xfef80b0e, 0x21f603ef, 0xfaf0f5e8, 0x0102ecfc, 0xf209f6f2, 0xf9f9e6ff, 0x0aedec02, \
  0xeae8f5db, 0x040bf6e8, 0x03fcfa0a, 0xff0be912, 0x0610f1f9, 0x0ae4f7fe, 0xffe2effe, 0x0afd0b20, \
  0xfc05cf08, 0x04010afe, 0xfb060000, 0x00000000, 0x00f8f700, 0x5099c460, 0x00000022, 0x0c06100c, \
  0xef09fcf9, 0xebe7f6fc, 0x14fcea17, 0x09edf1e8, 0xee08ea02, 0x081b0208, 0xe8f90a06, 0x1af61702, \
  0x190d1408, 0xe6fe15ef, 0xf7f90c02, 0xe9f5fdf3, 0x180c0e11, 0x1cfa0501, 0xfc14e8fb, 0xf4090615, \
  0xe81c0d0a, 0xf5ef0817, 0x06ee00fd, 0x22f8f31c, 0x1de4fbe0, 0xee0303f0, 0x2117f3ef, 0x13fedbe6, \
  0xedece8e3, 0x12100003, 0x0703f1ff, 0x0e16f7f8, 0x0f080d15, 0x1313fef3, 0xf8140000, 0x00000000, \
  0x00fc1300, 0x5099c4a0, 0x00000017, 0x00000000, 0x00000000, 0x50000000, 0x00000000, 0x00000000, \
  0x00000000, 0x00000000, 0x00000000, 0x00000000, 0x00000000, 0x00000000, 0x00000000, 0x00000000, \
  0x00000000, 0x00000000, 0x00000000, 0x00000000, 0x00000000, 0x27f21ef7, 0x13e7f2f7, 0xd7000000, \
  0x00000000, 0x000b0000, 0x509a0000, 0x00000178, 0xf3e1e9f7, 0xeef5cbe8, 0xd3ede0f8, 0x0cf9d5ff, \
  0xe7e3fbf4, 0xf4f5f2f4, 0xf5f3f4fe, 0xfefb00fd, 0xfb01ffff, 0x0000fd00, 0x00ff0000, 0x0006ff06, \
  0x0ef004f9, 0x04e9090d, 0x10040300, 0x1c1e0500, 0x00000000, 0x00000000, 0xecf9defd, 0xf1f108f9, \
  0x09fe0000, 0xfe000000, 0xff01e4f9, 0x06e61526, 0xc91006e6, 0xefff03f0, 0x090d0c02, 0x0005fe19, \
  0xf10b2203, 0x0fdcecf7, 0xf1ec03f8, 0xf30afe00, 0x00010001, 0xf9f902fb, 0xf804f6fe, 0xfaf9ff04, \
  0x02000300, 0x00fcff01, 0x00ee00f6, 0x06fff1f0, 0xf8090d06, 0x0708fef7, 0x1506eb04, 0x161a19e9, \
  0xd800e101, 0xfffee508, 0xf2e31efb, 0xfe0000ff, 0xffff00ff, 0x00000bf8, 0x0d070cee, 0x04f4f901, \
  0x1c1e0501, 0xf22801ef, 0x0df4f600, 0xecf401d0, 0xd505fb0e, 0x0e0c0d26, 0x171e0307, 0xf903140d, \
  0x111717fa, 0xf7f4f8f7, 0xf5f3f5f7, 0xf7ffff0d, 0x05f8fb0d, 0xfef6f3fe, 0xf7f2f8fa, 0xf1f9e7fe, \
  0x07eefee9, 0xebe9ecfa, 0x08f209f0, 0xfcf8fb06, 0xed05fefb, 0xdbdbd7db, 0x12f3eefb, 0xe6e2faeb, \
  0xf821ec01, 0x04f10801, 0xf3fff407, 0x00000500, 0xfdfb0103, 0x0c02fe11, 0xfef101f6, 0xf6000000, \
  0x00000000, 0x0000ddf3, 0xf3e8f6e9, 0xdbf8f507, 0x201c091d, 0x0102f4ef, 0xfbfe0004, 0x0300fdfb, \
  0x030a0e0f, 0xf1f910ea, 0xedfcf7f7, 0x0debf1f2, 0x080710f7, 0xfa0dfd00, 0xe9f81df9, 0x06faff00, \
  0xf9010200, 0xfdfa0b19, 0x1e1d0915, 0xf9ff00ff, 0x0dd4eef4, 0xfafbf4fa, 0xf7f3faf1, 0xf1f5fcf7, \
  0x1107f203, 0xf7fafde7, 0xe8000000, 0x00000000, 0x00000000, 0xfc000101, 0x00fe05f6, 0xf5f4f5f4, \
  0xf3f4f3f5, 0xe3ebfeec, 0xeef30006, 0xee02ece9, 0xf5eceae9, 0xe7e8ff00, 0xfefd01ff, 0x02f602f5, \
  0xeaedf0e8, 0xe4f1f4f0, 0x00000000, 0x00fffcfa, 0xfbdc07e4, 0xf0edcdf4, 0xd7fc1b00, 0xff0213f4, \
  0xf0e8d9e1, 0x0d1bf903, 0x09f5e1c3, 0xfdfaff09, 0x0309f901, 0xf92714f8, 0x161c1112, 0x0d1407fb, \
  0xfcf304f7, 0xedf3f700, 0x00000000, 0x000000ff, 0x00000000, 0x00000000, 0x00000000, 0x00000000, \
  0x00000201, 0x04020600, 0x00ff0000, 0x00000000, 0x00000000, 0x00000000, 0x00000000, 0x00000000, \
  0x00000000, 0x00000201, 0xff010100, 0x00000002, 0xfe000200, 0x01000100, 0x0304feff, 0x0300fefe, \
  0x0001ff01, 0x00000000, 0x00000000, 0x00000000, 0x00000000, 0x00000000, 0x00000000, 0xfd010101, \
  0x03000101, 0x01030000, 0xfd01ff00, 0xff000000, 0x00000000, 0x00000000, 0x00000000, 0x00000000, \
  0x00000000, 0x00000000, 0x00000000, 0x00000000, 0x00000100, 0x00020000, 0x00010000, 0x00000000, \
  0x00000000, 0x00000000, 0x00000000, 0x00000000, 0x00000000, 0x00000000, 0x00000000, 0x00000000, \
  0x00000000, 0x00000000, 0x00000000, 0x00000000, 0x00000000, 0x00000000, 0x00000000, 0x00000000, \
  0x00000000, 0x00000000, 0x00000000, 0x00000000, 0x00000000, 0x000af9fa, 0x07020200, 0x04fb0000, \
  0x00000000, 0x00000003, 0x01fdfb00, 0x01fe0100, 0xff02fd00, 0xfe0301fe, 0x00000000, 0x00000000, \
  0x00000000, 0x00000000, 0x00000000, 0x00000000, 0x00000000, 0x080604fb, 0xfe020200, 0x01000000, \
  0x00000000, 0x00000000, 0x00000000, 0x00000000, 0x00000000, 0x00000000, 0x00000000, 0x00000000, \
  0x00000000, 0x00000000, 0x0000ff06, 0x0afcf800, 0x0306fc00, 0x00000000, 0x00000000, 0xfcfe0002, \
  0xfd00ffff, 0x00000000, 0x00000000, 0x00000000, 0xff000100, 0xff000000, 0x00000000, 0x00000000, \
  0x00000000, 0x00000000, 0x00000000, 0x00000000, 0x00000000, 0x00000000, 0x00000000, 0x00000000, \
  0x00000000, 0xfcfe0303, 0x020201ff, 0x00000000, 0x00000000, 0x00000000, 0x00000000, 0x000000fc, \
  0x06fafffd, 0x02fe02fd, 0x00000000, 0x00000000, 0x00000000, 0x00000000, 0x00000000, 0x00000000, \
  0x00000000, 0x00000000, 0x00000000, 0xfd0101fe, 0x02fe0101, 0x00000000, 0x00000000, 0x00000000, \
  0x00000000, 0x00000003, 0x03ff04ff, 0x02ff0100, 0x00000000, 0x00000000, 0x40000000, 0x00000000, \
  0x00000000, 0x00000000, 0x00000000, 0x00000000, 0x00000000, 0x00000000, 0x00000000, 0x00000000, \
  0x00000000, 0x00000000, 0x00000000, 0x00000000, 0x00000000, 0x00000000, 0x00000000, 0x00260000, \
  0x00000000, 0x00000000, 0x00000000, 0x00000000, 0x00000000, 0x00000000, 0x00000000, 0x00000000, \
  0x00000000, 0x00000000, 0x00000000, 0x00000000, 0x00000000, 0x00000000, 0x00000000, 0x00000000, \
  0x00000000, 0x00000000, 0x3e000000, 0x00000000, 0x00000000, 0x00000000, 0x00000000, 0x00000000, \
  0x00000000, 0x00000000, 0x00000000, 0x00000000, 0x00000000, 0x00000000, 0x00000000, 0x00000000, \
  0x00000000, 0x00000000, 0x07fee51a, 0xf305210e, 0x00f40c13, 0xfdf70310, 0x19df00ef, 0xe92efd0e, \
  0x1f0bec0d, 0x0503f6f5, 0xfe08f80f, 0xeaf00bfd, 0x10faf017, 0x03fd00f9, 0x2e19faec, 0x15fa1b0d, \
  0x1ae607fd, 0x0104fef4, 0x06fe0104, 0x00ff0b01, 0xfaf20b19, 0xf8fc0108, 0xf2e319ff, 0x001cf30a, \
  0xf8f00203, 0xef0c1907, 0x24172e18, 0x07e6ecf2, 0xf7120a12, 0xf310fc15, 0xf205f1f6, 0x1e060218, \
  0xfee1ff22, 0xfef60000, 0x00000000, 0x00fcf200, 0x509a02a0, 0x00000022, 0x140d0904, 0xef0f01fc, \
  0xf1eb0cfa, 0x00e7eb0a, 0x0729ff0b, 0xf2f9ee01, 0xf30a1714, 0xfa0506ff, 0x11f815ee, 0xfde4f502, \
  0xf0fd14e7, 0xf310f901, 0xec150df6, 0x11130d02, 0x05f9010f, 0x02050ff5, 0xedf1f321, 0xf20af8f8, \
  0xff040aff, 0x010a0401, 0x0907fce7, 0x0702f3fd, 0x00f11cee, 0xfe10f9dd, 0xf81bf60a, 0xf3fff9f3, \
  0x14fff5fb, 0x0bf30503, 0xff05fcf3, 0x09f60e04, 0x0f01e704, 0xf3fb0000, 0x00000000, 0x00f80200, \
  0x509a02e0, 0x00000058, 0x00000000, 0x00000000, 0x37000000, 0x00000000, 0x00000000, 0x00000000, \
  0x00000000, 0x00000000, 0x00000000, 0x00000000, 0x00000000, 0x00000000, 0x00000000, 0x00000000, \
  0x00000000, 0x00000000, 0x00000000, 0x00000000, 0x00000000, 0x00f00000, 0x00000000, 0x00000000, \
  0x00000000, 0x00000000, 0x00000000, 0x00000000, 0x00000000, 0x00000000, 0x00000000, 0x00000000, \
  0x00000000, 0x00000000, 0x00000000, 0x00000000, 0x00000000, 0x00000000, 0x00000000, 0x00000000, \
  0x3e000000, 0x00000000, 0x00000000, 0x00000000, 0x00000000, 0x00000000, 0x00000000, 0x00000000, \
  0x00000000, 0x00000000, 0x00000000, 0x00000000, 0x00000000, 0x00000000, 0x00000000, 0x00000000, \
  0x26f9f405, 0xeee50919, 0x14120500, 0x0e000701, 0xff0ff514, 0xf205f418, 0x08010113, 0x000de8fc, \
  0x0519ed0e, 0xe22b0906, 0x06010808, 0xfd1af703, 0xfc050114, 0x100ffa14, 0xecf8240b, 0xff1af903, \
  0x04140018, 0xfb0a1ae2, 0xfc12f30d, 0xf10621fb, 0x15fcfef8, 0xf308f5e1, 0x28f013f9, 0x04d501fa, \
  0x22052404, 0x0004ec2b, 0x0af9f1f9, 0x00e31415, 0xf40c1a19, 0x1007f11e, 0x073601ff, 0xfaf70000, \
  0x00000000, 0x002efb00, 0x509a0380, 0x00000022, 0x06fb1608, 0xfcf50a0d, 0x03fafeee, 0x0901100c, \
  0xfaf20afe, 0xf3000fea, 0x0bf4f7fc, 0x01f1fa19, 0x020b07f9, 0x191202ff, 0x00120f17, 0x0b09e8fb, \
  0xe61cf405, 0x12f822f5, 0x251308f7, 0x0103fffb, 0x03ee0a04, 0x05fbfde2, 0x17f3ecfe, 0x0ffbf513, \
  0x0815faf2, 0x1dfde5fc, 0x0a1110fc, 0x0e05fe02, 0x07efdbf8, 0x02030813, 0x0df700f2, 0xf00d12fd, \
  0x0b0afa07, 0x09020afb, 0x0506ec03, 0xd5000000, 0x00000000, 0x00f51300, 0x509a03c0, 0x00000058, \
  0x00000000, 0x00000000, 0x77000000, 0x00000000, 0x00000000, 0x00000000, 0x00000000, 0x00000000, \
  0x00000000, 0x00000000, 0x00000000, 0x00000000, 0x00000000, 0x00000000, 0x00000000, 0x00000000, \
  0x00000000, 0x00000000, 0x00000000, 0x00ed0000, 0x00000000, 0x00000000, 0x00000000, 0x00000000, \
  0x00000000, 0x00000000, 0x00000000, 0x00000000, 0x00000000, 0x00000000, 0x00000000, 0x00000000, \
  0x00000000, 0x00000000, 0x00000000, 0x00000000, 0x00000000, 0x00000000, 0x3e000000, 0x00000000, \
  0x00000000, 0x00000000, 0x00000000, 0x00000000, 0x00000000, 0x00000000, 0x00000000, 0x00000000, \
  0x00000000, 0x00000000, 0x00000000, 0x00000000, 0x00000000, 0x00000000, 0xff0ff0f3, 0x1efb09fe, \
  0xff090403, 0x19f00108, 0x1807e913, 0xeb01060d, 0x0006fa06, 0x16fdf703, 0xf800ff0c, 0x31fefd07, \
  0x0203f20e, 0x0be70610, 0x0c24feff, 0x0cf706f2, 0x0b06fe01, 0xdef22600, 0x0af6050b, 0x1c09ff09, \
  0x18f719fd, 0x040507f9, 0xe3083013, 0x2cfcfa1f, 0xfe16f301, 0xef15ff05, 0x07080cfb, 0xff0012fc, \
  0x13e9fa01, 0xeb2409e7, 0x0fe4fafd, 0xf0f018eb, 0xf5f5fcf4, 0xea040000, 0x00000000, 0x00f60b00, \
  0x509a0460, 0x00000022, 0x1111fe06, 0xfd270f0d, 0x00f6e6e3, 0xebfe00f8, 0x001dfa06, 0x00e8fa0d, \
  0xf9f80204, 0x03eff300, 0x0bf7f3e6, 0xfefd040d, 0x00fc04eb, 0xf4ecf7f3, 0xf5f80313, 0x0c0e120c, \
  0x0aed07ec, 0xf8f6f2f5, 0x0505f91a, 0x16080417, 0x04050c02, 0x01feff10, 0xfbec02f4, 0xf118fdf9, \
  0x03f10af2, 0x0814fff6, 0xe816190a, 0xfbfff30f, 0x0c07f309, 0xe6e90bfc, 0x0100f204, 0xf4fa0cfd, \
  0x0c17f5eb, 0xde030000, 0x00000000, 0x00fcff00, 0x509a04a0, 0x00000017, 0x00000000, 0x00000000, \
  0x51000000, 0x00000000, 0x00000000, 0x00000000, 0x00000000, 0x00000000, 0x00000000, 0x00000000, \
  0x00000000, 0x00000000, 0x00000000, 0x00000000, 0x00000000, 0x00000000, 0x00000000, 0x00000000, \
  0x0507d61f, 0xe2fe07f7, 0x2e000000, 0x00000000, 0x00f40000, 0x509a4000, 0x00000178, 0x000a02ff, \
  0x0c01f8e3, 0xe0ddfb1d, 0x02ebfefc, 0xf7f2faf9, 0xf7f8f7f5, 0xf5f2f400, 0x00000000, 0x0000fffe, \
  0x00000000, 0x00000000, 0x00f3fbf1, 0x0cf90809, 0xeaf7dce0, 0xf1faf1dc, 0xdacfea00, 0x00000000, \
  0x00000000, 0x000e0a16, 0x141409ed, 0x0c000000, 0x00000000, 0x00000cf9, 0xcafefcd6, 0x1906db0e, \
  0xecfff908, 0x02f401f2, 0xf3eb08ed, 0xf80dd9e1, 0x11f4071b, 0xed01feee, 0x1b220000, 0x00000000, \
  0x000000fe, 0x01000000, 0x000000f8, 0x00000000, 0x00000001, 0xfef3faf7, 0xf6f6faf6, 0xf8fdcef0, \
  0xecd1e4f2, 0xfefc06e4, 0x0729f1fc, 0xf6f90df0, 0x0010fff4, 0xf21804e5, 0xf8000000, 0x00000000, \
  0x000003fc, 0xf403fdf5, 0x07ef01d1, 0xe202e3fc, 0x05d6e110, 0xfdfa03fb, 0xf002feff, 0xf7cdda02, \
  0xf0e90dee, 0xf4f00000, 0xf6f304fe, 0x09f4e2f7, 0xf5f4f8f5, 0xf8f8fafd, 0x02ff0100, 0x0100ff01, \
  0x03000000, 0x00000000, 0x00001c22, 0x0707ff00, 0x0401e701, 0x00000100, 0xffff00fc, 0x00131efe, \
  0x05e1e7e0, 0xed130bdc, 0xddecf334, 0x190afdf3, 0xfdf5fcfe, 0xf7ff0000, 0x00fe0000, 0x0500fff5, \
  0xf9050202, 0xfefffbfd, 0xfe000000, 0x00000000, 0x00000a0a, 0xfbeff60f, 0x0df10806, 0x1712e30b, \
  0xe5d5e8e4, 0x00000000, 0x00000000, 0x00090807, 0xfefff209, 0xef0b0506, 0x0001fe00, 0x07fafbf8, \
  0xf805e705, 0xeb0cf7f2, 0x00000000, 0x00000000, 0x00faee07, 0xf008f6f6, 0xd8e505f4, 0x0ef209f6, \
  0xedfafbf3, 0xf5f7f5f8, 0xfaf8fafb, 0x00060100, 0x07ff02f8, 0xec000000, 0x00000000, 0x000000fd, \
  0x02000100, 0x0100fef6, 0xfdfbf7fa, 0xfbf7f8fd, 0xeaf704f1, 0x0d1e0c1a, 0x2deff1f1, 0xf1ecedeb, \
  0xeaedff00, 0x00000001, 0x00fcfce6, 0xf4ecf0f2, 0xf9f30002, 0xfe000000, 0x00000000, 0x00f70809, \
  0xfff01505, 0xed09ebfb, 0xfcfe020a, 0xee140eff, 0x17221f22, 0xf710e3ed, 0xfe01ff00, 0x00fffffe, \
  0x02b1cee1, 0xdcbcf1f2, 0xe2ee0000, 0x0200f705, 0xfcfc0f00, 0x00000000, 0x00000003, 0x05f6fcf3, \
  0xfaf9f501, 0xef070ef8, 0x08111010, 0x1205f013, 0xf0000807, 0xfbf810ff, 0xff0efe16, 0xf318f1f7, \
  0xf1f6f107, 0x01131601, 0x010007ef, 0x0ff0ec04, 0xfaf5080e, 0x11f2eefb, 0x120706e8, 0xfefef903, \
  0x06ebe7f8, 0xecfc0608, 0x0000f50e, 0xff1309f9, 0xf6fd0508, 0x0c0ffff5, 0x0300ed00, 0xf8edf4f2, \
  0xfb0aef00, 0xf7fe0800, 0x0af2f0fa, 0xecfbe9ee, 0xf1121814, 0x150dfd17, 0x16f50afa, 0xec02f40a, \
  0x0c05eb08, 0x0b0bf3f8, 0x0802f5fe, 0xf209fb06, 0x0d070c11, 0xf10b0c00, 0x15fa0110, 0x010501f2, \
  0xfe09f30a, 0x03f5fbf8, 0x0d1617f3, 0x1a050cfa, 0x1303f219, 0x0ff20b13, 0x12f9fffb, 0x01fb00fe, \
  0x0402030c, 0x0e000ef7, 0xf906f90c, 0x11fbf101, 0xfcf11413, 0xfa070de9, 0x03eafd0d, 0x130c0afd, \
  0x050ffbef, 0xeff1f8f7, 0xf7fd0409, 0xff101805, 0x0a0efafe, 0x02f50eeb, 0x07f2f402, 0x01fb060c, \
  0x0211f00f, 0x05f6f202, 0x11fe0403, 0xfafffef3, 0xf4eff903, 0xf208ed0b, 0xf301edfb, 0xfbeb09ff, \
  0xfff3ea04, 0xef0713f8, 0xfb120a0e, 0x1b06fef6, 0x06060a0c, 0x09f1fc18, 0xfcfafefa, 0xf5f11619, \
  0xf40efef7, 0xfa03fef2, 0xf2f1f806, 0xfdf5f9f7, 0x05fdf415, 0xfd1217f9, 0x0512f20c, 0xf5061212, \
  0xf606060c, 0xff120110, 0xfc0412f1, 0x0f000202, 0x01fe0000, 0xffffec11, 0x0a0dfcec, 0xfefff900, \
  0xffff0301, 0xfe0101fe, 0xfd02020c, 0x0cef0509, 0xf202190d, 0xf3f7140f, 0xf901090d, 0xec03070a, \
  0xf4081200, 0x00000000, 0x00000000, 0xff0000ff, 0xfefefd02, 0x01fdfafe, 0xf200fef9, 0x03fdfefd, \
  0xfafefcff, 0x0000ff06, 0x180f15fd, 0x0ffc0b16, 0xedfcfdf9, 0xfbef0803, 0x0a01edf5, 0x03fef605, \
  0xf6f7fff9, 0x0bf0f608, 0xf1ee00fc, 0x0107f5f5, 0xf9f9fe0a, 0x04080114, 0x170b1516, 0x04faff06, \
  0xf8ffeded, 0x0cf905fe, 0x11f90109, 0x0106fe13, 0xfa130907, 0xf2110c0a, 0x06f7f0f8, 0x0002f70a, \
  0xfa00fffa, 0xfdfdf6fc, 0xfbf9f404, 0x0bfbfa00, 0xf0f4f705, 0x05fc09f5, 0x0615fd16, 0x00000000, \
  0x00000000, 0x3f000000, 0x00000000, 0x00000000, 0x00000000, 0x00000000, 0x00000000, 0x00000000, \
  0x00000000, 0x00000000, 0x00000000, 0x00000000, 0x00000000, 0x00000000, 0x00000000, 0x00000000, \
  0x00000000, 0x00000000, 0x00d90000, 0x00000000, 0x00000000, 0x00000000, 0x00000000, 0x00000000, \
  0x00000000, 0x00000000, 0x00000000, 0x00000000, 0x00000000, 0x00000000, 0x00000000, 0x00000000, \
  0x00000000, 0x00000000, 0x00000000, 0x00000000, 0x00000000, 0x40000000, 0x00000000, 0x00000000, \
  0x00000000, 0x00000000, 0x00000000, 0x00000000, 0x00000000, 0x00000000, 0x00000000, 0x00000000, \
  0x00000000, 0x00000000, 0x00000000, 0x00000000, 0x00000000, 0xfbf205ff, 0xfae7e7dd, 0xf1f0f2f3, \
  0xeeede0eb, 0xcf0710fd, 0xeed0ffe6, 0xcafbede2, 0xed02e9f4, 0xe3d9dfdd, 0xe7f1ece5, 0xfae9e3f4, \
  0xf7f3d3f0, 0xd1f5eeed, 0x00f9e1ff, 0xd30cf3f1, 0xf0f9f5eb, 0xf5f7f5f8, 0xfdedf0f6, 0xfbf0f1e8, \
  0x06bdefe7, 0xfc01edfa, 0x07bdecfc, 0xef06f9e4, 0xe5f6f7e0, 0xf2eaf3d6, 0x030aefed, 0xf5e300f7, \
  0xf1faf0e1, 0xfdf4faf5, 0xf9ebebf3, 0x000405e2, 0xeadc0000, 0x00000000, 0x00ef0200, 0x509a42a0, \
  0x00000022, 0x1d160623, 0xf318ea07, 0x08fbf9e2, 0x0304f8ee, 0xebe3f6fc, 0xfc06fa2c, 0xfcf8ff06, \
  0x09ffff0f, 0x11f5f81f, 0x09f3f3f8, 0x0a02f00c, 0x01f30506, 0xeaf7fc05, 0xfb16e7fe, 0x08ef0df4, \
  0xfee00eff, 0x0100fdf3, 0x04f61310, 0xf30c02fd, 0x08160dfa, 0x04fdfb1e, 0xfff9f309, 0xff03fffc, \
  0x02ea07f7, 0xf51111f7, 0xfd1c0ff2, 0x02130004, 0xf603ff04, 0xffe508db, 0xeef702f9, 0xf707fffc, \
  0xfade0000, 0x00000000, 0x00e90400, 0x509a42e0, 0x00000058, 0x00000000, 0x00000000, 0x3d000000, \
  0x00000000, 0x00000000, 0x00000000, 0x00000000, 0x00000000, 0x00000000, 0x00000000, 0x00000000, \
  0x00000000, 0x00000000, 0x00000000, 0x00000000, 0x00000000, 0x00000000, 0x00000000, 0x00000000, \
  0x00040000, 0x00000000, 0x00000000, 0x00000000, 0x00000000, 0x00000000, 0x00000000, 0x00000000, \
  0x00000000, 0x00000000, 0x00000000, 0x00000000, 0x00000000, 0x00000000, 0x00000000, 0x00000000, \
  0x00000000, 0x00000000, 0x00000000, 0x40000000, 0x00000000, 0x00000000, 0x00000000, 0x00000000, \
  0x00000000, 0x00000000, 0x00000000, 0x00000000, 0x00000000, 0x00000000, 0x00000000, 0x00000000, \
  0x00000000, 0x00000000, 0x00000000, 0xf61709e3, 0xe4efe7cf, 0xe3ccfae9, 0xbdfe10df, 0xd60202ef, \
  0xed070300, 0xcfe2eff6, 0xf2e2e4f8, 0xf5e4ece0, 0xeffceb00, 0xf5fbe6ff, 0xf0e917f0, 0x02d5150e, \
  0xe2040ef6, 0xf6dde9ea, 0xdde1f0dc, 0xeef4f9f9, 0xfbf0f9fe, 0xfbf7edf5, 0x0400d3ed, 0xfbebf9eb, \
  0xf4f9ff06, 0xe6f7e4f4, 0xf104dbf1, 0x00edf1f9, 0x1019f7e7, 0xfe0d05f3, 0x070007fc, 0xf3d80bd2, \
  0xf2de0e04, 0xfef1f6fb, 0xea020000, 0x00000000, 0x00e7f300, 0x509a4380, 0x00000022, 0x06141704, \
  0xfd08f0fd, 0x0dfff410, 0xeeeefa0b, 0x17090200, 0xfbf60019, 0x19fcfaeb, 0x0afdf10a, 0x0c17060f, \
  0x050905ec, 0xecfe01fe, 0x0efdffee, 0xfdf70a0d, 0x120bfe10, 0xf2f7fa0c, 0xf108f4e7, 0x0202fdff, \
  0xf2e3ef22, 0xffef09ff, 0x01f203fe, 0x0f00f80a, 0x23f8e5fc, 0xf9000010, 0xebf4f200, 0xe9f905e3, \
  0x04f11aff, 0xfbf4f21a, 0xf4f1060e, 0x16f1fdf9, 0x04fc0916, 0x06f4fce7, 0x05f10000, 0x00000000, \
  0x0009f300, 0x509a43c0, 0x00000058, 0x00000000, 0x00000000, 0x6e000000, 0x00000000, 0x00000000, \
  0x00000000, 0x00000000, 0x00000000, 0x00000000, 0x00000000, 0x00000000, 0x00000000, 0x00000000, \
  0x00000000, 0x00000000, 0x00000000, 0x00000000, 0x00000000, 0x00000000, 0x00f20000, 0x00000000, \
  0x00000000, 0x00000000, 0x00000000, 0x00000000, 0x00000000, 0x00000000, 0x00000000, 0x00000000, \
  0x00000000, 0x00000000, 0x00000000, 0x00000000, 0x00000000, 0x00000000, 0x00000000, 0x00000000, \
  0x00000000, 0x40000000, 0x00000000, 0x00000000, 0x00000000, 0x00000000, 0x00000000, 0x00000000, \
  0x00000000, 0x00000000, 0x00000000, 0x00000000, 0x00000000, 0x00000000, 0x00000000, 0x00000000, \
  0x00000000, 0x03171d14, 0x00fdf6fd, 0xe9240bf5, 0x070808db, 0xffe30dde, 0xf3f0fd18, 0x1107edf5, \
  0xe9fd08f5, 0x01f00cfc, 0x19eff5f8, 0xfbf20c00, 0xf80003f1, 0x15e80afd, 0xda13e305, 0xd5fc0100, \
  0x16e70a03, 0xe618f706, 0xcf0b07fb, 0xe504f6f3, 0x0a09fef4, 0xeeebf20a, 0xdefbf7de, 0x08e9101a, \
  0x02f7fdf7, 0xcb05fbfc, 0x05e8fff1, 0xe5fb0401, 0x01e8f4f9, 0x110ff0de, 0x090cf9f3, 0x26e9f6f5, \
  0x1c0d0000, 0x00000000, 0x00f61300, 0x509a4460, 0x00000022, 0xfb04ff07, 0xfc21fbf0, 0xf7f9f9f9, \
  0xf800f5f4, 0xffeff901, 0x0cfaf910, 0x03fd02f7, 0x0107fb0f, 0x0c120603, 0x14070705, 0xfd0608fa, \
  0xfdf9f8fb, 0xf5e70c09, 0x020f1516, 0x03eefa08, 0x06f5fae8, 0xfdf70612, 0xf9180920, 0xf3fbf301, \
  0x08f6f707, 0x02fafa0c, 0x09fa09f4, 0x000d0706, 0x02060300, 0xfdef01f6, 0xf3f9f6fa, 0x060bfc11, \
  0xfbe9f501, 0xf9f6f9fb, 0x06120718, 0x11f508f0, 0x04e50000, 0x00000000, 0x00fe0200, 0x509a44a0, \
  0x00000017, 0x00000000, 0x00000000, 0x54000000, 0x00000000, 0x00000000, 0x00000000, 0x00000000, \
  0x00000000, 0x00000000, 0x00000000, 0x00000000, 0x00000000, 0x00000000, 0x00000000, 0x00000000, \
  0x00000000, 0x00000000, 0x00000000, 0x0af9f437, 0x190ee0e2, 0xd9000000, 0x00000000, 0x00000000, \
  0x509a8000, 0x00000178, 0xef11f407, 0x0a03f1f2, 0xf9db0006, 0xdc1203f6, 0x01faf6f3, 0xf6f6f3f5, \
  0xf6f3f4fa, 0xfbf9fcfb, 0xfafdfcfb, 0x01fffeff, 0x00fdfe03, 0xfffb04ed, 0x0e04faf9, 0xf107e9ec, \
  0x0a0cf201, 0xf9fbff00, 0x00000000, 0x00000000, 0x0b13f9ff, 0x0b10fa0e, 0xee01fc03, 0xfe02ffff, \
  0x01fe07f0, 0xfb05e40d, 0xf4e410f8, 0xf6ed08fc, 0xf3ff0b13, 0x0aeef6ed, 0x00f8fc0a, 0xebee16fd, \
  0x0f150a18, 0x1ae101fb, 0xff020300, 0xfdfdf9f3, 0xf10305f6, 0xf3fe09f3, 0x04fdfcff, 0x03f50302, \
  0xfb03ecf5, 0xfc02ecef, 0xf5fdf6fe, 0x07140711, 0xf2090eff, 0x0e1df1fc, 0xef0605ec, 0x09f71403, \
  0xff20ee14, 0x18000200, 0xfe020301, 0x02ffe6f5, 0xf10309fe, 0xe008f704, 0x09130ff8, 0x02f80d05, \
  0x1af3faf5, 0xf00bf2fc, 0xfaf6110e, 0xeeee0911, 0x1b0001f8, 0xf210edfd, 0x0f0d04f8, 0xf4faf5fb, \
  0xf5f4f4f5, 0x03f2fdf4, 0x0cf400ff, 0x05f6f1f4, 0xfbfd03f9, 0x04fb07ff, 0x09fef70c, 0x0c020cf8, \
  0xeff000f0, 0x0df2f8f2, 0xef0912f5, 0xf60c0301, 0xef0802e7, 0xf8e9d5f1, 0xf7fc0804, 0x0406ebf8, \
  0xfaf703f3, 0xef0e050e, 0x04ea08ff, 0x05060eef, 0xf30202ff, 0xfa000000, 0x00000000, 0x0000000a, \
  0xfe090d14, 0x0dfef202, 0xf5f4fef0, 0xf80505ea, 0x00000000, 0x00000000, 0x000b100a, 0x10ed08e9, \
  0xf0feebec, 0xfcf304ee, 0x0800f0f7, 0xf5f4e5f3, 0xf0fc02fb, 0x03fef801, 0xfdfffc04, 0x030b0b08, \
  0xf7f70a13, 0x0a19010b, 0xf2f4fdde, 0xd8e802f3, 0xf9fef5ee, 0xfef2fc03, 0xf80be7f1, 0x0bf2edea, \
  0xe4000101, 0x0000feff, 0xfffef804, 0x07fdf900, 0xff0307f8, 0xf9f8f7f9, 0xf4f6f7f7, 0xe8f61bdf, \
  0x1021e602, 0x17eff4f4, 0xf0eff1ee, 0xeaecfffe, 0xf40800fc, 0x0902fce7, 0xf3ede4f1, 0xeaecf2f1, \
  0xf601fcfa, 0x0601fd04, 0xfee80305, 0x03f414fa, 0xfc220903, 0xf2eaed13, 0xf8dde9e0, 0xf109ea0e, \
  0x1d09fcf9, 0xf6f80af8, 0xf7f2f0fa, 0xf8f9f4f4, 0x000e0b05, 0xff0f0e00, 0xfff0f1f3, 0xf4020500, \
  0xff08fdfa, 0xf7faf803, 0xf4f3f2fd, 0x080b0901, 0x0cf80401, 0x09000700, 0x05060afd, 0x030f030b, \
  0x0b0bf9f7, 0xe9f20e0e, 0xee09f0f2, 0xf309f80b, 0xf10b0ff6, 0xfeecfd0e, 0x00090ff5, 0xf80bfbfb, \
  0xf7fa02fe, 0x020fff17, 0xfa05ef06, 0x0af9ef05, 0xff0d0ee9, 0x01fa060e, 0xf40b0af2, 0x1210100e, \
  0x060501ff, 0x060001fd, 0x000201fb, 0x0a05f8f9, 0x0bf6f5f2, 0x0aecf60d, 0xf5f0f501, 0xf8f600fa, \
  0xfd0ff60a, 0x1007fc02, 0xfcfc03fb, 0x02fdff08, 0x08faf805, 0xff02f603, 0x0b0d0401, 0xf9081afb, \
  0xfff6ee02, 0x10f0ef05, 0xf5ff00fe, 0x0805f1f3, 0x0908f70c, 0xfb051507, 0xf6fefefe, 0x07f8140c, \
  0xfd0e030d, 0x07fe01ff, 0xfbfefdfd, 0x0002f314, 0x090e0e07, 0xfafa12f6, 0x0ef100f0, 0x0801fe08, \
  0xfd090c04, 0x0f11f00a, 0x02f7100b, 0x0bf40fff, 0x09000200, 0x00020000, 0x00000203, 0xfafbf6f9, \
  0x0201f902, 0x05f6f6f4, 0xfe08f209, 0xfb031114, 0xf21112fe, 0x030f0c0f, 0x0d0603e9, 0xf6fbfb08, \
  0x0af007f0, 0x0701f2ff, 0xf1fd04ef, 0xf607f909, 0x0afefa04, 0xfefb00f9, 0xf70ef5f6, 0x0709fbf5, \
  0xf902f906, 0xf3ff08fc, 0x0e090cf8, 0x02100c01, 0x08f3f70c, 0xf5000000, 0xfffeff00, 0x0101fa06, \
  0x0bff0d10, 0xf906ff0f, 0xf41417ff, 0xfd16f900, 0x0e13fa06, 0x0c07000f, 0xed07fc01, 0x01fef409, \
  0xfdff050b, 0xfb08ff06, 0xfb0005fd, 0xf7fd0004, 0x06f70607, 0xfd0cf0f2, 0xeff8f001, 0xee02fbf9, \
  0x02ff0408, 0xfd000605, 0xfa0cf1ed, 0x15f60f00, 0x00000000, 0x00000000, 0x02010000, 0xff02fffe, \
  0x01fa00f7, 0xff05f8f9, 0x06010000, 0x00000000, 0x0000000e, 0xf1f10ff3, 0xf20f040b, 0xfe120113, \
  0x001403fb, 0x08fe0df2, 0xfd020ff1, 0xf005f400, 0xf5fb0afb, 0xf7f60108, 0x06eff604, 0x11ec00f7, \
  0x04f1f50b, 0x0711020a, 0x15f50e05, 0xee0104ee, 0x0005f407, 0x10050a03, 0x0005fbf9, 0xf9ecf4f5, \
  0x01fb11fe, 0x080bf9ff, 0xfdf30000, 0xf7000100, 0xfffaf7fe, 0xfbfffc02, 0x02010505, 0x03f6f6fc, \
  0x02f703f3, 0x01f61005, 0x00000000, 0x00000000, 0x3e000000, 0x00000000, 0x00000000, 0x00000000, \
  0x00000000, 0x00000000, 0x00000000, 0x00000000, 0x00000000, 0x00000000, 0x00000000, 0x00000000, \
  0x00000000, 0x00000000, 0x00000000, 0x00000000, 0x00000000, 0x00d00000, 0x00000000, 0x00000000, \
  0x00000000, 0x00000000, 0x00000000, 0x00000000, 0x00000000, 0x00000000, 0x00000000, 0x00000000, \
  0x00000000, 0x00000000, 0x00000000, 0x00000000, 0x00000000, 0x00000000, 0x00000000, 0x00000000, \
  0x3e000000, 0x00000000, 0x00000000, 0x00000000, 0x00000000, 0x00000000, 0x00000000, 0x00000000, \
  0x00000000, 0x00000000, 0x00000000, 0x00000000, 0x00000000, 0x00000000, 0x00000000, 0x00000000, \
  0xfcfb02d7, 0x13f601fa, 0xff05f5fa, 0x0303f101, 0x110eeefd, 0x0df3faf4, 0xe20afff4, 0x02040fff, \
  0xfff908fc, 0x20feeef5, 0xf1f9f60a, 0x04cbf1ed, 0x00aa050e, 0xef0afde3, 0xf30afafd, 0xfdeffcf8, \
  0x0cfefa01, 0x03fb0a00, 0xf6f3f106, 0x12fe0af9, 0x0bf005f6, 0x00f1f506, 0xfc09fcf6, 0x0bf50513, \
  0xfffb02f6, 0xf70ffb0c, 0xfde50c06, 0xfbf6f7f8, 0x0bfef405, 0xba0501e3, 0xf3e405f5, 0xfff80000, \
  0x00000000, 0x00f2fa00, 0x509a82a0, 0x00000022, 0x0e1e1517, 0xfe0bfa0d, 0x041efdf8, 0xf6f903e3, \
  0xf506ea07, 0xfefefb10, 0xf600fc03, 0x03060f0e, 0xf1050012, 0xff0d0707, 0xfcff00f8, 0xf6f5fcec, \
  0xfcecf50e, 0x0d0ffb0a, 0x0ae90316, 0xfbea03f9, 0x151607d7, 0x06edf623, 0x080ef814, 0x0d1000f7, \
  0xed010210, 0x07f4ff00, 0x0eec0809, 0xfce2fbe1, 0xf9e305eb, 0xfb06f8ed, 0xfc04fe10, 0x02fcf9ed, \
  0x0c0506dc, 0x04ffff0b, 0x04f006f4, 0xf70c0000, 0x00000000, 0x00fff400, 0x509a82e0, 0x00000058, \
  0x00000000, 0x00000000, 0x3e000000, 0x00000000, 0x00000000, 0x00000000, 0x00000000, 0x00000000, \
  0x00000000, 0x00000000, 0x00000000, 0x00000000, 0x00000000, 0x00000000, 0x00000000, 0x00000000, \
  0x00000000, 0x00000000, 0x00000000, 0x00ff0000, 0x00000000, 0x00000000, 0x00000000, 0x00000000, \
  0x00000000, 0x00000000, 0x00000000, 0x00000000, 0x00000000, 0x00000000, 0x00000000, 0x00000000, \
  0x00000000, 0x00000000, 0x00000000, 0x00000000, 0x00000000, 0x00000000, 0x3e000000, 0x00000000, \
  0x00000000, 0x00000000, 0x00000000, 0x00000000, 0x00000000, 0x00000000, 0x00000000, 0x00000000, \
  0x00000000, 0x00000000, 0x00000000, 0x00000000, 0x00000000, 0x00000000, 0xf500f9eb, 0x021c03d6, \
  0x05fffcee, 0xfefe03f6, 0xe610f5fb, 0x00f8ef06, 0xed05f7f7, 0x03eff6f2, 0x0500e500, 0x00c80b14, \
  0xee0401fb, 0x03fef8f1, 0x02fbf0fb, 0x01ebfa01, 0xff18d8f5, 0x0f01f6fc, 0x0e08f9c9, 0x03fcf4fd, \
  0x0bfefcf8, 0x0000f0ff, 0xf3f1ef03, 0x02f9f0fb, 0xdf04fa05, 0xf403f21e, 0xe3f0b2f7, 0xfcf7f9dc, \
  0xf308ec0d, 0xeaeaecd3, 0x1208d702, 0x0606f90b, 0x03e50e01, 0x08ed0000, 0x00000000, 0x00f5fe00, \
  0x509a8380, 0x00000022, 0x15dd1000, 0xf50af5dd, 0xf509fef9, 0x000002eb, 0xfcf6fe13, 0xeef3ec08, \
  0x00080bed, 0xdce602f4, 0x04160514, 0x11010cf8, 0xfff11ef1, 0xf50bf417, 0xe0fa12fe, 0x16f21cf9, \
  0x1df20f13, 0x0106fcf7, 0xf1fb010b, 0xfbebfe0c, 0x070af9f2, 0x02fced03, 0x0b1404dc, 0x0706f119, \
  0xfa2f0410, 0x01fffd2b, 0xf412db0a, 0xf5ffe4f8, 0x01eee700, 0x0405ef05, 0x04e30309, 0x0df8100d, \
  0x0debe600, 0xc9eb0000, 0x00000000, 0x00082200, 0x509a83c0, 0x00000058, 0x00000000, 0x00000000, \
  0x79000000, 0x00000000, 0x00000000, 0x00000000, 0x00000000, 0x00000000, 0x00000000, 0x00000000, \
  0x00000000, 0x00000000, 0x00000000, 0x00000000, 0x00000000, 0x00000000, 0x00000000, 0x00000000, \
  0x00000000, 0x00ed0000, 0x00000000, 0x00000000, 0x00000000, 0x00000000, 0x00000000, 0x00000000, \
  0x00000000, 0x00000000, 0x00000000, 0x00000000, 0x00000000, 0x00000000, 0x00000000, 0x00000000, \
  0x00000000, 0x00000000, 0x00000000, 0x00000000, 0x3e000000, 0x00000000, 0x00000000, 0x00000000, \
  0x00000000, 0x00000000, 0x00000000, 0x00000000, 0x00000000, 0x00000000, 0x00000000, 0x00000000, \
  0x00000000, 0x00000000, 0x00000000, 0x00000000, 0x0c0e1210, 0x07071305, 0x0af9000a, 0xfff3000a, \
  0xeede041c, 0x0e040816, 0xf809f8fd, 0xf4fdf202, 0xf8100ff6, 0xf5f510fe, 0xf90df108, 0xed0f0606, \
  0xf4fb0e08, 0x01121210, 0x09f306fe, 0x0f0af804, 0xfb0c0d09, 0x000efb06, 0xef09f001, 0xfef50714, \
  0xfcf11301, 0xdde108f7, 0x0e16060d, 0x12f90e06, 0x08f8fa0d, 0xff0c001c, 0xe701fdfc, 0x0d03f3f5, \
  0xfa120cfe, 0x07200204, 0x10f6fe03, 0x000d0000, 0x00000000, 0x00fb0b00, 0x509a8460, 0x00000022, \
  0xdd020105, 0x0c0f12ec, 0xf509100f, 0x04ff1202, 0xf30611fe, 0xfbf0040f, 0x130df7f6, 0xf603031a, \
  0x0b151405, 0x05140bf7, 0xfa0a0df0, 0xfc03f1e9, 0x00fce800, 0x16020a16, 0x0eeef0ff, 0x00f6eff1, \
  0xf6eb09ff, 0xfe03090e, 0x0d0e0509, 0xf3ec0afd, 0x0bfafd10, 0x0f0703f0, 0xf8e80803, 0x02f9fb01, \
  0x0ef9ef03, 0xfaf809fd, 0x040b1a03, 0xeae7ff0c, 0x0303f611, 0xf40406ec, 0x0905fe04, 0xf5fa0000, \
  0x00000000, 0x00fb0000, 0x509a84a0, 0x00000017, 0x00000000, 0x00000000, 0x52000000, 0x00000000, \
  0x00000000, 0x00000000, 0x00000000, 0x00000000, 0x00000000, 0x00000000, 0x00000000, 0x00000000, \
  0x00000000, 0x00000000, 0x00000000, 0x00000000, 0x00000000, 0x00000000, 0x29cf0d08, 0x060718f9, \
  0x07000000, 0x00000000, 0x00e10000, 0x509ac000, 0x00000178, 0x0b130504, 0x1103160f, 0xf2f001f4, \
  0xf50a16f2, 0x0909f8f9, 0xfbf7f4f6, 0xf5f5fbf7, 0xf9f6f7f6, 0xfaf9f3f6, 0xfdfc02fd, 0x010003fe, \
  0xffea02f0, 0xf3fe0dff, 0xe5dfed02, 0x02e807ea, 0x0af0f800, 0x00000000, 0x00000000, 0x0a08edfd, \
  0x050dfb09, 0x06030002, 0xfdff00ff, 0x01fffef8, 0xd21607d3, 0x0f1af3f6, 0xe407f7f0, 0xf5f6f609, \
  0xe5f8f8eb, 0xfc0addf9, 0xfae9170f, 0xf908e508, 0xedf7f9ff, 0x050804f5, 0xfa00f3f2, 0xf2fafa04, \
  0xf701fbfa, 0xfdf402f0, 0xee090c07, 0x0908eef8, 0xf600fbff, 0xff02f8f9, 0x0df9f7f2, 0x0bf3f4e7, \
  0x041bfff4, 0xea08e704, 0x1007190b, 0xed10030c, 0x1601fffe, 0xfe0103ff, 0xfdfefa08, 0xf10508e6, \
  0xfd0c08d8, 0x04fff3e3, 0x040d07fa, 0x0deb0303, 0xfff8f10d, 0x0d0704fb, 0xe1fbed0b, 0x0212fde9, \
  0xe8ece5e7, 0x0be3e7f4, 0xf4f2fdf9, 0xedf8f5ea, 0x0de9ea09, 0x06eef1f8, 0xfaf1fbf5, 0x04f4f909, \
  0xf3f111ff, 0x000af8fa, 0xfafaf8ff, 0x05f20c05, 0x0dec02f5, 0x0f1b1bfb, 0xf7fdfae9, 0x04f2fae7, \
  0x0bf7eaff, 0x0413fae9, 0xf7f0fb00, 0xf2e7f3f8, 0x0ffde6fc, 0x0af3f201, 0xfb090603, 0x07eaf8fc, \
  0x00000000, 0x00000000, 0x0000f0e8, 0x05f8faf4, 0x0604f4ef, 0xe9f4f400, 0xe7ef01e9, 0x00000000, \
  0x0000feff, 0xff030911, 0xfe0d08f6, 0x060302ef, 0x050effeb, 0x09f0f5fd, 0xe807eafb, 0xf903fa00, \
  0x020407f8, 0xfcf500f5, 0xfd0eec06, 0x0a111802, 0xfe0af80c, 0xf3f6e2f3, 0xe1fa03f1, 0xedee08ec, \
  0xf2fbfcf6, 0xffe70af5, 0x05f006f3, 0xf001fb05, 0x04010002, 0x05fc0308, 0xfdf5f3f6, 0x020107f6, \
  0xf3fcf7fc, 0xfff7fbfe, 0x00eb0d0b, 0x0011f20e, 0x1beceeef, 0xf1f1eef3, 0xf2f1fd05, 0xfb00ef0c, \
  0xfc0307ea, 0xe5f4e6ef, 0xf5e8f8f8, 0xecfbf801, 0x04f905ff, 0xf8f4fa11, 0x04050be9, 0xf31ff2e5, \
  0xf3f9ec0a, 0xfe0c0d00, 0xf30001fd, 0x0712fed8, 0xf90cf5f1, 0x0df20df8, 0xf9f7e6d6, 0x0efeecf2, \
  0xf2eff1fe, 0x0a0beeee, 0xe9ef0b01, 0x00f00df3, 0xfeebef05, 0xfff5fb00, 0xfefbfffb, 0xfa00fdf3, \
  0x02fcf4ed, 0xfdebefd7, 0xe2e9dae5, 0x14ecf802, 0x081103f8, 0xfd0309ed, 0xf1fdfefe, 0xf8f70d02, \
  0x02fefe01, 0x01f8fc13, 0x10f207ed, 0xf802f401, 0xfb0d1709, 0x0c0a06f5, 0xfe0d0b0a, 0xf6fbfa0e, \
  0x060901fc, 0xf2121001, 0xfeed130b, 0x0511ee04, 0x0def061d, 0x031815f6, 0xeaf80611, 0xef171819, \
  0x000300fc, 0x0001f900, 0x0005fa0d, 0xe1fdfef4, 0x1205f0f8, 0xf5070806, 0xfa1118ff, 0xfdfbfdfc, \
  0x0600fbfe, 0x17fe0007, 0x0df01300, 0xe9020aea, 0x11ed0102, 0xfffae7fd, 0x03070110, 0x0315000b, \
  0x15fbf905, 0x0419fa11, 0x02010ef1, 0xf3f30c0e, 0x020b0af9, 0xfa06100d, 0xfdf416f2, 0xf500f9f1, \
  0x02f50501, 0x0e0d020d, 0x0e031105, 0xf4ee070c, 0xf011f51c, 0xf7fe0ef2, 0x06f901fe, 0xf7f6020d, \
  0x08f3f4f5, 0xfafa0011, 0x14110104, 0xf6effcf9, 0x07f5010f, 0x09011a16, 0x1304fffc, 0xeef10814, \
  0xf3e90007, 0xfd1006f2, 0xedeef3f8, 0x02f91503, 0xedf309f9, 0xe50115f9, 0xfbf9faef, 0xfd03f9fd, \
  0xf0ed13ea, 0xec0a0000, 0x00000000, 0x000000f4, 0xf8ebfa0c, 0xf0f7f90e, 0xf605eb02, 0x010405f9, \
  0xff08fdf7, 0xf7fafcf9, 0xf7f5fafd, 0xfced1113, 0x06ff1209, 0x0c0a04fa, 0x06010cf4, 0xf908ff02, \
  0x091418f8, 0x11000000, 0x00000000, 0x00fef607, 0x0def0cfb, 0x0af71000, 0x0000fffd, 0xfaf3faf2, \
  0xe5eff802, 0xf70412f3, 0x08eae4ec, 0xf8f80acb, 0xdffff20c, 0x00fa0f14, 0x12ee0600, 0x00000000, \
  0x00000000, 0x0c0102fc, 0xfd01f9f9, 0xfa000000, 0xfb0000f8, 0xff000000, 0x00000000, 0x00000011, \
  0x120bf914, 0x040cfafb, 0x10effb0c, 0xeaf21109, 0x1001ff00, 0xfafbf302, 0xf0ee04fa, 0xf902e904, \
  0xe5e104f9, 0x190f07e9, 0x02080509, 0x12eefaea, 0xee15de03, 0x0a061814, 0x2316fb11, 0xfc11faf6, \
  0xf71c150e, 0x0e1a00fb, 0xecfa0306, 0xf0fe05f7, 0xf9fff807, 0xf4fe0723, 0x1efefbf0, 0xfefafe00, \
  0x00f90000, 0xff000005, 0x000709f8, 0xfa070305, 0xf3f8e700, 0x00000000, 0x00000000, 0x3e000000, \
  0x00000000, 0x00000000, 0x00000000, 0x00000000, 0x00000000, 0x00000000, 0x00000000, 0x00000000, \
  0x00000000, 0x00000000, 0x00000000, 0x00000000, 0x00000000, 0x00000000, 0x00000000, 0x00000000, \
  0x00380000, 0x00000000, 0x00000000, 0x00000000, 0x00000000, 0x00000000, 0x00000000, 0x00000000, \
  0x00000000, 0x00000000, 0x00000000, 0x00000000, 0x00000000, 0x00000000, 0x00000000, 0x00000000, \
  0x00000000, 0x00000000, 0x00000000, 0x41000000, 0x00000000, 0x00000000, 0x00000000, 0x00000000, \
  0x00000000, 0x00000000, 0x00000000, 0x00000000, 0x00000000, 0x00000000, 0x00000000, 0x00000000, \
  0x00000000, 0x00000000, 0x00000000, 0xfcf5f606, 0xed12f0ee, 0x0ffd0d0f, 0xfaf504f4, 0xffe7f0e7, \
  0xed0bff16, 0xfdf1e9fc, 0x0feaf701, 0xfe03fb12, 0xeafd0604, 0xfe0412fc, 0x0c1cfcfe, 0x0b2406db, \
  0x12011113, 0x08dd0c0a, 0xf5021b05, 0xf2020a01, 0x00fee3f2, 0x04f72209, 0xf0fee3f8, 0xf407fe04, \
  0xf6fdfc01, 0x0500ea01, 0xf2f7050f, 0xfff3f5f6, 0xf3f00ef0, 0xf81af0fa, 0xf40b0afb, 0xf6fdfe06, \
  0x28eaf72f, 0x0317e6fa, 0x05fd0000, 0x00000000, 0x0003fb00, 0x509ac2a0, 0x00000022, 0x07f41705, \
  0xeedb09fd, 0xfb030e2c, 0xfbfa0208, 0xf602f30c, 0xf41bece5, 0xfce90d00, 0xed21fefc, 0x04f409fc, \
  0x0712f812, 0x01f60706, 0xef0ef7ef, 0xf1e701f5, 0x20031900, 0x24140bff, 0xf5fdfd27, 0xf020fcf9, \
  0x0ef80ade, 0x03f7fa2a, 0x0b03f4f9, 0x0e19ec21, 0x0bff04e6, 0xfafe1201, 0x09fe09fb, 0x0be6e813, \
  0xedf6f706, 0x0c0ff107, 0xf4e7f60c, 0xfefc10f4, 0xfdf003d3, 0x1004ed24, 0xe3140000, 0x00000000, \
  0x00fe1500, 0x509ac2e0, 0x00000058, 0x00000000, 0x00000000, 0x3b000000, 0x00000000, 0x00000000, \
  0x00000000, 0x00000000, 0x00000000, 0x00000000, 0x00000000, 0x00000000, 0x00000000, 0x00000000, \
  0x00000000, 0x00000000, 0x00000000, 0x00000000, 0x00000000, 0x00000000, 0x00070000, 0x00000000, \
  0x00000000, 0x00000000, 0x00000000, 0x00000000, 0x00000000, 0x00000000, 0x00000000, 0x00000000, \
  0x00000000, 0x00000000, 0x00000000, 0x00000000, 0x00000000, 0x00000000, 0x00000000, 0x00000000, \
  0x00000000, 0x43000000, 0x00000000, 0x00000000, 0x00000000, 0x00000000, 0x00000000, 0x00000000, \
  0x00000000, 0x00000000, 0x00000000, 0x00000000, 0x00000000, 0x00000000, 0x00000000, 0x00000000, \
  0x00000000, 0x02d7f7fa, 0x08daee19, 0xfb0bf2fa, 0xff07f8f5, 0x0aedf609, 0x0112edef, 0xf8f703f8, \
  0xeceffcf5, 0xfa060b0b, 0x070ff0e5, 0xfaf013fd, 0xf8f813ef, 0x0e0516f7, 0xed00f5f8, 0x08130df8, \
  0xfcfbee07, 0xf0eeee0d, 0xeffe07fb, 0xf5ec0df1, 0xfef3f7f4, 0xf806f90f, 0xf90aeded, 0x0b06f1f9, \
  0xfdd811d2, 0x13fe11da, 0x040b0b14, 0x02ff05fa, 0xfac6de0a, 0x000108f4, 0xee0006f0, 0xee0ce4ef, \
  0xe5f00000, 0x00000000, 0x000cf100, 0x509ac380, 0x00000022, 0xd327f1f5, 0x0110daf9, 0xe607f803, \
  0xf11017f8, 0x141b00ea, 0xe0eedc01, 0xe9061ae2, 0x1907ee05, 0xe50ef413, 0xed0c07f5, 0xee0a2813, \
  0x0ee121e8, 0x1403311a, 0x3427ea2a, 0xeffa2c03, 0xff14f9f7, 0xf705d801, 0xf5fe0521, 0xf0ee1018, \
  0xdfdefe0b, 0x2708fa08, 0xf8e601f4, 0xf005dd0e, 0x08ff1e00, 0x2dd811f2, 0xf105f101, 0x10f5fe0e, \
  0x0bf429fd, 0x0c0709ff, 0x170d0120, 0x08f1fcd7, 0x05050000, 0x00000000, 0x001c0800, 0x509ac3c0, \
  0x00000058, 0x00000000, 0x00000000, 0x78000000, 0x00000000, 0x00000000, 0x00000000, 0x00000000, \
  0x00000000, 0x00000000, 0x00000000, 0x00000000, 0x00000000, 0x00000000, 0x00000000, 0x00000000, \
  0x00000000, 0x00000000, 0x00000000, 0x00000000, 0x002f0000, 0x00000000, 0x00000000, 0x00000000, \
  0x00000000, 0x00000000, 0x00000000, 0x00000000, 0x00000000, 0x00000000, 0x00000000, 0x00000000, \
  0x00000000, 0x00000000, 0x00000000, 0x00000000, 0x00000000, 0x00000000, 0x00000000, 0x43000000, \
  0x00000000, 0x00000000, 0x00000000, 0x00000000, 0x00000000, 0x00000000, 0x00000000, 0x00000000, \
  0x00000000, 0x00000000, 0x00000000, 0x00000000, 0x00000000, 0x00000000, 0x00000000, 0xeeefe2c5, \
  0xf9ea05fc, 0xf3d7ebec, 0xe5eb0aed, 0xff03e613, 0x07f409ec, 0xe8edfce6, 0x16fcdbf5, 0x0bc5fafd, \
  0xf617e6f1, 0xfeea23fc, 0xeeb5e904, 0x14dbf7e9, 0xe6fbf7f5, 0xf0f407f6, 0xeef7fdf8, 0xf4f3f505, \
  0x0f0be7f1, 0x09f5f2e5, 0xf7ea07f4, 0xf50bfdef, 0x1a0dfdf1, 0xe5f300dd, 0xf6fae5ff, 0xda0ef5e0, \
  0xeaf101ee, 0xefe8eff3, 0x12e1fbc8, 0xcae0f3f5, 0xf9f0e6f3, 0xef00fa04, 0xf0e60000, 0x00000000, \
  0x00faef00, 0x509ac460, 0x00000022, 0x19d918fc, 0x190201fc, 0xf50ee70a, 0xfbff0500, 0x14070607, \
  0x0502080c, 0x0c0b00fc, 0x03fdfcfd, 0x030f010d, 0x12ebf907, 0x0cf6fdf6, 0xff0b07ff, 0xfd03fef4, \
  0x0bef04f5, 0xf4fd0b05, 0x020d17fe, 0x0eeffe04, 0x16040e02, 0x000b1302, 0x09fe01ef, 0xf503f9e6, \
  0x190c0301, 0xe3051303, 0xe9fa0800, 0xec071b10, 0x05f9fd24, 0xea13fff2, 0x04f00507, 0xf8f70cfa, \
  0xf7f710ef, 0xf3150715, 0xf9ee0000, 0x00000000, 0x00faf500, 0x509ac4a0, 0x00000017, 0x00000000, \
  0x00000000, 0x55000000, 0x00000000, 0x00000000, 0x00000000, 0x00000000, 0x00000000, 0x00000000, \
  0x00000000, 0x00000000, 0x00000000, 0x00000000, 0x00000000, 0x00000000, 0x00000000, 0x00000000, \
  0x00000000, 0xdc1dfef7, 0xc90c0b0c, 0xe3000000, 0x00000000, 0x00390000, 0x509b0000, 0x00000178, \
  0x0ff618f4, 0x1318f0fc, 0x19fff1fc, 0xf6f402eb, 0x0deafaf9, 0xf6faf8fd, 0xf4f5fdfa, 0xf8fbf4f7, \
  0xf5f9f2f4, 0xfefc02fa, 0xfffbff00, 0x00fbf213, 0xfd0302eb, 0xeff9eafa, 0xffe2ebe6, 0xfaf80000, \
  0x00000000, 0x00000000, 0x06e7db0c, 0xfe0400de, 0xec000000, 0x00000000, 0xff0003e4, 0xeafaee04, \
  0xeff81c0f, 0xe5e8110f, 0xed10efef, 0xecdae7e2, 0xf203fd07, 0xfeef04b1, 0xf6dcd7f1, 0xf8f80405, \
  0xf8fafdf3, 0xf900fd07, 0x05020008, 0xfefcff05, 0x0dfbf0fa, 0x00f400eb, 0xf4fffa04, 0xfffffdff, \
  0xf8fde9fd, 0x0514f50d, 0x06070101, 0xf0e00005, 0xed02e8f8, 0xf305f605, 0x0be6e808, 0xe7ff02ff, \
  0x00fe02ff, 0x0201eb01, 0xfafa08f1, 0x04ecff00, 0xebf0fff8, 0xf6ecf2e5, 0x0eeffbef, 0xf9edfcfa, \
  0xf8fa0200, 0x011af6ed, 0x0df0e4fa, 0xf6e8faf3, 0xe602e5ea, 0xfef4f1f3, 0xf0f2fcf0, 0x0af90efe, \
  0x0e0911fc, 0x0dff04f9, 0x06fcfa0c, 0xf2f3f001, 0xebef07ed, 0xe4e3fd08, 0x0afef90a, 0xef00fcf4, \
  0xfd0bd9eb, 0x10091311, 0x0c1000ed, 0x09070e0e, 0x10f0fbf2, 0xf500fbfe, 0xfcfffd08, 0xf00303fc, \
  0xf802fef9, 0x0306e501, 0x040bfef7, 0x06000000, 0x00000000, 0x0000f2f4, 0x00f301f8, 0x08f5ec0a, \
  0xf903fcf6, 0x0edded0f, 0x0001fcfe, 0xfeffff00, 0x01eaf7fc, 0xea00e8fa, 0xeefdecfb, 0xfdecfaf9, \
  0xec0df20a, 0xf0eef9e9, 0x06feffe7, 0x0c09f709, 0x02040efa, 0x0efdf905, 0xf0fee4f9, 0xe8ecfa06, \
  0x1809ff08, 0xe0fbf3f1, 0xebf60bf4, 0xf4f101f9, 0xe403eaf4, 0xe7f9f2f7, 0xedf6fdf6, 0xf8fcfef7, \
  0x03000403, 0x00fa0100, 0x01fe00fb, 0xf802fbf7, 0xf5fdf9ff, 0xfb0113f3, 0xfcfafefb, 0xe0f1f1f0, \
  0xf6f5f6f7, 0xf8f90ff3, 0x06010408, 0xf4eef6f5, 0xfdfdf7eb, 0xf6f1eff1, 0xfc03f604, 0x0df3f706, \
  0xece4f7db, 0xf5f7ccea, 0x0bd6f5f8, 0xf3f90af0, 0x0c0dec13, 0x13f707e6, 0xc3f6fbf6, 0x09f6f0f4, \
  0x0e0ff9f9, 0x06f9e8ef, 0xe5041409, 0xf6ecfe13, 0x0bf706eb, 0x0900f5eb, 0xfd00f509, 0xf909f9f4, \
  0xfeff05fc, 0xf5fb00ff, 0x03000000, 0x00000000, 0x0000fcf9, 0xf3f10d0f, 0x09050f00, 0x01010001, \
  0x03000000, 0xff060401, 0xff03fd00, 0x0cf5f60b, 0x10f60209, 0xfdf7f611, 0xf5fefd12, 0x0cf91300, \
  0xf20f140f, 0xfefb0606, 0x01f71008, 0x110f05fa, 0xf500f211, 0x09001211, 0x1010fc02, 0xfefdfefe, \
  0xfcfdfdfb, 0xfaf806f8, 0xfe0504fc, 0x0d0dfcfb, 0x02090cfb, 0xec0b0e0e, 0xf109020e, 0x0bfaf6fc, \
  0x00f400f9, 0x07fdf5fc, 0x0d070802, 0x090905fa, 0x020701fe, 0xf705fdfa, 0xfdfafb07, 0x01fdf309, \
  0x05020df4, 0xfc0f00fc, 0xf001fdff, 0xfdfe0004, 0x01fefd00, 0xf50cfff4, 0x000bfdfe, 0xf4f801ff, \
  0x0304ff0a, 0xfd09f307, 0xf7fd02fd, 0xf8060bfa, 0x0007f9f7, 0x02070af8, 0xfcf30103, 0xfe0dfaf5, \
  0xf70612fe, 0x0108f5f9, 0x0ffe0000, 0x00000000, 0x0000000d, 0x0808f808, 0x04fe0bf9, 0x02fe00ff, \
  0x05fbfd03, 0xfbfaf705, 0x0bf41007, 0x0d0ffa00, 0xfbf5fbf1, 0x0509fdf3, 0xf9ecf803, 0x0ef3f8eb, \
  0x0e03f7f1, 0xf7f60df0, 0x0009080b, 0x080102fe, 0xfbfbf7ee, 0x0006f80b, 0x01fd0605, 0xfffa0b03, \
  0x0dfd0509, 0xf8011206, 0x11010706, 0x04000001, 0x00000000, 0x000000fb, 0xf600fd00, 0x06fc0a05, \
  0xfa0c0d0a, 0x03010af4, 0xff06f906, 0x05030105, 0x0405f804, 0xfafafa03, 0xfd00060e, 0xf2fa1105, \
  0xf0f407f8, 0x030303fc, 0x03000000, 0xebefec04, 0xf50eee08, 0x01000000, 0x00000000, 0x0000130a, \
  0xff0113fa, 0xfdf11200, 0x00000000, 0x00000000, 0x02020700, 0x04fc00fc, 0xfdf7f804, 0xfbf9fff7, \
  0xfafa0000, 0x000000ff, 0xfeff0000, 0x00000000, 0x0000ff01, 0x0cf60ff9, 0x0910f909, 0xf506f805, \
  0xff0df8fa, 0x0bf2f802, 0xf90607f7, 0xf70dfefe, 0x09fa1109, 0x02f909f8, 0x0202fefe, 0x02010104, \
  0xff06fb06, 0x07fafcff, 0x020af9f7, 0xfdf5fa08, 0x06f9fbff, 0xfe0100ff, 0xfe0501ff, 0x0b0c0803, \
  0xeb060904, 0x0202fdfd, 0xfdfcff00, 0xffff0000, 0x00000000, 0x000000fb, 0xfc0afe05, 0x0e0cff0f, \
  0x00000000, 0x00000000, 0x3e000000, 0x00000000, 0x00000000, 0x00000000, 0x00000000, 0x00000000, \
  0x00000000, 0x00000000, 0x00000000, 0x00000000, 0x00000000, 0x00000000, 0x00000000, 0x00000000, \
  0x00000000, 0x00000000, 0x00000000, 0x00020000, 0x00000000, 0x00000000, 0x00000000, 0x00000000, \
  0x00000000, 0x00000000, 0x00000000, 0x00000000, 0x00000000, 0x00000000, 0x00000000, 0x00000000, \
  0x00000000, 0x00000000, 0x00000000, 0x00000000, 0x00000000, 0x00000000, 0x3d000000, 0x00000000, \
  0x00000000, 0x00000000, 0x00000000, 0x00000000, 0x00000000, 0x00000000, 0x00000000, 0x00000000, \
  0x00000000, 0x00000000, 0x00000000, 0x00000000, 0x00000000, 0x00000000, 0xf60be71d, 0xfdfd0edf, \
  0xf7f5ea14, 0x05f41810, 0x0206f9f6, 0x0efdf9ff, 0xf8f9efff, 0xfef5eded, 0xebf20ffd, 0xe80cfe00, \
  0x031204f9, 0xf809f9f2, 0x0211f1f6, 0xfdf8ff0f, 0x03effdfe, 0xf200eb03, 0x05fe0f09, 0x01030701, \
  0x0b01f006, 0xf1ff1205, 0x04fefffe, 0x0df8e40c, 0xf21cf001, 0x0500eb0b, 0x0d0f0a05, 0xfcf3fef7, \
  0xfe04ff11, 0x04f203f6, 0x0212fa0a, 0x0dfdeaf4, 0xf2f9fd00, 0x0f0c0000, 0x00000000, 0x00f61f00, \
  0x509b02a0, 0x00000022, 0xee110c17, 0x15eaec05, 0x26dd08d9, 0x08272119, 0xe8d91502, 0x2ffa3008, \
  0x08fbde27, 0xf9ea07f5, 0xf6e2eef1, 0x02f1fcf3, 0x0bf0011b, 0x17faf71b, 0x0520d40c, 0xfcfcf3e3, \
  0xec16f1f5, 0xfde1ea01, 0x05ea1d0a, 0xd712dfd8, 0x1422e7f4, 0x15131713, 0xea0907fc, 0x25eadefe, \
  0xe2f803e7, 0xf712f61b, 0xed2c0806, 0x1f0320fa, 0xd61f15dc, 0x04171ef7, 0xf0ecf5f1, 0xe00afded, \
  0xdd11eb1e, 0x10fa0000, 0x00000000, 0x00efeb00, 0x509b02e0, 0x00000058, 0x00000000, 0x00000000, \
  0x3a000000, 0x00000000, 0x00000000, 0x00000000, 0x00000000, 0x00000000, 0x00000000, 0x00000000, \
  0x00000000, 0x00000000, 0x00000000, 0x00000000, 0x00000000, 0x00000000, 0x00000000, 0x00000000, \
  0x00000000, 0x00080000, 0x00000000, 0x00000000, 0x00000000, 0x00000000, 0x00000000, 0x00000000, \
  0x00000000, 0x00000000, 0x00000000, 0x00000000, 0x00000000, 0x00000000, 0x00000000, 0x00000000, \
  0x00000000, 0x00000000, 0x00000000, 0x00000000, 0x3d000000, 0x00000000, 0x00000000, 0x00000000, \
  0x00000000, 0x00000000, 0x00000000, 0x00000000, 0x00000000, 0x00000000, 0x00000000, 0x00000000, \
  0x00000000, 0x00000000, 0x00000000, 0x00000000, 0xfffd1408, 0xfadc0415, 0xfc05f904, 0xf70317f2, \
  0xff030803, 0x03fefa0a, 0x0e0407f9, 0xf80c0af2, 0x040ffef9, 0xfa28ed0e, 0xf0edfa0a, 0xee10f605, \
  0xfefd1210, 0xff0e0b16, 0x03ff1303, 0xf4f3f3e5, 0xfb04f91a, 0xe6fc02e7, 0xfc0bf40d, 0xe3f103fd, \
  0x05eeefec, 0xfc0425e9, 0x24fef1f8, 0xe51702f9, 0x080627f2, 0xfe13fc1c, 0xf80a010f, 0x02251afe, \
  0x1b0523f4, 0xf5f6160e, 0xfe0edefb, 0xde020000, 0x00000000, 0x00f9f800, 0x509b0380, 0x00000022, \
  0xf80ff2f6, 0xf713f1fb, 0xf701eaf9, 0x09fe030a, 0xff14000a, 0xfafdf40a, 0xed0915f2, 0xf903fd0c, \
  0xf90bfbf2, 0xfe0505f8, 0x00070cf5, 0xef030fe7, 0xf4050512, 0xf409020c, 0xfef911fc, 0xf4fa0af0, \
  0xf9fdfe0b, 0x141e000a, 0x0a04fb05, 0x0ff6f10f, 0x06020404, 0xf8f502f4, 0xfafcf6fd, 0x081118f0, \
  0x1dfef8fb, 0x00f8e7e0, 0xf2f0e705, 0x02fd07f3, 0xee010607, 0xfc0a0a0a, 0xfcf0fee9, 0xfde90000, \
  0x00000000, 0x00f41700, 0x509b03c0, 0x00000058, 0x00000000, 0x00000000, 0x6d000000, 0x00000000, \
  0x00000000, 0x00000000, 0x00000000, 0x00000000, 0x00000000, 0x00000000, 0x00000000, 0x00000000, \
  0x00000000, 0x00000000, 0x00000000, 0x00000000, 0x00000000, 0x00000000, 0x00000000, 0x00ee0000, \
  0x00000000, 0x00000000, 0x00000000, 0x00000000, 0x00000000, 0x00000000, 0x00000000, 0x00000000, \
  0x00000000, 0x00000000, 0x00000000, 0x00000000, 0x00000000, 0x00000000, 0x00000000, 0x00000000, \
  0x00000000, 0x00000000, 0x3d000000, 0x00000000, 0x00000000, 0x00000000, 0x00000000, 0x00000000, \
  0x00000000, 0x00000000, 0x00000000, 0x00000000, 0x00000000, 0x00000000, 0x00000000, 0x00000000, \
  0x00000000, 0x00000000, 0xf004f71d, 0x17f000f3, 0xf0fff2fe, 0x13190509, 0xfb131600, 0xdffffb00, \
  0x1cf8f9f8, 0xfb05e111, 0xee071e0a, 0x1f01f4f9, 0xf3ece8ed, 0x0112f802, 0xf6090e04, 0x0afc04fe, \
  0xf7f7f2fc, 0x09f8f6f7, 0x13f00808, 0x050e0502, 0xfcf604f6, 0xfff8e70c, 0xfefc00f6, 0x0e0e040b, \
  0x15f3f20f, 0xfc0afef4, 0x11001616, 0xf5ecf9f6, 0x16f6f30b, 0xe3050508, 0xf8001422, 0xeaeb25eb, \
  0xf100f7f7, 0xf8f50000, 0x00000000, 0x00fef200, 0x509b0460, 0x00000022, 0xc71a01f4, 0xfefaeef1, \
  0xd800fb08, 0xee0c0bfd, 0x030329f8, 0x10fa3003, 0x0cf213e7, 0xcbfef416, 0xf6100b01, 0xe9100ef2, \
  0x0b042707, 0x0cf904ff, 0x2bfaef07, 0xfe070915, 0xfe09f207, 0xf5edfdf5, 0xed0018f8, 0x0309090a, \
  0x2d08d0f6, 0x13f1e802, 0xddfe1c11, 0x00fae7ef, 0xf1f02007, 0x0e080105, 0x1bfe02f7, 0xe013ed01, \
  0xd6fe0107, 0xe1f31ff6, 0xee000d03, 0xe30afb12, 0x2deff7ec, 0x12f90000, 0x00000000, 0x00fcf900, \
  0x509b04a0, 0x00000017, 0x00000000, 0x00000000, 0x4a000000, 0x00000000, 0x00000000, 0x00000000, \
  0x00000000, 0x00000000, 0x00000000, 0x00000000, 0x00000000, 0x00000000, 0x00000000, 0x00000000, \
  0x00000000, 0x00000000, 0x00000000, 0x00000000, 0xe713e9fe, 0x1eea01f6, 0x0d000000, 0x00000000, \
  0x00090000, 0x509b4000, 0x00000178, 0xfdfaf5df, 0x01faf9f1, 0xeff70bff, 0xe7e90cf7, 0xdb0af3eb, \
  0xedeff0ed, 0xf1f5f1fa, 0xf5f6faf9, 0xf8fcfdfd, 0x0606ffff, 0xf807f903, 0x03f8f4fd, 0xf7f7ea10, \
  0x0ee9effe, 0xff02f5f2, 0x11f60300, 0x00000000, 0x00000000, 0xf1ff02ed, 0x1ffc1206, 0x1c0500f8, \
  0xfef50504, 0xfdfdfa0e, 0xf304f6f2, 0xf0fe00f4, 0x13f9f108, 0xeaeef800, 0x0df6eefc, 0x04040917, \
  0x03fbf900, 0x0e1a0523, 0x14f305fd, 0x03fa0000, 0xfa00f8fe, 0x05fffc0f, 0xf10c0ef3, 0xf504f708, \
  0xfefa00fc, 0xfcecf8ff, 0xf6f804ed, 0xe6fff904, 0x0d0d1016, 0x02f203fa, 0x0e020912, 0xff01f9eb, \
  0x02042010, 0xff0bfdff, 0x28fffa07, 0xf902fafd, 0x04f812f2, 0xe50df6ec, 0x00faef01, 0xf404fc09, \
  0x081216fe, 0x03efeef2, 0xebf1decd, 0xfc010904, 0x03f5ef10, 0x091b01fb, 0x0c020811, 0x1f1c14f1, \
  0xf4fdf7f4, 0xf3f7fafd, 0xf0f9f8f8, 0xf7eef7fa, 0xf0fcef09, 0x09ff0504, 0xfefb080a, 0xf803efe8, \
  0xfd10e90f, 0x040fee09, 0xf5f0fc05, 0xeff60b08, 0x021ce6fc, 0x1406fef3, 0xe9ebf0d1, 0x0df9eded, \
  0xfaf7f7f8, 0xffff07f9, 0x00020200, 0xfef7ff08, 0x02ecf8f4, 0xef0dfdee, 0x08000000, 0x00000000, \
  0x00001915, 0x06141b0c, 0x12191415, 0x08e21aeb, 0xd8f904de, 0xf6020105, 0x0300f902, 0xfb0afa02, \
  0xeff3f4ee, 0x0dedf905, 0x090df307, 0xf0f4f7f5, 0xf1eb0503, 0x06101af3, 0x0bfc04f8, 0xfffaf708, \
  0x07ef0be7, 0xf4f50018, 0x0503f203, 0xe1ebebfb, 0xeef4edf1, 0xebf5f9f3, 0x03e9fee6, 0xf7ecf1f9, \
  0xfeebe004, 0x05fefd01, 0xfe00fafe, 0xff0003fc, 0x0cfc09f4, 0x04f905fa, 0xfbfbf5f6, 0xf5f4f7f5, \
  0x00fb0ce9, 0xef14eb0a, 0x11f5fbff, 0xe8eeeded, 0xe6ecfc02, 0xfcfbfff9, 0xfa0605f4, 0xf9faf6f3, \
  0xf1f2f2f0, 0xf9f8fbf5, 0xf7f3f6f5, 0xf40a0a2a, 0xf5f810f1, 0x0ef81af3, 0xda03e9e5, 0xf8d8e4d3, \
  0xfb02ecec, 0x0bfff0f1, 0xfa0708fb, 0xeff8fa05, 0x00150ef1, 0x1a211a17, 0x1e14f2f6, 0x000cf7f4, \
  0x01f4f101, 0xfd00ff00, 0xfd000001, 0x2512fe10, 0x2300fb08, 0x0af4e8ca, 0xeffbf7e8, 0xfbe7e8e3, \
  0xc40601f1, 0x271405d8, 0xc4c6f9da, 0xe4f1edf2, 0xe6fa1907, 0x0715ef0d, 0xf9eaece8, 0xf9f8e7f7, \
  0xf9fe0f05, 0xeff5f8f3, 0xf205dbf9, 0xedebe7ec, 0xcee5ebf6, 0x1005e1f7, 0xd9f90502, 0x18f800f6, \
  0x0ce9e5ec, 0xe5e8d1db, 0xf2eafe11, 0x07192705, 0x0a17e40b, 0x23f90015, 0xff01f905, 0xf7fef4f9, \
  0x0e220c27, 0x171117f5, 0xf5db091e, 0x23eaeae4, 0xf3eafff0, 0xdef9edf5, 0xf8eff7f9, 0x0debfed5, \
  0xe210e6f9, 0xf0edf005, 0xe1e3f5fd, 0x15f20e1d, 0x1ffc1d1c, 0xfffd0cfa, 0x0711e4ff, 0xff0b1529, \
  0xf6decefe, 0xeac4fdde, 0xb806f2ee, 0x0be8f9ff, 0xfc0603ee, 0x0610ecff, 0x1bf7f500, 0xf5da05fe, \
  0xdf16e5dc, 0xf5f7000b, 0x0611fef8, 0x10101913, 0xf7fd140a, 0x14010e10, 0x05f70106, 0xf70514e6, \
  0xefebfbee, 0xe2d6e7ca, 0xd7ccd1f6, 0xfce41903, 0x05030014, 0x09190b0e, 0xf3f6c8c9, 0xc7ece6f2, \
  0xe8dfe1df, 0xfeffe4ef, 0x09cbd2d9, 0xf3eee400, 0x08fa03f2, 0xedfcf8ef, 0x1101e8fb, 0xfdf3eef1, \
  0xfefbf8fa, 0xfffe0111, 0x2735f2f5, 0x02edfae2, 0xfbf2f3fa, 0x05f314fd, 0xfb0b1d37, 0x031422f5, \
  0xf9fdfdfe, 0xeef6fbce, 0xfbf0c613, 0xe8d8f3d0, 0xd812d4d5, 0x0aeddbd9, 0xe0d0cadf, 0xd9ff0000, \
  0x00000001, 0xfefd0309, 0x0b05f6fa, 0xf415f6fd, 0xfdfe0003, 0x00dadbcc, 0xedefeaea, 0xeef70c01, \
  0x0cf3fdff, 0x081519ef, 0xffe6070b, 0x12fd1e07, 0x05040e00, 0x00000000, 0x00000000, 0x03faf9f2, \
  0xe1ec03f9, 0xec00ffff, 0x00000001, 0x00000101, 0x010200f7, 0xfbfdf81e, 0x1425fd04, 0x150a0438, \
  0x04effeec, 0xee10e0fa, 0x02f502d7, 0xeee7c6fa, 0xcdbfdfd0, 0xf800ff0a, 0xdbfb0ae1, 0xee08f10f, \
  0x0e1a1dfd, 0xf301f10e, 0xf8f30500, 0xf70b190d, 0x0c19051b, 0xfb091328, 0x2114fc14, 0x180a1709, \
  0x0d0b0d02, 0x0900fa0a, 0xeee803d7, 0xd4eaecf5, 0x19f2e3fa, 0xf0e4fee5, 0xf303f9f8, 0xfefdfbfc, \
  0x0004010c, 0xf3f00a07, 0x10fde1e8, 0x00000000, 0x00000000, 0x3f000000, 0x00000000, 0x00000000, \
  0x00000000, 0x00000000, 0x00000000, 0x00000000, 0x00000000, 0x00000000, 0x00000000, 0x00000000, \
  0x00000000, 0x00000000, 0x00000000, 0x00000000, 0x00000000, 0x00000000, 0x00f20000, 0x00000000, \
  0x00000000, 0x00000000, 0x00000000, 0x00000000, 0x00000000, 0x00000000, 0x00000000, 0x00000000, \
  0x00000000, 0x00000000, 0x00000000, 0x00000000, 0x00000000, 0x00000000, 0x00000000, 0x00000000, \
  0x00000000, 0x3e000000, 0x00000000, 0x00000000, 0x00000000, 0x00000000, 0x00000000, 0x00000000, \
  0x00000000, 0x00000000, 0x00000000, 0x00000000, 0x00000000, 0x00000000, 0x00000000, 0x00000000, \
  0x00000000, 0xf607f30b, 0xe7f0d5fe, 0xeddbeaec, 0xe8fae8e5, 0xe2f6fc00, 0xe6e8ffdd, 0xedeb01d9, \
  0xe6f7e0fe, 0xf5d7cad1, 0xdbeef0ef, 0xf0eaf008, 0xe805dfee, 0xe2f3efe2, 0xf4e8daf2, 0xe909faf4, \
  0xea05fbe9, 0xeef4ebf0, 0xeeeecdf2, 0x00f215f1, 0x06c400f3, 0x0212f7f5, 0xfacdf411, 0xf0f6eef1, \
  0xcf06e5d9, 0x02f8f6b3, 0xf2f5e802, 0xf0f0e3f6, 0xea00eaf5, 0xfef2fef2, 0xf8f1ee02, 0xef0710e4, \
  0xfec70000, 0x00000000, 0x00f0f400, 0x509b42a0, 0x00000022, 0x06fb13f9, 0xe8fdf001, 0x00050b03, \
  0x010dfaf3, 0xf7fcf403, 0xf010ebf0, 0xfdf61200, 0x070d06fa, 0x110517f9, 0xfb0c0fff, 0xecff0a03, \
  0xfc08f100, 0x02050701, 0x0e040a0b, 0x0d0c1402, 0xf811fc06, 0xfb170afe, 0x07fd0b05, 0x04ee08fd, \
  0xf9f3fef4, 0x0af1f6f8, 0x1f08060b, 0xfa0c1dff, 0x06fef007, 0x0ffbe806, 0xe6f30106, 0x14fd030c, \
  0xf1f6fdf9, 0x120cf3f6, 0x0f07080b, 0x0af5ea08, 0xe3010000, 0x00000000, 0x00041000, 0x509b42e0, \
  0x00000058, 0x00000000, 0x00000000, 0x37000000, 0x00000000, 0x00000000, 0x00000000, 0x00000000, \
  0x00000000, 0x00000000, 0x00000000, 0x00000000, 0x00000000, 0x00000000, 0x00000000, 0x00000000, \
  0x00000000, 0x00000000, 0x00000000, 0x00000000, 0x00050000, 0x00000000, 0x00000000, 0x00000000, \
  0x00000000, 0x00000000, 0x00000000, 0x00000000, 0x00000000, 0x00000000, 0x00000000, 0x00000000, \
  0x00000000, 0x00000000, 0x00000000, 0x00000000, 0x00000000, 0x00000000, 0x00000000, 0x3e000000, \
  0x00000000, 0x00000000, 0x00000000, 0x00000000, 0x00000000, 0x00000000, 0x00000000, 0x00000000, \
  0x00000000, 0x00000000, 0x00000000, 0x00000000, 0x00000000, 0x00000000, 0x00000000, 0x1010eae5, \
  0xec08fbdf, 0xf8f200ec, 0xd7f2fee5, 0xef010008, 0xf1fcf30b, 0xd812f00a, 0xf603fa0e, 0x07e30505, \
  0xf912ebf8, 0xf90cf3fc, 0xf9f710f3, 0x02f60e13, 0x09fc0e02, 0xe9ea03fd, 0xf0edf3f0, 0x1315eef8, \
  0xed0308e7, 0x000a02f3, 0xf6fbf0ef, 0x00f9e8f2, 0xfefcfa0e, 0x00e20000, 0x01f7fa03, 0x0cee13fc, \
  0x01f604fe, 0x0a0cfdf4, 0xf5fcec02, 0xeff00913, 0x04fd02f8, 0xf10c07f6, 0xfcfe0000, 0x00000000, \
  0x00fa0300, 0x509b4380, 0x00000022, 0xed06f713, 0x0c03ffee, 0xf0ea10e3, 0xf3ff08fc, 0x0310fd03, \
  0xfe10f1e9, 0x05fcfbf2, 0x0219fef3, 0x01fdfafb, 0xf7f5fffe, 0x0205fc0c, 0xf4f4051e, 0x04f803ea, \
  0x111903f2, 0x05fbf813, 0xfd1bef02, 0xf3fd0512, 0x0015fe06, 0x03ce131a, 0xf6dd0afa, 0x0606fbe7, \
  0xfef005e6, 0x00120cf0, 0x0419fef8, 0x0e01f502, 0xfff1fade, 0x05fe0df8, 0x00010500, 0x0a19fef7, \
  0x0407f702, 0x0af9fdf9, 0xff120000, 0x00000000, 0x0015ff00, 0x509b43c0, 0x00000058, 0x00000000, \
  0x00000000, 0x76000000, 0x00000000, 0x00000000, 0x00000000, 0x00000000, 0x00000000, 0x00000000, \
  0x00000000, 0x00000000, 0x00000000, 0x00000000, 0x00000000, 0x00000000, 0x00000000, 0x00000000, \
  0x00000000, 0x00000000, 0x00270000, 0x00000000, 0x00000000, 0x00000000, 0x00000000, 0x00000000, \
  0x00000000, 0x00000000, 0x00000000, 0x00000000, 0x00000000, 0x00000000, 0x00000000, 0x00000000, \
  0x00000000, 0x00000000, 0x00000000, 0x00000000, 0x00000000, 0x40000000, 0x00000000, 0x00000000, \
  0x00000000, 0x00000000, 0x00000000, 0x00000000, 0x00000000, 0x00000000, 0x00000000, 0x00000000, \
  0x00000000, 0x00000000, 0x00000000, 0x00000000, 0x00000000, 0x031013eb, 0x1004fe14, 0x0312ef0f, \
  0x060005da, 0xfcfce7e5, 0x0600fb09, 0x2301fcef, 0xe303f20a, 0x19f50a21, 0x23000402, 0x04f80009, \
  0x0dfb04fb, 0x18fafc0b, 0x0809e5f8, 0xfdfff601, 0xf101190b, 0x0902f802, 0xd5ef2014, 0xfcff0403, \
  0x191504fb, 0x0504e9e8, 0x1726f5fa, 0x16230e17, 0x00f60def, 0xdfff0007, 0x00fa1301, 0x141b0d05, \
  0xfefb26f6, 0x0df417e3, 0x09061df8, 0x1408eee9, 0x15ff0000, 0x00000000, 0x0009ee00, 0x509b4460, \
  0x00000022, 0x060908ea, 0xe600ec0f, 0xf6e5fc01, 0xdf040f02, 0xf7100e08, 0x1305020a, 0xfc081509, \
  0xebfdf9fe, 0x02f30bf4, 0x01f90a07, 0x030207ee, 0xe9fa09fe, 0xf3030013, 0x00f10213, 0x06f9eeec, \
  0xfb1f0f0b, 0xf40dff11, 0x06ee030f, 0x16fced06, 0x0803d0e5, 0xf4fcf6ee, 0xf203f721, 0x050912f5, \
  0x0c1108f7, 0xf8231c06, 0xeffceaeb, 0x14d9e90e, 0xf606fbef, 0xf016f8eb, 0x040c07f6, 0x11ecf3ed, \
  0xdae00000, 0x00000000, 0x00fe1200, 0x509b44a0, 0x00000017, 0x00000000, 0x00000000, 0x57000000, \
  0x00000000, 0x00000000, 0x00000000, 0x00000000, 0x00000000, 0x00000000, 0x00000000, 0x00000000, \
  0x00000000, 0x00000000, 0x00000000, 0x00000000, 0x00000000, 0x00000000, 0x00000000, 0x0726e622, \
  0x0c2aceca, 0xf4000000, 0x00000000, 0x00050000, 0x509b8000, 0x00000178, 0xdaedd60f, 0x150a1019, \
  0xf3040cf8, 0x04052506, 0xe32ef9f9, 0xf6fef7f7, 0xf8f6f6fe, 0xfef2fcfb, 0xf7faf9f9, 0x0202fefd, \
  0xfcfd0000, 0x00eafa00, 0xfeecf9f5, 0xedfd0116, 0x15f71a14, 0x00171f00, 0x00000000, 0x00000000, \
  0xe6f1f3fb, 0xebede0f4, 0xe6000000, 0x000000ff, 0x02fef5eb, 0xf8d2eeed, 0xeeece6f4, 0x0a03f3fc, \
  0x16f11010, 0xf304000e, 0xeae5f4d8, 0xe9fef501, 0x08e311ee, 0xef11fb04, 0xfafd02fe, 0xff000006, \
  0x000b09f4, 0xfa0df7fe, 0x080af1fd, 0x08010005, 0xffedf1f8, 0xedea05f5, 0xf9ee0c08, 0x0aeff216, \
  0xf6f01e11, 0x15f7ebe3, 0x19ec0018, 0xf704f3fa, 0xe8e3f9e9, 0x03000101, 0x00000000, 0xfffef6ea, \
  0xe7180dea, 0x13080102, 0xeee105ff, 0xfeec0021, 0xf903d80f, 0xfdf11b14, 0xf9f9e8de, 0xfff711f9, \
  0x1b0afb0b, 0x0fef0c0f, 0xfc04eff7, 0xf4fbf7f3, 0xf2f6f4f1, 0x0a0afaf6, 0xf4fa0205, 0x05f40cee, \
  0x02f2f8fa, 0x01f8e4e6, 0xefd60420, 0xed100e02, 0x08f60306, 0x050bf7ff, 0x03f4fae2, 0x0c0ef4ff, \
  0x0b12ff2b, 0xfd0811fa, 0xf9f8fdfd, 0xfff8fbfb, 0x08f908ef, 0xfffcf1f2, 0x06fd0efb, 0xedf0f100, \
  0x020905fb, 0x07ff0101, 0x00000000, 0x0000e1fb, 0x03fbeeec, 0xe0f9f5f4, 0x16f00cfc, 0xf50d1b13, \
  0xff0101ff, 0xff000000, 0x00efeaf6, 0x04f7fe02, 0xf10302fe, 0x0210ea02, 0x070405f6, 0xec10eeef, \
  0xf9fafe0e, 0x06f702f8, 0x04fbfaff, 0xfd0c06f1, 0xe2e3eaf5, 0x1214dedc, 0xe6130b06, 0x1f0c1001, \
  0x02f804f5, 0x0700fcfc, 0xf107f20a, 0x02eceeed, 0xf3fffeff, 0xff01ff00, 0xfe000000, 0x00000000, \
  0x0000faf8, 0xfafafaf9, 0xf8f8f9f7, 0x0b0806fd, 0xe3f402e9, 0xf10000fe, 0xf7f8f9f2, 0xf0f00205, \
  0x040400fe, 0xfdff00f9, 0xfcf8f5f9, 0xf4f2edef, 0x0004faf8, 0xfff3f8f2, 0xfa1dfd07, 0x03ffeff3, \
  0x0fe60903, 0xf0070ae4, 0x11fbfe22, 0x0cf3eeee, 0x02e8052b, 0xf8fcf804, 0xfdff05f7, 0xf605dcf0, \
  0xe4d4d2f3, 0xd7f10102, 0xeaf408fb, 0x0efafcf9, 0x02fef805, 0x0704fe02, 0xd9f203df, 0x0cf8f604, \
  0xecf41404, 0xe50607d8, 0xf7e71cf9, 0xf8110cf3, 0x22ff1a06, 0x0b0a120f, 0xf103fa13, 0xf203f3ee, \
  0xfcfe0602, 0xfefaf0ee, 0x0107f705, 0xf10dfce7, 0xfae4edfc, 0xdefdec06, 0x1315160d, 0x070fe5dd, \
  0xdf091ae2, 0xf1f9da08, 0x0e0cf1fa, 0x05f4f310, 0xecfcecf7, 0x15ced6db, 0xdadc03ce, 0xf6f7dde4, \
  0xf8e1e4ed, 0x01f4fff6, 0xf7eef3f9, 0x0102d5ca, 0xf2f0d9fd, 0xf9ddc5fc, 0xeecffc03, 0xcef411ea, \
  0xff06efd9, 0xc3f7f3e8, 0x2228121c, 0x17f60c03, 0xf4f80305, 0x171014f1, 0xe302d60d, 0x05e3f809, \
  0xd7f0ff0f, 0x0e1a2c20, 0x29212308, 0x06f1f0f2, 0xd8faf0f8, 0xee02f4e9, 0xfa020c0d, 0x1c02fe04, \
  0x040a0709, 0xf807fee8, 0x06f9fc00, 0x0de80c0a, 0xf6ec02e8, 0x090c0103, 0x12f3e7ef, 0xeafd000b, \
  0x091001fa, 0xfcee0223, 0xfc2033fc, 0xe80df2f7, 0x172e2516, 0xf0fbf4ec, 0x03e50a11, 0x0a2016ed, \
  0x0afa04e9, 0xecff1a04, 0x100304ed, 0xff0503d9, 0xe1dde1f2, 0xcdfd01fc, 0xc1ea03e0, 0xe5f6eae1, \
  0xf0e0d1e7, 0xe5e6fcff, 0xefea0000, 0x010000fd, 0x0000fe01, 0x03f9efe7, 0x0101f409, 0x09fa0302, \
  0x0602fbfc, 0xf1ef0bf9, 0xe7e8f7ea, 0x0520f4f1, 0xf5f1ef02, 0xe6ecfa21, 0x0f0a2e13, 0xfa1f0aee, \
  0xfd040f12, 0x1505050e, 0x00f9f1fe, 0x0602f7fe, 0xf8000811, 0xe92a0afd, 0x05fef40b, 0xe7f9f5f4, \
  0xffebf402, 0x00fcfadb, 0xf1fee0ee, 0x0febf2e2, 0xd3d6dade, 0xc6e90a39, 0x0c102afb, 0x2cfcff00, \
  0x00000000, 0x00000000, 0xf4deece1, 0xe9f20406, 0x0af6f5ff, 0x04fbfb00, 0x0605f9f9, 0xfafdfff6, \
  0x0c030024, 0x15071629, 0x220bef14, 0x1913fb0d, 0x15ed17f5, 0x05e607fe, 0xd70500da, 0xe7e42212, \
  0xf02dfdf0, 0x0bf90bfa, 0xdfe6c6e8, 0xd6e1efef, 0x1601fef4, 0xe4fd0c05, 0xf6edfdf2, 0x07eff809, \
  0xe8f0010c, 0x05fdef0d, 0xfd1806f2, 0xf8de09f9, 0x10f9f201, 0x1d11fd09, 0xdee9f3f5, 0xf501f1ff, \
  0x06f7ef07, 0xe4f80000, 0x010000ff, 0x00fffe0b, 0xe9ea17f7, 0xe40ffef7, 0x00000000, 0x00000000, \
  0x3e000000, 0x00000000, 0x00000000, 0x00000000, 0x00000000, 0x00000000, 0x00000000, 0x00000000, \
  0x00000000, 0x00000000, 0x00000000, 0x00000000, 0x00000000, 0x00000000, 0x00000000, 0x00000000, \
  0x00000000, 0x00050000, 0x00000000, 0x00000000, 0x00000000, 0x00000000, 0x00000000, 0x00000000, \
  0x00000000, 0x00000000, 0x00000000, 0x00000000, 0x00000000, 0x00000000, 0x00000000, 0x00000000, \
  0x00000000, 0x00000000, 0x00000000, 0x00000000, 0x42000000, 0x00000000, 0x00000000, 0x00000000, \
  0x00000000, 0x00000000, 0x00000000, 0x00000000, 0x00000000, 0x00000000, 0x00000000, 0x00000000, \
  0x00000000, 0x00000000, 0x00000000, 0x00000000, 0x0f0a1a11, 0x05ee26fa, 0x01fbe607, 0xeef9070b, \
  0xfd160218, 0xf9151512, 0x0a0bf603, 0x010717fe, 0x0e031004, 0x370e0df5, 0x1e1ad6ef, 0x07dffd0e, \
  0x0d0e0c0d, 0x14080b13, 0x140f0a01, 0xfb02fa0b, 0x0f0107f6, 0xfa073a11, 0xfc260201, 0x0904e304, \
  0xf804fcfd, 0xf60e08ff, 0x10fd1402, 0x09f31103, 0xe9ff0f19, 0x1711f001, 0x18061df4, 0x1e1e0111, \
  0xed031700, 0x0900110a, 0x03fb140c, 0x0f140000, 0x00000000, 0x0001e600, 0x509b82a0, 0x00000022, \
  0x0f19f7fb, 0xfe01f3fd, 0x0a09f8fa, 0x0ef80200, 0x0e1608f5, 0x09e9ffff, 0xe30cfbed, 0x1615fb06, \
  0x07090609, 0xf7000afa, 0x00f3f0f7, 0xefe702f8, 0x10f31615, 0x0c00f309, 0xf4fa02f2, 0xf708fff6, \
  0x03ff02fd, 0xfdf7f012, 0xfd1817f6, 0xf8f4fe05, 0xfdec101d, 0xf9fc090b, 0x0eff10fd, 0xfcf9eef8, \
  0x06f60ced, 0x01effb14, 0x0efb0c1a, 0x08f90b04, 0x08f9e9ef, 0x02f6100d, 0xf4fae9e3, 0x01f00000, \
  0x00000000, 0x0002fd00, 0x509b82e0, 0x00000058, 0x00000000, 0x00000000, 0x39000000, 0x00000000, \
  0x00000000, 0x00000000, 0x00000000, 0x00000000, 0x00000000, 0x00000000, 0x00000000, 0x00000000, \
  0x00000000, 0x00000000, 0x00000000, 0x00000000, 0x00000000, 0x00000000, 0x00000000, 0x00fc0000, \
  0x00000000, 0x00000000, 0x00000000, 0x00000000, 0x00000000, 0x00000000, 0x00000000, 0x00000000, \
  0x00000000, 0x00000000, 0x00000000, 0x00000000, 0x00000000, 0x00000000, 0x00000000, 0x00000000, \
  0x00000000, 0x00000000, 0x43000000, 0x00000000, 0x00000000, 0x00000000, 0x00000000, 0x00000000, \
  0x00000000, 0x00000000, 0x00000000, 0x00000000, 0x00000000, 0x00000000, 0x00000000, 0x00000000, \
  0x00000000, 0x00000000, 0xfb0f0dfb, 0xff1602eb, 0x0bda0102, 0x10fd020a, 0xf8f8fceb, 0xf0e30504, \
  0x23dbf90e, 0x06e9f0e7, 0xf115d5dd, 0xf00e0e03, 0x0d060003, 0x140ee90b, 0xe90efb09, 0xf2fe05e2, \
  0x0807fb04, 0xf90efbf8, 0xfe040d10, 0x06fef2fa, 0xf8f30501, 0x130c02ff, 0xfc0e0a06, 0xef02eafc, \
  0xfa08f304, 0x01f40b04, 0x0608ff19, 0xfbecff05, 0x10ebec01, 0x1cf1f1fc, 0x0c0403ed, 0xededfaee, \
  0x1fef1406, 0x04e50000, 0x00000000, 0x00fced00, 0x509b8380, 0x00000022, 0x39f60e04, 0xfae1f805, \
  0x19ebfada, 0x1015e807, 0x16e5e9fe, 0xf702e315, 0xe9150609, 0x1cee0afa, 0x09f303f0, 0x08fc0407, \
  0xfa15ec18, 0xf719fbfb, 0xdd041bfb, 0x15f3efe5, 0x0c2210f1, 0x00fe08f0, 0x0ff1f200, 0x1200fbee, \
  0xdb0a02f9, 0xfe130918, 0x0afdfb03, 0x05e406fe, 0x01080015, 0xf80dfe25, 0xda07030a, 0x1509f7e9, \
  0x1bf9e8e0, 0x0420e2fd, 0x15fefb0a, 0x180309fc, 0xe712f60d, 0xf7080000, 0x00000000, 0x00e80f00, \
  0x509b83c0, 0x00000058, 0x00000000, 0x00000000, 0x79000000, 0x00000000, 0x00000000, 0x00000000, \
  0x00000000, 0x00000000, 0x00000000, 0x00000000, 0x00000000, 0x00000000, 0x00000000, 0x00000000, \
  0x00000000, 0x00000000, 0x00000000, 0x00000000, 0x00000000, 0x00040000, 0x00000000, 0x00000000, \
  0x00000000, 0x00000000, 0x00000000, 0x00000000, 0x00000000, 0x00000000, 0x00000000, 0x00000000, \
  0x00000000, 0x00000000, 0x00000000, 0x00000000, 0x00000000, 0x00000000, 0x00000000, 0x00000000, \
  0x43000000, 0x00000000, 0x00000000, 0x00000000, 0x00000000, 0x00000000, 0x00000000, 0x00000000, \
  0x00000000, 0x00000000, 0x00000000, 0x00000000, 0x00000000, 0x00000000, 0x00000000, 0x00000000, \
  0xfffe00ed, 0xf6011cf2, 0xff1315e3, 0x0a080e14, 0x02fc06fb, 0x0bf9ff09, 0x0a000bef, 0x05fb16e2, \
  0xe8f603d5, 0x02f1ff04, 0xf10d11fe, 0xe40100fa, 0x080719f5, 0xfafe0307, 0x010a070c, 0x06020af2, \
  0xe50aff02, 0x1600e300, 0x1a04f407, 0xfe160efa, 0xefdc1304, 0xf7f0f6f9, 0xf6eefef8, 0x01fcdf0f, \
  0x0a0b04fb, 0x10faeefc, 0xebc80c01, 0x1decde0e, 0x2afefd0a, 0xff00f40f, 0x22e6f9f8, 0x06060000, \
  0x00000000, 0x00df1700, 0x509b8460, 0x00000022, 0x120d04f9, 0x0bff1afa, 0x0efa0900, 0xe7080a01, \
  0x0e06fff8, 0x02f5fb03, 0xff0605ff, 0xf90af104, 0xf11dfd00, 0x0715000a, 0xfbfe09fd, 0x01ea0df4, \
  0x0ef2f50c, 0xfb0a0913, 0xfd02f4f8, 0xfa0b0ff1, 0xf703fa07, 0x12030901, 0x04fdf9f9, 0x1c01f50a, \
  0xfc01fe0d, 0xec04fc06, 0xfe08eefa, 0x01fa0c08, 0xfde513f2, 0x02f3e90c, 0xfa07fc13, 0xf8e80902, \
  0x0b100705, 0xfbfd0304, 0x06f204f5, 0xeef00000, 0x00000000, 0x000e0900, 0x509b84a0, 0x00000017, \
  0x00000000, 0x00000000, 0x54000000, 0x00000000, 0x00000000, 0x00000000, 0x00000000, 0x00000000, \
  0x00000000, 0x00000000, 0x00000000, 0x00000000, 0x00000000, 0x00000000, 0x00000000, 0x00000000, \
  0x00000000, 0x00000000, 0x23f41413, 0xe4dd2b10, 0xfd000000, 0x00000000, 0x00c80000, 0x509bc000, \
  0x00000178, 0x0616f7fd, 0x13120f02, 0x11fb0fe8, 0x000aeeff, 0xf0f8fbfa, 0xfbfcfafa, 0xf9f9fef9, \
  0xfafaf9f8, 0xfafaf9fc, 0xfe00fdfd, 0x02ff0000, 0x0014f5f9, 0x08eef7eb, 0x0b06e3de, 0xe9edffed, \
  0xe9090f00, 0x00000000, 0x00000000, 0x0ee0010a, 0xeef0e5fa, 0x0c000000, 0x00000000, 0x0000e5f3, \
  0xece201ed, 0x090b10fe, 0xf7f3fc06, 0xe6eb0307, 0xebecfef9, 0xf3ee0210, 0xff14c8c2, 0x100b00fc, \
  0x141ff5f2, 0x07fdf6f3, 0x09fdfefe, 0x02fcfc00, 0xfafffb03, 0xf1f3f606, 0x04fc0808, 0xf803fefb, \
  0x01fffe01, 0xfefd08ef, 0xf4020ce9, 0xfc01ebf8, 0xccce06f8, 0xef0909df, 0xff07d60c, 0x01f1f7f6, \
  0xf8000000, 0x00000000, 0x0000efe7, 0x0afd00f6, 0x05eaf4e8, 0x02ddf30a, 0xef0006eb, 0xfaedf7ed, \
  0x00eef811, 0x1411fe11, 0xf50201f1, 0xf8f9fcdf, 0xf4fff8f5, 0xfbeae9ef, 0xf2f9f1f5, 0xf2f1ff00, \
  0xf1ffed11, 0x1003f2f0, 0x05fffc02, 0xf8f4eefe, 0xf6ffe8e5, 0xfdedfe04, 0xe9e9eaf6, 0xf70c0aff, \
  0x09090002, 0x0ff7c913, 0xece70dfd, 0x0100e5f3, 0xf6fd10f9, 0x08f50204, 0x00fb0201, 0x00ff00f9, \
  0xf309010d, 0xfef1f7f9, 0xfc07eafd, 0x090c0d07, 0xec000000, 0x00000000, 0x00000009, 0x05e60505, \
  0xe70bf2df, 0xea01c9fb, 0xf3ec01fa, 0x0000ff00, 0x00ff0000, 0x00080a05, 0x0bf0f6ed, 0xf6ec0703, \
  0x0d0ef9f4, 0x0cebeb07, 0x08f20801, 0xf6f3fef3, 0x060100f7, 0xf4fbf2fb, 0xf9ed0605, 0xf2fbef1b, \
  0x01e22204, 0xe7eaf9f3, 0x04f901fb, 0xf6010af2, 0xf409f105, 0xede60907, 0x03f6f40c, 0x0cff02fe, \
  0x040102ff, 0xfbfdfe00, 0x00000000, 0xff0000fc, 0xf8f3fcfb, 0xf6fefaf6, 0xfe0be913, 0x07e70ee9, \
  0xe0f0f2f7, 0xf6f6f7f9, 0xfbfd0bfa, 0xfefc0a07, 0x07fd05f4, 0xf3f6f7eb, 0xf0f7f2f3, 0x02f5fdfd, \
  0xf7f604ff, 0xf0de09e0, 0x0003c5f4, 0xfbd30e0a, 0x02fe07f7, 0x0707ffea, 0xccdff4f5, 0xde0903ee, \
  0xf5f40df7, 0xfaed09fc, 0xf8e4fef1, 0xecebecec, 0x0bec0901, 0xef0f08fe, 0x0104f8f8, 0xee0d0bea, \
  0xf803f3f4, 0xedebe8f0, 0xe1e7ede8, 0xeaf7f000, 0xf1f1f1f5, 0xf4f7fc08, 0xfdfef7fa, 0x01f7f5fc, \
  0xf8f7fdf7, 0xfaf8fbf2, 0xf400f4f6, 0xfff1fbfe, 0xf7030001, 0xf5fe0706, 0x05f6f607, 0x00ff0608, \
  0xfd04f901, 0x12080010, 0x0f180818, 0x010c0efd, 0xfb0a0807, 0x0d140a19, 0x07111e14, 0x18150206, \
  0x07000207, 0x05050600, 0x02030002, 0xfcff01fe, 0xf7030304, 0xfb04f6f5, 0xff060a02, 0x10fafe0d, \
  0x000c0602, 0x01100608, 0x0f0b0a03, 0x03030607, 0x03070504, 0x0709080b, 0x06090809, 0x0402f8fd, \
  0x0e03f902, 0x04000408, 0x04110c0e, 0x0e070f01, 0x04080307, 0x00050605, 0x04f8f709, 0xff07fff5, \
  0xf2fbfafa, 0xf9f8f6f9, 0xf9f9fe01, 0x16090c18, 0x071b02f5, 0xf7faf0f4, 0xfef6f0f1, 0x140d1515, \
  0x0014ff13, 0x13fbf8fb, 0xfa03fef9, 0xf6f3ecf0, 0xf5edf3f7, 0xf0f3f4fc, 0xfbfe07f6, 0x0304f8fd, \
  0x2121181b, 0x13141f15, 0x21f7f6ff, 0x0008f3fc, 0xedfbff10, 0xf2010aeb, 0xeffeebf8, 0x11fa05fb, \
  0x060804fc, 0xf302fbf3, 0xf4f7f6f4, 0xf7050809, 0x0af7f8f7, 0xf8020000, 0x000000fe, 0x0000ff10, \
  0x080c0700, 0x06fffd05, 0xf5fe04fa, 0xf2f5f8f2, 0xf8fcfbfa, 0xfdfbfafd, 0xf8f7f1fb, 0x0a09f2f2, \
  0x05ecf1f6, 0xf9f5fef7, 0x01f7eff9, 0xedebefe7, 0xe9eae8eb, 0xec000000, 0x00010001, 0x0101f90e, \
  0xfe11130a, 0x02ff0901, 0xfffe01fb, 0xfcf9f9fc, 0x0efa0007, 0xfd06070d, 0x09fefd00, 0xf9fc05fc, \
  0xfaf80407, 0xfafa01fe, 0xf9f90300, 0x00000000, 0x00000000, 0x02040403, 0x04030102, 0x02000100, \
  0x0000ff00, 0x00010000, 0x00000000, 0x00000003, 0x0204090b, 0x08090b0b, 0x0201170f, 0x03111508, \
  0x06f502f8, 0xfceff3fc, 0xf6050502, 0x01020000, 0x0d020411, 0xf50bf500, 0xf9fe0ff5, 0xf6f9fffb, \
  0xfbf9f9f8, 0xf4efeffe, 0xf80002f6, 0xfe0504ff, 0x06fe03ff, 0x11080702, 0xf8f5f301, 0x05fc0100, \
  0xdcd9eae4, 0xdfdfe3e2, 0xdef1f2f2, 0xf2f2f3f5, 0xf3f10000, 0x00000000, 0x00000006, 0xf600ff14, \
  0x0109ff10, 0x00000000, 0x00000000, 0x3d000000, 0x00000000, 0x00000000, 0x00000000, 0x00000000, \
  0x00000000, 0x00000000, 0x00000000, 0x00000000, 0x00000000, 0x00000000, 0x00000000, 0x00000000, \
  0x00000000, 0x00000000, 0x00000000, 0x00000000, 0x00fc0000, 0x00000000, 0x00000000, 0x00000000, \
  0x00000000, 0x00000000, 0x00000000, 0x00000000, 0x00000000, 0x00000000, 0x00000000, 0x00000000, \
  0x00000000, 0x00000000, 0x00000000, 0x00000000, 0x00000000, 0x00000000, 0x00000000, 0x3e000000, \
  0x00000000, 0x00000000, 0x00000000, 0x00000000, 0x00000000, 0x00000000, 0x00000000, 0x00000000, \
  0x00000000, 0x00000000, 0x00000000, 0x00000000, 0x00000000, 0x00000000, 0x00000000, 0x1a100ff5, \
  0x2900ff28, 0xf0ff010e, 0xf5050604, 0x061ffef2, 0xff250405, 0x19030a05, 0x23f5110a, 0xf8070119, \
  0x210902fe, 0xfd0e0b10, 0x07f9040b, 0x01e80c06, 0xfa0a10ff, 0x1e16030f, 0xef0c1c00, 0xff0a07fb, \
  0x1206030d, 0xf10ef908, 0x05f6fd08, 0x16ff00ff, 0x10080cfa, 0x03090813, 0x070a1b03, 0x010b091f, \
  0x0b1c0102, 0x0a1f1322, 0x1e081108, 0x181a0203, 0xf0fa07f8, 0xf5f0031f, 0xfc100000, 0x00000000, \
  0x0000f600, 0x509bc2a0, 0x00000022, 0xf71506f6, 0x17f9130a, 0x1301080b, 0xe0fb1800, 0xe10e1bf4, \
  0x1ff50e0a, 0x15fde4ff, 0xea05071a, 0x080bf101, 0x07fdfaf5, 0x14f300fb, 0x0816e0f2, 0x00f8d7ff, \
  0x0af624fb, 0x1206e5ea, 0x04f6fa14, 0xeff2170c, 0xf318f400, 0x181ef306, 0x1d02050e, 0xe9f4ed0f, \
  0x1200e509, 0x02f31309, 0x06fbf307, 0xf0f6f40c, 0x0a051102, 0xe2040b0a, 0xf9ef01ff, 0xfaea0e08, \
  0xd804f6f6, 0x0001ed09, 0xfbf70000, 0x00000000, 0x0005f000, 0x509bc2e0, 0x00000058, 0x00000000, \
  0x00000000, 0x3d000000, 0x00000000, 0x00000000, 0x00000000, 0x00000000, 0x00000000, 0x00000000, \
  0x00000000, 0x00000000, 0x00000000, 0x00000000, 0x00000000, 0x00000000, 0x00000000, 0x00000000, \
  0x00000000, 0x00000000, 0x00f90000, 0x00000000, 0x00000000, 0x00000000, 0x00000000, 0x00000000, \
  0x00000000, 0x00000000, 0x00000000, 0x00000000, 0x00000000, 0x00000000, 0x00000000, 0x00000000, \
  0x00000000, 0x00000000, 0x00000000, 0x00000000, 0x00000000, 0x40000000, 0x00000000, 0x00000000, \
  0x00000000, 0x00000000, 0x00000000, 0x00000000, 0x00000000, 0x00000000, 0x00000000, 0x00000000, \
  0x00000000, 0x00000000, 0x00000000, 0x00000000, 0x00000000, 0xfb18030c, 0x072912f9, 0x090401fc, \
  0x1df70dff, 0x08150e19, 0x0ff70609, 0x160800f7, 0x01090028, 0x1efe0523, 0x1ce30016, 0x04f918e7, \
  0x1c12eaf9, 0x0f05000d, 0x27000821, 0x0e16f9fb, 0x02110904, 0x03f5f9ff, 0xfb010f14, 0x011e030c, \
  0x01fc050e, 0x2417fe17, 0x0b0d00f4, 0xfa181605, 0xf2fe1511, 0x090beaf2, 0xf30600f4, 0x020ee30f, \
  0xeaf6fdfc, 0x11030318, 0x141705f9, 0x0ef5070b, 0x00160000, 0x00000000, 0x002d1400, 0x509bc380, \
  0x00000022, 0x092a1202, 0x0e04fe05, 0x07f301fe, 0xfffffe06, 0x02f405fe, 0x09180510, 0x0f0a0f01, \
  0xfcfd0002, 0x02fbf8f5, 0xfcf003fc, 0x07eae9fa, 0x06f9fb07, 0x01eefef1, 0x08131a06, 0x0f0a01f6, \
  0xf9fde601, 0x0302fc00, 0xfd120c03, 0xf5e307fc, 0xdffa16fa, 0x18f6f109, 0x05ef0a04, 0xfdf3fcfb, \
  0xf1fef8d8, 0xf30608f3, 0x0cfd0ef4, 0x05f80bf4, 0x04ff0103, 0xfd0204fc, 0xfa01ef10, 0x07130b06, \
  0xf7000000, 0x00000000, 0x00e9fe00, 0x509bc3c0, 0x00000058, 0x00000000, 0x00000000, 0x7a000000, \
  0x00000000, 0x00000000, 0x00000000, 0x00000000, 0x00000000, 0x00000000, 0x00000000, 0x00000000, \
  0x00000000, 0x00000000, 0x00000000, 0x00000000, 0x00000000, 0x00000000, 0x00000000, 0x00000000, \
  0x00e10000, 0x00000000, 0x00000000, 0x00000000, 0x00000000, 0x00000000, 0x00000000, 0x00000000, \
  0x00000000, 0x00000000, 0x00000000, 0x00000000, 0x00000000, 0x00000000, 0x00000000, 0x00000000, \
  0x00000000, 0x00000000, 0x00000000, 0x3f000000, 0x00000000, 0x00000000, 0x00000000, 0x00000000, \
  0x00000000, 0x00000000, 0x00000000, 0x00000000, 0x00000000, 0x00000000, 0x00000000, 0x00000000, \
  0x00000000, 0x00000000, 0x00000000, 0x07f2f6f1, 0x0703f61a, 0x05f7001c, 0x00030efd, 0xe9e8f81a, \
  0x0cfefa1d, 0xf50a0306, 0xe509fc0d, 0x11fc140d, 0xe5010fee, 0x02ef0f18, 0x11ea0510, 0x05090e0d, \
  0x13fc0a04, 0x1ef12bff, 0xed0e07ff, 0x0d12fe20, 0x0dff0f05, 0xef0504fc, 0x04fbf106, 0x141720f3, \
  0xf8fc0dff, 0x040a0919, 0x06f30e1f, 0x06060d08, 0x08090017, 0xe91bef05, 0x031d00eb, 0x0cfafefc, \
  0x0004071a, 0x06ff0814, 0xff000000, 0x00000000, 0x001e0100, 0x509bc460, 0x00000022, 0x0ad60df7, \
  0xfe07f8f0, 0x032b0133, 0xfeeefefd, 0x01f9f31b, 0x03edfc08, 0x05ee09fb, 0xfbfe0506, 0x111c0208, \
  0x07f80d0a, 0x07fc01ff, 0xf82df40b, 0xf907fcea, 0x010208fb, 0x0bf9fc13, 0xf404f602, 0xefe9fe06, \
  0x080307f1, 0xfb1c03ee, 0x0503ff02, 0x0017f4e4, 0xfb13f403, 0x0000050b, 0x00f0fe05, 0x04ff09f9, \
  0xeff8f420, 0xfe08f9dc, 0xf6f1fd24, 0xfbe10311, 0xfae7fe08, 0x0e110710, 0xee040000, 0x00000000, \
  0x0006fd00, 0x509bc4a0, 0x00000017, 0x00000000, 0x00000000, 0x50000000, 0x00000000, 0x00000000, \
  0x00000000, 0x00000000, 0x00000000, 0x00000000, 0x00000000, 0x00000000, 0x00000000, 0x00000000, \
  0x00000000, 0x00000000, 0x00000000, 0x00000000, 0x00000000, 0x12f10305, 0xdd2d13ff, 0x18000000, \
  0x00000000, 0x00d70000, 0x50d80000, 0x00000178, 0x0402070c, 0x110efef6, 0x1314f2f2, 0x1102ebf0, \
  0xf4fcf6f6, 0xf6f6f6f6, 0xf8f5f5fd, 0xfbfbf9f9, 0xfcfafcfd, 0x000000ff, 0x01010000, 0x00160c03, \
  0x02ecf806, 0xfbfd0002, 0x1101f90b, 0x0afdf700, 0x00000000, 0x00000000, 0xe9ded8f0, 0xeff3ffe8, \
  0xe900ff00, 0x00000000, 0x0000f4f5, 0xfbfcfe03, 0xdaf70bfd, 0x051119f7, 0xf5f802fc, 0xdcf4e2d9, \
  0xe6e9020f, 0x0bcfbfe5, 0xe0ef0106, 0xdbf40300, 0xfc02fefb, 0xfe0305fa, 0x06f9f9ff, 0x0200fc00, \
  0xf9fb06f9, 0x01fcfbfd, 0xfb0105f4, 0x03f8f304, 0xfdf9f309, 0x0916f805, 0x0e070900, 0xec001301, \
  0x0d1bebf8, 0x0306e51a, 0xeaf1100f, 0xf300ffff, 0x00000000, 0x00000201, 0xe2eaf4f6, 0xf2fc04e6, \
  0xf7fce0ef, 0x020d1a14, 0x0b08ed02, 0x0908e4f0, 0x0919fd0d, 0xfaeef827, 0x1114eae6, 0xe9e8ded7, \
  0xeddcddf7, 0xf8f4fcf9, 0xfaf1f2f4, 0xf70afa0b, 0x00fffa07, 0x0af90002, 0xfa00fd03, 0xfb04fb03, \
  0xf71e10fc, 0x060ee9fb, 0x00f1f1f9, 0x05f4efef, 0x0df5f407, 0x13e4f4cb, 0xecd5c2cf, 0xf0f1f118, \
  0x1b05f101, 0x03f202fc, 0xfdeff4ea, 0xeefb010e, 0xfa01eb02, 0x0005060b, 0xfdf5fdf8, 0xfb00ff00, \
  0xff0000ff, 0x0000dde0, 0xf2fbe9e7, 0xdee7cedb, 0xff0ae4fb, 0xfcccfcfe, 0x00000000, 0x00ff00ff, \
  0x0109fd01, 0xeb05fe06, 0xeef6fd02, 0x07fff6f8, 0x060b0dff, 0x05f000ed, 0x000c090f, 0x04f60804, \
  0x03fafff6, 0xf8130a14, 0x1013f8ef, 0xf50a282f, 0xf707ffe6, 0xd9f8fef3, 0xf6f8fcfe, 0xf4f900f9, \
  0x04ecece6, 0xe904eb03, 0xfa000102, 0x00ff0101, 0x01020000, 0x00000000, 0x000000f6, 0xf6f7f6f5, \
  0xf6f5f3f4, 0xfeece4f3, 0xf2f102f6, 0xf1f0f2f4, 0xf0f1f3ed, 0xebe900f9, 0x00f3f5fb, 0x09ff0bf7, \
  0xfeedf2f3, 0xf0f2edf1, 0xf7ff04fa, 0x00fcf9fd, 0x00edf6d4, 0xe2e3dbfe, 0x0de3fe09, 0xfd0f04ea, \
  0xf7fae1cc, 0xe106f40c, 0x01151af0, 0x0409f707, 0x01060bfd, 0x04dcf211, 0xc700fae4, 0xf6f7f3ed, \
  0x0debf9f8, 0xea040af4, 0xfcf1f1ee, 0xfd01f7fc, 0x12ede9ff, 0xf1ef08f4, 0x0af2f2f9, 0x050cff06, \
  0x0903f7ea, 0xf2010cee, 0x0df11412, 0xf60dfa02, 0x0b040df5, 0x0e1214fc, 0x0303ff06, 0xfa030004, \
  0x0003040d, 0xf406e7f5, 0xec07f602, 0xfb0af401, 0xe500fd06, 0xf2f20909, 0x08f90b06, 0xe8f5ff0b, \
  0x07f1f0eb, 0xfaf602e9, 0xeff8000e, 0x0efa05fe, 0x0000fe09, 0xfcfdf80a, 0xff08fb0d, 0xedf305fc, \
  0xf0fdf009, 0x07d9f8fa, 0xf7ec06fe, 0xef0d11ff, 0xfffeff01, 0xff0200f9, 0x03ff01ff, 0x00fe00ff, \
  0xfb09050e, 0x05fa02f8, 0xfbf606f1, 0xfa020604, 0xfe06ff00, 0x04fe0502, 0xf805fb14, 0xf8010f0f, \
  0x000401e2, 0xfefa05ff, 0x03fe0516, 0x00fdf3f1, 0xededf601, 0xf5effef3, 0x05f1f205, 0xec03ef03, \
  0x0e09f6fc, 0x0b020205, 0x0200f405, 0xf9fbfb05, 0xf8e600fa, 0x01ecf0fc, 0xfcfbfc08, 0x10f70505, \
  0x03080604, 0xfe0f02fb, 0x0a000aff, 0xfbfcec06, 0x130403ff, 0xfff2f402, 0x0216f20a, 0xfaeff810, \
  0xf9f1f705, 0x0d0ef205, 0xf2f208f5, 0x03f5f6fa, 0xedfcf6fa, 0xfafc07f7, 0xee1cfd0c, 0x17fb1f01, \
  0x07210000, 0x00000000, 0x000000fc, 0x05f002f7, 0x03ecf202, 0x03000dfa, 0x0af80f0d, 0x0cf60b08, \
  0xf4faf905, 0xfcf603f4, 0x120a1b1b, 0x1618feee, 0xf40af4e9, 0x00fbfb0a, 0x01f60301, 0x090907f3, \
  0xfefc0500, 0x02060300, 0xfc02070c, 0xee0701fa, 0xf3fef5fb, 0xfeecfcf4, 0xecf6f900, 0x05fdfffe, \
  0xff00f7f7, 0xf4fbf2fa, 0xf9fb0e04, 0x0efbf5fa, 0x0b0c00f9, 0x01fcf300, 0x00000000, 0x00000000, \
  0x00000000, 0x00000000, 0x00fdf8fd, 0xfb03f8f8, 0x05ff0000, 0x00fefcf8, 0xfcf9faff, 0x0b1a1912, \
  0x1d07f802, 0xf8020dec, 0xfafbf503, 0xe9eef4f4, 0xfdfe0600, 0xf8ee0bfe, 0x010e15f8, 0x03fdfff0, \
  0xeb07f9fb, 0x0bef0905, 0xf80bf8f4, 0x010e010f, 0x17fc0601, 0x0802f800, 0xf709f8f2, 0xf7fffc04, \
  0x0cfc0af2, 0x0605eeee, 0x0ff704f2, 0xfef50bfc, 0xf4feeb0b, 0xfb0000ff, 0xff010100, 0xff000000, \
  0x00000000, 0x000000f1, 0xfefb1af7, 0x0524fb1c, 0x00000000, 0x00000000, 0x3e000000, 0x00000000, \
  0x00000000, 0x00000000, 0x00000000, 0x00000000, 0x00000000, 0x00000000, 0x00000000, 0x00000000, \
  0x00000000, 0x00000000, 0x00000000, 0x00000000, 0x00000000, 0x00000000, 0x00000000, 0x00ed0000, \
  0x00000000, 0x00000000, 0x00000000, 0x00000000, 0x00000000, 0x00000000, 0x00000000, 0x00000000, \
  0x00000000, 0x00000000, 0x00000000, 0x00000000, 0x00000000, 0x00000000, 0x00000000, 0x00000000, \
  0x00000000, 0x00000000, 0x3e000000, 0x00000000, 0x00000000, 0x00000000, 0x00000000, 0x00000000, \
  0x00000000, 0x00000000, 0x00000000, 0x00000000, 0x00000000, 0x00000000, 0x00000000, 0x00000000, \
  0x00000000, 0x00000000, 0x12fd242f, 0x14feff0c, 0x080cf904, 0x0502000e, 0x03172120, 0x04f9140a, \
  0x05080307, 0x0d2a0302, 0x11f706fa, 0x011f0a05, 0x0b03f711, 0x130cf710, 0x050d07fc, 0x02111512, \
  0xf40a0a04, 0x39010509, 0xff0800fd, 0x011a11f1, 0x10131600, 0x0ef913f2, 0x0e03fc01, 0xe9f21a08, \
  0x2b0314f5, 0xf4f4f3fc, 0xf804ef06, 0x1608fb03, 0x23fe0a03, 0x08f30305, 0x05fd1d06, 0x07ff240d, \
  0x08ed0efe, 0x0e010000, 0x00000000, 0x00f2fe00, 0x50d802a0, 0x00000022, 0x080509fd, 0x06f9fb0c, \
  0x0ffefbfa, 0xf0010506, 0xfaf5fcf5, 0xff040f10, 0x1cfaf00f, 0x03fdff02, 0x0800f500, 0x10fcf5f5, \
  0xf40b0503, 0xed0b040a, 0xfd01fd03, 0x0f0a03f5, 0x03fef6fd, 0xfbf6f805, 0x04fafdfb, 0xfb1001ff, \
  0x0206f80e, 0x0f0c0608, 0xfffd0108, 0x0d09f8f6, 0xf2fcf80b, 0xfef6f30b, 0xf10802fa, 0x001615fb, \
  0xed0a0ff5, 0xf70301ed, 0xf5f900f2, 0x00f1faff, 0x0a0af301, 0xfdf30000, 0x00000000, 0x00f2ff00, \
  0x50d802e0, 0x00000058, 0x00000000, 0x00000000, 0x38000000, 0x00000000, 0x00000000, 0x00000000, \
  0x00000000, 0x00000000, 0x00000000, 0x00000000, 0x00000000, 0x00000000, 0x00000000, 0x00000000, \
  0x00000000, 0x00000000, 0x00000000, 0x00000000, 0x00000000, 0x00110000, 0x00000000, 0x00000000, \
  0x00000000, 0x00000000, 0x00000000, 0x00000000, 0x00000000, 0x00000000, 0x00000000, 0x00000000, \
  0x00000000, 0x00000000, 0x00000000, 0x00000000, 0x00000000, 0x00000000, 0x00000000, 0x00000000, \
  0x3e000000, 0x00000000, 0x00000000, 0x00000000, 0x00000000, 0x00000000, 0x00000000, 0x00000000, \
  0x00000000, 0x00000000, 0x00000000, 0x00000000, 0x00000000, 0x00000000, 0x00000000, 0x00000000, \
  0xfc0319f7, 0x130a10f2, 0xf90a0a02, 0xf6f2f923, 0xea00fe0c, 0xfaed11ee, 0x00020223, 0x1ef8010b, \
  0x0202dbee, 0x030e0906, 0x1e200c0d, 0x2df802ff, 0xec07f2fe, 0xfefeedf8, 0xf9f50d1d, 0xf7f91f0b, \
  0x0c1120fd, 0x1d01f700, 0x0bfefbfb, 0x182106e8, 0x02092016, 0xebf50d1b, 0x0b080b03, 0x0a04ee04, \
  0x06f70d1a, 0xeff10e09, 0x0c0cf6fa, 0x1b12fcf5, 0x14fafd01, 0xf8fbfff1, 0x11f9320b, 0x030b0000, \
  0x00000000, 0x00f3f300, 0x50d80380, 0x00000022, 0xd425fcfc, 0xff03eb0d, 0xe408f700, 0xf6f3100a, \
  0x0cf30e00, 0x0313091a, 0x07e9160f, 0xfdf9f920, 0xfb0ff1fc, 0x0c13f9eb, 0x0eef131c, 0x1b0b12ee, \
  0x06f804f8, 0xfe04080a, 0xfb0bf203, 0x03ee0004, 0xe4f50ce6, 0xf4fbf9e9, 0x220ffbfb, 0x081eef17, \
  0xf8f1ff1f, 0xfcffecf7, 0xf1fe1103, 0x10edfcfa, 0x05ee01f5, 0x0f180afe, 0xebfeef09, 0x0cf319ec, \
  0xfb03fdfd, 0xfeea0b08, 0xfb080313, 0x0d060000, 0x00000000, 0x00eaf700, 0x50d803c0, 0x00000058, \
  0x00000000, 0x00000000, 0x79000000, 0x00000000, 0x00000000, 0x00000000, 0x00000000, 0x00000000, \
  0x00000000, 0x00000000, 0x00000000, 0x00000000, 0x00000000, 0x00000000, 0x00000000, 0x00000000, \
  0x00000000, 0x00000000, 0x00000000, 0x00000000, 0x00000000, 0x00000000, 0x00000000, 0x00000000, \
  0x00000000, 0x00000000, 0x00000000, 0x00000000, 0x00000000, 0x00000000, 0x00000000, 0x00000000, \
  0x00000000, 0x00000000, 0x00000000, 0x00000000, 0x00000000, 0x00000000, 0x3e000000, 0x00000000, \
  0x00000000, 0x00000000, 0x00000000, 0x00000000, 0x00000000, 0x00000000, 0x00000000, 0x00000000, \
  0x00000000, 0x00000000, 0x00000000, 0x00000000, 0x00000000, 0x00000000, 0x0e040b12, 0x0c191309, \
  0x130e0bf4, 0x0f07e903, 0x0ef6f1f0, 0x1c0ffb0d, 0xff0b0f0d, 0x05010dfb, 0x0307f4fa, 0x1412000c, \
  0x021fff07, 0x0d1818f8, 0x03090807, 0xf6021d08, 0x0d27effc, 0xf919010b, 0xff09fff9, 0x12f3eb02, \
  0x171d0307, 0x171727f0, 0xf3e0f51e, 0x07feff1f, 0x1ee60204, 0xf8020305, 0x0804fffa, 0xfc0cff12, \
  0x08fc08fc, 0xf606fa10, 0x110fff0b, 0x140a0d19, 0x0cfaf0ef, 0x011e0000, 0x00000000, 0x00f62c00, \
  0x50d80460, 0x00000022, 0xf9100318, 0x19150dfb, 0xfcf020fc, 0xef031109, 0xf30600f2, 0x06e9fe18, \
  0xfb0303f9, 0xfc10fa12, 0xfe0cfbf7, 0x0801fbf8, 0xfb0b1de9, 0xf7eb02f0, 0x1ef3fc18, 0x1506072a, \
  0x00f9f705, 0xf4e0f0e9, 0x0e00010b, 0x18071f2c, 0x08f8eaea, 0x07edec0f, 0x0dedf402, 0xecf901f3, \
  0xecebf6f4, 0x05080aee, 0x0709f5f3, 0x020bedfd, 0x0807051d, 0x07e30711, 0x090405f6, 0xee09fc08, \
  0x12f411df, 0xe1e20000, 0x00000000, 0x00061300, 0x50d804a0, 0x00000017, 0x00000000, 0x00000000, \
  0x4d000000, 0x00000000, 0x00000000, 0x00000000, 0x00000000, 0x00000000, 0x00000000, 0x00000000, \
  0x00000000, 0x00000000, 0x00000000, 0x00000000, 0x00000000, 0x00000000, 0x00000000, 0x00000000, \
  0xf4f90d01, 0x00eefd28, 0xf8000000, 0x00000000, 0x00e30000, 0x50d84000, 0x00000178, 0xfef2f1f8, \
  0x13fb0403, 0x01efdf23, 0xeadf040a, 0x0504f6f7, 0xf6f6f6f5, 0xf4f5f5fc, 0xfafbfcfc, 0xfbfafcfb, \
  0xfefdfe00, 0x01020000, 0xffe50ce8, 0xe8f7fafe, 0xfaef0c02, 0x1ce8f916, 0x190f0700, 0x00000000, \
  0x00000000, 0x01f7fb11, 0xfdfafcf6, 0xf40000fd, 0xff000100, 0x000013fd, 0xfd03e8e8, 0x170bffea, \
  0x140af502, 0xf815faf6, 0x0e01eaef, 0xfdf0e7ee, 0xf804f606, 0xf9f0fefc, 0xed050000, 0x010000ff, \
  0x00000201, 0xf7f90a02, 0x030301ff, 0x05f901ff, 0xfe010204, 0x05efed06, 0xf2f9f0fe, 0xf2f40f16, \
  0x27f90408, 0xfc04ede6, 0x0d04f0ee, 0xf7e3f5f4, 0xfaf0fe07, 0x0506f90a, 0xf6000001, 0x0101ff00, \
  0xffffecfa, 0xe9f5f2fd, 0xf7fb090d, 0x111ded07, 0x07f602f6, 0xed080e06, 0xfb03f107, 0xf7f60aff, \
  0x0a02f3f8, 0x01ffeefe, 0xfe02edf0, 0xfef20ff5, 0xf5f5f8f2, 0xf3faf7f6, 0x060409fa, 0xf90408fe, \
  0xf80600f9, 0xf5fd0005, 0xff01fa03, 0x150bf90d, 0xe9fdf1f3, 0x06f50cf3, 0x010cf903, 0xf70207ff, \
  0xe80c0cf0, 0xee03ee00, 0x18e7e4ed, 0xedf6fb04, 0xf6ed09f9, 0xf1f701fc, 0x0001f8f4, 0xfc0101f2, \
  0xf8ea08fd, 0xf1ea0300, 0xea000000, 0x00000000, 0x000018f7, 0x0a110af2, 0xed0f0e0f, 0xf1edfe03, \
  0xe2f5dfd3, 0x00000000, 0x0000ff00, 0x00f8ebf5, 0x00040b0d, 0xf0080b07, 0xfbfbff0b, 0xfcfb070d, \
  0x04ff0df4, 0x070c01f8, 0x020002fd, 0x01fffd00, 0xfb0505ef, 0xf4010514, 0x1b131008, 0x24eeeff8, \
  0xe7eedcf9, 0xf6eff9f9, 0xf8f9fa00, 0xf4ff07ed, 0x0603fffd, 0x08000001, 0x00ff0000, 0x00000101, \
  0xf9fffe01, 0x02fa04f5, 0xf7faf6f7, 0xf8f7f6f9, 0xe8ee0cf0, 0xf21bff0a, 0x0aeff1f5, 0xefebf1f1, \
  0xf2f000fe, 0xfcfefffd, 0x0103f8eb, 0xebf4ede4, 0xf2ecf1f5, 0xfcfafdfc, 0xfe000000, 0xffe5e6f1, \
  0xf0e60dfa, 0xf2f7fae0, 0xfd01e7e0, 0x01e0eefd, 0xf301e9f7, 0x1d04f2fa, 0xf50501f9, 0x0a0a0508, \
  0x02fa0ae9, 0x221dfb02, 0x030d01fb, 0xf6f9fcf5, 0x08ff0903, 0x0201fffb, 0x02000100, 0x010000fe, \
  0xff00ff02, 0x00000000, 0x00000000, 0x0000feff, 0x00fa0105, 0xfdfefd00, 0x00000000, 0x00000000, \
  0x00010000, 0x00000000, 0x00010000, 0x000000ff, 0x000006fe, 0x01fe0204, 0x06fdfe01, 0x000005fb, \
  0x01fb0802, 0xf6fd0407, 0x08fffb00, 0xfffb0304, 0x05fefd02, 0x02fd0000, 0x00000000, 0x00000001, \
  0xffff0100, 0x00000000, 0x01000103, 0xfdff03fc, 0x00fe0504, 0xfe04fe00, 0xff030000, 0x010001ff, \
  0xff0103fe, 0x0302fffc, 0xfdfcff02, 0x00000000, 0x00000000, 0x00feff00, 0x01000000, 0x0000feff, \
  0xfe0703fb, 0x0203f900, 0x00000000, 0x00000000, 0x00000000, 0x00000000, 0x00000000, 0xff0000ff, \
  0x0000ff04, 0x01ff02ff, 0x01010100, 0x00010001, 0xff00ff01, 0x04000003, 0x04fffe02, 0xff040403, \
  0x03000100, 0x00fe0000, 0x00000000, 0x000000ff, 0x00000201, 0xfffffefd, 0x00000000, 0x00000000, \
  0x00f90cfe, 0xff0e0200, 0x08f7ffff, 0x00000000, 0x00ff0003, 0x0509f4f6, 0xfaf90705, 0x030602fc, \
  0x09f9f8f9, 0xff000000, 0x00000000, 0x00000003, 0xfffafd01, 0x03010400, 0x00000000, 0x00000000, \
  0x0cfa01fd, 0xfdfaf70b, 0x01000000, 0x00000000, 0x00000001, 0x00000000, 0x00000001, 0x0000ff00, \
  0x00000000, 0x00000000, 0x00000000, 0x00000000, 0x00000000, 0x00000e05, 0x0206f70b, 0x0807fa00, \
  0x00000000, 0x00000000, 0xfc000103, 0xf6f702fb, 0xfb000000, 0x00000000, 0x0000fafc, 0x060801ff, \
  0xfdfe0000, 0x00000000, 0x00000000, 0x00000000, 0x00000000, 0x00000003, 0xffff0100, 0xffff0000, \
  0x00000000, 0x00000000, 0x00000000, 0x00000000, 0xf6f4f608, 0xfcf5f405, 0x090202ff, 0x04fe00ff, \
  0x06fd00fe, 0xff0101ff, 0x020100fd, 0x03fa070a, 0xf4f3f7f9, 0x00000000, 0x00000000, 0x00000001, \
  0x00000001, 0x00000000, 0x00000000, 0x00000000, 0x00000000, 0x00000000, 0xfbfc06fc, 0xf9fefe05, \
  0x00000001, 0x00010000, 0x00000000, 0x00000000, 0x00000003, 0x020303fe, 0x04fefd07, 0x00000000, \
  0x00000000, 0x40000000, 0x00000000, 0x00000000, 0x00000000, 0x00000000, 0x00000000, 0x00000000, \
  0x00000000, 0x00000000, 0x00000000, 0x00000000, 0x00000000, 0x00000000, 0x00000000, 0x00000000, \
  0x00000000, 0x00000000, 0x00f80000, 0x00000000, 0x00000000, 0x00000000, 0x00000000, 0x00000000, \
  0x00000000, 0x00000000, 0x00000000, 0x00000000, 0x00000000, 0x00000000, 0x00000000, 0x00000000, \
  0x00000000, 0x00000000, 0x00000000, 0x00000000, 0x00000000, 0x40000000, 0x00000000, 0x00000000, \
  0x00000000, 0x00000000, 0x00000000, 0x00000000, 0x00000000, 0x00000000, 0x00000000, 0x00000000, \
  0x00000000, 0x00000000, 0x00000000, 0x00000000, 0x00000000, 0x06fbfd18, 0xd916dcf9, 0xfff61105, \
  0xf5f1030a, 0xf8d8fef0, 0xf4f0f9fe, 0xebebf8f8, 0xfaf4f209, 0x0ff6eb02, 0xd8f5ff1b, 0x0cf41efb, \
  0x0d1ff307, 0xf714fae2, 0x0f190311, 0xf0e5070b, 0x07f9f7f6, 0xf0fbf3ff, 0x0a08f3d6, 0x01f702f5, \
  0xfaf30d0f, 0xfefe01ff, 0x01ec10fc, 0xfc0604fe, 0xf5040101, 0xfdfb06e3, 0x00ec18ed, 0xfcf3eaf6, \
  0xef050de9, 0x00f8fdf4, 0x09f50407, 0x0b2002e0, 0x0a050000, 0x00000000, 0x00000f00, 0x50d842a0, \
  0x00000022, 0xe9f602f5, 0x04f9e118, 0xf10de212, 0xe70c0600, 0x15edf900, 0xf60a00f7, 0x0ded12ec, \
  0x200ae2f1, 0xd413de05, 0xf808f201, 0xeffcf800, 0x19f1fde8, 0x25fa27f0, 0xfcdebaf1, 0xd50403f9, \
  0x00f6fb0f, 0x0000f9e2, 0x000f08f8, 0xf2ed1605, 0xeb101b0c, 0x121d0929, 0xf7f4ef05, 0x02fdd407, \
  0xe5f41009, 0x07f22d01, 0x08ff0000, 0x0a06161f, 0xe9fd36fd, 0xf000e40c, 0xf90b1a02, 0xe0fe2307, \
  0x23030000, 0x00000000, 0x0005eb00, 0x50d842e0, 0x00000058, 0x00000000, 0x00000000, 0x38000000, \
  0x00000000, 0x00000000, 0x00000000, 0x00000000, 0x00000000, 0x00000000, 0x00000000, 0x00000000, \
  0x00000000, 0x00000000, 0x00000000, 0x00000000, 0x00000000, 0x00000000, 0x00000000, 0x00000000, \
  0x00190000, 0x00000000, 0x00000000, 0x00000000, 0x00000000, 0x00000000, 0x00000000, 0x00000000, \
  0x00000000, 0x00000000, 0x00000000, 0x00000000, 0x00000000, 0x00000000, 0x00000000, 0x00000000, \
  0x00000000, 0x00000000, 0x00000000, 0x41000000, 0x00000000, 0x00000000, 0x00000000, 0x00000000, \
  0x00000000, 0x00000000, 0x00000000, 0x00000000, 0x00000000, 0x00000000, 0x00000000, 0x00000000, \
  0x00000000, 0x00000000, 0x00000000, 0xfaeffc06, 0x01d0ed0d, 0xf009fb05, 0xdc03e1f7, 0xee05f311, \
  0x010702fa, 0xe2fd0005, 0xf3fe02f0, 0x17f02200, 0x20f7f8f5, 0xf8fbf401, 0xf1f325f4, 0x06e100f3, \
  0xf60800ef, 0xfff10606, 0x06e305ff, 0x07f7f518, 0xfdfcf001, 0xfb0115fb, 0x06f8f609, 0x02de0208, \
  0x0908f3fa, 0x010207f6, 0x150608fc, 0xff0a06e8, 0x140c09ff, 0x10fc18f2, 0x07f4050c, 0xfb01fc00, \
  0xed09fff2, 0xe80af3f6, 0xf2f60000, 0x00000000, 0x00f9f500, 0x50d84380, 0x00000022, 0x00f4f1ed, \
  0xfb0ceff1, 0x020d180b, 0xfcf506dd, 0xf1e7f92c, 0xfc07f807, 0xee02e9e8, 0x09f30800, 0xf8010f0f, \
  0xf2200518, 0x060208fc, 0x0b18030f, 0x04f903e4, 0xf0d4ef08, 0xfeea02fb, 0x0cfc0bfb, 0x040909e3, \
  0x02def4ec, 0x2c0ef8fe, 0x060df7e2, 0xfe1d10d0, 0x071f0a30, 0xfe200106, 0xfaddea2d, 0x0d08e81f, \
  0x03f002fa, 0x19fd0411, 0x080804f6, 0x0ff3fe13, 0x00fb0205, 0xf4f60a05, 0x0bfb0000, 0x00000000, \
  0x00f70300, 0x50d843c0, 0x00000058, 0x00000000, 0x00000000, 0x6e000000, 0x00000000, 0x00000000, \
  0x00000000, 0x00000000, 0x00000000, 0x00000000, 0x00000000, 0x00000000, 0x00000000, 0x00000000, \
  0x00000000, 0x00000000, 0x00000000, 0x00000000, 0x00000000, 0x00000000, 0x00f40000, 0x00000000, \
  0x00000000, 0x00000000, 0x00000000, 0x00000000, 0x00000000, 0x00000000, 0x00000000, 0x00000000, \
  0x00000000, 0x00000000, 0x00000000, 0x00000000, 0x00000000, 0x00000000, 0x00000000, 0x00000000, \
  0x00000000, 0x41000000, 0x00000000, 0x00000000, 0x00000000, 0x00000000, 0x00000000, 0x00000000, \
  0x00000000, 0x00000000, 0x00000000, 0x00000000, 0x00000000, 0x00000000, 0x00000000, 0x00000000, \
  0x00000000, 0xf9fdf724, 0xf8f60804, 0x00f9fffa, 0xf711fcda, 0x000bfaf1, 0x0b08fdfe, 0xf6fff608, \
  0x1c0502f7, 0x08f80602, 0x0d15ef02, 0xf81509f5, 0x0afa0203, 0x0a0615fb, 0xf110fded, 0xe80a0dfb, \
  0x2604f906, 0x0e060503, 0xe702f7ff, 0xfa030700, 0x021b0e06, 0xedf3ef03, 0x0308fffa, 0xfaed0bfe, \
  0x130cffe9, 0xe6f2fdfb, 0x0df509fa, 0x0018f60d, 0xfbee08f2, 0x000dfcfe, 0x03f804f2, 0x1c03f7fd, \
  0x17f70000, 0x00000000, 0x000ffa00, 0x50d84460, 0x00000022, 0x0a0401e5, 0x1cfa2920, 0xe910f718, \
  0xdee4eb01, 0xfa0cef25, 0xfceefe0a, 0xd71a011b, 0xfef4f92e, 0xf8f605d8, 0x2b02fd19, 0x0be8fbf7, \
  0xf12ef9f1, 0xfe06e8e7, 0xfcee00fb, 0x07edf6fb, 0x1a030c06, 0xdfd3f503, 0x41171cd1, 0x052eedf4, \
  0x1315ecfe, 0x0414ffc8, 0xe10efc1e, 0xdee6ea0f, 0x041a0ff7, 0xf50fe115, 0xf3f3e7fd, 0xe7f417dc, \
  0x10e80104, 0x011005f8, 0x000115fa, 0x171c1613, 0x06f50000, 0x00000000, 0x00f70d00, 0x50d844a0, \
  0x00000017, 0x00000000, 0x00000000, 0x56000000, 0x00000000, 0x00000000, 0x00000000, 0x00000000, \
  0x00000000, 0x00000000, 0x00000000, 0x00000000, 0x00000000, 0x00000000, 0x00000000, 0x00000000, \
  0x00000000, 0x00000000, 0x00000000, 0xd700e421, 0x0c03d908, 0xe8000000, 0x00000000, 0x003e0000, \
  0x50d88000, 0x00000178, 0xd0ebfcfe, 0xf807f1df, 0xfefdff03, 0x01f3f803, 0xf2fcfffc, 0xf9fcf8f7, \
  0xf9f7f503, 0x00fe01fe, 0xfbfefdfd, 0x00000000, 0x00000000, 0x00f9f6fc, 0xf8ff0205, 0xfffa1404, \
  0x0a0f1f05, 0x051c0400, 0x00000000, 0x00000000, 0x0a0de707, 0x08cf06eb, 0xe4000000, 0x00000000, \
  0x00000412, 0x0debdf02, 0xf5eb03f3, 0xf8fd000b, 0xfd030507, 0x17f6fb15, 0x16f20a01, 0x04e005d1, \
  0x00f9dcec, 0xeae60001, 0x010001fe, 0x00010000, 0x02fefe02, 0xfbfdfb02, 0x05fbfffb, 0xfc04f7fa, \
  0xfbf4f6fc, 0xf9fcfefc, 0xfa02060b, 0x21f70ffb, 0xfbf012f7, 0xf70a06fe, 0xdd200119, 0xe6ecf8da, \
  0xf5e3ebdb, 0xd4000000, 0x00000000, 0x0000f201, 0xf0120d09, 0x0d04ea1d, 0x1c0e2416, 0x111d0c0f, \
  0x00010523, 0xf4ed17fa, 0xe01df6f1, 0x0af1f3fa, 0xf604eb05, 0xfeffe1f5, 0xfaf5faf8, 0xf8f7f8f8, \
  0xf7faf8f7, 0x0b0303ff, 0x01fcff05, 0xf4f1f401, 0xf5f0fbf3, 0xf3f8e706, 0x19f8fdfd, 0x12032704, \
  0xf201f6fc, 0x04fe0709, 0x1afdfb0f, 0xf602ddd0, 0x04ed06f9, 0xde0ef2c9, 0xef2500fa, 0xfffbfe02, \
  0xfffe0408, 0x09f30e0b, 0xfa000905, 0x01ea05fc, 0x0007fefc, 0xfc000000, 0x00000000, 0x000001e2, \
  0xecf1e1d8, 0xeff5de0a, 0xf617010c, 0xfc1e09f8, 0x00000000, 0x00000000, 0x00fb0301, 0xf6f8ff0d, \
  0xf104f402, 0xf6050bf0, 0xf50df5fa, 0x0afff900, 0xf7efe4fd, 0x03050404, 0xff04fd00, 0xfa0913ea, \
  0x0314f5ee, 0xf5fa0711, 0x0300f521, 0x060816f8, 0xf8fdf8fd, 0xf8fafaf5, 0x120e02f6, 0x01f8ebfc, \
  0xf6000000, 0x00000000, 0x00000000, 0x00ff0000, 0x000000f8, 0xf6f5f8f7, 0xf6f7f7f6, 0xdff718ef, \
  0x010cf20d, 0xfffff6f4, 0xfceeedf1, 0xebebfff9, 0xfaf50805, 0x0407f9f2, 0xeff2f6f4, 0xf3f7f9f4, \
  0x00000000, 0x04fefef6, 0xfafa0805, 0x05f3f1f9, 0xf5f018f8, 0x04f3ff04, 0x0f07f901, 0x0909f315, \
  0x1615e2e3, 0x02fc03f9, 0xf5fcf5f6, 0xfa1e140f, 0x11f90fff, 0xecf6fe03, 0x00fefafc, 0xf6fbf4fa, \
  0x02fef605, 0x0206faf8, 0xfefe02fe, 0x00030100, 0x02000000, 0x00000000, 0x000002fe, 0x02fdfdfe, \
  0x04020400, 0x00000000, 0x00000000, 0x00000000, 0x00000100, 0x010100ff, 0xff010002, 0xfeff03ff, \
  0xfb0400fd, 0x07fefe05, 0xfbf905fd, 0x0b0d01ff, 0x03000902, 0x090bf607, 0x0a020305, 0x02f9fffa, \
  0xfb010000, 0x00000000, 0x000000fd, 0x00fdfd00, 0xff000000, 0xfbfff5fc, 0x06fd04f6, 0x06f605fd, \
  0xfd09f8f7, 0xf8f90001, 0x03ff0501, 0xfd060600, 0x00000000, 0x010000fe, 0x00000000, 0x00000000, \
  0x0103fa03, 0xfffcff00, 0x00fffcfd, 0xfefdf901, 0x05010400, 0x00000000, 0x00000000, 0x0001fe00, \
  0x00ff0000, 0x00000000, 0x00000000, 0x0000fcff, 0xfc0001fe, 0x01020402, 0x050204fb, 0x0401f8fc, \
  0x020100fc, 0x0301ff04, 0x04000202, 0x01fffffe, 0x02000000, 0x00000000, 0x00000000, 0x0100fefc, \
  0x02faff01, 0x00000000, 0x00000000, 0x00fd02f3, 0xfcfd03fe, 0x0e00ff00, 0xfe00ff00, 0xfffdff00, \
  0xfe0402fa, 0xfcfcfc08, 0xfeffff00, 0x0000fd01, 0x02000000, 0x00000000, 0xff000000, 0x000000ff, \
  0x00000100, 0x00000000, 0x00000000, 0x0dfbf807, 0x0c0afa05, 0x0a0001ff, 0x00000000, 0x00000000, \
  0xff000001, 0x0001ff02, 0xfe05fafa, 0xfefe0205, 0x00000000, 0x00000000, 0x000101ff, 0x01010201, \
  0x0000ffff, 0x0cf702ff, 0xf80701fc, 0xfffffcfe, 0x00010000, 0x00fffdfe, 0xfefcfdfd, 0x06000000, \
  0x00000000, 0x0000fd04, 0x0005fa07, 0x0702fb00, 0x00000000, 0x00000000, 0x00000000, 0x00000000, \
  0x00fe00ff, 0xfcfffffd, 0x02010000, 0x00000000, 0x00000000, 0x00000000, 0x00000000, 0xfd01f9fe, \
  0xfe070601, 0xf6000204, 0xffff0501, 0xfc030001, 0x02feff00, 0x050207f9, 0xf809fe01, 0x09fa0705, \
  0x0000fe00, 0x00030000, 0xffff0000, 0x0104fc08, 0x05010000, 0x01000001, 0x00010400, 0x00000000, \
  0x00000000, 0xfcfeff02, 0x04fbfaf7, 0x06fe0000, 0x010000ff, 0x00000000, 0x00000000, 0x00000000, \
  0x00fefffe, 0x05070b0b, 0x00000000, 0x00000000, 0x3f000000, 0x00000000, 0x00000000, 0x00000000, \
  0x00000000, 0x00000000, 0x00000000, 0x00000000, 0x00000000, 0x00000000, 0x00000000, 0x00000000, \
  0x00000000, 0x00000000, 0x00000000, 0x00000000, 0x00000000, 0x00290000, 0x00000000, 0x00000000, \
  0x00000000, 0x00000000, 0x00000000, 0x00000000, 0x00000000, 0x00000000, 0x00000000, 0x00000000, \
  0x00000000, 0x00000000, 0x00000000, 0x00000000, 0x00000000, 0x00000000, 0x00000000, 0x00000000, \
  0x40000000, 0x00000000, 0x00000000, 0x00000000, 0x00000000, 0x00000000, 0x00000000, 0x00000000, \
  0x00000000, 0x00000000, 0x00000000, 0x00000000, 0x00000000, 0x00000000, 0x00000000, 0x00000000, \
  0xf7f2f90a, 0xf7faf6d5, 0x080707f2, 0x07f400f6, 0x04fff2e4, 0xedfaf703, 0x07ecfa03, 0xf9fbf4ff, \
  0x020503fd, 0xebfdfcfe, 0x1308f4fa, 0x030713fd, 0x0425f8f1, 0xfcf11600, 0xf7e1fcf9, 0xfbf2f808, \
  0xfdfdfdfc, 0xfdfeddde, 0xedf306fb, 0xe807f1fb, 0xe503fbf6, 0xe3180be2, 0xf0fbecef, 0x0ff7ed0e, \
  0x10f3070e, 0xf3f2fe03, 0x05f8e0ee, 0x0a05fe10, 0xf7ebfdf6, 0x09f2f917, 0xfd01ff04, 0xf5060000, \
  0x00000000, 0x0003fd00, 0x50d882a0, 0x00000022, 0x02fd01ff, 0xf4fbe002, 0x1e0e1601, 0x120908ff, \
  0x03fdf504, 0x00f50302, 0xf6fe0c0e, 0x060207fd, 0x180a0500, 0xea090c03, 0xfbfbf007, 0x0c01fe0e, \
  0xff181108, 0xf1fde3fc, 0xfcf10603, 0x080214f8, 0x1901fbf5, 0xf4f60a03, 0xfd04fa05, 0x06051001, \
  0xf7f91502, 0x29f9f611, 0xf7fd04fe, 0x0bf4010a, 0xfd0904fd, 0x1a010804, 0x15fdf9ff, 0x1201fc06, \
  0xffeeedf3, 0x0afffcf3, 0xe8f408fc, 0x13f50000, 0x00000000, 0x00f8fe00, 0x50d882e0, 0x00000058, \
  0x00000000, 0x00000000, 0x37000000, 0x00000000, 0x00000000, 0x00000000, 0x00000000, 0x00000000, \
  0x00000000, 0x00000000, 0x00000000, 0x00000000, 0x00000000, 0x00000000, 0x00000000, 0x00000000, \
  0x00000000, 0x00000000, 0x00000000, 0x00ee0000, 0x00000000, 0x00000000, 0x00000000, 0x00000000, \
  0x00000000, 0x00000000, 0x00000000, 0x00000000, 0x00000000, 0x00000000, 0x00000000, 0x00000000, \
  0x00000000, 0x00000000, 0x00000000, 0x00000000, 0x00000000, 0x00000000, 0x40000000, 0x00000000, \
  0x00000000, 0x00000000, 0x00000000, 0x00000000, 0x00000000, 0x00000000, 0x00000000, 0x00000000, \
  0x00000000, 0x00000000, 0x00000000, 0x00000000, 0x00000000, 0x00000000, 0xfce9f317, 0x03f80f11, \
  0x080404f8, 0x0702dc0b, 0x1af100df, 0xfa0bf5f5, 0xf4eaf9fc, 0xe7eceeef, 0xd2faf1e2, 0xf801fcfa, \
  0x10ffecf6, 0xf50afff4, 0xea0de7ef, 0xe7f0e7e0, 0xeef402f5, 0xe3fc060a, 0x060e010a, 0xe9f8e708, \
  0xf203eefe, 0xe70915f7, 0xef0ad7e9, 0xe5feefdd, 0x0ceeedfb, 0xfad4010e, 0x0afa0af0, 0xdbfbfd17, \
  0xf7e4f1f4, 0xeaf2f5f5, 0xfeff0afc, 0xd0e606fe, 0xf60cfbfa, 0x02f30000, 0x00000000, 0x00f1ef00, \
  0x50d88380, 0x00000022, 0x06fd0de2, 0xf4ebef05, 0xfbdfee0c, 0xfa0411fe, 0x080df90b, 0xf4fcfbe0, \
  0x030f1711, 0xfafb04fa, 0x1cee0100, 0xfdfc15fd, 0xf90cfee1, 0x0e0efe13, 0xeb0b10f7, 0x00f7f8ee, \
  0x051107fc, 0xef310f06, 0xf80def0f, 0x04fe1701, 0xf4eefdff, 0x1802ffee, 0xfb18fedc, 0xf0faf914, \
  0x0219e5fd, 0x1006fae2, 0x111d0314, 0xf9edee1d, 0xfcdbfaf7, 0xf1effdf2, 0x060a0301, 0xfe1213eb, \
  0x0bf8fbf9, 0x05f20000, 0x00000000, 0x00100600, 0x50d883c0, 0x00000058, 0x00000000, 0x00000000, \
  0x6b000000, 0x00000000, 0x00000000, 0x00000000, 0x00000000, 0x00000000, 0x00000000, 0x00000000, \
  0x00000000, 0x00000000, 0x00000000, 0x00000000, 0x00000000, 0x00000000, 0x00000000, 0x00000000, \
  0x00000000, 0x00200000, 0x00000000, 0x00000000, 0x00000000, 0x00000000, 0x00000000, 0x00000000, \
  0x00000000, 0x00000000, 0x00000000, 0x00000000, 0x00000000, 0x00000000, 0x00000000, 0x00000000, \
  0x00000000, 0x00000000, 0x00000000, 0x00000000, 0x3f000000, 0x00000000, 0x00000000, 0x00000000, \
  0x00000000, 0x00000000, 0x00000000, 0x00000000, 0x00000000, 0x00000000, 0x00000000, 0x00000000, \
  0x00000000, 0x00000000, 0x00000000, 0x00000000, 0xfdf0fcdf, 0x0cf5d9e8, 0xfe04eaf7, 0x00eaeff8, \
  0x0c07060c, 0xd908fcc8, 0x01f1f001, 0xec02f9e5, 0xdc1af0d5, 0x0007faff, 0xdef3d802, 0xdfebfb02, \
  0xd012f7f0, 0xedd6ebec, 0x04f4d4fa, 0xef100be3, 0xebcf00e0, 0xfbe0e3ea, 0xf5fc0cfd, 0xfdfdd202, \
  0x18e1feee, 0x1306f709, 0x051dd6d8, 0xdb04ec04, 0x1509fee4, 0xf717e41e, 0x22e008fe, 0x0a01e2ea, \
  0xf4d6f92d, 0xfcff02f5, 0xde02f109, 0xe0f60000, 0x00000000, 0x00d8dc00, 0x50d88460, 0x00000022, \
  0x0e0d0f06, 0x0015fc11, 0xf5f2e7ec, 0xe501f305, 0x1223f8fe, 0x05ebf50c, 0xf1f81b1b, 0x0bf80208, \
  0x0003eede, 0x07eb0c02, 0x02f00fea, 0xffe814f2, 0x08f91012, 0xfd09f30d, 0x02f50406, 0x09f41207, \
  0xe8fae725, 0x23180a20, 0xf811f502, 0x0a04f10d, 0xffde0bfe, 0xe30be9fa, 0x0cf3f3de, 0x08150bd3, \
  0xee0f2210, 0x0204e90a, 0xe90be4f8, 0x06f21110, 0xfe0dff05, 0x02011ef7, 0x1f1301e3, 0x05f80000, \
  0x00000000, 0x00f10f00, 0x50d884a0, 0x00000017, 0x00000000, 0x00000000, 0x54000000, 0x00000000, \
  0x00000000, 0x00000000, 0x00000000, 0x00000000, 0x00000000, 0x00000000, 0x00000000, 0x00000000, \
  0x00000000, 0x00000000, 0x00000000, 0x00000000, 0x00000000, 0x00000000, 0x200210de, 0xf3cef3e8, \
  0x22000000, 0x00000000, 0x00220000, 0x50d8c000, 0x00000178, 0xe6020303, 0xf7f810fc, 0x05e6e5fd, \
  0x20ebd914, 0xedf206fa, 0xf5faf6f4, 0xf4f4f4fa, 0x00f4fcfc, 0xf903fbf9, 0x00ff0000, 0x01ff0000, \
  0x0000e7f2, 0xf9ec080e, 0x0ceb13f7, 0xfa0e100b, 0x0d01f600, 0x00000000, 0x00000000, 0xe2fed7ff, \
  0xf1dbf1ea, 0xf5000000, 0x00000000, 0x00000df4, 0x07ecefef, 0xe4ff0be9, 0xf10e09e5, 0xe004ebf7, \
  0xe1f60fe3, 0xf2f7eaf2, 0x03d8fb1b, 0xdaef05ec, 0xfaf8fffd, 0x02fafbfc, 0x0100fff8, 0xfcf7ff06, \
  0xf4f8f408, 0x0607faf3, 0x0904faf5, 0x06f3fbf8, 0xefef03f6, 0x020200ff, 0x0c07f4fe, 0x0f0ee70a, \
  0x0904f6e9, 0xedebf3fe, 0xe4e3e3f5, 0x07f70702, 0xda000000, 0x00000000, 0xffff0b09, 0xe9f41504, \
  0xfc1405ec, 0x0b12f2f2, 0xed1d0aef, 0xf4efef01, 0xfb0a1604, 0x00fc02de, 0x140dfb04, 0x060cee04, \
  0x17eef207, 0xfff4f6f2, 0xf4f5f1f3, 0xeffaf0f5, 0x09eeef07, 0xfff30706, 0x0cf3f0f7, 0xecfdfaec, \
  0xfaf6de08, 0xf8e40305, 0xe501fdfd, 0x04f0f40c, 0xfe00f7fd, 0xfe02fbdf, 0xfae6faf4, 0x0b010a0d, \
  0xef0ffbc6, 0xfbe0ff02, 0xfdfdfc03, 0xfcf7f5f1, 0x060ef30d, 0x0a060aff, 0xff04f0e7, 0x05fef2ff, \
  0xf3000000, 0x00000000, 0x0000ebf4, 0x030cefe7, 0xeefee917, 0x13fa11fa, 0x110c0206, 0xfefeffff, \
  0x00000000, 0x00f5e7ea, 0x0afefafb, 0xf305000f, 0xf0f401f2, 0xed01f8f0, 0x0707ece6, 0xf2fff407, \
  0xfeff0205, 0xfef7fd03, 0x03edf8d1, 0xfefbe0fc, 0x0df6f4e8, 0x010a0b15, 0x1802e7f7, 0xfaeff9f6, \
  0xeff8fef7, 0x140b0500, 0xfffefff0, 0xfa0303fe, 0x0001fd00, 0x00ff0000, 0x00000000, 0x000000f7, \
  0xf8f8f9f9, 0xf8f7f6f6, 0xfc0d0d11, 0x1cf31603, 0xe3fcf8f9, 0xf8f2eef0, 0xf2eefaf4, 0x01f302fe, \
  0x000600f6, 0xf6f5f5f7, 0xf1f1f6eb, 0x01fefafd, 0xfafafbf8, 0xfa1109f7, 0x1a03be13, 0xfce0080a, \
  0x061513f7, 0x0b04f70f, 0x02f1fd04, 0x04d5ee04, 0xf2f40a05, 0x04f30009, 0x0b1ceed7, 0x231403f9, \
  0x0902fcfa, 0x0df70a01, 0x000bfdf3, 0x0c02fe08, 0xf20cfb08, 0xf3f3f5f9, 0xfcfdff03, 0xfe0c0a0b, \
  0x0c10100e, 0x120eeff0, 0xf1eeeeef, 0xedededfc, 0xfbfafbfb, 0xfafbfbfa, 0xf8f5f4f9, 0xf3f3f3f3, \
  0xf3000000, 0x00000000, 0x00000e0e, 0x140e0e14, 0x0f101407, 0x06050100, 0x00010000, 0x0a09090c, \
  0x0b0b0f0d, 0x0d020402, 0x000001fe, 0xfe01fcfb, 0xfb03fcf9, 0x04fdf904, 0x05060506, 0x07070807, \
  0x00000000, 0x00000000, 0x00f1f3f5, 0xf2f3f5f6, 0xf5f7f0ed, 0xf0f0eef0, 0xf3f1f012, 0x13130f12, \
  0x130f1012, 0x100f080f, 0x0d050805, 0x08f5eeef, 0xf8f8f9fa, 0xf8fbf8fa, 0xfcf9f9f8, 0xf7f7f70c, \
  0x0d0c090a, 0x09040708, 0xf8f8f9f8, 0xf9fbf3f4, 0xf501fdff, 0xf8f4f010, 0x0b06f2f1, 0xf0f2f1f1, \
  0xf2f2f2f9, 0xfbfbfaf9, 0xfafaf9fa, 0x05050204, 0x03060403, 0x03f4f2f6, 0xf8f6f6f7, 0xf6f40a07, \
  0x05070606, 0x080606ff, 0x0000fd02, 0x00020501, 0x0809070e, 0x0f0b1310, 0x0efbfbff, 0xfafa01f9, \
  0xfa03fafb, 0xfbfafafa, 0xf9f9f911, 0x0c070d08, 0x03080405, 0x0f0a0b0e, 0x0a0d0909, 0x0a060504, \
  0x06fe0100, 0xfe020000, 0x00000000, 0x000000ec, 0xeae7e6e5, 0xebe6e6eb, 0xf7f8f6f8, 0xf7f5f6f6, \
  0xf5f1f4f1, 0xf0f3f0f0, 0xf0f0f9f9, 0xfbf8f7fb, 0xf5f5f9f4, 0xf4f3f6f5, 0xf4f3f2f2, 0xfbf6f0fb, \
  0xf5f3fcf4, 0xf0000000, 0x00000000, 0x00000905, 0x0a040306, 0x010608f6, 0xfafdf0f7, 0xfaf6f9f8, \
  0xf5f4f7f2, 0xecf3efec, 0xf0060a0a, 0x0b100f0c, 0x100c0906, 0x04090304, 0x0a050600, 0x00000000, \
  0x00000000, 0xf4f2f5f2, 0xf4f6f0f3, 0xf0000000, 0x00000000, 0x00000000, 0x00000000, 0x00000003, \
  0x04080704, 0x0709060c, 0xf1f3f4f1, 0xf3f4f2f2, 0xf1141416, 0x14131312, 0x1113f0ef, 0xf2f3f1f5, \
  0xfbf80301, 0x01030406, 0x06080808, 0xfafdfffd, 0x0002fefe, 0x02f7f7f6, 0xfaf9f602, 0xfdf80404, \
  0x03050403, 0x030303ef, 0xeef4f5f3, 0xfafaf8fa, 0xf1f1f3f3, 0xf3f3f2f0, 0xf2121310, 0x1313120f, \
  0x11110000, 0x00000000, 0x00000003, 0x00000403, 0x04020303, 0x00000000, 0x00000000, 0x3f000000, \
  0x00000000, 0x00000000, 0x00000000, 0x00000000, 0x00000000, 0x00000000, 0x00000000, 0x00000000, \
  0x00000000, 0x00000000, 0x00000000, 0x00000000, 0x00000000, 0x00000000, 0x00000000, 0x00000000, \
  0x00250000, 0x00000000, 0x00000000, 0x00000000, 0x00000000, 0x00000000, 0x00000000, 0x00000000, \
  0x00000000, 0x00000000, 0x00000000, 0x00000000, 0x00000000, 0x00000000, 0x00000000, 0x00000000, \
  0x00000000, 0x00000000, 0x00000000, 0x41000000, 0x00000000, 0x00000000, 0x00000000, 0x00000000, \
  0x00000000, 0x00000000, 0x00000000, 0x00000000, 0x00000000, 0x00000000, 0x00000000, 0x00000000, \
  0x00000000, 0x00000000, 0x00000000, 0xf8f7f8ca, 0x0e01ffff, 0x04f108f8, 0xf6fbf9e7, 0xfd200706, \
  0x0224ff06, 0x0eed0ef8, 0xf104d6f3, 0xfb03f521, 0x2901f510, 0xfd0cffe0, 0x03e70cee, 0x0ff8f510, \
  0xebed24d9, 0x250de208, 0x03e9fdee, 0x0605fdf2, 0xfb01000e, 0x08f5f9fd, 0x0f0bfa03, 0xddfdf4fa, \
  0xf61a02fb, 0x0ee4f411, 0x0afd02f3, 0x08092023, 0x09eafdf8, 0x00fe09fc, 0x041cfc06, 0xf2fd0305, \
  0xf7eceefe, 0x07f10919, 0xfd130000, 0x00000000, 0x0004f100, 0x50d8c2a0, 0x00000022, 0x040824f6, \
  0xf2f2f703, 0xeb010af9, 0xff040311, 0xfbfb0efb, 0xf603eef1, 0xfe080b04, 0xfdfe06ee, 0xfff1fe01, \
  0x0107f9fe, 0xffedf7fa, 0xfcf4090b, 0x00070dfb, 0x0ce304f1, 0x0b0911f8, 0xeafcfb04, 0x0efa0311, \
  0xfef9fdfa, 0x010007ef, 0xf621e8fc, 0x0c13f9f3, 0x17090c0a, 0xfef90806, 0x0ffef80c, 0xf204fd02, \
  0xee11ee17, 0x080cf2e4, 0xfe050208, 0x15fcf108, 0xfc000d04, 0x101201f7, 0xf7fe0000, 0x00000000, \
  0x00f30200, 0x50d8c2e0, 0x00000058, 0x00000000, 0x00000000, 0x3d000000, 0x00000000, 0x00000000, \
  0x00000000, 0x00000000, 0x00000000, 0x00000000, 0x00000000, 0x00000000, 0x00000000, 0x00000000, \
  0x00000000, 0x00000000, 0x00000000, 0x00000000, 0x00000000, 0x00000000, 0x000f0000, 0x00000000, \
  0x00000000, 0x00000000, 0x00000000, 0x00000000, 0x00000000, 0x00000000, 0x00000000, 0x00000000, \
  0x00000000, 0x00000000, 0x00000000, 0x00000000, 0x00000000, 0x00000000, 0x00000000, 0x00000000, \
  0x00000000, 0x44000000, 0x00000000, 0x00000000, 0x00000000, 0x00000000, 0x00000000, 0x00000000, \
  0x00000000, 0x00000000, 0x00000000, 0x00000000, 0x00000000, 0x00000000, 0x00000000, 0x00000000, \
  0x00000000, 0xe700f1f9, 0x0320e5f7, 0xd4f50908, 0x11f5fc0e, 0xfafa0af9, 0xfbe60d01, 0x12f702fe, \
  0x0a0bf407, 0x0bfe0b01, 0xfed9fe05, 0x0a001815, 0xfc0bd6fe, 0x0001cbf3, 0x08e8f1f8, 0xfb05f606, \
  0xf2fd04f0, 0x061102ed, 0xf0fd1509, 0xea21f514, 0x0200f204, 0xf9280e17, 0x1700d8f6, 0xf70ee70c, \
  0x02ec15db, 0xf702dff7, 0xdcf6f7e1, 0xfdf909f2, 0xf0dee8bd, 0xf2eae505, 0xf803e5e7, 0xe2fdfefb, \
  0x10020000, 0x00000000, 0x0017f100, 0x50d8c380, 0x00000022, 0xfcc11cf1, 0x0614fe08, 0xf417fd3d, \
  0xf0d50bf2, 0x0346fc22, 0xfcdcedd5, 0x0116fc07, 0xfffff911, 0x041c04f9, 0x11010c03, 0x0d08ffe8, \
  0xed2c06f8, 0x002c05d4, 0x0be80ef9, 0x0df50600, 0x0914fd0f, 0xe6fbf521, 0xf6f20aea, 0x170cfeee, \
  0x05f8f7f2, 0x112507ba, 0x0e20ed22, 0xfbf7fd0b, 0x0afff900, 0x030fec0e, 0xf7eff722, 0xf5d9f4f6, \
  0x06c6ed02, 0x00fe0020, 0x09fa03e5, 0x0e05fe0e, 0xe5fe0000, 0x00000000, 0x00150a00, 0x50d8c3c0, \
  0x00000058, 0x00000000, 0x00000000, 0x74000000, 0x00000000, 0x00000000, 0x00000000, 0x00000000, \
  0x00000000, 0x00000000, 0x00000000, 0x00000000, 0x00000000, 0x00000000, 0x00000000, 0x00000000, \
  0x00000000, 0x00000000, 0x00000000, 0x00000000, 0x00e60000, 0x00000000, 0x00000000, 0x00000000, \
  0x00000000, 0x00000000, 0x00000000, 0x00000000, 0x00000000, 0x00000000, 0x00000000, 0x00000000, \
  0x00000000, 0x00000000, 0x00000000, 0x00000000, 0x00000000, 0x00000000, 0x00000000, 0x44000000, \
  0x00000000, 0x00000000, 0x00000000, 0x00000000, 0x00000000, 0x00000000, 0x00000000, 0x00000000, \
  0x00000000, 0x00000000, 0x00000000, 0x00000000, 0x00000000, 0x00000000, 0x00000000, 0x04f5ebf6, \
  0xe20008f3, 0x09ef0a1b, 0x11e60901, 0xebf4ed1c, 0x0a0013f6, 0xef01fdfd, 0xfa031003, 0x0bf9f8fb, \
  0xbc0017fd, 0x080d1ffb, 0x0bfffb07, 0x0200e601, 0xf0fd0eff, 0x05fdf4fb, 0xfafb1309, 0x09e40003, \
  0x0b051b12, 0xe4fe0704, 0xecf705fa, 0x1d001dfc, 0xdcf00fe8, 0xe2080ceb, 0xf2060817, 0x1614f400, \
  0xf70eede1, 0xf9f402f9, 0x06f8fce2, 0x0a1b040e, 0x13ece4ec, 0xf9f8defb, 0xeefc0000, 0x00000000, \
  0x0018f400, 0x50d8c460, 0x00000022, 0x06fa0c21, 0x0915f0e2, 0xf004f9e9, 0xff00f101, 0x0bf6fc0d, \
  0xf307f4f0, 0xf1fa07f2, 0xfffe07f5, 0xfd0609f3, 0x16f6160c, 0x0ff904f4, 0xfd07fd1a, 0xf1e8fee5, \
  0x0818ffff, 0x00e70f06, 0x030209f7, 0xf5f7fe2e, 0x0825110d, 0xfdeae710, 0x01f6f1ee, 0x030cfde8, \
  0x0203f4dc, 0xf416fcfd, 0x030cfd01, 0xf5f5f700, 0xf0f6f1ef, 0xf91d0af9, 0x0a04fef3, 0x060300f5, \
  0x0f030218, 0x1817010d, 0x02040000, 0x00000000, 0x00fe0b00, 0x50d8c4a0, 0x00000017, 0x00000000, \
  0x00000000, 0x58000000, 0x00000000, 0x00000000, 0x00000000, 0x00000000, 0x00000000, 0x00000000, \
  0x00000000, 0x00000000, 0x00000000, 0x00000000, 0x00000000, 0x00000000, 0x00000000, 0x00000000, \
  0x00000000, 0x41ebcace, 0xf4103904, 0xe0000000, 0x00000000, 0x00f70000, 0x50d90000, 0x00000178, \
  0x0d081115, 0xf2081107, 0x120ae8cd, 0x02fdc7f5, 0xecd700f8, 0xf9fffafd, 0xf7fbf9ff, 0x02f6f8fc, \
  0xf7fff7f7, 0x0100ffff, 0x00000000, 0x00eb0a0d, 0x0ae309fd, 0x03f111f5, 0xeffefde6, 0x01f5fd00, \
  0x00000000, 0x00000000, 0x02f4f906, 0xf0fbe9fc, 0xe5000000, 0x00000000, 0x000018fd, 0xf513110f, \
  0xecec0ef8, 0xf303f1fb, 0xfc0ffe00, 0xf301f6f9, 0xeef1ede9, 0xe50dd60a, 0x09e512fe, 0xe51800fb, \
  0xfbfdfff5, 0xfbf70400, 0xfdfefe08, 0x030609f5, 0xeffc0b05, 0x01fe07f4, 0x00fef901, 0xfd03fc01, \
  0x00030df6, 0xf6edebce, 0x0c04d4f2, 0xe1dbff02, 0xf6e70901, 0xe910ceec, 0x06f00c14, 0xfa000000, \
  0x00000000, 0x00000002, 0x05eaed07, 0xfaff0509, 0xeaed03ed, 0xf7f9e6ea, 0xf8eaff10, 0x15f91ef3, \
  0x1712eaed, 0x18fcf30d, 0xead9f906, 0x03f706fa, 0xf4e402f3, 0xf5f7f5fc, 0xfbf2f1fc, 0xedeaea04, \
  0x0508f607, 0xfefff6fe, 0xf7f001f0, 0xeff8f206, 0xfce6f4ef, 0xf91c1ced, 0x0506fe00, 0x0bed0bee, \
  0x130ed0f1, 0xeee405ec, 0xf9f4fbf8, 0xe6e807f3, 0xe507fb03, 0x02ff00ff, 0x000002ee, 0x0e0df2f0, \
  0x070b0df5, 0xeffc0c00, 0x03ebf90e, 0x060000ff, 0x0000ff00, 0x0000fae9, 0xf6edf2f4, 0x07fff6f8, \
  0x0f0b0f02, 0x142015f9, 0x00feff01, 0x00000000, 0x00f5f7f5, 0xfa100c0f, 0x010f0eef, 0xf4ef0bfd, \
  0xf008eff4, 0xfbedf0f0, 0x08f6f6e4, 0xfafaf90a, 0xf5fb04f4, 0x0b01f6e1, 0xe4c6e203, 0xd0c1e3e0, \
  0x04fffd13, 0x2319fded, 0xf7f0fffe, 0xf3ffeeff, 0xf9ee0dfb, 0x04f9fdf3, 0xf70303fc, 0x04fffd03, \
  0xfc030000, 0x00000000, 0x000000fa, 0xfbf7fcf6, 0xf6fefdf7, 0x0bf8e9fe, 0x0ae408fd, 0xe4fbf3f0, \
  0xf6f3f1f5, 0xf6f6fdf7, 0x01050cf7, 0x010105f2, 0xefebebfc, 0xf2eef7f7, 0xfd09fcfa, 0x08fff707, \
  0x00f709c2, 0x101bc204, 0x02d6fff7, 0xff140c01, 0x101df204, 0xf3d601f6, 0xe504fcee, 0xf2fb0bfe, \
  0x06f0f9f1, 0xf30d13f9, 0xfaf3f1d3, 0xf0f10af1, 0x0b100cf0, 0x060d0c04, 0xf4f5f606, 0xfeeb0ef1, \
  0xf8dddc08, 0xf3ec1afb, 0xf902021e, 0xf3f616f8, 0x001e0003, 0xddf2f6cc, 0xf8beba19, 0x1b210d0d, \
  0x1af50f1f, 0xfe10240d, 0x0d12e5f2, 0x03fefffc, 0xfa00f6ef, 0xfeeeece4, 0x15fff220, 0x1607320a, \
  0xf8f5e7eb, 0xdbfbf2e7, 0x031cfbfa, 0x13f805f0, 0x0bfc0dec, 0xedf1f0fd, 0x0f03f9f3, 0xd61602e1, \
  0x2414fcfe, 0x06190af9, 0xfb09f9f1, 0x08f50103, 0xf0f3f5eb, 0xf3ece70a, 0xe5eadfdc, 0xd4c51201, \
  0x03f2030a, 0x04fbfe01, 0xf506f50a, 0x03fe0e09, 0x290fe312, 0x17fef8ff, 0x04cdf5eb, 0xe2dddcce, \
  0xc7d1261a, 0x10170506, 0xfdf1f910, 0x01f2f0ea, 0xe8faddde, 0x0b0a03fc, 0x18ed17f8, 0xe302f504, \
  0x01f6d502, 0xefe5e1e1, 0xe4ebf0dd, 0xcdeaf6e3, 0x0506f31a, 0x0a0604fa, 0xfd13f9fe, 0x02f7f7f9, \
  0xecfff8f8, 0xf11317ec, 0xdfd6f8ec, 0xeffefa04, 0xff0811e3, 0xe8fadaee, 0x03c801eb, 0x16fde506, \
  0x040b010e, 0x1a00232b, 0x00170304, 0x10f8f609, 0x0215060a, 0x04160cf3, 0xfaf3ff07, 0x09fef8fc, \
  0xfcfe1f08, 0xf00c0bfb, 0x26fd0df7, 0xfd02e604, 0xf0ddfb02, 0xfafbfeff, 0xfdfe00f6, 0xfff6f3f6, \
  0xfee5f3f0, 0xed10fb06, 0xf6f1ec11, 0xf1fffefe, 0x0d040208, 0x04010001, 0x1cfb22f0, 0xfd1307f4, \
  0x1afd0dfd, 0xeff300fc, 0x0e0b0303, 0x12ff0002, 0xf6000000, 0xff0000fe, 0xffffffe4, 0x10e5eef8, \
  0xdef9ede4, 0xe9efe7f3, 0xded4dfc8, 0xfbdaf7f8, 0xebf800ef, 0xf3040218, 0x13fff825, 0xe2f7f504, \
  0xfafe08fb, 0x16fc0900, 0x00000000, 0x00000000, 0xf7ec0a03, 0xe6efffe5, 0xd8fe0000, 0x00000000, \
  0xff00fcfe, 0xfefefeff, 0xfefbf8f6, 0xf608ffee, 0x04fdf805, 0xebd9e6e3, 0xf8e7dbcf, 0xd3ec08f8, \
  0x04fff1ef, 0xe9f90e01, 0xf3060a0f, 0x1c2d24f5, 0x0c18f008, 0x1f09150d, 0x04f52ff3, 0xfeff02fc, \
  0x0ee5eedb, 0x070df509, 0x1efa0908, 0xf8fefaf2, 0xf1f8f1e3, 0xefe0f2f2, 0xd3d4e0bc, 0xfa17fe0f, \
  0x08f21409, 0x041beded, 0x0bfdfbf7, 0xfb020000, 0xff00ffff, 0xffff00ed, 0x0b120409, 0x11f9e0e6, \
  0x00000000, 0x00000000, 0x40000000, 0x00000000, 0x00000000, 0x00000000, 0x00000000, 0x00000000, \
  0x00000000, 0x00000000, 0x00000000, 0x00000000, 0x00000000, 0x00000000, 0x00000000, 0x00000000, \
  0x00000000, 0x00000000, 0x00000000, 0x00000000, 0x00000000, 0x00000000, 0x00000000, 0x00000000, \
  0x00000000, 0x00000000, 0x00000000, 0x00000000, 0x00000000, 0x00000000, 0x00000000, 0x00000000, \
  0x00000000, 0x00000000, 0x00000000, 0x00000000, 0x00000000, 0x00000000, 0x3f000000, 0x00000000, \
  0x00000000, 0x00000000, 0x00000000, 0x00000000, 0x00000000, 0x00000000, 0x00000000, 0x00000000, \
  0x00000000, 0x00000000, 0x00000000, 0x00000000, 0x00000000, 0x00000000, 0xf0fbdae8, 0x0f030ef2, \
  0xf70a110e, 0x1003f6fd, 0x01f4d8dc, 0x0e05eefb, 0xf8040202, 0xeeeb06fd, 0xfbf9fefd, 0xfbecfb00, \
  0x00f30513, 0xf3f7ffee, 0xfafe030e, 0xe8e3f6ed, 0x0ce6f9e9, 0xe5f4f5fc, 0xf6e8feff, 0xefe8ee07, \
  0x10e1f4fe, 0xe60ff804, 0xfdebfffd, 0x0007e1fc, 0xeef7e510, 0xf6f201fc, 0x0a0409fb, 0xfc000cf7, \
  0xe8fef8fb, 0xf505f907, 0x00f30708, 0xe10ff1fd, 0xffe9f000, 0x0e0a0000, 0x00000000, 0x00fbf100, \
  0x50d902a0, 0x00000022, 0x0c001416, 0xfcf90113, 0x0c03f1ee, 0xe21d10e9, 0xecfc0f13, 0x081bf803, \
  0xf1eefef9, 0x001c040b, 0xfff8f6fe, 0x0eed0109, 0x07f9040b, 0xeffffc02, 0x06e209e7, 0x09f423fc, \
  0x1a0ef6e4, 0xffee0c2b, 0xff0a0408, 0x15070ae1, 0x08fddc0e, 0x09fd0c06, 0xe105eb16, 0x0100efea, \
  0x13061808, 0x0805f707, 0xe9f11611, 0x02041ff7, 0xd21cfaff, 0x020409ed, 0xf30604e9, 0xf3f0faf8, \
  0x0222f80b, 0x02fa0000, 0x00000000, 0x00021100, 0x50d902e0, 0x00000058, 0x00000000, 0x00000000, \
  0x40000000, 0x00000000, 0x00000000, 0x00000000, 0x00000000, 0x00000000, 0x00000000, 0x00000000, \
  0x00000000, 0x00000000, 0x00000000, 0x00000000, 0x00000000, 0x00000000, 0x00000000, 0x00000000, \
  0x00000000, 0x00fd0000, 0x00000000, 0x00000000, 0x00000000, 0x00000000, 0x00000000, 0x00000000, \
  0x00000000, 0x00000000, 0x00000000, 0x00000000, 0x00000000, 0x00000000, 0x00000000, 0x00000000, \
  0x00000000, 0x00000000, 0x00000000, 0x00000000, 0x3d000000, 0x00000000, 0x00000000, 0x00000000, \
  0x00000000, 0x00000000, 0x00000000, 0x00000000, 0x00000000, 0x00000000, 0x00000000, 0x00000000, \
  0x00000000, 0x00000000, 0x00000000, 0x00000000, 0xf2f7eaf5, 0x01e6fd02, 0xf3f8e1ef, 0xfbfa09de, \
  0xfd00e7f5, 0x0c03e0f9, 0xf3eefad9, 0xd9e60aeb, 0xe71101fa, 0xf4e7e6f9, 0xe1dcf5ea, 0xe20af4fe, \
  0xf8e7f7fd, 0xf0f3faf5, 0x0616f1d5, 0x09e9f5f6, 0xede7e8fe, 0xe700f401, 0xf4f5010f, 0xdbd2e7f8, \
  0xeff4e804, 0xf703dfe6, 0xf801ffed, 0xdbe0f414, 0x0508d9e7, 0xfc05ecf5, 0xd50913ed, 0xe4cce8f0, \
  0xf5f5f0e6, 0x0803fff3, 0x0ce7dbf2, 0xe2f70000, 0x00000000, 0x0003f800, 0x50d90380, 0x00000022, \
  0xfa0bf801, 0x10fb0201, 0xdb0214ef, 0x13f9131a, 0x0d020df5, 0x11f513e7, 0xfc07dff9, 0xd300fefb, \
  0xf003ff05, 0xfafd27ff, 0x1718060f, 0x041e060a, 0xfe02ea07, 0xf00cfc06, 0x0312fd12, 0x0ee602e7, \
  0xf0e41105, 0xf3fff804, 0x2df5f406, 0x0bfe0709, 0xd30708f3, 0x07ebf0e0, 0xde0e2910, 0xf317fe06, \
  0x01f0ecf9, 0xf6e7fb00, 0xe903f5eb, 0x0e1ffbf3, 0xf4fff0fa, 0x07fd0300, 0x0cfcecf5, 0x23180000, \
  0x00000000, 0x00ffef00, 0x50d903c0, 0x00000058, 0x00000000, 0x00000000, 0x7a000000, 0x00000000, \
  0x00000000, 0x00000000, 0x00000000, 0x00000000, 0x00000000, 0x00000000, 0x00000000, 0x00000000, \
  0x00000000, 0x00000000, 0x00000000, 0x00000000, 0x00000000, 0x00000000, 0x00000000, 0x002f0000, \
  0x00000000, 0x00000000, 0x00000000, 0x00000000, 0x00000000, 0x00000000, 0x00000000, 0x00000000, \
  0x00000000, 0x00000000, 0x00000000, 0x00000000, 0x00000000, 0x00000000, 0x00000000, 0x00000000, \
  0x00000000, 0x00000000, 0x3d000000, 0x00000000, 0x00000000, 0x00000000, 0x00000000, 0x00000000, \
  0x00000000, 0x00000000, 0x00000000, 0x00000000, 0x00000000, 0x00000000, 0x00000000, 0x00000000, \
  0x00000000, 0x00000000, 0xdbff06e0, 0xf7eae3f6, 0xe4f7f1f4, 0xd4eaf8fe, 0xfbe4fd17, 0xe8e4f1f0, \
  0xf8ddf3d3, 0xe8eedee8, 0xeee701d7, 0xe60fe8e8, 0x01d8e8f2, 0xe8d5d4f9, 0xfdddf2f7, 0xfce3d408, \
  0xe0e5eedf, 0x0fd9eff4, 0xfaf6f800, 0xd0f2e8ec, 0xddcfdbcf, 0xeed2c8f7, 0xe8f006d3, 0xdffcfbd9, \
  0xe7edf3ec, 0x03eaf601, 0xe7fdf7ee, 0xe5ebddfe, 0xecefe0dd, 0x07e0e8f8, 0xddd9f1f1, 0xd000f1fe, \
  0xf8000604, 0x02da0000, 0x00000000, 0x00f5cd00, 0x50d90460, 0x00000022, 0xed001001, 0xf7fb06fa, \
  0xfbf200ec, 0x06040312, 0xff15fb09, 0xfdf4fdfc, 0x092103f2, 0xf90000f8, 0x15fb0bfd, 0x0a0b0df2, \
  0xfc020eff, 0x030ffd02, 0xf310fa02, 0x08f10cf8, 0x13f102ee, 0xf612f2e8, 0xeffe0008, 0xf40411ff, \
  0xf0fa0bf5, 0x01daf404, 0x0e0beeee, 0x1406f809, 0xf00a0e10, 0x09f002fa, 0x080cf0f8, 0xf4eafc0e, \
  0x01010100, 0xfbfdef0d, 0xfd04fdf7, 0x05191216, 0x0ef6f9fe, 0xf20a0000, 0x00000000, 0x00100400, \
  0x50d904a0, 0x00000017, 0x00000000, 0x00000000, 0x4f000000, 0x00000000, 0x00000000, 0x00000000, \
  0x00000000, 0x00000000, 0x00000000, 0x00000000, 0x00000000, 0x00000000, 0x00000000, 0x00000000, \
  0x00000000, 0x00000000, 0x00000000, 0x00000000, 0x19fd1cf9, 0xf2ef00db, 0xf4000000, 0x00000000, \
  0x001e0000, 0x50d94000, 0x00000178, 0xfd0a0707, 0x0f1002f2, 0xfc0ceee0, 0x0707f2fb, 0x06eff8f8, \
  0xf8f8f8f8, 0xf8f7f7fa, 0xfafbf9fb, 0xfbfbfcfa, 0x00000000, 0xfefe0000, 0x00ecf706, 0xfbedeef7, \
  0xf6fafee7, 0xf3f6f9f1, 0x04f40700, 0x00000000, 0x00000000, 0xdfe0d50f, 0xecd211fe, 0xe9000000, \
  0x00000000, 0x0000e9e0, 0xdde90be4, 0xfd0903fc, 0xfc110bfc, 0x09f2e8fe, 0xeae0f5d3, 0xe6fdda15, \
  0x04f9ecdd, 0x0fe8c70d, 0xd5fffd04, 0xfe0400f7, 0xfff80501, 0xfeff01ff, 0xfffffffe, 0x0404fafc, \
  0xfa04f403, 0xfaf601f6, 0x01fdf902, 0xffffe0f5, 0xf10610e6, 0xea0becf4, 0xda030ddd, 0xd6f8edfa, \
  0x140ceffb, 0xf1ef2306, 0xeb000000, 0x00000000, 0x0000edfc, 0xfbe7e8ec, 0x00f9fbeb, 0xe20eeee1, \
  0x0b080715, 0x03ef0bf7, 0xf1fef9ea, 0xfbff1a0e, 0xf3fa131e, 0x0a15dadb, 0xd6f7f4f3, 0xdbeff7f8, \
  0xf6f1f3f8, 0xf4f3fafb, 0x02ec0f0b, 0x09fdff0e, 0x0dff00fe, 0xfe01fd03, 0xfd02fd19, 0x00071100, \
  0xfcf6ebfc, 0xfe0c0df5, 0xfd0307f7, 0xf90d0009, 0xe8e005f2, 0xdff5f8e6, 0xf2f01815, 0xf916f1f9, \
  0xf2fcfefe, 0xee0103fa, 0xec03fdf3, 0xfff2ec03, 0xf5fef504, 0xfae9effc, 0xf9000000, 0x00000000, \
  0x0000f2e1, 0xd9ffe9f4, 0xe2fee4f9, 0xfdf5dee0, 0x12e6fb11, 0x00000000, 0x00000000, 0x000a04ef, \
  0xf9e909ee, 0xe5f600f5, 0x05f6fc02, 0xf1f206f2, 0x04f0eb0a, 0x0b0ffe0f, 0x0501fb05, 0x01fe04ff, \
  0xfb01fd0d, 0x131a08fc, 0x09f7fd01, 0xf4f3f1fe, 0xf1e8fcfd, 0xfdfaf102, 0xf405f5fb, 0xe60200ef, \
  0xf8edfcf9, 0xe500ffff, 0xfeff0201, 0xffffff00, 0x00000000, 0xff0000f7, 0xf6f5f6f4, 0xf3f6f5f4, \
  0xfeeff3fe, 0x05edf507, 0xf5f0f6f6, 0xf1f2f2f4, 0xf4f2f9f4, 0xfaf3f3f8, 0xf3f4faf0, 0xfaefecf0, \
  0xf3ebf2f0, 0xff0107fd, 0xfd03fffe, 0xfcfaead6, 0xfaf8da12, 0xedbfff07, 0x09f40a03, 0xdce5f5f0, \
  0xf90b161e, 0x0214eec7, 0x00fd01fb, 0xf9f1010a, 0xfdc5eaf5, 0xd4dae4fb, 0xf800f50c, 0x040b0ded, \
  0x0bf808fb, 0xf409f1f6, 0xf209fb05, 0xf2fffef4, 0xf8f7f6f9, 0xfaf0e8ed, 0xf9f0f606, 0x01faf2f4, \
  0xf6ededf6, 0xe9ecebfd, 0xfc00fafd, 0xfef7faf9, 0xfef8f40f, 0x08fe120f, 0x10000000, 0x00000000, \
  0x00000f15, 0x0c1001fa, 0xfff9fb05, 0x04040706, 0x050b0a05, 0xe7e4e4f8, 0xf9f90201, 0xff020000, \
  0x0806040a, 0x0c0aeded, 0xede8e5e5, 0xf6f7f806, 0x03030904, 0x010e0703, 0x00000000, 0x00000000, \
  0x00090908, 0x020409fb, 0x00fd0306, 0x0a010605, 0x0401fdff, 0x080e0003, 0x0a000003, 0xf7f4f7fc, \
  0xf9f40201, 0x00101314, 0x14151306, 0x07070b0d, 0x0e141211, 0x0e0e0ef6, 0xf7f70502, 0x0000fdfc, \
  0x00fffef4, 0xf3f5f5fa, 0xfb0200fc, 0xf8ff07fb, 0x0000f8f6, 0xf506fcf5, 0xfefbf8f2, 0xf3f3f7f4, \
  0xf3f0f1f1, 0x0b0d1004, 0xfcfb0502, 0x000d1011, 0x0a0f1208, 0x0e0ff8f8, 0xf8f2eef1, 0xf8f6f4fb, \
  0xf5eb0602, 0xf10a06fa, 0xfdfaf8ff, 0xfaf71104, 0xfefaf6fb, 0xf6f2fdf4, 0xfb04050a, 0x09f9080c, \
  0xfaf7f30f, 0x0c0c0402, 0x03fcff00, 0x0b080a09, 0x0d0b1814, 0x0cfafbf7, 0xf8f9f8ed, 0xf1fd0000, \
  0x00000000, 0x000000f1, 0xf0fff8f3, 0xf9f5f6fa, 0xfafdfeff, 0x0001fefd, 0xfdfc060b, 0xfb02fdf4, \
  0xf6fbff00, 0x03f3f7fc, 0xefeff4fc, 0x0507f0f3, 0xf5ecedee, 0x02fdf900, 0xfcfbfcfe, 0xfc000000, \
  0x00000000, 0x0000ef00, 0x15ebecf5, 0xecece9ff, 0xfcfb0402, 0x0001fffa, 0xedf1f9ea, 0xeaedf3f2, \
  0xf314140f, 0x1211070f, 0x120500fe, 0xfdf8fe01, 0xebebe600, 0x00000000, 0x00000000, 0x100f0d0b, \
  0x050a0d04, 0x0a000000, 0x00000000, 0x00000000, 0x00000000, 0x00000007, 0xfff60e0c, 0x08050301, \
  0x0b0a0811, 0x16170f13, 0x17070100, 0x0c0e0608, 0x0b0b0503, 0xfffdf6f8, 0xf6faf7fc, 0xfafaf4f5, \
  0xfdfcfbfa, 0x0f0cff0c, 0x0701060a, 0x0cfcfefc, 0xfcfffffe, 0xfaf8fdfc, 0xfafcf9fa, 0xfbfafc0f, \
  0x0d070d0a, 0x070a0c0d, 0x14141514, 0x13130e0f, 0x0df7fa00, 0xf8faf8fb, 0xfaf70000, 0x00000000, \
  0x0000000f, 0x0f0c1212, 0x0c070907, 0x00000000, 0x00000000, 0x40000000, 0x00000000, 0x00000000, \
  0x00000000, 0x00000000, 0x00000000, 0x00000000, 0x00000000, 0x00000000, 0x00000000, 0x00000000, \
  0x00000000, 0x00000000, 0x00000000, 0x00000000, 0x00000000, 0x00000000, 0x00f90000, 0x00000000, \
  0x00000000, 0x00000000, 0x00000000, 0x00000000, 0x00000000, 0x00000000, 0x00000000, 0x00000000, \
  0x00000000, 0x00000000, 0x00000000, 0x00000000, 0x00000000, 0x00000000, 0x00000000, 0x00000000, \
  0x00000000, 0x3d000000, 0x00000000, 0x00000000, 0x00000000, 0x00000000, 0x00000000, 0x00000000, \
  0x00000000, 0x00000000, 0x00000000, 0x00000000, 0x00000000, 0x00000000, 0x00000000, 0x00000000, \
  0x00000000, 0x0405e9fd, 0x0cf7f7fe, 0xf5f2faf9, 0x00f602fb, 0x01ede3ef, 0x0af0eddb, 0x00f503f6, \
  0x05e6f9f2, 0xef05fef4, 0xe3e5fae8, 0xf2f7f707, 0xe4ddffec, 0xfce0f501, 0xe7e9e706, 0xf1fe03f4, \
  0xeceaf4fa, 0xf2f7e809, 0xf4e3dfe2, 0xe4f3ef04, 0xee04f4ed, 0xfd0afefd, 0xf8f9edfc, 0xd103dae5, \
  0xf9fdedf2, 0x0df512f9, 0xf906f5eb, 0xf1f1fcfd, 0x06fff7ee, 0x09f5f0eb, 0xdcfa0cd8, 0xf1f3ff02, \
  0xeafe0000, 0x00000000, 0x00eefa00, 0x50d942a0, 0x00000022, 0xef03081d, 0x00011719, 0x1a0404f2, \
  0xda11fae7, 0xff07f408, 0x06fc1bea, 0x15d6ee0e, 0x14fefd06, 0x0afcda0c, 0x10ffec15, 0x0f02edf1, \
  0x0bf2f5fe, 0xfbf5e8f8, 0x0310f00b, 0xf3eff906, 0xe91bdaf9, 0x160202f9, 0xf2f10425, 0xe9e60d1a, \
  0x130608e0, 0x15e80008, 0x050002fe, 0xddfdee04, 0xfe0512ea, 0x06060d09, 0x061513e6, 0x020429f8, \
  0xfc0704fb, 0x011c00ec, 0xeae7f7fb, 0x0cf41e00, 0x0f000000, 0x00000000, 0x00f5f700, 0x50d942e0, \
  0x00000058, 0x00000000, 0x00000000, 0x3c000000, 0x00000000, 0x00000000, 0x00000000, 0x00000000, \
  0x00000000, 0x00000000, 0x00000000, 0x00000000, 0x00000000, 0x00000000, 0x00000000, 0x00000000, \
  0x00000000, 0x00000000, 0x00000000, 0x00000000, 0x00f30000, 0x00000000, 0x00000000, 0x00000000, \
  0x00000000, 0x00000000, 0x00000000, 0x00000000, 0x00000000, 0x00000000, 0x00000000, 0x00000000, \
  0x00000000, 0x00000000, 0x00000000, 0x00000000, 0x00000000, 0x00000000, 0x00000000, 0x3d000000, \
  0x00000000, 0x00000000, 0x00000000, 0x00000000, 0x00000000, 0x00000000, 0x00000000, 0x00000000, \
  0x00000000, 0x00000000, 0x00000000, 0x00000000, 0x00000000, 0x00000000, 0x00000000, 0x0002ed01, \
  0xf50a1003, 0x0e19faf5, 0xfa04f4ed, 0xf609fcf5, 0xfafaf00a, 0xf100faee, 0xe7fbe2f8, 0xe6fbfb0d, \
  0xf7dee805, 0xf7e9f9dc, 0xe005f7f3, 0xfffe03f8, 0xf9f901f1, 0x03edf3e6, 0xf3fde306, 0xf7ecddf3, \
  0xf4fdf3ff, 0xf500ffff, 0xd9e909f8, 0xf5f3d0f0, 0xf503fde2, 0x06eefbf9, 0xe403f80d, 0xed06f4e3, \
  0xe70bf3fb, 0xecf4deff, 0xe3ecf8e9, 0xed0edff9, 0xfbef0cff, 0x00fbebff, 0xe4f40000, 0x00000000, \
  0x00080300, 0x50d94380, 0x00000022, 0x140001fd, 0x0afaf3f5, 0xfe0b0500, 0x09fbf3f7, 0x0c0605fa, \
  0xf3e2ef04, 0xf705fdf4, 0x1c090702, 0x0c150f03, 0xf2f717e9, 0xf302ec09, 0x07ef0d05, 0xf7061bf8, \
  0x04fbed12, 0xf80007fb, 0x06fb07f6, 0xfee4f915, 0xf2f7f7f8, 0xedeb0bfb, 0xe5ef02fb, 0x0bf90cfb, \
  0xfe00fb0f, 0x05050812, 0xfd09ea17, 0xe9fbfff7, 0x06f1ff00, 0x11fef203, 0xf7f4ee0f, 0x1406e7fd, \
  0x15f10afa, 0xf206f9f9, 0x0ff30000, 0x00000000, 0x00110100, 0x50d943c0, 0x00000058, 0x00000000, \
  0x00000000, 0x74000000, 0x00000000, 0x00000000, 0x00000000, 0x00000000, 0x00000000, 0x00000000, \
  0x00000000, 0x00000000, 0x00000000, 0x00000000, 0x00000000, 0x00000000, 0x00000000, 0x00000000, \
  0x00000000, 0x00000000, 0x00fa0000, 0x00000000, 0x00000000, 0x00000000, 0x00000000, 0x00000000, \
  0x00000000, 0x00000000, 0x00000000, 0x00000000, 0x00000000, 0x00000000, 0x00000000, 0x00000000, \
  0x00000000, 0x00000000, 0x00000000, 0x00000000, 0x00000000, 0x3d000000, 0x00000000, 0x00000000, \
  0x00000000, 0x00000000, 0x00000000, 0x00000000, 0x00000000, 0x00000000, 0x00000000, 0x00000000, \
  0x00000000, 0x00000000, 0x00000000, 0x00000000, 0x00000000, 0xf106fbf1, 0xf8f5e9ee, 0xfeeffafe, \
  0xe8f100f1, 0xfdf7fc09, 0xe0effd00, 0x0302e9f1, 0xf7f9edec, 0xee2afff2, 0x02f4fbf8, 0xf2e3ec0b, \
  0xebe8f60d, 0xe8140efa, 0xf605f3f5, 0xfae5fbf8, 0xeeeef6f2, 0xfef8fa0d, 0xf41400f9, 0xeae5fbfa, \
  0xfbf1d309, 0x0beb0cff, 0xe0e10602, 0x11fbf201, 0xf0ff0405, 0x0ef0f3f5, 0xe6fdedfe, 0x12e50007, \
  0xf013e7ea, 0xe9e2fdf7, 0xef0b17f3, 0xe2f4ddf3, 0xf0f20000, 0x00000000, 0x00f2de00, 0x50d94460, \
  0x00000022, 0x160ee3fb, 0x020c05f1, 0xf8f81104, 0x20fde804, 0xe20009fe, 0x0aeaf409, 0xef0307f9, \
  0x01060612, 0xf81021fc, 0xe20dfef9, 0x080405f7, 0xf9001bf4, 0x0601170b, 0xf30af71d, 0xfbfcf403, \
  0x0ff815ed, 0x05f1dd05, 0x19110317, 0x04001207, 0x01f9ed05, 0xebf5270e, 0xd2f520f4, 0x15f1ed00, \
  0xfe0408f9, 0xfdf209f4, 0x0bf6edfa, 0x1ff7e115, 0xf4ebec03, 0xfffe0208, 0xfa15100d, 0xeef5feee, \
  0x11ef0000, 0x00000000, 0x00060300, 0x50d944a0, 0x00000017, 0x00000000, 0x00000000, 0x4b000000, \
  0x00000000, 0x00000000, 0x00000000, 0x00000000, 0x00000000, 0x00000000, 0x00000000, 0x00000000, \
  0x00000000, 0x00000000, 0x00000000, 0x00000000, 0x00000000, 0x00000000, 0x00000000, 0x0ce30604, \
  0x09040ed9, 0x14000000, 0x00000000, 0x00000000, 0x50d98000, 0x00000178, 0xf2eeede5, 0xf1fce6e5, \
  0xeb0606e9, 0x07face01, 0xfbfafaf8, 0xf5f9f5f2, 0xf5f2f3fb, 0x02fafffb, 0xfbfffafc, 0x00fcff00, \
  0x0100ff00, 0x01e9f9f8, 0xebebeee5, 0xf0fe0c19, 0xe82209e9, 0x17fb0300, 0x00000000, 0x00000000, \
  0xfbf607da, 0xf3edd4dd, 0xeb000000, 0x000000ff, 0x01fff607, 0x29e20c2d, 0xd2eb0bed, 0xfceee70f, \
  0xecf40412, 0x1813f91c, 0xfe0f0be1, 0xfede0e02, 0xf8f919e0, 0x15200200, 0xfe01ff00, 0x000000fa, \
  0x0300fe01, 0x0201f507, 0xf7fcf800, 0xfcfdfe00, 0x00edff06, 0xf5f5f0eb, 0xf9faf0e5, 0xe301eaf7, \
  0xf6df0d13, 0xeadefefc, 0x0e0a0d17, 0xccccf2f3, 0xe3e3fcfc, 0xf0000000, 0x00000100, 0x01fffafd, \
  0xef00050a, 0x1810f61f, 0x07d11afa, 0xe50be7fe, 0x1504e525, 0x01e91ae3, 0xe6ead0f2, 0xf102e6fe, \
  0xfff00d0f, 0x12fef300, 0x0ff90cf9, 0xf7f5f8f7, 0xf6f7f9f5, 0x000f0003, 0x030306fc, 0xf50d0509, \
  0xfb0200f5, 0x0b04f20e, 0x00f60b18, 0x191d2d09, 0xf40509fe, 0xfe0202f8, 0xfcf4e4df, 0xfaf4e1ec, \
  0xec0d031e, 0xdb0612d3, 0x05effd00, 0x08fe05fb, 0x05faf1f7, 0x00000400, 0x00ffff00, 0xfa090a08, \
  0xf90cfef7, 0x03000000, 0x00000000, 0xff00e811, 0x07f70ff3, 0xe6fcf217, 0x00112800, 0x1305fe21, \
  0x01000000, 0x00000000, 0x000af50c, 0x0a0c1007, 0xfcf0f5fc, 0xee0bebf7, 0x03010af2, 0xfcf6e3ed, \
  0xe8f50501, 0x03fdff00, 0xfd00ff00, 0x0020f4c5, 0xedf0edea, 0xf3f8ccd9, 0x080b101b, 0x16f300f2, \
  0x05fcfafb, 0xf7f5f1f5, 0x0ffbfb08, 0xf8f8f7f7, 0x02000000, 0x01010000, 0x00fd0000, 0x00000001, \
  0x0000fbf8, 0xf9faf8f5, 0xf5f8f2f5, 0xf70af9e7, 0x08edf803, 0xf9fffaf9, 0xeff0eeeb, 0xe8e606fe, \
  0xfdf9fe00, 0xfe0000f6, 0xf1f1fdfa, 0xf300fbf9, 0x00fcfcfa, 0xf8f9f8f5, 0xfb292aea, 0x1818dae8, \
  0x0511100b, 0xf91f090d, 0x2b200a16, 0x08dd010a, 0xdfe6fa18, 0xfe00fc01, 0xfffffff8, 0xf9081906, \
  0x03f508d4, 0x050af7f6, 0xfff8f401, 0x0a020001, 0x00ff0000, 0xff000000, 0x00000000, 0x00000000, \
  0x00000000, 0x00000000, 0x000005fb, 0x04f9fffa, 0xfc0cfc00, 0x00000000, 0x00000000, 0x00000000, \
  0x00000000, 0x00000000, 0x00000000, 0x00000904, 0x02fa0203, 0x08fdfcff, 0x04fc04fc, 0xfefefc02, \
  0xfaf505fe, 0xf7f9fefe, 0xfffefe00, 0xff00ff01, 0x00000000, 0x00000000, 0x00000000, 0x00000000, \
  0x00000000, 0x000000ff, 0xff0100fe, 0x02f9fd05, 0xfc050100, 0xff02fdfb, 0xfd02fbfe, 0x0103ff01, \
  0xfcf8feff, 0xfb02f904, 0x00000000, 0x00000000, 0x00000000, 0x00000000, 0x0000fa04, 0xfafd00fa, \
  0x04f9fa00, 0x00000000, 0x00000000, 0x00000000, 0x00000000, 0x0000ff00, 0x00ff0100, 0x00ff0000, \
  0x00000000, 0x00000003, 0xfe020302, 0x02000100, 0x01000000, 0x01000000, 0x00fefdff, 0x06060305, \
  0x05000000, 0x00000000, 0x00000000, 0x0002ffff, 0xff00ff00, 0x00000000, 0x00000000, 0x00f607f6, \
  0x050ff5f7, 0xf8fb0000, 0x00000000, 0x000000f6, 0x03f4f5fa, 0x0bf70501, 0xf9fd0305, 0x0707f808, \
  0x00000000, 0x00000000, 0x0000fcf5, 0xfcf8f903, 0xff05f900, 0x00000000, 0x00000000, 0xfe09fe07, \
  0xfdfb0605, 0x07000000, 0x00000000, 0x00000000, 0x00000000, 0x00000000, 0x00000000, 0x00000000, \
  0x00000000, 0x00000000, 0x00000000, 0x00000000, 0x000009f7, 0x0902fc05, 0xfff5f600, 0x00000000, \
  0x00000000, 0xfb01fffc, 0x04fb0204, 0x01000000, 0x00000000, 0x0000fe08, 0xfe01fe0b, 0x03fa0200, \
  0x00000000, 0x00000000, 0x00000000, 0x00000000, 0x00000000, 0x00000000, 0x00000000, 0x00000000, \
  0x00000000, 0x00000000, 0x00000000, 0xfd05f7fc, 0xfbfef6fc, 0x0b050509, 0x04fd0003, 0xfdfe0000, \
  0x00000000, 0x00000005, 0x08feff0b, 0x01080bfd, 0x00000000, 0x00000000, 0x00000000, 0x00000000, \
  0x00000000, 0x00000000, 0x00000000, 0x00000000, 0x00000000, 0x07f6f502, 0xfff5f802, 0xf6000000, \
  0x00000000, 0x00000000, 0x00000000, 0x000000f8, 0xfbfaf8f9, 0x0400feff, 0x00000000, 0x00000000, \
  0x3d000000, 0x00000000, 0x00000000, 0x00000000, 0x00000000, 0x00000000, 0x00000000, 0x00000000, \
  0x00000000, 0x00000000, 0x00000000, 0x00000000, 0x00000000, 0x00000000, 0x00000000, 0x00000000, \
  0x00000000, 0x000f0000, 0x00000000, 0x00000000, 0x00000000, 0x00000000, 0x00000000, 0x00000000, \
  0x00000000, 0x00000000, 0x00000000, 0x00000000, 0x00000000, 0x00000000, 0x00000000, 0x00000000, \
  0x00000000, 0x00000000, 0x00000000, 0x00000000, 0x3c000000, 0x00000000, 0x00000000, 0x00000000, \
  0x00000000, 0x00000000, 0x00000000, 0x00000000, 0x00000000, 0x00000000, 0x00000000, 0x00000000, \
  0x00000000, 0x00000000, 0x00000000, 0x00000000, 0xfcf50fef, 0x00ff2bfb, 0xfaf2f301, 0xf8fb0702, \
  0xf51c0814, 0xf211130e, 0x070eff08, 0xfe0ef1fd, 0x030b0903, 0x13160c10, 0xf80efdf4, 0x01e0f9fe, \
  0x09f1ff16, 0xfbf217fa, 0x1716f700, 0x0df6f408, 0x040202fc, 0xfeee2017, 0xfcfbfb06, 0x0a100ff8, \
  0x0007f7f3, 0x0a0a0901, 0xfffb0df6, 0x06fcfbff, 0xf711001f, 0x0d01f918, 0x0ff21cf7, 0x0cf5040b, \
  0xfc06f7f1, 0x0bf4f711, 0xffe4090f, 0xfa050000, 0x00000000, 0x00001d00, 0x50d982a0, 0x00000022, \
  0x06050efd, 0xebfb18fe, 0x1103ee0c, 0x17e8f701, 0xeb16ecf2, 0xeb030410, 0xf307060e, 0x2c06f900, \
  0x10140600, 0xf50600fb, 0xf5f700fa, 0xfb10fb09, 0x041a160f, 0x03f7ee08, 0xf3f60f14, 0xf6f90a03, \
  0x14fa09f2, 0x05f3f703, 0xee060901, 0x04010800, 0x000d0204, 0xfbf4080a, 0x0af8f903, 0x01ddedf8, \
  0x00fd16fd, 0x16fffef3, 0x0609f407, 0xf0090400, 0x00f9f805, 0x16101402, 0xf000f5fb, 0xea030000, \
  0x00000000, 0x00fdf100, 0x50d982e0, 0x00000058, 0x00000000, 0x00000000, 0x3b000000, 0x00000000, \
  0x00000000, 0x00000000, 0x00000000, 0x00000000, 0x00000000, 0x00000000, 0x00000000, 0x00000000, \
  0x00000000, 0x00000000, 0x00000000, 0x00000000, 0x00000000, 0x00000000, 0x00000000, 0x00180000, \
  0x00000000, 0x00000000, 0x00000000, 0x00000000, 0x00000000, 0x00000000, 0x00000000, 0x00000000, \
  0x00000000, 0x00000000, 0x00000000, 0x00000000, 0x00000000, 0x00000000, 0x00000000, 0x00000000, \
  0x00000000, 0x00000000, 0x3d000000, 0x00000000, 0x00000000, 0x00000000, 0x00000000, 0x00000000, \
  0x00000000, 0x00000000, 0x00000000, 0x00000000, 0x00000000, 0x00000000, 0x00000000, 0x00000000, \
  0x00000000, 0x00000000, 0xec0708fb, 0x031ad809, 0xe8f80f06, 0x16040c16, 0x02f2f5fa, 0x03e903f7, \
  0x2800f70c, 0x1aeffdfc, 0xfbfef4fc, 0x02f90e03, 0x140f090b, 0x05eeeeff, 0xf2f60105, 0xf70109f3, \
  0x071bf10b, 0x02f91307, 0xfe0f0ff7, 0xfd000d05, 0xff0b21f1, 0x0a040c0b, 0xfa01041a, 0xfd09fe10, \
  0xf418ee00, 0x102f0fd8, 0x04f70916, 0xe7ed03fb, 0x09f60604, 0x02200eee, 0x13f2fdef, 0x07eb040a, \
  0x0df00e01, 0x14f00000, 0x00000000, 0x00f1fb00, 0x50d98380, 0x00000022, 0x032912f6, 0x0b1122f8, \
  0xf1fbfb06, 0xfd0105fc, 0xfbf211ea, 0x0000fd10, 0x07fa03de, 0xf9f50004, 0x0f07120b, 0x200b0ff2, \
  0xf92a0313, 0xf601f2da, 0xebf90117, 0x0d181c1b, 0x240cfff4, 0x03f312f8, 0xe400fcf4, 0xfdfc1617, \
  0x1bdffbfe, 0x09d9f50e, 0x0ff8f219, 0x0af7f1f5, 0x08150f06, 0x0af50a0a, 0x02e6e9ef, 0xfaf7f704, \
  0x0307ee0c, 0x0af8fc03, 0xf6fc0514, 0xfd020d09, 0x2cdae7e6, 0xe7fc0000, 0x00000000, 0x00171d00, \
  0x50d983c0, 0x00000058, 0x00000000, 0x00000000, 0x67000000, 0x00000000, 0x00000000, 0x00000000, \
  0x00000000, 0x00000000, 0x00000000, 0x00000000, 0x00000000, 0x00000000, 0x00000000, 0x00000000, \
  0x00000000, 0x00000000, 0x00000000, 0x00000000, 0x00000000, 0x00ec0000, 0x00000000, 0x00000000, \
  0x00000000, 0x00000000, 0x00000000, 0x00000000, 0x00000000, 0x00000000, 0x00000000, 0x00000000, \
  0x00000000, 0x00000000, 0x00000000, 0x00000000, 0x00000000, 0x00000000, 0x00000000, 0x00000000, \
  0x3c000000, 0x00000000, 0x00000000, 0x00000000, 0x00000000, 0x00000000, 0x00000000, 0x00000000, \
  0x00000000, 0x00000000, 0x00000000, 0x00000000, 0x00000000, 0x00000000, 0x00000000, 0x00000000, \
  0x03fa0d37, 0xf705fbfe, 0xfefb01ff, 0x0904f813, 0xf90711ed, 0x1205fdf5, 0x15030803, 0xf706f2f0, \
  0xfe0bf5fa, 0xe9f40efa, 0xe6f713ed, 0xf51903f2, 0xfcfafffa, 0x01f60809, 0xf5f307ff, 0x190804f0, \
  0xe90907f3, 0x12edfefc, 0x03070006, 0xe8fcfe0f, 0xf7efff15, 0x080400ff, 0xf3ec0201, 0x05f9fa00, \
  0x0502ee00, 0xfc03f8f5, 0xfdf60503, 0xf6f2fb14, 0x0e04ec0e, 0x08e5f3f8, 0x00f0f710, 0x07020000, \
  0x00000000, 0x00040300, 0x50d98460, 0x00000022, 0xe9fe00f6, 0xebfe0be7, 0x05fa0de8, 0xfb05fdfe, \
  0xf6e2ecf0, 0x0ef302f3, 0xf51107e4, 0xf0010206, 0x0a03fdfa, 0x0e130901, 0x0b0c0906, 0xe2fc0610, \
  0xf7fdf3ed, 0xfffb0405, 0x0f03ff03, 0x00fb01e6, 0xf3f7f919, 0x0f310e00, 0x02eefbfa, 0x07e4f9ff, \
  0x0900fcf6, 0xf2fb0d03, 0x080ef115, 0x1b0e0f05, 0x1a00f2ea, 0xf8ddeff8, 0x0a0901ff, 0xeff7f70d, \
  0xf7001bfd, 0xfd1af713, 0x170112f0, 0xedfe0000, 0x00000000, 0x00081100, 0x50d984a0, 0x00000017, \
  0x00000000, 0x00000000, 0x4c000000, 0x00000000, 0x00000000, 0x00000000, 0x00000000, 0x00000000, \
  0x00000000, 0x00000000, 0x00000000, 0x00000000, 0x00000000, 0x00000000, 0x00000000, 0x00000000, \
  0x00000000, 0x00000000, 0xf90bf5e3, 0x1900121f, 0xed000000, 0x00000000, 0x00f80000, 0x50d9c000, \
  0x00000178, 0xc6e3db05, 0xfefdfdf1, 0xd9f3fb23, 0x18ea0ffd, 0xdcfdfafa, 0xf7faf7f6, 0xf6f5f702, \
  0xfcf802fc, 0xf900fcfa, 0x00f9fdfe, 0x03ff0000, 0x02eef5f9, 0x03f71d13, 0x0f15030f, 0x14fb111a, \
  0x220b1100, 0x00000000, 0x00000000, 0x03faf5f4, 0xdf01e8ed, 0xf0000000, 0x0000ff00, 0x000120cf, \
  0x0c1dcfd2, 0x2bfce507, 0xfe13f900, 0x0c17f009, 0xf5f3e1db, 0xdee7d900, 0x0301ebec, 0xfde9ebeb, \
  0xd2fafe02, 0x00ff0000, 0x000000fd, 0x0104f9f7, 0x0602fefd, 0xf709fe05, 0xfb0200fd, 0xfefa01f8, \
  0x04fee9f8, 0x06ef0f0e, 0x30f30f07, 0x29ff02f4, 0xfa14efc9, 0xe2dcff03, 0x08e7e8e6, 0xfe040cf0, \
  0xe3000001, 0x00000000, 0x01ff0803, 0xf40eecec, 0x18f50113, 0x220f1a18, 0x1c230c0a, 0xf5f5eefc, \
  0x08e5160a, 0xdf0f03f3, 0x24181622, 0x1101ed02, 0xe1f0f6f0, 0xfef4fcf4, 0xf4f6f5f2, 0xf1f9f7f7, \
  0xf4f9fff6, 0xf702f7f4, 0xfcf704f2, 0xf2eb05fc, 0xf302e5e7, 0x0fc9d80b, 0xd5e60df2, 0xf40302fc, \
  0xfaff0c04, 0x05ee1f0e, 0xe7101707, 0x230b1604, 0xf8070dd2, 0x0507fa02, 0xfdfffcf3, 0xfbf806f9, \
  0x0002ff00, 0xfeff0001, 0xf802fefb, 0xf90dfc07, 0xf7ff0000, 0x00000000, 0x0000feea, 0xfa0ee9ef, \
  0xeefeebe6, 0xeeeae3ef, 0x04ffedfe, 0x00ff0000, 0x0000ff00, 0x000aebed, 0x10010908, 0xf7ea0512, \
  0x0c14f70f, 0x01f306eb, 0xf0edffed, 0xf3f8eeec, 0xfbfc00fd, 0xfd01fbfe, 0x03ebe8d7, 0xf510ea02, \
  0x1d1fe7fb, 0x0611140c, 0x150be2fa, 0xf4f0f8ef, 0xeff8f3f1, 0x10eef315, 0xfbfff2fe, 0xf7fffefe, \
  0x00ffff00, 0x00ff0000, 0x010000ff, 0x000000f8, 0xfafbf8f9, 0xf9f5f6f8, 0xeff107fa, 0xfc0ad5eb, \
  0xf8fcfcfc, 0xf6f0f0f1, 0xeeebfd00, 0xfdfffeff, 0xfffe00f0, 0xfdfcf4f3, 0xf0f2f2e8, 0xfefefcfc, \
  0xf9fafcf9, 0xf9200d11, 0x0f0df407, 0xe81701f6, 0xedfd0402, 0x0d18ef10, 0x1007ecf8, 0x07e9e409, \
  0xfbffffff, 0xfafb0504, 0xfd04ef05, 0x210bfa21, 0x100febfb, 0x09f30202, 0xf2fcf7fa, 0xf9f8ff00, \
  0x00000000, 0xf8fcf7fc, 0xf6f502ef, 0xf2f3fb15, 0xebfc09f9, 0x0809f9f4, 0xfefffffc, 0x0204fd05, \
  0x03fe08fc, 0xf4020bf6, 0xf3f6fcff, 0xf4f7f2f2, 0xf2000000, 0x00000000, 0x00000307, 0xff010801, \
  0x1610080e, 0x120d0a15, 0x13f3fc01, 0xf8f9f7f7, 0xf8010209, 0x0ff9faf5, 0xf8fcf7f1, 0xf7fa090d, \
  0x08150dfa, 0x07f4eef9, 0xf7f4f7f3, 0xeef5ede8, 0x00000000, 0x00000000, 0x000801f9, 0x0903fa0a, \
  0x09090706, 0x040b0b0a, 0x0d0c00f6, 0xedebf7f9, 0xeafcfbf3, 0xf9f8fff5, 0x0506ecf4, 0xfcedecee, \
  0xf1f0fb00, 0x0909ebef, 0xf1eaebee, 0xeef0f5fd, 0xf9fb020c, 0x04030400, 0x01070f03, 0x03020c07, \
  0x17060806, 0x070102ff, 0x00000c10, 0x12161613, 0x18191504, 0x02000300, 0x01070601, 0xf2e1e6e9, \
  0xe9ecf4f6, 0xf1ff03ef, 0xf3fcf0fa, 0xfbfa03f9, 0xfdf3f2ea, 0xf6e2f2f7, 0xfaf50305, 0xf40101fe, \
  0xebf5f6f0, 0xf8f30cf5, 0xf405180b, 0x0a0a0b07, 0x04011210, 0x10f1fd06, 0xe4eef3fd, 0xfb03fffd, \
  0x0b01f504, 0xede5eeea, 0xe6deddeb, 0xe7f80714, 0xf9fd0204, 0x0bfefcfd, 0xfe01fe02, 0x03fdff10, \
  0x0d161014, 0x110c0f04, 0x00ff02fe, 0xff01ff03, 0xfdfc01f8, 0xfc060906, 0x040f0d15, 0x110b1601, \
  0x0a13001d, 0x0cf31004, 0x00e9ecf3, 0x170d0b19, 0x09021309, 0xfe000000, 0x00000000, 0x000000fb, \
  0x020b0306, 0x01080b05, 0x0c0afb0c, 0x10000001, 0x11080916, 0x03fd0eff, 0xfd0103f7, 0x0704f509, \
  0x06fcf107, 0xfdfc0501, 0x040bfc00, 0x00000000, 0x00000000, 0xe7e9e9ef, 0xf2eff2fa, 0xf2000000, \
  0x00000000, 0x00000000, 0x00000000, 0x000000f3, 0xf4e303f4, 0xfd011011, 0xfdfffcfc, 0xf8f2f6f4, \
  0xe8eeeded, 0xfff5f4ff, 0xfef6eef4, 0xf3f1fa0a, 0x010806f8, 0xf4ef02f8, 0xf7fdf9fb, 0x18140e15, \
  0x0608f601, 0xff0b1107, 0x17110a13, 0x0f08f0f2, 0xe6f1f0f2, 0xe8ebf0fe, 0xf3ed01f9, 0xf0070af0, \
  0xf3f0edf1, 0xf6f5f2f3, 0xe6ff0600, 0x00fe0000, 0xf8f80000, 0x00000000, 0x000000ef, 0xe7fcf2fa, \
  0xfaf5f6fe, 0x00000000, 0x00000000, 0x3e000000, 0x00000000, 0x00000000, 0x00000000, 0x00000000, \
  0x00000000, 0x00000000, 0x00000000, 0x00000000, 0x00000000, 0x00000000, 0x00000000, 0x00000000, \
  0x00000000, 0x00000000, 0x00000000, 0x00000000, 0x00ed0000, 0x00000000, 0x00000000, 0x00000000, \
  0x00000000, 0x00000000, 0x00000000, 0x00000000, 0x00000000, 0x00000000, 0x00000000, 0x00000000, \
  0x00000000, 0x00000000, 0x00000000, 0x00000000, 0x00000000, 0x00000000, 0x00000000, 0x3f000000, \
  0x00000000, 0x00000000, 0x00000000, 0x00000000, 0x00000000, 0x00000000, 0x00000000, 0x00000000, \
  0x00000000, 0x00000000, 0x00000000, 0x00000000, 0x00000000, 0x00000000, 0x00000000, 0xfcf714f9, \
  0x1211ec14, 0x12120611, 0x0d09100e, 0x1a04fef6, 0x0b0dfedf, 0x1304f50b, 0x17090e1a, 0x110d0923, \
  0x16060318, 0x05f6190a, 0x09ffff1a, 0xf2ef010a, 0x0b11ec03, 0x010dfc0e, 0x0802140c, 0xfdfb0601, \
  0x0b030cfa, 0x01000a00, 0xfd2502f8, 0x0f0405fe, 0xff0004f3, 0x0a0c07ff, 0x07ff0302, 0x0004f219, \
  0x00061ffb, 0x04121209, 0x06fc08fb, 0x12f9fe00, 0xee000de7, 0x070cfafb, 0xfc180000, 0x00000000, \
  0x00f50f00, 0x50d9c2a0, 0x00000022, 0x12f1f901, 0x02eafbfd, 0x05060e3c, 0x12e3f611, 0x0900fdf6, \
  0xee10fde6, 0x1efbf616, 0x140ffbee, 0x00fa0b02, 0x020afc05, 0xe702f816, 0xf80c07ea, 0x0a14fdfc, \
  0x000206ff, 0xf11ef40a, 0x060af109, 0x1a04f8f3, 0xf8e1f3f8, 0xe6fc0afc, 0xe10312fe, 0xfd140723, \
  0x0df301ec, 0x07f40cee, 0xf2e9f0f2, 0xfcde0505, 0xed001414, 0xf70cff08, 0xf103f310, 0x1100da11, \
  0x09fffdd2, 0xf8f8022a, 0x0e130000, 0x00000000, 0x00fbfb00, 0x50d9c2e0, 0x00000058, 0x00000000, \
  0x00000000, 0x3d000000, 0x00000000, 0x00000000, 0x00000000, 0x00000000, 0x00000000, 0x00000000, \
  0x00000000, 0x00000000, 0x00000000, 0x00000000, 0x00000000, 0x00000000, 0x00000000, 0x00000000, \
  0x00000000, 0x00000000, 0x00fe0000, 0x00000000, 0x00000000, 0x00000000, 0x00000000, 0x00000000, \
  0x00000000, 0x00000000, 0x00000000, 0x00000000, 0x00000000, 0x00000000, 0x00000000, 0x00000000, \
  0x00000000, 0x00000000, 0x00000000, 0x00000000, 0x00000000, 0x3e000000, 0x00000000, 0x00000000, \
  0x00000000, 0x00000000, 0x00000000, 0x00000000, 0x00000000, 0x00000000, 0x00000000, 0x00000000, \
  0x00000000, 0x00000000, 0x00000000, 0x00000000, 0x00000000, 0x0c0afb04, 0x07211bff, 0x0f12050b, \
  0x0c09f40d, 0xdef70616, 0x0bfb2504, 0x07180d13, 0x0d24010c, 0x20fdea2a, 0x26f00409, 0x21090304, \
  0x12fff70e, 0xfc0c09fa, 0x22051819, 0xeefeff09, 0x0f130b2f, 0x09f309f5, 0x050a131b, 0x0f040eff, \
  0x140526f8, 0x10161a08, 0x14080902, 0xfd0a240f, 0x0d0f0002, 0xf309fc04, 0xfa0c19f5, 0x0014ebff, \
  0x1e0e0301, 0x02f6f425, 0x1821101d, 0xebef1d0e, 0x18130000, 0x00000000, 0x00210000, 0x50d9c380, \
  0x00000022, 0x1014fefc, 0x1306fffb, 0xf4f304fd, 0xfd0106fa, 0xf705fcff, 0xe205f409, 0xec0cf4f2, \
  0xe8fe1405, 0xf80a1605, 0x04ff0cf6, 0x08f8f3f5, 0xf0fcf102, 0x1c0bdfff, 0xf3021809, 0xfbfbfd0a, \
  0x0eef23fc, 0x000905f7, 0x07f6180e, 0x1e05dafd, 0x0500e40d, 0xfafe0d04, 0x08ecee06, 0xef080409, \
  0xf5ff0ffe, 0xe2f8eeff, 0x0303f9f5, 0xf7f60704, 0x0dfcf30b, 0x0bfa00fd, 0xf8f40f08, 0x09fa00f5, \
  0x16020000, 0x00000000, 0x00030d00, 0x50d9c3c0, 0x00000058, 0x00000000, 0x00000000, 0x72000000, \
  0x00000000, 0x00000000, 0x00000000, 0x00000000, 0x00000000, 0x00000000, 0x00000000, 0x00000000, \
  0x00000000, 0x00000000, 0x00000000, 0x00000000, 0x00000000, 0x00000000, 0x00000000, 0x00000000, \
  0x000b0000, 0x00000000, 0x00000000, 0x00000000, 0x00000000, 0x00000000, 0x00000000, 0x00000000, \
  0x00000000, 0x00000000, 0x00000000, 0x00000000, 0x00000000, 0x00000000, 0x00000000, 0x00000000, \
  0x00000000, 0x00000000, 0x00000000, 0x3c000000, 0x00000000, 0x00000000, 0x00000000, 0x00000000, \
  0x00000000, 0x00000000, 0x00000000, 0x00000000, 0x00000000, 0x00000000, 0x00000000, 0x00000000, \
  0x00000000, 0x00000000, 0x00000000, 0x090cf8f3, 0x060d140d, 0x10f10a1b, 0x02fb140f, 0xfff8ff11, \
  0x140c0a11, 0x0a05fd09, 0x13020d0e, 0x0807190a, 0xee0c1105, 0x1914fb04, 0x1206070e, 0x031e0714, \
  0x0b11100e, 0x3a18090d, 0xf207fc17, 0x0311fc1e, 0x0b101d00, 0xfdff0110, 0x0e021701, 0x0d290500, \
  0xe904081c, 0x090b0727, 0x1afe100d, 0x160704f5, 0x0f090810, 0xec1101fe, 0x20331413, 0xf420e3f7, \
  0x0cfc1811, 0x06000101, 0x13010000, 0x00000000, 0x00211000, 0x50d9c460, 0x00000022, 0x01ff10ee, \
  0xfbdc1414, 0xf3ef0e09, 0xf70b1706, 0xedf807ed, 0xff25fcee, 0xf80a0005, 0xeafcff06, 0x01f113f6, \
  0x06060ef5, 0xf5f71305, 0xfc05f200, 0x07fde0f6, 0x060122f4, 0x210c07f9, 0xfe07ea16, 0xf10f0af6, \
  0x08e806ff, 0x13fe030c, 0x1200ffef, 0x0bfdf60a, 0x0ff2fd0f, 0xe8ee18f6, 0x0ff50615, 0xf606f8f1, \
  0xf209fdf2, 0x02e708f1, 0xf9fbdae9, 0x0f1406f3, 0xfc061b0c, 0x1c04e411, 0xf3150000, 0x00000000, \
  0x00f60600, 0x50d9c4a0, 0x00000017, 0x00000000, 0x00000000, 0x4a000000, 0x00000000, 0x00000000, \
  0x00000000, 0x00000000, 0x00000000, 0x00000000, 0x00000000, 0x00000000, 0x00000000, 0x00000000, \
  0x00000000, 0x00000000, 0x00000000, 0x00000000, 0x00000000, 0xfdeb0404, 0xea1912fe, 0x0f000000, \
  0x00000000, 0x00e50000, 0x50da0000, 0x00000178, 0xf00815fd, 0x17f71614, 0xfdfc10ea, 0x01f5e7f1, \
  0x13f6fbfa, 0xfbfcfbfb, 0xfbfcfbf9, 0xfbfafbf8, 0xfbfafafa, 0xff00fe00, 0x00000000, 0x0006ff02, \
  0x09f6e9f6, 0xeee7e2ea, 0xf109fdf5, 0xff03f500, 0x00000000, 0x00000000, 0xf804f8ef, 0xfaf8ebf1, \
  0x02000000, 0x00000000, 0x0000edf5, 0x0ae80bee, 0xf00a07f3, 0x09f1f4f9, 0xe9feeafa, 0xefebf1f5, \
  0x0f0b0305, 0xfdfdf5bd, 0xfe08e40d, 0xfaf60104, 0xfdfdfc04, 0x050605ff, 0x00ff00ff, 0x02fffcfb, \
  0x09f8fcf3, 0xf4fe060a, 0xfb01fffe, 0x00fffdff, 0xfefe0108, 0xff06eef7, 0xf112f90a, 0xd8d6edea, \
  0xdf0af1fe, 0xf907fdfe, 0x0eed02f1, 0xe4000000, 0x00000000, 0x0000fc08, 0x080bfd0a, 0xec0ce900, \
  0xebee070c, 0xdfeeefda, 0x100a1200, 0xf902f7ff, 0x12fe160a, 0x1218f6ea, 0xf5dff7ee, 0xe6fd010a, \
  0x0203fef9, 0xf8f9fcf9, 0xfffef8f5, 0xf0f3f00f, 0x0707f207, 0xfe01fe06, 0xfcf1f7f6, 0xfb0203ff, \
  0xf602ecee, 0x05fd01f3, 0x0503f80a, 0x07fd0cfc, 0xf30ad304, 0xf1050503, 0xfd120a05, 0x0401f20e, \
  0x0cfd01ff, 0x02010000, 0xff00000d, 0xec00f6fb, 0x07edf309, 0x0bfc01f5, 0xeee7f9fd, 0xed000000, \
  0x00000000, 0x000003f6, 0x000806fb, 0xfbfff006, 0xee14e80a, 0x1106f711, 0x00000000, 0x00000000, \
  0x000eedec, 0x0908eff3, 0x09fa020a, 0xf8f10a0a, 0xeff00703, 0xfbf308f2, 0x0e0201ef, 0xf80a08f8, \
  0xf3fff9f5, 0x09110e07, 0x02cee51b, 0xffdeeef8, 0xfcfeefea, 0xfdf5f4fe, 0xfd05fff4, 0xff0af3f9, \
  0xe90bf1f8, 0xfa0c0ced, 0xeb02fc03, 0xfd0300fc, 0x02010100, 0x00ff0000, 0x000000fc, 0xf7f8fdfb, \
  0xfbfffef9, 0x000708fa, 0x15deedf0, 0xfbf1f3f0, 0xf7f7f6f9, 0xfbfcf3f7, 0xfd0109fe, 0xfcf301eb, \
  0xf903eef8, 0xf8f4eff8, 0x020708fb, 0xfef3ff01, 0x02f4f7e6, 0xf3eacfe9, 0x00d700fa, 0xfdfcf4f9, \
  0x07fe0200, 0xe7ddfdf8, 0xd905fdee, 0x07ee0d08, 0xff06fa01, 0xf6e005ff, 0xeafee9e0, 0xeddef512, \
  0xef0e1004, 0xf3ed0107, 0x0df90905, 0xf70c0803, 0x02fdfdfd, 0x050403fd, 0x02f70200, 0x05ff00fb, \
  0x05000c05, 0xfafaf4f8, 0x07f0f4fe, 0xff00fcfe, 0xfcfafafe, 0xfb0d00fb, 0x03fd03ff, 0xf5060706, \
  0x05fafdff, 0xfa060ffc, 0xffff0801, 0x0403fe03, 0x01fe0e0c, 0x0106fdfe, 0x05010d00, 0x02070507, \
  0x050c0d07, 0x02100303, 0x090ef5f0, 0xf6f6f3fb, 0x00fd0009, 0x09090909, 0x09070908, 0xf904fb01, \
  0xfafafeff, 0x02fc05ff, 0x07fcff03, 0x080300fa, 0xf8f9f8f6, 0xfbf4f700, 0x00050000, 0x00000000, \
  0x01010204, 0x05050806, 0x05000000, 0x03040500, 0x00fefcfe, 0xfc00fffb, 0x01fcff08, 0x04ff0703, \
  0xfb0501fb, 0xfc07fdfe, 0x09fc07ff, 0xf90b0b08, 0x00000000, 0x00000208, 0xfdf50509, 0x080904ff, \
  0x0100fefe, 0x00010200, 0x00020203, 0x05080904, 0x0cfefe00, 0x020300fc, 0x0700f4f5, 0xf7f5f8ff, \
  0xfe020414, 0xfe070102, 0x00050300, 0x0b090903, 0x04070000, 0x000905fa, 0x0a0204f8, 0x0a0b0007, \
  0x0604ff00, 0xf4faff02, 0xfefffd02, 0xff02fd00, 0x050e0b00, 0xfe0802fa, 0x04f4feff, 0x0108fef2, \
  0xfdff0000, 0x00000000, 0x0000000d, 0x09fff600, 0xfb06fffa, 0x0901f9f9, 0x04faf6f8, 0x05000000, \
  0x000000fe, 0xfcf9eeec, 0xf7fc05f9, 0xff050003, 0x03040a06, 0x0401fdfc, 0x00000000, 0x00fe0000, \
  0x00000000, 0x00000000, 0x0000fefc, 0x050cf8fe, 0x08fe0103, 0x030000ff, 0xfe000000, 0xf1f5f9fa, \
  0xfafff9f9, 0xfa07fe00, 0x05000000, 0x01000a01, 0xfe020203, 0xfdf6fc00, 0x00000000, 0x00000000, \
  0x00000000, 0x01000002, 0x00000000, 0x00000000, 0x00000000, 0x00000000, 0x00000001, 0x0f020ffd, \
  0x01140b09, 0xff020905, 0xfc0c0215, 0x0afc08fd, 0x030305ff, 0xf7fd00ff, 0xfefbf7fb, 0xf8fbfef2, \
  0xf1f6f8ff, 0x0308fb01, 0x0b00000b, 0x03fd01fc, 0xfbf300f4, 0xf801f9fd, 0xfdff0303, 0x00050c0e, \
  0x0d0104fc, 0xfefefdff, 0xfffbfcff, 0x0400fb04, 0x00fe0100, 0x00fd0800, 0xfefb00ff, 0x05070000, \
  0x00000000, 0x00000002, 0x16031004, 0x0404fcfd, 0x00000000, 0x00000000, 0x3f000000, 0x00000000, \
  0x00000000, 0x00000000, 0x00000000, 0x00000000, 0x00000000, 0x00000000, 0x00000000, 0x00000000, \
  0x00000000, 0x00000000, 0x00000000, 0x00000000, 0x00000000, 0x00000000, 0x00000000, 0x00f20000, \
  0x00000000, 0x00000000, 0x00000000, 0x00000000, 0x00000000, 0x00000000, 0x00000000, 0x00000000, \
  0x00000000, 0x00000000, 0x00000000, 0x00000000, 0x00000000, 0x00000000, 0x00000000, 0x00000000, \
  0x00000000, 0x00000000, 0x40000000, 0x00000000, 0x00000000, 0x00000000, 0x00000000, 0x00000000, \
  0x00000000, 0x00000000, 0x00000000, 0x00000000, 0x00000000, 0x00000000, 0x00000000, 0x00000000, \
  0x00000000, 0x00000000, 0xeaf3f7e9, 0xd8faffdd, 0xf7e5f3de, 0xf7ebfce6, 0xe4fa04f6, 0xf0f6f0f9, \
  0xf6e8f3f3, 0xf2ffe102, 0xfd0500f5, 0x11f4faf6, 0xf7fdedd3, 0x0f14080d, 0xfe0af11c, 0xf0fd05fa, \
  0xfc10faf7, 0x0ddaf7e9, 0xf9fef8f7, 0xfbf8faee, 0xdb0201da, 0x11ff02f7, 0xdcf7eef7, 0xe9fce0f8, \
  0x03ddf0e3, 0x03efec07, 0xdaeff1e6, 0x10eefb02, 0xf8f8f8df, 0xefeceae4, 0xd5f9f9fd, 0x0ae30709, \
  0x0c0709df, 0xe2f90000, 0x00000000, 0x00ef0b00, 0x50da02a0, 0x00000022, 0x142112ff, 0xe8130d0b, \
  0xf90f1b02, 0xf9f2fcf7, 0xf51312fd, 0xf707f50e, 0xf70513ee, 0xe306f20f, 0x1809140a, 0x08faf5f8, \
  0xe8f80bf3, 0xe9f4f3f0, 0xeaf4fc0c, 0x0f08301b, 0x1cf20709, 0xe80bf204, 0xf713fbeb, 0x04eb0019, \
  0x01fb04fc, 0x0010f9f2, 0x1ff9f011, 0x000f1bfe, 0x00fc0501, 0x0fe503ea, 0x02efdcf3, 0xd9f708f7, \
  0x12ffeb17, 0xf4fef208, 0x0f0d02f1, 0xfcf8fc07, 0x14edd7f4, 0xedff0000, 0x00000000, 0x00020f00, \
  0x50da02e0, 0x00000058, 0x00000000, 0x00000000, 0x40000000, 0x00000000, 0x00000000, 0x00000000, \
  0x00000000, 0x00000000, 0x00000000, 0x00000000, 0x00000000, 0x00000000, 0x00000000, 0x00000000, \
  0x00000000, 0x00000000, 0x00000000, 0x00000000, 0x00000000, 0x00f70000, 0x00000000, 0x00000000, \
  0x00000000, 0x00000000, 0x00000000, 0x00000000, 0x00000000, 0x00000000, 0x00000000, 0x00000000, \
  0x00000000, 0x00000000, 0x00000000, 0x00000000, 0x00000000, 0x00000000, 0x00000000, 0x00000000, \
  0x3f000000, 0x00000000, 0x00000000, 0x00000000, 0x00000000, 0x00000000, 0x00000000, 0x00000000, \
  0x00000000, 0x00000000, 0x00000000, 0x00000000, 0x00000000, 0x00000000, 0x00000000, 0x00000000, \
  0xfb05ecd8, 0xfb0fe8ef, 0xe3ff0706, 0xf2fceb0b, 0xfbddf7eb, 0xf5010ae8, 0xeff9fd11, 0x11e9f2f1, \
  0xf9def8e4, 0xe4fefaea, 0x010cf906, 0x08ddf406, 0xe2f0ffec, 0xeaeff9ed, 0xc5e30009, 0xd4f611f1, \
  0xfefd0703, 0x1505ef16, 0xfdf8f1eb, 0xf20b01f7, 0xfcf30511, 0xd1020300, 0xf9fd0aff, 0x11fff9e8, \
  0x04f40c19, 0xe1e50506, 0x03e922e7, 0xef1017f8, 0xebf5fbf9, 0xe6f1f010, 0xe8fa0bf2, 0x0be70000, \
  0x00000000, 0x00de0100, 0x50da0380, 0x00000022, 0xfb2c0004, 0xf90cf5f5, 0x0a18fefd, 0x0a06ee0a, \
  0x10f2dffc, 0xf3f3f60f, 0xf5f003e5, 0xf206fc0e, 0x130c0c02, 0x0c0e0402, 0x150b15fb, 0xf408fbe5, \
  0xd6000b0a, 0x0e1f131f, 0x10ff1706, 0xe5e103e9, 0xf9f5fce8, 0x251c120f, 0x08ff07ff, 0x10fa0424, \
  0x2e061724, 0x09e7f3ee, 0xee17fe08, 0x05fd0a03, 0x0ad50cec, 0xf509ecee, 0xf50df80b, 0x02eaeffb, \
  0xe6f50102, 0x0cff0d21, 0x0eeefae2, 0xfe010000, 0x00000000, 0x00fcfd00, 0x50da03c0, 0x00000058, \
  0x00000000, 0x00000000, 0x7e000000, 0x00000000, 0x00000000, 0x00000000, 0x00000000, 0x00000000, \
  0x00000000, 0x00000000, 0x00000000, 0x00000000, 0x00000000, 0x00000000, 0x00000000, 0x00000000, \
  0x00000000, 0x00000000, 0x00000000, 0x00030000, 0x00000000, 0x00000000, 0x00000000, 0x00000000, \
  0x00000000, 0x00000000, 0x00000000, 0x00000000, 0x00000000, 0x00000000, 0x00000000, 0x00000000, \
  0x00000000, 0x00000000, 0x00000000, 0x00000000, 0x00000000, 0x00000000, 0x3d000000, 0x00000000, \
  0x00000000, 0x00000000, 0x00000000, 0x00000000, 0x00000000, 0x00000000, 0x00000000, 0x00000000, \
  0x00000000, 0x00000000, 0x00000000, 0x00000000, 0x00000000, 0x00000000, 0x02e4f225, 0xf103fae4, \
  0x0bf5fa01, 0x020706eb, 0x07fd01e7, 0x0601fce5, 0x04fef304, 0xedfb05fc, 0x0222e5f2, 0xf6110703, \
  0xe30b06f3, 0xfb1c04f2, 0xf9f6e5f5, 0xf602effc, 0x0e05eaf5, 0xeb0b0c02, 0xf5f5ffdb, 0x0af1fafe, \
  0x0bfaf80b, 0xfb07ffea, 0x0ff6edf6, 0x1103fff6, 0xe8f804eb, 0xe0f4fa04, 0x0e03eef6, 0x040703fa, \
  0x27f20e01, 0xfbfafc0d, 0x0c01e204, 0x11f7eaea, 0x04f8f000, 0xf1050000, 0x00000000, 0x00ed0100, \
  0x50da0460, 0x00000022, 0x1e2202ed, 0x140a060f, 0xeef7ecf5, 0xe9f4fa22, 0x04fd0cf8, 0x0b04083a, \
  0xfa1afb23, 0xfb011729, 0xeff904da, 0x15fc09ec, 0x13d9070c, 0x04fa1fee, 0x0fff00ff, 0xe307031a, \
  0x03f0f9fe, 0x17ef15fd, 0xf6f0f0e7, 0x1e0d2d0f, 0x291afaed, 0x091ae811, 0xfec8160b, 0xed0cf407, \
  0xebdaf90a, 0x0a1502fd, 0xec0df904, 0x0c23e6f3, 0x0602230b, 0xf6fae1f6, 0x0b14faec, 0xf8f401f7, \
  0x060f1ce2, 0x0a010000, 0x00000000, 0x00f70600, 0x50da04a0, 0x00000017, 0x00000000, 0x00000000, \
  0x4f000000, 0x00000000, 0x00000000, 0x00000000, 0x00000000, 0x00000000, 0x00000000, 0x00000000, \
  0x00000000, 0x00000000, 0x00000000, 0x00000000, 0x00000000, 0x00000000, 0x00000000, 0x00000000, \
  0x100fe4da, 0x21ece416, 0xf2000000, 0x00000000, 0x001a0000, 0x50da4000, 0x00000178, 0xf2000cf4, \
  0x0b04140c, 0xfe14f7de, 0xf2f8d810, 0x0ce1fcfa, 0xfdfafdf7, 0xfff6f9f8, 0xf3f4fdf5, 0xf6fbfcf3, \
  0xfcfb04fe, 0x01fdff00, 0x0005f6ef, 0xf0ea0af1, 0x0409e403, 0xf00007f3, 0xe8f90100, 0x00000000, \
  0x00000000, 0xf004f6f9, 0xe7f9f6e9, 0xf2010000, 0xffff0000, 0x00000bf4, 0x05f811f2, 0xfc05f9e6, \
  0x08e2e9eb, 0xf80611e7, 0xeff3f615, 0xfbf118f5, 0xdafce2dc, 0x02d0e8ff, 0xda1e0608, 0x06fbf208, \
  0x0a06fc05, 0xf9fbfbfc, 0x01f403f3, 0x00fefd03, 0xfeedf301, 0x07fc06fb, 0xfefdfafe, 0xff01f0f7, \
  0xfff0f9de, 0x0d04fcf2, 0xeef000e7, 0xed0005f7, 0xffe7e1f0, 0xf3de05f8, 0xe5010000, 0xffffff00, \
  0x00ff0af7, 0xfe0df503, 0x02f71002, 0xfa01f4ff, 0xfe0aeed4, 0x08fe0007, 0x14f70bf1, 0xef1b15f6, \
  0xfe02070b, 0xf0d1e5e8, 0xf4eef705, 0x0dfbeef0, 0xf7f3f800, 0xebf2f2ee, 0xeeefef01, 0x0ff701ea, \
  0xfafef8ed, 0x02fe02ff, 0x0cfff8f7, 0xf2e2e7f2, 0xfcef00ec, 0xf10debfd, 0xfafbfe0c, 0x1bffd105, \
  0xead2f201, 0x07f6fdf6, 0x010914fd, 0xf4eff504, 0x06f6fa01, 0xfffefd0a, 0x02f0f4ed, 0x07040cfd, \
  0x02eae8f6, 0xf4f0f1fe, 0xf8000000, 0x00000000, 0x000003ea, 0xf805fc00, 0xfe0ef7fc, 0x180418ff, \
  0x0ff6f2f4, 0x00fdfffe, 0xff0200ff, 0xffebf3fd, 0xfe01e7fe, 0xf8e70009, 0xe9ff0b0c, 0xf00afa09, \
  0xecebfa05, 0xf209ecf5, 0xf8f9f9f8, 0xf205fef9, 0xfb01ebff, 0xe7eadbe9, 0xdbd3f2f1, 0xeeeff814, \
  0x12181804, 0xfe06f90a, 0x0007ed05, 0xf112ef03, 0x0af4ef08, 0x0d0506fa, 0xfafd04f9, 0x060701fe, \
  0x0001ff00, 0xff0000fa, 0xf6edfc00, 0xfcfefcf6, 0x0afaf3f8, 0xf3e71211, 0xdfefe9e6, 0xf6f5f1f7, \
  0xf9f804fe, 0xee0603f0, 0xf9ecf3f7, 0xfdf5e5f8, 0xf3e6f6f9, 0xff07fe00, 0xf2fff5f7, 0x05f6efcf, \
  0xe408cae6, 0xffcc12f4, 0x13f10af6, 0xf1151109, 0xf9e7f6f2, 0xd20cf7d1, 0xfef1020d, 0x03edf709, \
  0x070a0d02, 0xf90fe8df, 0xfbe9070d, 0x03f5ecf9, 0xeb12eb02, 0xf8ecf20d, 0x01040bf9, 0xf30be3fd, \
  0xf4e906f6, 0xf5ea0afa, 0xe7040ee0, 0xfd1c01f9, 0xedcbeffa, 0xcddadc1a, 0x000af502, 0x1fde091a, \
  0x0e244c1b, 0x0d22faf9, 0xfd000000, 0xfa0000f2, 0x000007fa, 0x1c05fd19, 0x2a0339f4, 0x030ef906, \
  0xff01f304, 0xe9f40eca, 0xd413d9d1, 0x30f7ede8, 0xfd0f0b11, 0x112b07f8, 0xd6100bfe, 0x0f1a02e5, \
  0xff01edef, 0xbe29ffdc, 0xfcfc01fd, 0xffff00ff, 0xfdecf504, 0xedf7e9e3, 0x03f60f0f, 0x040301ea, \
  0x060af6fc, 0xf30000fe, 0xf902f7f2, 0x2e0ad02b, 0x0c081ffd, 0xf7ecf8f4, 0xff0df603, 0x0df0e5e2, \
  0xfbf7ebf6, 0x0efa0207, 0xf9e3f3f2, 0xeefde6e1, 0x1307fdef, 0x01ef0d18, 0x02fbfcf0, 0xfff3f0fd, \
  0xfaf90c0d, 0x0c1107f1, 0x02f6f0f7, 0x1cf70821, 0xedf4090a, 0xf505e214, 0xf7dce8e5, 0xf30f0608, \
  0x1605e5e9, 0xd4df1104, 0xe70a05e2, 0xf9e0d403, 0x1925fbfa, 0x0ffff317, 0xe8040be5, 0x0016df08, \
  0x1af3170f, 0xf011ff03, 0xfa1620fc, 0xfb0011fc, 0x0100ed00, 0xf419f8f9, 0x01fd0701, 0xfc02f900, \
  0xef051fec, 0x15f20be9, 0xf30cf705, 0xfd020dfd, 0x000cf900, 0x0bfa00f5, 0xf807f2f3, 0x00ecf905, \
  0xfe08f4f8, 0xfe05f408, 0xfae0e7fc, 0x0ffb0402, 0x0d040c04, 0xeffe0ef4, 0x241de613, 0x11001005, \
  0x052e1823, 0x1206ee12, 0xf4e916fa, 0xd4000000, 0x00000000, 0x0000ecfc, 0xf7f6dcf6, 0xeaf6ead9, \
  0xebdbe9ee, 0xf6f6f8ee, 0x12ffeb09, 0x06e30502, 0xf2ea051c, 0xe401fff0, 0xf102e9f5, 0xf206001f, \
  0x0d140800, 0x00000000, 0x00000000, 0x0401fe2a, 0xf4e32df4, 0xe4000000, 0x00000000, 0x0000fdff, \
  0xfffe0000, 0xfe000018, 0xffefedeb, 0xdbe5fbd2, 0xe9ecfcea, 0xdfe6f202, 0xf8fbdbfa, 0x00f3f900, \
  0xe60ff6d7, 0xe5f3ee14, 0xf3fe1bf9, 0x0914e8f7, 0xf7e7f506, 0x03225009, 0x1b370218, 0x2fd1e7e0, \
  0xff10fbfe, 0x1f170207, 0xddfa16ed, 0xfc1c0fed, 0x070ae402, 0xdecfe2dd, 0x211b020b, 0x180814f6, \
  0xf226f7fc, 0x0905f4ee, 0xeefb0000, 0xff00fffe, 0xfdfffefd, 0x0818fd04, 0x0af7f603, 0x00000000, \
  0x00000000, 0x3f000000, 0x00000000, 0x00000000, 0x00000000, 0x00000000, 0x00000000, 0x00000000, \
  0x00000000, 0x00000000, 0x00000000, 0x00000000, 0x00000000, 0x00000000, 0x00000000, 0x00000000, \
  0x00000000, 0x00000000, 0x003c0000, 0x00000000, 0x00000000, 0x00000000, 0x00000000, 0x00000000, \
  0x00000000, 0x00000000, 0x00000000, 0x00000000, 0x00000000, 0x00000000, 0x00000000, 0x00000000, \
  0x00000000, 0x00000000, 0x00000000, 0x00000000, 0x00000000, 0x40000000, 0x00000000, 0x00000000, \
  0x00000000, 0x00000000, 0x00000000, 0x00000000, 0x00000000, 0x00000000, 0x00000000, 0x00000000, \
  0x00000000, 0x00000000, 0x00000000, 0x00000000, 0x00000000, 0x03efeafb, 0xfdf60410, 0xf7d40b09, \
  0xd4f2effe, 0xf9f010e8, 0x0315fa04, 0x0eea04f6, 0x02f4d7f5, 0xf9e5d00f, 0xfdf3ec06, 0x05f607ec, \
  0xe804ddfb, 0x1601f5d4, 0x07fa08fe, 0x0afc030a, 0xff000008, 0xf7eff6fc, 0xf1fd0410, 0x06ddf900, \
  0xf4defc00, 0xf6f4f5fe, 0xf801eefc, 0xf405eb0c, 0xe9fd05e3, 0x0506010c, 0xe4f3ffe6, 0xf107fffc, \
  0xfeecf61a, 0xf706fdf4, 0x0be6eb00, 0xe3f2ef0d, 0xfcda0000, 0x00000000, 0x00f9e400, 0x50da42a0, \
  0x00000022, 0x0d0d000a, 0x0b1cf714, 0x0f1b0301, 0xf7f207ee, 0xfa0d0222, 0xf70c04fe, 0x01d2f609, \
  0x180bfef3, 0xfce605f3, 0x03fc0133, 0xf9e9fdfd, 0x02eff7d9, 0x0ac501fe, 0x081d03f4, 0xfbe0fffc, \
  0x0ce00a0d, 0x081408f1, 0x0609f9fa, 0x0107f913, 0x052304f9, 0xf4fcfe15, 0x080df8d8, 0x0314f7e7, \
  0xfafa03f9, 0xf0d50b1d, 0xfd100c0a, 0xfa2a0117, 0x01ef0a05, 0x07fdfbeb, 0xf6e2fdf7, 0xf81e0713, \
  0xfd0f0000, 0x00000000, 0x00effd00, 0x50da42e0, 0x00000058, 0x00000000, 0x00000000, 0x3c000000, \
  0x00000000, 0x00000000, 0x00000000, 0x00000000, 0x00000000, 0x00000000, 0x00000000, 0x00000000, \
  0x00000000, 0x00000000, 0x00000000, 0x00000000, 0x00000000, 0x00000000, 0x00000000, 0x00000000, \
  0x00f90000, 0x00000000, 0x00000000, 0x00000000, 0x00000000, 0x00000000, 0x00000000, 0x00000000, \
  0x00000000, 0x00000000, 0x00000000, 0x00000000, 0x00000000, 0x00000000, 0x00000000, 0x00000000, \
  0x00000000, 0x00000000, 0x00000000, 0x40000000, 0x00000000, 0x00000000, 0x00000000, 0x00000000, \
  0x00000000, 0x00000000, 0x00000000, 0x00000000, 0x00000000, 0x00000000, 0x00000000, 0x00000000, \
  0x00000000, 0x00000000, 0x00000000, 0x02f5d600, 0x0b02eef3, 0xdce9f7f0, 0x0cfefee3, 0xdbf0f2ff, \
  0xfefc00ff, 0x000301f5, 0xed0bf60d, 0x1002ed0e, 0x0b01ed05, 0xe2ef0eed, 0xf602e9fe, 0x0a04f30d, \
  0x0c040207, 0xfd1005ee, 0xf7fdfef1, 0xfdeafc03, 0xeafe0707, 0x0501fa0b, 0x04f0eaf6, 0xfefdfd13, \
  0xf3fcdb01, 0xee0a05ff, 0xe7ea0dd9, 0xeef71de8, 0xfb06fbfd, 0xe80df4f0, 0x0cdbdef0, 0xf3de0c00, \
  0xff05f5ee, 0xef0be5fb, 0xeb090000, 0x00000000, 0x00170500, 0x50da4380, 0x00000022, 0x01051d06, \
  0xece407f7, 0xf9ebfcef, 0x180cff04, 0x02e304eb, 0xf508f6dd, 0x02160ef1, 0xddff06f3, 0x090207f8, \
  0x1ffc07fd, 0xfc231315, 0x0102fa15, 0xe407fefd, 0x102018f0, 0x23151a04, 0xfe0a04f3, 0xf5faf40d, \
  0xfa170bfb, 0x0adfe201, 0x0af2e611, 0x1004fa01, 0x15dcf2ed, 0xf31b1001, 0x0d1403ff, 0x01f8dbf9, \
  0xf0f2f1e6, 0x0104eedd, 0xfa21f300, 0xfe0e0a0b, 0x05140c0a, 0x1af9ea13, 0xdb0e0000, 0x00000000, \
  0x00161600, 0x50da43c0, 0x00000058, 0x00000000, 0x00000000, 0x70000000, 0x00000000, 0x00000000, \
  0x00000000, 0x00000000, 0x00000000, 0x00000000, 0x00000000, 0x00000000, 0x00000000, 0x00000000, \
  0x00000000, 0x00000000, 0x00000000, 0x00000000, 0x00000000, 0x00000000, 0x00fa0000, 0x00000000, \
  0x00000000, 0x00000000, 0x00000000, 0x00000000, 0x00000000, 0x00000000, 0x00000000, 0x00000000, \
  0x00000000, 0x00000000, 0x00000000, 0x00000000, 0x00000000, 0x00000000, 0x00000000, 0x00000000, \
  0x00000000, 0x3f000000, 0x00000000, 0x00000000, 0x00000000, 0x00000000, 0x00000000, 0x00000000, \
  0x00000000, 0x00000000, 0x00000000, 0x00000000, 0x00000000, 0x00000000, 0x00000000, 0x00000000, \
  0x00000000, 0xfa0919d0, 0x02f6e908, 0xf8fffbfb, 0x11fff8f6, 0x0ae5e603, 0x11f7e913, 0xec070202, \
  0x0afef3fc, 0xf6d813fc, 0xfaf8faff, 0x0bef1606, 0x09e8f60a, 0x150f04fa, 0xf714f608, 0xeff407f9, \
  0xf9fe16fc, 0xf9080117, 0x0c0104f2, 0x09fefbef, 0x0bfaf8ff, 0xf9111509, 0x0c130500, 0x0f1c040e, \
  0xfef60206, 0xecfd08f1, 0x05fbfa06, 0xfc0af204, 0x1504f3e0, 0x07e81aef, 0xf50c07f1, 0xfaeef000, \
  0x09fc0000, 0x00000000, 0x0006fb00, 0x50da4460, 0x00000022, 0xeffe0522, 0x050e0001, 0x09fa03eb, \
  0xf9070cfd, 0x0b0aeffd, 0x06eff103, 0xfef7f10f, 0x00f5fdfa, 0x01f803fa, 0x09f0fcf8, 0x0bf50df4, \
  0xf1fd04ff, 0xf7fb0a0a, 0x01fefcf5, 0x12f2060c, 0x0801fcfa, 0xfffc000e, 0x0d090f0f, 0xfc0601f7, \
  0x05fa0d00, 0x0009f1fc, 0xff050805, 0xfff8f5f3, 0x11ff0aee, 0xfb14f108, 0x0109fd03, 0x00071bf5, \
  0x05feeffe, 0xf5fe0101, 0xf203fb06, 0x10ff0700, 0xf9fe0000, 0x00000000, 0x00edfc00, 0x50da44a0, \
  0x00000017, 0x00000000, 0x00000000, 0x55000000, 0x00000000, 0x00000000, 0x00000000, 0x00000000, \
  0x00000000, 0x00000000, 0x00000000, 0x00000000, 0x00000000, 0x00000000, 0x00000000, 0x00000000, \
  0x00000000, 0x00000000, 0x00000000, 0x1229dd18, 0xc71f18dd, 0x02000000, 0x00000000, 0x00e90000, \
  0x50da8000, 0x00000178, 0x2016e8f8, 0x1afee4f3, 0x070d0403, 0xf6d719f2, 0xf5edf4f3, 0xf3f3f6f4, \
  0xf6f6f2fc, 0xf9fafbfb, 0xfcfafe00, 0xf8040501, 0xf80200fb, 0xfef4f6f5, 0xf7ebf604, 0x150df5fc, \
  0xe9edee00, 0x11f7fd00, 0x00000000, 0x00000000, 0xf00e0a01, 0xf50df507, 0x14000306, 0x01030203, \
  0xfcfd1204, 0xf60111ed, 0x1901eaf3, 0x0ee81407, 0x151a100b, 0xff1203fd, 0xf8f1ecff, 0xedf1fb03, \
  0x06100f06, 0xfef9fafd, 0x01fe0000, 0x0102f70d, 0x0d0b09f0, 0x0e0bfb05, 0xf5f903ff, 0x03fdfd00, \
  0x07ec0806, 0xf6fbf2fe, 0xeeee1106, 0x0deaee11, 0xfdf4fd02, 0x0425fb1a, 0x10030bea, 0x0afe0103, \
  0x120ef212, 0x17fd02f7, 0xfefbfd03, 0xfc00f7f9, 0xee0d0e0f, 0xfbf00400, 0xfbecd901, 0x07ed0616, \
  0x11fde600, 0xf107f4e0, 0xfef610e7, 0xf2f2f913, 0x1305fb04, 0x1402f911, 0x0ff203f4, 0xf5f6f7f5, \
  0xf8eef9f6, 0x0b0af3f7, 0x0604f4fc, 0xf3f104f3, 0xf1f205f0, 0x07f303fd, 0x1d1a18ef, 0x09f7e2f3, \
  0xf2f8f006, 0x0e0f0900, 0xf3120714, 0x18f605e5, 0xf30b1424, 0x0fe7f0f5, 0xf502f5ef, 0xfc0b00f5, \
  0x0106ea00, 0x00fcfd00, 0xfffbfd01, 0xf30c0b05, 0xf0ef05fe, 0xec010000, 0x000000ff, 0x0000f4f5, \
  0x100f07f0, 0x12080616, 0xf6e2fbfd, 0xf7f4f5fb, 0x01000002, 0xfc00ff04, 0x020f0cf3, 0x10010604, \
  0x05fe03fa, 0x00f5f6ed, 0x0210f2ef, 0xfdf4fee1, 0xf9f20119, 0x05fd01fb, 0x04010604, 0x03f80bf3, \
  0xf00dfe0c, 0x0af720f8, 0x04eb01e9, 0xd30305ec, 0xf3eaf3e6, 0xf0effff8, 0xf6fe06f9, 0x04f4fff0, \
  0xebfdfefb, 0xfff9ff03, 0x01fdfd06, 0x0203fd07, 0xf5f404f8, 0xf8fcf6f7, 0xf9f4f5f5, 0xedf505f3, \
  0xf705ebee, 0x0ff0f2f2, 0xe9edf1f6, 0xeaea00fd, 0x00ff0002, 0xf9fdfcf0, 0xe6f7e6e1, 0xf1e6e6f4, \
  0xf9f8f8f4, 0xfafafc01, 0xfd01fd08, 0xdbfa090e, 0x07ec1007, 0xe0f7fff8, 0xf5dbfee3, 0xcdfff70e, \
  0x042203fc, 0xfd050cf4, 0x040709ff, 0x0ce8f1eb, 0xdde600fa, 0xfe0ffb03, 0x0300feee, 0xf20605fb, \
  0x000200ff, 0xffff00ff, 0x08f5ea03, 0x0000e8fe, 0x03f9020e, 0x0a15eeec, 0xf3120a04, 0x1dfb0f07, \
  0xfe081aec, 0xf2061af5, 0xea18120a, 0xe80ae4ec, 0x01fafc06, 0x0ffcefed, 0xf6f0000e, 0x02ea210d, \
  0xfffd0dff, 0x080afbfe, 0x00ed0009, 0xfa08fefa, 0xf507ede7, 0xf80fead4, 0xf4eaf7d9, 0xeae9e9ed, \
  0xf91feb0e, 0x2104f419, 0xdbffe7e3, 0xc4cf03dd, 0xf110f5e6, 0xe7eee9fa, 0xe80bff04, 0xf104030b, \
  0xf0fff8e8, 0xfc01ef09, 0x1603f80d, 0xf9ebecfe, 0xfde7ebe3, 0xe7dfdfd1, 0xf2fffd05, 0xe3e300d7, \
  0xee1a0a07, 0x16ea04e2, 0xe5e2e1e9, 0xf3e6ff17, 0xf0efeef8, 0x08e6e3e5, 0xedfae4e5, 0x1603f2fe, \
  0x1c02f205, 0x241616ff, 0xebf4eded, 0xe5e1e8f0, 0xf806f4f7, 0xeafae4f8, 0x0bfff608, 0x0606f8ff, \
  0xff04f7fe, 0xf902fa01, 0x07fa10f0, 0xfef012e9, 0xfb0cf904, 0x17f6fe0c, 0xfe050e08, 0xf007fc0e, \
  0xe9031410, 0xe504faf8, 0xf5023308, 0x1bf009e6, 0xf9ffe10b, 0xf305e4e7, 0xd8f6f0f5, 0xf900fc10, \
  0xedf31512, 0xcb081b07, 0xfcecf3f3, 0xe70818fd, 0x141606fe, 0xf403fbf6, 0xfc010005, 0xfefaf1fa, \
  0xf008f525, 0x04152215, 0x170a080d, 0xfe04fc0a, 0xf3f5ebf4, 0x041106f3, 0xf7fff200, 0x140a14ee, \
  0x22090a07, 0x05ff0101, 0xfcf2d8ea, 0xd1f5e6f3, 0x070212f1, 0x181900fd, 0xf8fffcfe, 0x00fdfb00, \
  0xfff8eaf8, 0xe6fbf9d5, 0xfdf3daf3, 0xfceaeafb, 0x00edfff3, 0xe60a24de, 0x0e09e8f6, 0x001b1111, \
  0x1a0ef105, 0x1216fb07, 0x0e1e03fe, 0x1608f800, 0x00000000, 0x00000000, 0xf5e1cdef, 0xf0f2f903, \
  0x220df5ff, 0x00fcf808, 0x04020000, 0xfafcfff8, 0x0000f9e1, 0x0c031007, 0xf7faeee2, 0xea05e2e3, \
  0xe8f1edeb, 0xf8fb0708, 0x020bed1a, 0xf5020df8, 0x19fef41f, 0xccea1401, 0x282802fd, 0x07ebee14, \
  0xfef106f3, 0xef01f6f3, 0xeadd0001, 0xe60ce5ec, 0x0e04e4e7, 0xeeed0ef9, 0x10efe3f6, 0xedf80dda, \
  0xfeddea12, 0x0605fef9, 0xe9d0f400, 0xf1fdf600, 0xf5f8f2f1, 0xf6f9f4fe, 0xf204f305, 0xf4fa0a01, \
  0x060d1110, 0xf520fffc, 0x00000000, 0x00000000, 0x40000000, 0x00000000, 0x00000000, 0x00000000, \
  0x00000000, 0x00000000, 0x00000000, 0x00000000, 0x00000000, 0x00000000, 0x00000000, 0x00000000, \
  0x00000000, 0x00000000, 0x00000000, 0x00000000, 0x00000000, 0x002a0000, 0x00000000, 0x00000000, \
  0x00000000, 0x00000000, 0x00000000, 0x00000000, 0x00000000, 0x00000000, 0x00000000, 0x00000000, \
  0x00000000, 0x00000000, 0x00000000, 0x00000000, 0x00000000, 0x00000000, 0x00000000, 0x00000000, \
  0x41000000, 0x00000000, 0x00000000, 0x00000000, 0x00000000, 0x00000000, 0x00000000, 0x00000000, \
  0x00000000, 0x00000000, 0x00000000, 0x00000000, 0x00000000, 0x00000000, 0x00000000, 0x00000000, \
  0x00e4e506, 0xdbf92007, 0xf4f911ea, 0xff110d05, 0x02f606fc, 0xf312f001, 0x27fdf201, 0x0a0bee11, \
  0x04f90921, 0x1df5f802, 0x0b0302ea, 0x05fd0e03, 0x0a06f8fe, 0xf5ed260a, 0x12f3060a, 0x01051001, \
  0xfbf3eb01, 0xfbf9010c, 0xf7faf5f9, 0x1031061a, 0xe9f2fbf3, 0xf221f6f8, 0x0dec01e0, 0x0804e2fd, \
  0xf7fcf417, 0xf0eafa03, 0xf70402f2, 0x1403072a, 0xed0b0707, 0x09f104ea, 0xf2f4ec09, 0x0bf80000, \
  0x00000000, 0x00ff0f00, 0x50da82a0, 0x00000022, 0x132808f0, 0xfff60403, 0xf201040b, 0x0e03eee0, \
  0xf51004f1, 0xfdeeff06, 0x0bfc0505, 0xff1403fc, 0xf90600fd, 0x010e0102, 0xf105f1fc, 0xff06fffb, \
  0x0e121416, 0x04ff0323, 0xfff304fe, 0x080f00ed, 0x04feecf0, 0xfdf6041a, 0xf8020d0b, 0xf7fe0102, \
  0x05f7f4fa, 0xfbfe0ffb, 0x080ff712, 0xfef103f9, 0xfff2fcf6, 0x01f00d07, 0x0afb0407, 0xfa08ff06, \
  0x0400f3e6, 0x010bf8ff, 0xfaf206e5, 0xfaf90000, 0x00000000, 0x0002f800, 0x50da82e0, 0x00000058, \
  0x00000000, 0x00000000, 0x40000000, 0x00000000, 0x00000000, 0x00000000, 0x00000000, 0x00000000, \
  0x00000000, 0x00000000, 0x00000000, 0x00000000, 0x00000000, 0x00000000, 0x00000000, 0x00000000, \
  0x00000000, 0x00000000, 0x00000000, 0x00ee0000, 0x00000000, 0x00000000, 0x00000000, 0x00000000, \
  0x00000000, 0x00000000, 0x00000000, 0x00000000, 0x00000000, 0x00000000, 0x00000000, 0x00000000, \
  0x00000000, 0x00000000, 0x00000000, 0x00000000, 0x00000000, 0x00000000, 0x3e000000, 0x00000000, \
  0x00000000, 0x00000000, 0x00000000, 0x00000000, 0x00000000, 0x00000000, 0x00000000, 0x00000000, \
  0x00000000, 0x00000000, 0x00000000, 0x00000000, 0x00000000, 0x00000000, 0xfbe7f8f0, 0x170f0a28, \
  0x03190901, 0x0cfa0216, 0x06e9f9ef, 0xf7eff202, 0x15f4effd, 0x0af109fe, 0xe7061600, 0x07e80de8, \
  0x000606f3, 0x0ae9e106, 0x0e06daeb, 0xecedeaf1, 0x230df607, 0x07240d23, 0x04f704ff, 0x04fff31e, \
  0xfeeb24f8, 0x0e030ff5, 0xf80d1127, 0x16f71b12, 0xf21a1003, 0x03150b0b, 0xf4f903f4, 0xee0c14e6, \
  0x06040cf9, 0x020a10e5, 0xe4fcf108, 0x02ebfb0b, 0xdeff0d01, 0x21060000, 0x00000000, 0x0001fa00, \
  0x50da8380, 0x00000022, 0xf032ff03, 0x000be210, 0xecede1e7, 0xfd00040a, 0x0b0607ee, 0xf3fade29, \
  0x040d1815, 0x12efec1b, 0xf0fefc00, 0xfaff00e6, 0xf7e719fb, 0x0fed09fd, 0x0d121a17, 0x2a02ee16, \
  0xf0ff130c, 0x02f1fef5, 0xeeec00f0, 0xf103010e, 0xfa17f8d0, 0xf20d0516, 0x26e5fc18, 0xfdebe215, \
  0xe7eaf9fa, 0xfef805d6, 0x020009f8, 0xee1903f8, 0x06fa030c, 0x0df41700, 0x09f401fc, 0xfff1fd0c, \
  0xfdf808e9, 0x02fc0000, 0x00000000, 0x00e5f300, 0x50da83c0, 0x00000058, 0x00000000, 0x00000000, \
  0x7a000000, 0x00000000, 0x00000000, 0x00000000, 0x00000000, 0x00000000, 0x00000000, 0x00000000, \
  0x00000000, 0x00000000, 0x00000000, 0x00000000, 0x00000000, 0x00000000, 0x00000000, 0x00000000, \
  0x00000000, 0x00e20000, 0x00000000, 0x00000000, 0x00000000, 0x00000000, 0x00000000, 0x00000000, \
  0x00000000, 0x00000000, 0x00000000, 0x00000000, 0x00000000, 0x00000000, 0x00000000, 0x00000000, \
  0x00000000, 0x00000000, 0x00000000, 0x00000000, 0x3e000000, 0x00000000, 0x00000000, 0x00000000, \
  0x00000000, 0x00000000, 0x00000000, 0x00000000, 0x00000000, 0x00000000, 0x00000000, 0x00000000, \
  0x00000000, 0x00000000, 0x00000000, 0x00000000, 0xf9020216, 0xfef7fa08, 0xfee719f4, 0x05fafc04, \
  0xfa11f203, 0x10f803e8, 0xf002fe03, 0x0502f3f9, 0x00190be6, 0xe7f00406, 0x04fffb07, 0xed00fe10, \
  0xe10122ff, 0x1cfd0cfb, 0x0efefbf9, 0x0807e102, 0x0007f711, 0x0d0fe6f5, 0xf103f302, 0x16fd080c, \
  0x0ff711f4, 0xedf9101e, 0xfb02fede, 0x0fed0013, 0x221510fb, 0xf00aec14, 0xf4f1fdf9, 0x0e0af715, \
  0xf00f0f09, 0xedf20ffa, 0x0afbebff, 0x0c030000, 0x00000000, 0x0008fc00, 0x50da8460, 0x00000022, \
  0xeffc0b09, 0xfee310ed, 0x04f8faed, 0xf30402f2, 0xf604e405, 0x0efdfbf6, 0xf70502f1, 0xef04fdf9, \
  0x06fbf107, 0xf3060502, 0x0419fdfe, 0xf0150a0a, 0xe306faec, 0x0b0107ef, 0x14fa0219, 0xf5110701, \
  0x02fcf70b, 0x0e17fd04, 0x0bf5eb0b, 0x10e8ed08, 0xfc13f6dc, 0xef010bf5, 0x080afd09, 0x0800faf5, \
  0xf31b1102, 0xfeeedb00, 0xf507dcfb, 0xfb1dfdef, 0x0e010e00, 0xfffb0013, 0x140c01fc, 0xf1f10000, \
  0x00000000, 0x00120000, 0x50da84a0, 0x00000017, 0x00000000, 0x00000000, 0x50000000, 0x00000000, \
  0x00000000, 0x00000000, 0x00000000, 0x00000000, 0x00000000, 0x00000000, 0x00000000, 0x00000000, \
  0x00000000, 0x00000000, 0x00000000, 0x00000000, 0x00000000, 0x00000000, 0xec0afed1, 0x04012c04, \
  0x14000000, 0x00000000, 0x00030000, 0x50dac000, 0x00000178, 0xdee9e4f3, 0x0aebe5f4, 0xe3140a0d, \
  0xf50902e7, 0xe00ffaf8, 0xf8f7f6f8, 0xf5f5f6f9, 0xfbf9fcfc, 0xfbfffefd, 0x00ff0000, 0x00000000, \
  0x00f9f704, 0xfdfa0cf7, 0x0018000a, 0x0bfb0c14, 0x03000800, 0x00000000, 0x00000000, 0xf100f9f8, \
  0x01e6f6fc, 0xef000000, 0x00000000, 0x0000fee3, 0xf905c7d6, 0x04eeeb13, 0xef04f208, 0x10f3eb1d, \
  0xfa0be9d6, 0xeefaf2e7, 0xed15edb6, 0xf2f8b7dd, 0xdcd00000, 0x00000000, 0x000000fc, 0xfafff9fc, \
  0xfffb0205, 0x02fffa00, 0x03040101, 0x01fcfcfa, 0xf7f3f206, 0xf0f0131b, 0xf7f1f915, 0x18f41a19, \
  0x15f0d6ed, 0xeee4ea0d, 0x14fafb10, 0x0c160dfe, 0x01000000, 0x00000000, 0x0000e7e6, 0xfbebeff2, \
  0x0708f90e, 0x17fb18fe, 0x04fb0615, 0xe4f2e108, 0xfaee0ff9, 0xf3e3e9e4, 0x10f50203, 0x0f00dfd4, \
  0xeae5f5d8, 0xd6e2d7f6, 0xf6f7f4f4, 0xf4f9f6f3, 0x00fbfefb, 0xfaf9fe00, 0x0409f4fd, 0x06f4f6fd, \
  0xfafbe3e7, 0xf9dae9f7, 0xe4ff0c05, 0xfd01fd00, 0x02fff900, 0xf6ecf20c, 0x011d1c23, 0x0b070a22, \
  0x060415fa, 0xf1e1fdff, 0x00fe00fd, 0xfa05fefd, 0xfdff0000, 0xfb0000fd, 0x02f306e9, 0xf503fdf9, \
  0xfd000000, 0x00000000, 0x00000af2, 0xe40c09e9, 0xe5f1f7cf, 0xe7f9ed00, 0xed03e3ec, 0x00000000, \
  0x00000000, 0x00ebfd04, 0xe901f0f7, 0xf6f0fafa, 0xfb10faf5, 0xf404fdff, 0x0af10ef2, 0x01edf304, \
  0x00000000, 0x00000000, 0x0002f6fb, 0xe2eaee07, 0x1914fc08, 0xfcf90402, 0x2106e8f6, 0xfa03fef3, \
  0xfbf8f9f4, 0xfa04e80d, 0xf2f1f9f6, 0xf5ff0000, 0x00000000, 0x00ff0000, 0x00000000, 0x000000f8, \
  0xfafbf8fa, 0xf9f6f8f8, 0xf91516f6, 0x10160710, 0x1a00ffff, 0xf8f7f9f2, 0xedef0101, 0xffffff00, \
  0x000000f6, 0xfdfeeff6, 0xf3f6edee, 0xfffffdfd, 0xfbfafcfc, 0xfe14161d, 0x10141af4, 0x0b18cdd6, \
  0xf114f1f9, 0x1119051a, 0x0bfafbeb, 0xfedbf624, 0x00fffe02, 0x01fffe01, 0x00dbe3f4, 0x06dbe70b, \
  0x0d06f4fd, 0x04fbff05, 0xfa00fffb, 0xfbfd00ff, 0x00000000, 0x18f9da2a, 0x09fc0e20, 0xf6ee05d5, \
  0xfae6e705, 0xe3cb02f9, 0xdbf1f0ea, 0xebe6f40d, 0xfdf5131b, 0xf11afbe8, 0x261f2301, 0x0805ff13, \
  0x14ff0000, 0x05000008, 0xfeff2f20, 0xd30ff7f1, 0x021bf4ef, 0xfe15f10b, 0xf5effc02, 0xf6010506, \
  0x20260afa, 0x05cdd5ef, 0xe3dbe0fb, 0xd0f1f1fd, 0xf7fb1524, 0x202b1dfe, 0xf811f3f4, 0x08f0f2f1, \
  0x0df8ff04, 0xfefe03e3, 0xfd231606, 0xfc030816, 0x1611192a, 0x0a2715e2, 0xf4de21d8, 0xdbeaddf5, \
  0xfce9eef6, 0x0b091306, 0x0e1c02fc, 0xede5f901, 0xf4fb0de7, 0xf7181b22, 0x1403100e, 0x0e11fc30, \
  0x36131504, 0x09fe0516, 0x06f9f308, 0xfeec1515, 0xf8fbf7f4, 0xf4f803fc, 0xff0dfaf7, 0xe8e3e6e7, \
  0xc8f2f0fd, 0xff0f1704, 0xfb0314f0, 0xd8e3fad2, 0xe0f4dcee, 0xff23180d, 0x1c1c2512, 0x11192628, \
  0x0b191c0a, 0x2023fdf8, 0xeaf41c10, 0xf9170b19, 0xedf507f9, 0x021a0a0e, 0x1600fb00, 0xfefcfdf8, \
  0x06ef081e, 0x12100d09, 0x1914e0ef, 0xfdfafaf5, 0xe2f5e1e3, 0xe3d3cbe1, 0xf508010b, 0x09fdf6f8, \
  0x0a0407fc, 0x1bfff5fe, 0xfffeff00, 0x00ff0026, 0x29070cf8, 0xf5e1dbfc, 0xe8050f08, 0x2ce217fc, \
  0xf9111f12, 0x17151625, 0x0d0105f4, 0xfcef06fc, 0xeb0ada1f, 0x1a2205f8, 0xef03ff02, 0x11fcf10e, \
  0xf4f1f700, 0xfe000000, 0x00000000, 0x0000edd0, 0xc2e0e5f9, 0x020c01f1, 0xe7f503fe, 0xfdfd080c, \
  0xfe08ea11, 0x1ffefefd, 0x051002e6, 0x11240d06, 0x16053a35, 0x3516292e, 0x181a2d00, 0x00000000, \
  0x00000000, 0xe1eafbea, 0xf9020a10, 0xf30100ff, 0xff000000, 0xfffaf4ff, 0xff0507ff, 0xfdfbfd1e, \
  0x2018fe02, 0x19fb0320, 0xe1e804e6, 0x0410c3e2, 0xf7fefcdf, 0xeb0addea, 0x0a040d33, 0x192c03f8, \
  0x2cfb1509, 0x17142314, 0x1225191e, 0x0918221a, 0x28041306, 0xe710f5bc, 0x2217fb17, 0x1b1511ff, \
  0x1dfe01f3, 0xe9ee13ea, 0xf808f1fa, 0x1de9fc0b, 0xc6f915f1, 0xe9f2ff05, 0x1ff3f1e7, 0xe6f5f2df, \
  0xeefe0000, 0x00000000, 0x000000fc, 0x02100e1e, 0x1af3ef00, 0x00000000, 0x00000000, 0x3f000000, \
  0x00000000, 0x00000000, 0x00000000, 0x00000000, 0x00000000, 0x00000000, 0x00000000, 0x00000000, \
  0x00000000, 0x00000000, 0x00000000, 0x00000000, 0x00000000, 0x00000000, 0x00000000, 0x00000000, \
  0x00140000, 0x00000000, 0x00000000, 0x00000000, 0x00000000, 0x00000000, 0x00000000, 0x00000000, \
  0x00000000, 0x00000000, 0x00000000, 0x00000000, 0x00000000, 0x00000000, 0x00000000, 0x00000000, \
  0x00000000, 0x00000000, 0x00000000, 0x3f000000, 0x00000000, 0x00000000, 0x00000000, 0x00000000, \
  0x00000000, 0x00000000, 0x00000000, 0x00000000, 0x00000000, 0x00000000, 0x00000000, 0x00000000, \
  0x00000000, 0x00000000, 0x00000000, 0x0601e414, 0xf9f32ff8, 0xf10809f8, 0xf1fc0500, 0x01e3e7ed, \
  0x0404f7f4, 0x080feb0d, 0xfb0404ec, 0xf80309ea, 0xd5f60aeb, 0xfef9ebfe, 0xfa04edf6, 0x010f06f6, \
  0x03f6f20d, 0x06e200ef, 0x03f5f0f2, 0x03eef401, 0xeff9fd19, 0xf0f1fffd, 0x09f912fe, 0x090900f9, \
  0xf0fdec16, 0xe7fae6f1, 0x04faf40b, 0x040cf5ff, 0xfbeff4fb, 0xee06f9f5, 0x01e8fc05, 0xf514fbf9, \
  0x0924f2fe, 0x01e2f3fe, 0xf7150000, 0x00000000, 0x00ea0c00, 0x50dac2a0, 0x00000022, 0xfb0909f7, \
  0x0ff91a05, 0x0af812e4, 0xf5041006, 0xe3f225fc, 0x090b0de1, 0x1e05002d, 0xeaf415f6, 0x0feb01f4, \
  0xff020400, 0xffec13fc, 0x00f9e521, 0xf403e50a, 0x03f016e7, 0x042eeaf0, 0x0409ea09, 0xfd0704ff, \
  0xe20dfce8, 0x0f09f0fa, 0x06010c0a, 0xfdfcf5ed, 0x1e0efa0c, 0xefff1cf9, 0xfd18e815, 0x0116f20e, \
  0xfcf40c12, 0xf40808e1, 0x092ffdf8, 0xfcfef7e5, 0xe9f6fef6, 0x0a1205f9, 0xf0f00000, 0x00000000, \
  0x00f0f500, 0x50dac2e0, 0x00000058, 0x00000000, 0x00000000, 0x39000000, 0x00000000, 0x00000000, \
  0x00000000, 0x00000000, 0x00000000, 0x00000000, 0x00000000, 0x00000000, 0x00000000, 0x00000000, \
  0x00000000, 0x00000000, 0x00000000, 0x00000000, 0x00000000, 0x00000000, 0x00f70000, 0x00000000, \
  0x00000000, 0x00000000, 0x00000000, 0x00000000, 0x00000000, 0x00000000, 0x00000000, 0x00000000, \
  0x00000000, 0x00000000, 0x00000000, 0x00000000, 0x00000000, 0x00000000, 0x00000000, 0x00000000, \
  0x00000000, 0x3f000000, 0x00000000, 0x00000000, 0x00000000, 0x00000000, 0x00000000, 0x00000000, \
  0x00000000, 0x00000000, 0x00000000, 0x00000000, 0x00000000, 0x00000000, 0x00000000, 0x00000000, \
  0x00000000, 0xfbed1a0a, 0xfbdafc21, 0xfc02edf6, 0xfeff0aee, 0x2afa0f00, 0xf104ed03, 0xfbfafdf2, \
  0xf0f60602, 0xe00df9f4, 0xf91af1f0, 0xfdededfa, 0xf7fdfef2, 0xf60102f6, 0xe50603db, 0xf7fd10fb, \
  0x020af203, 0xfafef123, 0xfefae0eb, 0xf7e417f3, 0xf7ed06ed, 0xe3efedfd, 0xecfd02fc, 0x06f4e7f4, \
  0xfb00f1eb, 0x22f822e5, 0xeef7ff1f, 0xfae8040b, 0x071f14f7, 0x09f11fe8, 0xf3e703ff, 0x0e09f4f8, \
  0xeb020000, 0x00000000, 0x00ecfb00, 0x50dac380, 0x00000022, 0xfd010406, 0x0cebdefa, 0x17fd1af8, \
  0x05f0fdfd, 0x1319ecfc, 0xfef82ee9, 0x1602e404, 0x0a0b07fd, 0x0df6fcf8, 0xeefd09fa, 0x0602fa10, \
  0xfc10f713, 0xf414e7ef, 0x06f9cfe5, 0xeafb100a, 0xfc11f8fb, 0x04fa0312, 0xdafdfdf9, 0xfafa14fd, \
  0xef010ef5, 0xff1e08e8, 0x15f30dfd, 0x061610f7, 0xf707e3fb, 0x15f6030f, 0x0afb12fc, 0xffef01fa, \
  0x02f7f1fb, 0xea0ff605, 0xff20f2f0, 0xfef6fffd, 0x16f90000, 0x00000000, 0x00fdeb00, 0x50dac3c0, \
  0x00000058, 0x00000000, 0x00000000, 0x7c000000, 0x00000000, 0x00000000, 0x00000000, 0x00000000, \
  0x00000000, 0x00000000, 0x00000000, 0x00000000, 0x00000000, 0x00000000, 0x00000000, 0x00000000, \
  0x00000000, 0x00000000, 0x00000000, 0x00000000, 0x00fd0000, 0x00000000, 0x00000000, 0x00000000, \
  0x00000000, 0x00000000, 0x00000000, 0x00000000, 0x00000000, 0x00000000, 0x00000000, 0x00000000, \
  0x00000000, 0x00000000, 0x00000000, 0x00000000, 0x00000000, 0x00000000, 0x00000000, 0x3e000000, \
  0x00000000, 0x00000000, 0x00000000, 0x00000000, 0x00000000, 0x00000000, 0x00000000, 0x00000000, \
  0x00000000, 0x00000000, 0x00000000, 0x00000000, 0x00000000, 0x00000000, 0x00000000, 0xff0aee04, \
  0x18f8edfa, 0xf80a05ea, 0xfe08fe08, 0xfe0c0eed, 0xeff2f0dc, 0x12fe00e3, 0xf008f0ef, 0xe20ffeec, \
  0xfff8edfa, 0xf4e4daf1, 0xeb0cf408, 0xe2fbfe03, 0xfbe3f607, 0x00f7f8ee, 0xfadee7f9, 0xf7f90000, \
  0x02f8defb, 0x1af20209, 0xfff5e703, 0xe9ece1f1, 0x1efdf601, 0xf6dce0d8, 0xfb0cf1ee, 0x10f415ff, \
  0xe5f8f90b, 0x1ae9fbf2, 0x00fef505, 0xf6f90114, 0x0af90201, 0xfafa00ff, 0xf7f10000, 0x00000000, \
  0x00edf600, 0x50dac460, 0x00000022, 0x0e1301f8, 0xfcf90a13, 0xf10d01fa, 0x1a01020d, 0x02e2fef8, \
  0x070efe11, 0xfdfb0c05, 0xfe05001b, 0x08fc0af5, 0x18071001, 0x00f6090a, 0xf3fe0eee, 0xe7f60209, \
  0xfe0cfa0c, 0x0c0504ec, 0xf1eafe0c, 0xfdfb01ea, 0x0102fb01, 0xfb0d01fb, 0x0a16f313, 0x10e20417, \
  0xfa06f4f3, 0xf1e6fcff, 0xf5ffff0e, 0xfceaec03, 0xfb15f701, 0x0407fdf9, 0xf70906fa, 0xef0ff7ea, \
  0x08f61ff9, 0x1f0becf7, 0x00020000, 0x00000000, 0x00eefd00, 0x50dac4a0, 0x00000017, 0x00000000, \
  0x00000000, 0x54000000, 0x00000000, 0x00000000, 0x00000000, 0x00000000, 0x00000000, 0x00000000, \
  0x00000000, 0x00000000, 0x00000000, 0x00000000, 0x00000000, 0x00000000, 0x00000000, 0x00000000, \
  0x00000000, 0xdd1c17ec, 0x20d109dc, 0x1b000000, 0x00000000, 0x000e0000, 0x50db0000, 0x00000178, \
  0xfff7e600, 0xfef6fefd, 0xf5f8f513, 0xcfee0df9, 0xf805f5f6, 0xf6fafaf5, 0xf9f8f3fe, 0x00ffff00, \
  0xff000000, 0x00000000, 0x000000ff, 0x00fc00fd, 0xf0e7e5fe, 0xfc070cf1, 0xe503e3eb, 0xedeeed00, \
  0x00000000, 0x00000000, 0xfe090609, 0x1d271e17, 0x1f0000ff, 0x00000000, 0x00002219, 0xff19f2dd, \
  0xf8e8c1f3, 0xf6d6f6f5, 0xf8fff30a, 0x1007f80b, 0xf7e4f2f0, 0xeafe0201, 0x131b1c12, 0x0f070000, \
  0x00000000, 0x000000ff, 0xff02fefb, 0x0000fe01, 0x00000000, 0x00000000, 0x00f60100, 0xf5f6f5f6, \
  0xf8f702fe, 0x02030603, 0xee07f7ef, 0x0f0d0311, 0x0b10f3fa, 0xf6f61704, 0x0d180703, 0x23000000, \
  0x00000000, 0x0000f1e9, 0x0403f7fe, 0x0cfe0408, 0xdf04d4e5, 0x08e1ea02, 0xd601eef7, 0x00ed00f9, \
  0x0cecfae3, 0xf8f400e6, 0xf4f91708, 0xfb15f7d4, 0xf7ecccf7, 0xf9f9f7f8, 0xf9f8f7f8, 0xfbfeffff, \
  0x00000000, 0xff020100, 0x01000000, 0x00000704, 0x12100b18, 0x00f4f300, 0x01fffe00, 0x00020000, \
  0xec072b0e, 0x18fcf9f7, 0xfcf80f18, 0x0801e0c8, 0xe1ed03fe, 0xfbfcf9f6, 0xefeffc00, 0x00fe0000, \
  0x00000005, 0xf4f4fd00, 0x0301f6fe, 0xfc000000, 0x00000000, 0x00002112, 0x04090f13, 0xf50301ed, \
  0xe7e4f0e7, 0x06f0f3c6, 0x00000000, 0x00000000, 0x00faf20d, 0x03080af4, 0xfefe06f7, 0xfc0703fc, \
  0xfdfefe0b, 0xf90606fa, 0x08faffe9, 0x00000000, 0x00000000, 0x00d8d6f9, 0xf1fd0d08, 0xf409061d, \
  0xf10305fa, 0xcdf303f8, 0xf0f7f2f5, 0xf3f3f6fc, 0xfff90b00, 0xf90b00f5, 0xff000000, 0x00000000, \
  0x00000001, 0x0201fb04, 0x0001fdf8, 0xfdfff6fb, 0xfef6f9fa, 0x0c060ff5, 0x011ef405, 0x10f2eef1, \
  0xeeedf2f1, 0xecec0000, 0x00000000, 0x0000feea, 0xf1fde8f5, 0xf8f9f5f7, 0xfbfafffa, 0xff00feff, \
  0x00fffb09, 0xff11190c, 0x1706d0ce, 0xe3cbfafa, 0xedfd16f0, 0xd6d8dde9, 0x01130cfa, 0x00fd02fd, \
  0x0101ffff, 0xfed8e8f2, 0xbfcae6f8, 0xf5ea0000, 0x060000f8, 0x00fefbfd, 0xff000000, 0x00000000, \
  0x0400fc02, 0x02f806fd, 0x00000000, 0x0000ff00, 0x0000fcff, 0x00fbfc01, 0xf5fc1000, 0x00000000, \
  0x00000000, 0x00fe0002, 0xfe010503, 0xfd00f9f5, 0xfb05fa08, 0xf6fff709, 0xff0bf5f4, 0xfa0f0af4, \
  0xf7ff0805, 0xfaf9100b, 0x05fa0dfa, 0x05f305ff, 0x0202030e, 0xf5ff0e0e, 0x04fb00fe, 0xfd00ff01, \
  0xff000106, 0xfa03f900, 0x02f8fbfa, 0x040706fa, 0xfc000308, 0x06fdf107, 0x060cfc09, 0x07fa0106, \
  0x0006fa04, 0xfc030805, 0x02f5f807, 0x0207fc02, 0x00000000, 0x00000000, 0x00060004, 0xfe02fa02, \
  0x04fff5f8, 0x0beffc05, 0xf3f6feff, 0xff000000, 0x00000000, 0x0204fd04, 0xfcfffd03, 0x020102fd, \
  0xfb020002, 0xfb04fc09, 0xfa04020a, 0xfdf60604, 0xfa050300, 0x01ffff07, 0x0b00000c, 0xff080afe, \
  0x02ff0d0e, 0x05f907f9, 0x04f70000, 0x00000000, 0x00000002, 0x020800fa, 0x01070901, 0x00000000, \
  0x00000000, 0x000c090b, 0x12fe1410, 0xf4f5f602, 0xfbfa08f7, 0xf806fd09, 0x040c0601, 0x09f6f905, \
  0x04f5f4f4, 0x09f909f0, 0xf50000ff, 0x00000100, 0x0000fbf4, 0xf6feff01, 0x01f80100, 0x01000000, \
  0x01000000, 0x0dff08fb, 0x0405f40c, 0x0c000001, 0x00000000, 0x0000fffa, 0x090902fa, 0x09070109, \
  0x04fc04fd, 0x0cfbfbfe, 0x01010101, 0xfe02ffff, 0x01010706, 0x03fefe03, 0x000009fa, 0x04f4fefd, \
  0xf7faf106, 0x06fe05fb, 0x01fcfe00, 0xfefd05fb, 0x02fa04ef, 0xfe000000, 0x00000000, 0x000000f4, \
  0x0cf4fc03, 0xf40e0400, 0x00000000, 0x00000000, 0x00010001, 0x000000ff, 0x00f60701, 0x0107fb04, \
  0x03020000, 0x00000000, 0x00000000, 0x00000001, 0x01000101, 0xeef5ff0b, 0xfc0f0c00, 0x0efb0106, \
  0xf7f504f6, 0x07f60302, 0xfb040afa, 0xfdfe0103, 0xff0bfff3, 0xf4fefbf7, 0x01000100, 0x000100fe, \
  0xfa04fd01, 0xfd0509fb, 0xf903ff04, 0xfbfd0408, 0x01030000, 0x0000ff00, 0x0100ff02, 0x0dfbf3f7, \
  0xfc01f901, 0xfcfbff00, 0x03fc00fa, 0x01000000, 0x00000000, 0x000000f9, 0xf609100a, 0x070801fe, \
  0x00000000, 0x00000000, 0x3e000000, 0x00000000, 0x00000000, 0x00000000, 0x00000000, 0x00000000, \
  0x00000000, 0x00000000, 0x00000000, 0x00000000, 0x00000000, 0x00000000, 0x00000000, 0x00000000, \
  0x00000000, 0x00000000, 0x00000000, 0x00fa0000, 0x00000000, 0x00000000, 0x00000000, 0x00000000, \
  0x00000000, 0x00000000, 0x00000000, 0x00000000, 0x00000000, 0x00000000, 0x00000000, 0x00000000, \
  0x00000000, 0x00000000, 0x00000000, 0x00000000, 0x00000000, 0x00000000, 0x3f000000, 0x00000000, \
  0x00000000, 0x00000000, 0x00000000, 0x00000000, 0x00000000, 0x00000000, 0x00000000, 0x00000000, \
  0x00000000, 0x00000000, 0x00000000, 0x00000000, 0x00000000, 0x00000000, 0xf10606eb, 0x060a1011, \
  0xfc130b11, 0xf50c0a0a, 0x17feec1b, 0x0511fc02, 0x1c08fef8, 0xfef51bfb, 0x0f07f901, 0x020cf6f4, \
  0x1b0b0d0c, 0x0ced06f4, 0x00effc0f, 0x06fd05fc, 0x1305fded, 0x02fcfff7, 0xeb160102, 0xfd06f308, \
  0x0c0ded10, 0xeb23f2f7, 0xfe080e09, 0xfb0bf7e7, 0xf80c0009, 0x0b06fd19, 0x14f40803, 0xfb06f704, \
  0x09f9faf9, 0xfdf9f6fb, 0x0cf812fd, 0xf50304f9, 0x0cf70203, 0x08000000, 0x00000000, 0x000e0300, \
  0x50db02a0, 0x00000022, 0xef1e0902, 0xf50ae0f3, 0xf4020301, 0x16effeed, 0x0613fb07, 0x06f5180f, \
  0xf7f9e0e8, 0xfd0bf5f0, 0xfe0fe9f8, 0xe90b0ce9, 0x17fff9fc, 0x240501e7, 0xf201ec1d, 0xea05d70b, \
  0xe3f2120c, 0xf91601f4, 0x0b0316ff, 0xe7031225, 0xf2f2f206, 0xf3ff08ff, 0x0503130a, 0x230fe8fa, \
  0xf4190a1d, 0xf5f806ff, 0x1eefebfa, 0x0ef807f8, 0xfaff0a05, 0xf3fd090c, 0xfd04effd, 0x100dfe27, \
  0xf6e816e1, 0x20fc0000, 0x00000000, 0x000fe300, 0x50db02e0, 0x00000058, 0x00000000, 0x00000000, \
  0x37000000, 0x00000000, 0x00000000, 0x00000000, 0x00000000, 0x00000000, 0x00000000, 0x00000000, \
  0x00000000, 0x00000000, 0x00000000, 0x00000000, 0x00000000, 0x00000000, 0x00000000, 0x00000000, \
  0x00000000, 0x00f20000, 0x00000000, 0x00000000, 0x00000000, 0x00000000, 0x00000000, 0x00000000, \
  0x00000000, 0x00000000, 0x00000000, 0x00000000, 0x00000000, 0x00000000, 0x00000000, 0x00000000, \
  0x00000000, 0x00000000, 0x00000000, 0x00000000, 0x3f000000, 0x00000000, 0x00000000, 0x00000000, \
  0x00000000, 0x00000000, 0x00000000, 0x00000000, 0x00000000, 0x00000000, 0x00000000, 0x00000000, \
  0x00000000, 0x00000000, 0x00000000, 0x00000000, 0x0001210a, 0x0705221a, 0x2b1b0809, 0x13070909, \
  0x252e01f6, 0x0efd0b16, 0x190a0aff, 0x0b071000, 0x0c080309, 0x000613fe, 0x1504000d, 0x0111f31e, \
  0x0200fb04, 0x1104030b, 0xff0a1409, 0xef18070d, 0xee0b0bfd, 0x1bfdf1f9, 0x03fcf302, 0x020c2800, \
  0x11fdf207, 0x020717f4, 0x05ed1f08, 0xf409fb16, 0xf4060d10, 0xea00f911, 0x1305f204, 0xfa1f29f4, \
  0x1d1ceb17, 0xf80e0d22, 0x1403f506, 0x16070000, 0x00000000, 0x00fc0100, 0x50db0380, 0x00000022, \
  0xf4090d00, 0xffdee3fa, 0xffff1309, 0xfc020d03, 0x0aeaeffd, 0xf80c1112, 0x0aef0209, 0xfef0fff0, \
  0x24ec0b0e, 0x09010b0d, 0xfc0df10b, 0x000411f7, 0xebeefc09, 0xee0ff416, 0xf8fc07fe, 0xfd00e8f5, \
  0xff0effec, 0xf10a2807, 0xebff12ff, 0x0309fff9, 0x1411e318, 0x12e80513, 0xef24fd04, 0x0deffdfc, \
  0x1df8e5f3, 0xfcf6fdf6, 0xf3f00a21, 0x07f302fb, 0xfc010802, 0xfb14e806, 0x29e10eff, 0x06050000, \
  0x00000000, 0x00f1fe00, 0x50db03c0, 0x00000058, 0x00000000, 0x00000000, 0x77000000, 0x00000000, \
  0x00000000, 0x00000000, 0x00000000, 0x00000000, 0x00000000, 0x00000000, 0x00000000, 0x00000000, \
  0x00000000, 0x00000000, 0x00000000, 0x00000000, 0x00000000, 0x00000000, 0x00000000, 0x00190000, \
  0x00000000, 0x00000000, 0x00000000, 0x00000000, 0x00000000, 0x00000000, 0x00000000, 0x00000000, \
  0x00000000, 0x00000000, 0x00000000, 0x00000000, 0x00000000, 0x00000000, 0x00000000, 0x00000000, \
  0x00000000, 0x00000000, 0x3e000000, 0x00000000, 0x00000000, 0x00000000, 0x00000000, 0x00000000, \
  0x00000000, 0x00000000, 0x00000000, 0x00000000, 0x00000000, 0x00000000, 0x00000000, 0x00000000, \
  0x00000000, 0x00000000, 0xfe10f112, 0x1902f4eb, 0x0a0cde04, 0x021c0710, 0xfb060c10, 0xe0130bed, \
  0x0d060a06, 0xf406030f, 0xe62e06f8, 0x03fb010a, 0x09f5d016, 0xfa17fc1c, 0xed09fd08, 0x0b010bf4, \
  0x1700fafc, 0xe9feeb00, 0xf3f20bfc, 0xf9060c03, 0x07051602, 0x10fdf9fd, 0x18f903fc, 0x17fb0222, \
  0xfb15e90f, 0xf3020bf5, 0x2af01712, 0x0102f324, 0x2bf6f809, 0xfc0bfd15, 0x08fcfe16, 0xf300250b, \
  0xf4031326, 0xe1f50000, 0x00000000, 0x00f8f800, 0x50db0460, 0x00000022, 0xf5f6071c, 0x09040ad4, \
  0xe30908ff, 0xfbf20b08, 0xf5f701e8, 0x01000d20, 0xe5fc02ff, 0xe3d90dda, 0xe8100a11, 0x0207040f, \
  0x1105ffff, 0xf304f218, 0x07ede2f6, 0xf00e07f5, 0x19ebec0b, 0x12060aea, 0xf1f20a21, 0x230b1504, \
  0x1dffdcfd, 0x12f1ecef, 0xee010bfa, 0xfaed0ce6, 0xe30a04f1, 0xf8fe0604, 0xfcf6f5f4, 0xf9f6e40e, \
  0xdf12130a, 0x00071017, 0xf1f700eb, 0xef03120b, 0x2306070b, 0xffff0000, 0x00000000, 0x00180500, \
  0x50db04a0, 0x00000017, 0x00000000, 0x00000000, 0x52000000, 0x00000000, 0x00000000, 0x00000000, \
  0x00000000, 0x00000000, 0x00000000, 0x00000000, 0x00000000, 0x00000000, 0x00000000, 0x00000000, \
  0x00000000, 0x00000000, 0x00000000, 0x00000000, 0x05f429d1, 0x09e001e6, 0x2c000000, 0x00000000, \
  0x00e90000, 0x50db4000, 0x00000178, 0x130907fa, 0x00f505f2, 0x0b17fb00, 0x06f511fa, 0xe2fbf9f9, \
  0xf9f7f8f7, 0xf5f6f6ff, 0xffffffff, 0xfffffefe, 0x00000000, 0x00000000, 0x00060603, 0xe5ecf7e7, \
  0xecf70e03, 0xfdfdff08, 0x03eb0b00, 0x00000000, 0x00000000, 0x00ecef01, 0xd5d7eef0, 0xe6000000, \
  0x00000000, 0x00002117, 0x2d2f20fa, 0x2925fa12, 0xf1f90cf3, 0x040705ea, 0x0df8fdf6, 0xeaf8f0e1, \
  0xfee9c7fd, 0xe0dd05ce, 0xdf12fe01, 0x0100ff01, 0x00010102, 0x00000100, 0x00000000, 0xfc020102, \
  0xfcf80405, 0x03fcfcff, 0xfefcfd02, 0xfbfcfee5, 0xe9d5ede6, 0x04f0eefe, 0xdcfbe4fe, 0x15befe2f, \
  0xf7fbca00, 0xe5b7fcd7, 0xc4000000, 0x00000000, 0x0000f006, 0xf4e9f0fa, 0x05eeecf7, 0xf4faf4fc, \
  0x030fe701, 0xf314f10b, 0xeeeffe03, 0x00f3fc04, 0xd3f801f8, 0xf406cedb, 0xf6dbeff2, 0xe0e0e6fa, \
  0xf5f5faf8, 0xf7fafdfc, 0xf0f5fcf5, 0x0cf8f3f8, 0x0e000000, 0x00000000, 0x00010218, 0x0ff3fc01, \
  0xfd05f703, 0x07fb030a, 0xf9f605fa, 0x0b10081c, 0x1ce713fa, 0xe027e81c, 0xe4e9ead9, 0xe70bfd03, \
  0xfdfe0000, 0xfefe02ec, 0xfd0af2f7, 0xf4f70f02, 0x00f4fdfd, 0x0906f900, 0xf300ff00, 0xff0000ff, \
  0x000005e9, 0xf8f4ffe2, 0x00f5f70e, 0xf41af0e1, 0x0df1f2f7, 0x00000000, 0x00000000, 0x00f200f3, \
  0xedff0de8, 0x0f07fdf5, 0xf5fa000a, 0xfff5fbf7, 0xf4f1f0f0, 0xf200f6f5, 0xff030401, 0x030103ff, \
  0xff1c021e, 0x1004faf5, 0x03030d1d, 0x160f0a11, 0x080bf2fc, 0xf9f8fef3, 0xfaf5f9fd, 0xfdf3f7f3, \
  0xf8f6f3fc, 0xec000000, 0x00000000, 0x00000000, 0x00000000, 0x000000f5, 0xf6fdf5f6, 0xfcf4f8fb, \
  0x10fce3ff, 0xeae6f8e2, 0xf7f7f6f7, 0xf9fcf9f5, 0xf3f00206, 0x04030300, 0xf7f707f8, 0xf2f4fbf9, \
  0xf6fafffd, 0xfbfffefe, 0xff00ffff, 0xfef9fde3, 0xeef7f606, 0xf2d9fef1, 0x12e602f8, 0xf3f1fdf4, \
  0x0b1c0ffb, 0xfc2714fa, 0x08fafe03, 0xf80904ff, 0x00d3f6f6, 0xfb010907, 0x1aeceff0, 0x0305fe0b, \
  0x0208f107, 0xfb0a01f9, 0xf807060a, 0x03f0e0fa, 0xf5f2e7fd, 0xe9e9ebd7, 0xf2fde5f5, 0x0207fc00, \
  0x12eef6df, 0xf1e3d9db, 0x0d12d9f2, 0x12e9ddf1, 0x1405f101, 0x1df914f1, 0xe8f6120d, 0xfaec0afd, \
  0xeffefdef, 0xfc03e70d, 0xf3f50417, 0xe6b3eff7, 0xf9e5fbe9, 0xd1d1dbf1, 0xeb010b19, 0x0aff0418, \
  0x0f101d0d, 0x1218df0f, 0xf9e801f3, 0xcdeaebe5, 0x0e100110, 0x17171720, 0x09fbfdff, 0xfa02ff07, \
  0xf21a01ed, 0xea0affd3, 0x040f0110, 0x16fefa07, 0xf6f4e80a, 0xfaca0e03, 0xf609011d, 0x021921d2, \
  0xf50ce9e1, 0xfaf9f807, 0x18f5df0f, 0x09ff04f7, 0xb500fdea, 0x0806f9e4, 0x1c0fec00, 0x1c0ceff0, \
  0xd2fd01cc, 0x040ff7f2, 0xff0809e2, 0xf4fdf1e2, 0xff000706, 0x141bfe0c, 0x240b03cf, 0xead5e0fa, \
  0xeed1f706, 0xedfdfb26, 0x25f7120f, 0xe8f5e7dd, 0xf7fa04f4, 0x02f9dffe, 0xfbdefb07, 0xe5f6faf9, \
  0xf1e7f707, 0xeedd07ef, 0xbfd6eaed, 0xf9f71b0d, 0xfedee7f3, 0xdee3f4f6, 0xe4122029, 0x2dfb010d, \
  0xd4fc0020, 0xfef309e0, 0xf414f5dd, 0xf9f80be1, 0x140ee4fc, 0x1a03f703, 0xfdf8e3f6, 0xcfbd0000, \
  0xf00000f7, 0x0000fb32, 0x24f2150e, 0xfa270f01, 0x04fbfb13, 0x08f80af4, 0xf9fa00ec, 0xeefbe5e2, \
  0xf7c3d907, 0xf6e90a05, 0x04ff20e5, 0x1636ecf2, 0x1cc7d6ee, 0xdfd3e7c9, 0xecdfe1db, 0xdcfe02fe, \
  0xff0200ff, 0x00fe3138, 0x2b1b0303, 0x0cdbf2fd, 0x01f7fefe, 0xfefdfef9, 0x08212ff7, 0xeffeeff4, \
  0xf71703e2, 0x280af810, 0x1cffd2e3, 0xdecbfbf5, 0xd80c1900, 0x00000000, 0x00000000, 0x2a301b28, \
  0x081219e9, 0xed0200fe, 0x0200fffc, 0x00fefeff, 0xff0000fc, 0x0000fbee, 0x02e8ee0b, 0xf9051510, \
  0x0828131c, 0x08fbf7ef, 0xdd0305f1, 0xfaf906f9, 0x0d00e4de, 0xe5e8e3df, 0xf4f2e900, 0x0ce1ea04, \
  0xd9191dea, 0xf5d71b1b, 0xfb0e2101, 0xe2cdd6dc, 0xd6f41409, 0x2039feea, 0xd8011909, 0x1301fb34, \
  0x2d370c10, 0x16060eef, 0x18ece3f5, 0xf0f307fb, 0x04f8f307, 0xfbf8e7fc, 0xffe50000, 0x000000f9, \
  0x0000fce8, 0xeaedeacb, 0xe6d8e8d3, 0x00000000, 0x00000000, 0x3f000000, 0x00000000, 0x00000000, \
  0x00000000, 0x00000000, 0x00000000, 0x00000000, 0x00000000, 0x00000000, 0x00000000, 0x00000000, \
  0x00000000, 0x00000000, 0x00000000, 0x00000000, 0x00000000, 0x00000000, 0x00f60000, 0x00000000, \
  0x00000000, 0x00000000, 0x00000000, 0x00000000, 0x00000000, 0x00000000, 0x00000000, 0x00000000, \
  0x00000000, 0x00000000, 0x00000000, 0x00000000, 0x00000000, 0x00000000, 0x00000000, 0x00000000, \
  0x00000000, 0x40000000, 0x00000000, 0x00000000, 0x00000000, 0x00000000, 0x00000000, 0x00000000, \
  0x00000000, 0x00000000, 0x00000000, 0x00000000, 0x00000000, 0x00000000, 0x00000000, 0x00000000, \
  0x00000000, 0x160d2123, 0x090bff14, 0x17010713, 0x150a03f5, 0x041a292e, 0x0e114f0b, 0x050a081b, \
  0x03111717, 0x36f70c01, 0x011a010b, 0x1d180b0d, 0x160e080d, 0x201c020a, 0x35270c15, 0x13001512, \
  0x1d28ff0e, 0xf2152a0b, 0x0f19ff08, 0x221e220a, 0x02eb0613, 0x12f4090b, 0x1b072601, 0x0d152d11, \
  0xfe030908, 0x0b11e901, 0x2a0a0f10, 0x1e090706, 0x0a000f11, 0x0afc0612, 0x1402051b, 0x1a140b10, \
  0x1d0c0000, 0x00000000, 0x000bec00, 0x50db42a0, 0x00000022, 0xf417fc0b, 0x0f04f51d, 0x0402f9e7, \
  0xf60a26f9, 0x0aeeef07, 0x01fefd15, 0xf1e9ff12, 0x1fecee19, 0xf9f7f2eb, 0xef0af800, 0xfe08fdee, \
  0xf710fbf4, 0x1c0e0d17, 0x1816f5f4, 0xe6020bfa, 0xfefbe4f3, 0x09f4f8d9, 0xfa0f06ff, 0xf4131715, \
  0xf5100f00, 0x16010411, 0xeaee05ff, 0x0feaee06, 0xf005f7f8, 0x05ee0cfc, 0xf81e0be4, 0x15061af4, \
  0xf6e20eee, 0x0cf0f700, 0x02f204fd, 0xe8f20f04, 0x15020000, 0x00000000, 0x00e60800, 0x50db42e0, \
  0x00000058, 0x00000000, 0x00000000, 0x3d000000, 0x00000000, 0x00000000, 0x00000000, 0x00000000, \
  0x00000000, 0x00000000, 0x00000000, 0x00000000, 0x00000000, 0x00000000, 0x00000000, 0x00000000, \
  0x00000000, 0x00000000, 0x00000000, 0x00000000, 0x00040000, 0x00000000, 0x00000000, 0x00000000, \
  0x00000000, 0x00000000, 0x00000000, 0x00000000, 0x00000000, 0x00000000, 0x00000000, 0x00000000, \
  0x00000000, 0x00000000, 0x00000000, 0x00000000, 0x00000000, 0x00000000, 0x00000000, 0x3f000000, \
  0x00000000, 0x00000000, 0x00000000, 0x00000000, 0x00000000, 0x00000000, 0x00000000, 0x00000000, \
  0x00000000, 0x00000000, 0x00000000, 0x00000000, 0x00000000, 0x00000000, 0x00000000, 0x090a2a07, \
  0x16f7101e, 0xfa0d110d, 0x0505082e, 0x181801fa, 0x0a0526fe, 0x000c0d11, 0x1d0b1408, 0x04030c04, \
  0xff3e2111, 0x17261d2d, 0x1407f51e, 0x05120422, 0x0e1007fc, 0x0005203e, 0x0ee72708, 0x27202f16, \
  0x340cf604, 0x00080801, 0x12390010, 0x00fc250a, 0x18061c03, 0x21ff04f8, 0x2e0afcff, 0xff012028, \
  0x13f7fa28, 0x27020619, 0x0e34f81c, 0x190a1b06, 0xfa0c09f8, 0x23201502, 0x1d0f0000, 0x00000000, \
  0x00fa0900, 0x50db4380, 0x00000022, 0x35fb0b02, 0x01f61009, 0x14f5f5f9, 0x0605f7ff, 0xf929effc, \
  0x11e7f3e3, 0x0c000e1a, 0x14fbfb0e, 0x0f03fcf1, 0x11fc0601, 0x03f5f7f8, 0xf2fcfdee, 0xf71b0e0f, \
  0x01fa0f00, 0x01030102, 0x090f0408, 0xff01f821, 0x1bfe01f0, 0xedfb00fc, 0xfe050205, 0xf7f9fdf4, \
  0xe6000d02, 0x1ff506f4, 0xf8fd02ee, 0xd909110f, 0x11fbfc0b, 0x00f5e2f5, 0xe9fbf313, 0x03030717, \
  0x0c0b08f0, 0x0300f603, 0xeffc0000, 0x00000000, 0x000df400, 0x50db43c0, 0x00000058, 0x00000000, \
  0x00000000, 0x79000000, 0x00000000, 0x00000000, 0x00000000, 0x00000000, 0x00000000, 0x00000000, \
  0x00000000, 0x00000000, 0x00000000, 0x00000000, 0x00000000, 0x00000000, 0x00000000, 0x00000000, \
  0x00000000, 0x00000000, 0x00f60000, 0x00000000, 0x00000000, 0x00000000, 0x00000000, 0x00000000, \
  0x00000000, 0x00000000, 0x00000000, 0x00000000, 0x00000000, 0x00000000, 0x00000000, 0x00000000, \
  0x00000000, 0x00000000, 0x00000000, 0x00000000, 0x00000000, 0x3c000000, 0x00000000, 0x00000000, \
  0x00000000, 0x00000000, 0x00000000, 0x00000000, 0x00000000, 0x00000000, 0x00000000, 0x00000000, \
  0x00000000, 0x00000000, 0x00000000, 0x00000000, 0x00000000, 0x1c030805, 0x090a0cf4, 0x19000302, \
  0x1c0c0516, 0x060e16ee, 0xfa090609, 0x0dfd2b22, 0x08120a05, 0x1ee90212, 0x2b0a1212, 0x16221002, \
  0x010b21fa, 0x0a25ef0a, 0xf9002e07, 0x04200a0d, 0xf11e0900, 0x0c0405f9, 0x040d0317, 0x3a30070b, \
  0x0a142508, 0x180a052a, 0x25130014, 0x06fd0202, 0x0b1a09f7, 0x0b010513, 0x1412200c, 0x1d0b1800, \
  0xfa111111, 0x17fd0111, 0x19f7111d, 0xfe1134ee, 0x08240000, 0x00000000, 0x000b1d00, 0x50db4460, \
  0x00000022, 0xf90e03ed, 0x05fc11ef, 0xf706fafd, 0xe2ecf607, 0x0ffbfbf8, 0x04f30bf4, 0x0b1bfee4, \
  0xedfefb0a, 0xff0806f5, 0x0f00f909, 0x051802fe, 0x03fd02f2, 0xf80c09ec, 0xfd0b0b11, 0x08f7f90a, \
  0x0804fed4, 0xfbf4edf4, 0x1d171100, 0x05fdf5f3, 0x0de50a04, 0x10d7f7fd, 0xfbfbff05, 0xdd030f1b, \
  0x0e0e1016, 0xf7eff8d8, 0xeadc01f6, 0xef051806, 0xf1fb0206, 0x050ef9e6, 0xf7f5051d, 0x0c1a10f5, \
  0xfbee0000, 0x00000000, 0x0022f200, 0x50db44a0, 0x00000017, 0x00000000, 0x00000000, 0x4d000000, \
  0x00000000, 0x00000000, 0x00000000, 0x00000000, 0x00000000, 0x00000000, 0x00000000, 0x00000000, \
  0x00000000, 0x00000000, 0x00000000, 0x00000000, 0x00000000, 0x00000000, 0x00000000, 0xf0ff0509, \
  0xf2f8e830, 0x0a000000, 0x00000000, 0x00eb0000, 0x50db8000, 0x00000178, 0xfbee0afa, 0x07fb07fc, \
  0xe9111402, 0xe815fde8, 0x0900f7f7, 0xf6f7f8f6, 0xf8f5f6fa, 0xf6f7f6f6, 0xf7f6f6f9, 0xfefe02fe, \
  0x0204fffd, 0x05f1feea, 0x0d00f10a, 0xfafc18f2, 0x06150a0f, 0x06f3ee00, 0x00000000, 0x00000000, \
  0x0cfbfbeb, 0x0dfd09ef, 0x11fefc01, 0xfc04fafa, 0xfe00f716, 0xfdfe0b06, 0xeaf21600, 0xfbe9040b, \
  0x0aeb11f6, 0x09eff411, 0xeaee0c07, 0x0e180e07, 0x18000115, 0x0c0c0103, 0x02f8fbff, 0x0404f906, \
  0x0c080af4, 0xf9010cee, 0xf3fffbfd, 0x04f6f8fc, 0xf7fdef04, 0xfb00eaf7, 0x060114f6, 0xf7040206, \
  0x041800f1, 0xf5f40206, 0x16fbf710, 0xf90bfb06, 0xffff0902, 0xef0101fe, 0x04fafffd, 0xfd02f203, \
  0xfde7ebfb, 0x02fdf501, 0xe9eff208, 0x041500f2, 0x110fe6f7, 0xe9f5eaf7, 0xe914f612, 0x050cf20f, \
  0x061b0704, 0xf4fd11fa, 0x0a11eefd, 0xf8f3eff7, 0xfff6ecf7, 0xf9f60af3, 0xfff70ffb, 0xf200060b, \
  0x08ee03f7, 0xf1f80a04, 0xf0f11403, 0x0f12fa0b, 0xf2080ffd, 0xedfcfdf6, 0x05f7f0ee, 0x0c0c02e9, \
  0x01f9fe11, 0xe202000c, 0xedfdf2f6, 0x0607f5f2, 0xfd05ef09, 0x08f207fc, 0xeef1ee0c, 0xec0fee04, \
  0xf7ec00ea, 0xff000000, 0x00000000, 0x00000cf9, 0x0cee070d, 0xffea0a07, 0xfcf7130a, 0xe90ce6f5, \
  0xfcfffe01, 0xff02ff04, 0x00fce9f2, 0xe7f0f1f3, 0x0b0700fd, 0x0dfb0606, 0xf80af3f3, 0xf5fa040b, \
  0x030102f9, 0x0a0009fb, 0xf4f60306, 0xf9fa10ff, 0x0e00f8fb, 0xef0113ff, 0x090e1101, 0xfef4f8ee, \
  0xfcf9f2f0, 0x04f3f8ff, 0xe4f5effc, 0x06e800f9, 0x05ffff00, 0x00fdfc01, 0x03ff02fb, 0x060208f2, \
  0xfa01f3f8, 0xf4f6f8f6, 0xf6f7f4f3, 0xf40e08fa, 0xf0fefffc, 0xfff4f3ee, 0xf0f6f6ec, 0xeff3f305, \
  0xf2f0f4f8, 0xf50c0bf6, 0xefeae9ea, 0xeeede9eb, 0xf8f4fafe, 0xf4fe00f1, 0xfde9ece9, 0x030d03fa, \
  0xed0501f8, 0xe21302ff, 0x0501f0e6, 0x04faf6ea, 0xe20809f0, 0x02fcef08, 0x030200fd, 0x0ef217f8, \
  0xf911060c, 0x0217faeb, 0x0d0cebf1, 0xf803faf0, 0x0cf8fef8, 0x01f1f704, 0xfffafd05, 0x04fefff5, \
  0x04ee0e10, 0xfdf6140b, 0xfd16f10e, 0xf6f8f207, 0x0b00f609, 0xfa02fdfe, 0xfef5f1f3, 0xf9f910f6, \
  0x090cf6f5, 0xefeef7f4, 0x01f1f1fd, 0xfffb0505, 0xfa0c1612, 0x00100dee, 0xf1000b06, 0x0a05eaed, \
  0xfef0ee05, 0x0a0c00fd, 0x011009ec, 0x0b0cfc03, 0xf1f800fc, 0x0000fd00, 0x00fc0001, 0x01000100, \
  0x00010000, 0xf6fd0700, 0x0500f207, 0xf0f619fd, 0x13001912, 0xf2fa0aec, 0x01070a09, 0x0ded0ef9, \
  0x00fcf7f7, 0x00feff05, 0xec0ef0fc, 0x020c03ed, 0x06f4f201, 0xf40cf0eb, 0x1206ff02, 0x05f9fbfe, \
  0xf901fd0a, 0xf9010e07, 0x0b0ffcfb, 0x09031012, 0x100f1300, 0xfafdfefd, 0x0201fd01, 0x0201f102, \
  0x0bfc0501, 0xf5f50809, 0xf200f10c, 0x15fe05f7, 0xf3070c0d, 0x0d0b04f4, 0x0e14f601, 0xfced0b0b, \
  0x09100000, 0x01000001, 0x00ff0003, 0xec0f03f7, 0x060b0511, 0xf60a03f3, 0x03f901f7, 0xf901f0ed, \
  0xf8000af9, 0xf6fbf4f3, 0x08f4f404, 0xee0305fd, 0xeffbeffe, 0x0300f30c, 0x0909f801, 0xf005f809, \
  0xf71300fb, 0xf8091705, 0x180b0404, 0xfaf20203, 0x0806f507, 0x0203f902, 0x060a0418, 0x0808f40f, \
  0xfffc0aff, 0xf7000000, 0x00000000, 0x00000e12, 0x06f2fe00, 0x021015f7, 0xfdfd01fa, 0x03f3030e, \
  0xfa0507f1, 0xf4fd01f5, 0x0d000000, 0x00000000, 0x0000f703, 0xfdf0f4f0, 0x06f10400, 0x00000100, \
  0x00010000, 0xf101f4fe, 0xfbf3f0fe, 0xfef6fcfd, 0x05121502, 0xfe08f6e8, 0x0de9faed, 0xfdf10100, \
  0x00000000, 0x00000000, 0x00ff0100, 0xffffff00, 0x00000000, 0x00000000, 0x00000000, 0x00000000, \
  0x00000007, 0xff090a16, 0xf4eefe05, 0xeff90deb, 0x00f4feff, 0xeeffed0d, 0x0cf6f209, 0xf1f6fb0a, \
  0x050b06fe, 0xfff206f4, 0x0e0d05f8, 0xf700fcf6, 0x09f9f702, 0x01110809, 0xfb01f2fe, 0x01ee0704, \
  0x060a0504, 0xf71001fe, 0xee01f2fb, 0xff0bfe0a, 0xf6eefd0e, 0x0205030b, 0x08fd03f5, 0x0b000000, \
  0x00000000, 0x00000708, 0xfcf6ff01, 0xff0c0709, 0x190816f5, 0x08f7fbfe, 0x00000000, 0x00000000, \
  0x40000000, 0x00000000, 0x00000000, 0x00000000, 0x00000000, 0x00000000, 0x00000000, 0x00000000, \
  0x00000000, 0x00000000, 0x00000000, 0x00000000, 0x00000000, 0x00000000, 0x00000000, 0x00000000, \
  0x00000000, 0x00210000, 0x00000000, 0x00000000, 0x00000000, 0x00000000, 0x00000000, 0x00000000, \
  0x00000000, 0x00000000, 0x00000000, 0x00000000, 0x00000000, 0x00000000, 0x00000000, 0x00000000, \
  0x00000000, 0x00000000, 0x00000000, 0x00000000, 0x3d000000, 0x00000000, 0x00000000, 0x00000000, \
  0x00000000, 0x00000000, 0x00000000, 0x00000000, 0x00000000, 0x00000000, 0x00000000, 0x00000000, \
  0x00000000, 0x00000000, 0x00000000, 0x00000000, 0x07fef903, 0xd5fbf3f2, 0x0104fbf4, 0x0901f8fd, \
  0xec0701f6, 0xf8edf216, 0x00ecf8f2, 0x0207effc, 0xfef6fa03, 0xf4fdf0f5, 0xfa03f8f5, 0xfa26f9fd, \
  0x1025fcfa, 0x00fd1001, 0x0202f904, 0x0c080700, 0xfbf11103, 0x06010af3, 0x0a011b05, 0x1303fafa, \
  0xff0ff905, 0xf303e6fa, 0x17feff03, 0x0305f0fb, 0xfe00f4f5, 0xfff0f6f0, 0x02f8fcf6, 0xfd060403, \
  0x06080003, 0x2aebf311, 0xf823ffec, 0xf9f70000, 0x00000000, 0x00000800, 0x50db82a0, 0x00000022, \
  0x0dc906e8, 0xf90bcf0e, 0xfe22ea03, 0x1e07eff8, 0x230bf426, 0xfcf00fed, 0xf3f90005, 0x24f41414, \
  0x04f8fdf3, 0xf8e30908, 0x01e7fbf6, 0x17171908, 0x030913ea, 0xffeacbeb, 0xeaf618f5, 0x02fa1d12, \
  0x11ed0800, 0x04eefc08, 0xf90ff6fc, 0xfd0a0a05, 0x0cfd26ec, 0x020bf418, 0xe5f7f3f8, 0xdd06f91a, \
  0xe8180119, 0x1603020c, 0xf0fefdfb, 0x0dfe0f0b, 0xfdfdf2ff, 0x0fee0df2, 0xe1f6040a, 0x1ff80000, \
  0x00000000, 0x0002f700, 0x50db82e0, 0x00000058, 0x00000000, 0x00000000, 0x3c000000, 0x00000000, \
  0x00000000, 0x00000000, 0x00000000, 0x00000000, 0x00000000, 0x00000000, 0x00000000, 0x00000000, \
  0x00000000, 0x00000000, 0x00000000, 0x00000000, 0x00000000, 0x00000000, 0x00000000, 0x000b0000, \
  0x00000000, 0x00000000, 0x00000000, 0x00000000, 0x00000000, 0x00000000, 0x00000000, 0x00000000, \
  0x00000000, 0x00000000, 0x00000000, 0x00000000, 0x00000000, 0x00000000, 0x00000000, 0x00000000, \
  0x00000000, 0x00000000, 0x3d000000, 0x00000000, 0x00000000, 0x00000000, 0x00000000, 0x00000000, \
  0x00000000, 0x00000000, 0x00000000, 0x00000000, 0x00000000, 0x00000000, 0x00000000, 0x00000000, \
  0x00000000, 0x00000000, 0x07070504, 0xfa00f60c, 0xf50103f8, 0xff110204, 0xfcfa0507, 0x0605f5ff, \
  0xf1fe040f, 0x000ef614, 0x1bff160e, 0x0129fdfd, 0x0206010b, 0xf4061ef1, 0xeef60e03, 0x11100b0a, \
  0x0a1d1b13, 0x05f70a01, 0x1318062d, 0x03fe0ffd, 0xfb0904fb, 0x07141208, 0xfdf00010, 0x0106061a, \
  0x11f4fdf9, 0xfb06f8f7, 0x16094403, 0x0a02fd16, 0x13040110, 0x0a000016, 0xfc0c1c0a, 0xf90207fc, \
  0xf91b00fd, 0xf1040000, 0x00000000, 0x00020b00, 0x50db8380, 0x00000022, 0xe90ef8ef, 0x0f05f8fe, \
  0xf7030110, 0xef08f9fa, 0x0af9fdfa, 0x05f7fc08, 0x06fffc04, 0xf301fa1a, 0xf10603f5, 0xf5f60d0c, \
  0xfcfd1903, 0xfbe80b02, 0xeaf803ee, 0x0c0a0909, 0xf806f9f0, 0xfb0afc06, 0xf8effc04, 0xe928fa01, \
  0x1df8f3fa, 0x00fa0df9, 0xf702f7fb, 0xfa03f901, 0xf20f070a, 0x0d06edfa, 0x0aee1004, 0x01f80afb, \
  0xfbfafaf8, 0x06021003, 0x0a0801ff, 0x0d02040c, 0x03fbef01, 0x050d0000, 0x00000000, 0x00faf700, \
  0x50db83c0, 0x00000058, 0x00000000, 0x00000000, 0x73000000, 0x00000000, 0x00000000, 0x00000000, \
  0x00000000, 0x00000000, 0x00000000, 0x00000000, 0x00000000, 0x00000000, 0x00000000, 0x00000000, \
  0x00000000, 0x00000000, 0x00000000, 0x00000000, 0x00000000, 0x00fd0000, 0x00000000, 0x00000000, \
  0x00000000, 0x00000000, 0x00000000, 0x00000000, 0x00000000, 0x00000000, 0x00000000, 0x00000000, \
  0x00000000, 0x00000000, 0x00000000, 0x00000000, 0x00000000, 0x00000000, 0x00000000, 0x00000000, \
  0x3d000000, 0x00000000, 0x00000000, 0x00000000, 0x00000000, 0x00000000, 0x00000000, 0x00000000, \
  0x00000000, 0x00000000, 0x00000000, 0x00000000, 0x00000000, 0x00000000, 0x00000000, 0x00000000, \
  0x0302fd05, 0x17ff09fe, 0x00f0fc06, 0x180f13f2, 0xfe00f8f6, 0x00120113, 0x1301ff12, 0x160c06f7, \
  0x15fb072a, 0x1b07050b, 0x16f61707, 0x110b0a00, 0x180515fd, 0x0513f2fa, 0x04fd05f9, 0xeb180907, \
  0x16fc1304, 0x01f53004, 0x130d0518, 0xfbfd0bf2, 0xfc1afd19, 0x2d1af613, 0xf7020f14, 0xfa04fd07, \
  0xfa0a060f, 0x0bff1903, 0xe81df911, 0xff0710ea, 0xf9f80cfc, 0x1de714f6, 0xfd07f9e4, 0xe80a0000, \
  0x00000000, 0x00f8fd00, 0x50db8460, 0x00000022, 0xf10405f1, 0x0209fcfe, 0xf5061519, 0x04080afd, \
  0xf60a04fa, 0x03f8f30b, 0x0004f7e2, 0xef020716, 0x08111504, 0x141b11ff, 0x11121201, 0x0400ffef, \
  0xeee9ef02, 0x001b091c, 0x18ff09f4, 0xf7e6f3ec, 0xd7f8fdf7, 0x02fe0b08, 0x0702f10c, 0x18f5ed0a, \
  0x1202fe19, 0x1c01fff6, 0xecf81005, 0x1af301fe, 0x15f7e9f5, 0xf10303fd, 0xfdf60a05, 0xfeede70d, \
  0x0002020b, 0x0b0f0b18, 0x0beeffea, 0xf3f80000, 0x00000000, 0x00060a00, 0x50db84a0, 0x00000017, \
  0x00000000, 0x00000000, 0x51000000, 0x00000000, 0x00000000, 0x00000000, 0x00000000, 0x00000000, \
  0x00000000, 0x00000000, 0x00000000, 0x00000000, 0x00000000, 0x00000000, 0x00000000, 0x00000000, \
  0x00000000, 0x00000000, 0xe32ad918, 0xfa2af91e, 0xfe000000, 0x00000000, 0x00000000, 0x50dbc000, \
  0x00000178, 0xf6180aec, 0x0707e7ee, 0xecece41d, 0xfce40eeb, 0x05faf5f6, 0xf6f7f4f4, 0xf8f4f3fd, \
  0xfdfcfefe, 0xfcfdfefd, 0x0001ff00, 0xfeff01ff, 0x000df30a, 0xf7f90e0e, 0x0d0eeaeb, 0x00f101f7, \
  0xfb16f400, 0x00000000, 0x00000000, 0xff050909, 0xfc0b1606, 0xf9ffff00, 0x00000000, 0x0000f4f6, \
  0xf80adff1, 0x0ee2f008, 0xf4eff3f2, 0x1501fe0d, 0xe2e4dcf9, 0xe7faf405, 0x1005faec, 0x0710f01a, \
  0x0ad30001, 0x020001fc, 0x02fefbfe, 0xfdfc0506, 0xfcfffdff, 0x00fe02fe, 0x04010203, 0xf9fcf9f2, \
  0xf2f0f9ff, 0xf9feee03, 0x150de510, 0x011005ea, 0xfafbf401, 0xf715f0f1, 0xfbfe1ef5, 0xef16fdef, \
  0x23ffff02, 0x0001ff00, 0x0000e4fb, 0x0af70403, 0x04ecfbe4, 0xfbebec0f, 0x04eefb04, 0xfaf716fc, \
  0x04faf5f6, 0xf7111107, 0x0bfd08f4, 0xff1a03fe, 0xebf5ffec, 0xf6fbdcf5, 0xf6f9f4f3, 0xf7f8f6f7, \
  0xf408f8f5, 0xf305f809, 0x0602ff00, 0x00ff0000, 0xfc000404, 0x1b280aed, 0xf90cec02, 0xfefc04fe, \
  0xfefd0102, 0x0dfc1710, 0xeaed01eb, 0xf2f5fbe4, 0xebf3e101, 0x08f2f6ef, 0xec04f1eb, 0xf301f501, \
  0xf4f3ebf1, 0xfaedf1ff, 0xee080a05, 0xf70ae9ea, 0xeb000000, 0x00000000, 0x0000ee04, 0xe20ee7ff, \
  0x0bf1fed6, 0xf8fadcce, 0xfcc8dae5, 0x00000000, 0x00000000, 0x000cf103, 0xebf4f7f7, 0xf307faf5, \
  0x030b01f6, 0x00fd0c0f, 0xf1e90df0, 0xed03ede9, 0x0100ff01, 0xfefffffc, 0xfdf7ef04, 0x19f410f7, \
  0xf912121a, 0xf804010c, 0x06f8e4f7, 0xfaf2f9f2, 0xfbf9fbfa, 0xeffffe05, 0xf3fcecfd, 0x04000000, \
  0x00000000, 0x000001f9, 0xfefbf800, 0xfa0405f7, 0xfcf8f7fa, 0xf5f5f7f4, 0x04e81de6, 0x0a0bebf4, \
  0x1aededf1, 0xefeef0ee, 0xe8edff01, 0xff01f9fa, 0xf9f9f3e5, 0xf2ece9ee, 0xebf3f3f3, 0xfafffefe, \
  0x0100ff00, 0xfe01060e, 0x0007fde9, 0xf22af9f2, 0xf6e30009, 0xd9f5eef1, 0xecfff81a, 0x20fefa01, \
  0xfeff06fa, 0x0804fdfb, 0xf2d3d7eb, 0xcfeaeadf, 0xf505fefb, 0xf90803f3, 0x0af50ffd, 0x05f7fffe, \
  0xf6ff07fa, 0x03f4f4fd, 0xf8f80cff, 0xf8f70df4, 0x0e05050b, 0xfefbff0a, 0x0ef6fb06, 0x0f030e01, \
  0xf4fef4ff, 0xf8fc00fd, 0xfc09030b, 0x0ffdf509, 0x0cf20907, 0x0ffa09f2, 0xfff1f40d, 0xfcf2fff3, \
  0xeeeefdf1, 0x070fee0d, 0x03ed0b0b, 0xee0602f2, 0x09070bfc, 0x000f000d, 0x0cf507f1, 0xfffc0001, \
  0x01fefefe, 0x01000000, 0x00000000, 0x00010000, 0xedf2f90e, 0x0efd0cf4, 0xf9fa1404, 0xf20c03f8, \
  0xf7f103fa, 0xfbfbf106, 0x030807f1, 0xfcfb0609, 0xf3f706fd, 0x050b07ff, 0x01f60b07, 0xf800f5f9, \
  0xfefaf20b, 0xf9090002, 0x02f5fbfa, 0xf50a000a, 0x0310120e, 0xfa0e0a00, 0xfe01fa09, 0x03140102, \
  0x0e050408, 0xf7f8fdfa, 0xf7040d09, 0x09f2f8ed, 0x021107f4, 0x0f010210, 0xfafaf108, 0xfb05f3ef, \
  0x0bef03f4, 0xf4f7f707, 0x0df7f003, 0x08fe0000, 0x00000000, 0x00000009, 0x0c0c0cfd, 0xf2f408fa, \
  0xf5050b01, 0xf1070400, 0xf30ff911, 0xfff312f3, 0x0d020bfb, 0xecff0afb, 0x090ceffd, 0x02f11004, \
  0x01f803f7, 0xfb080ff6, 0x04f9fffe, 0xf61912fa, 0xfcfa02ff, 0x14170c09, 0xee0508f1, 0x0a0208f4, \
  0xfdf4ff0e, 0xfb11141b, 0xf403eeff, 0x0c000e11, 0x0f000000, 0x00000100, 0x00000b14, 0x04110906, \
  0x05ff0e0a, 0xf1f8f90c, 0xfbf808fa, 0xfaf3fd04, 0x0b080403, 0x06000000, 0x00000001, 0x00000d11, \
  0x080b0e0b, 0x050810fe, 0x01000000, 0x00000000, 0x0606f9ee, 0xfded0cf0, 0xfcfdfe0b, 0x13fffe14, \
  0x18fd000f, 0x10f6020c, 0x02f30a00, 0x00000000, 0x00000000, 0xfefe0204, 0x000805fb, 0x0600ff00, \
  0xffff00ff, 0x00010000, 0x00000000, 0x000000f6, 0xf807f710, 0xfc051002, 0x01eef507, 0xfb070ff1, \
  0xf1000b02, 0x03f0f8fa, 0x030b010a, 0x06f9f3fa, 0xfdf50bfc, 0xeeff0c07, 0xee000a02, 0x160003f6, \
  0x09f40e0b, 0x1403edfc, 0x09fbed0d, 0x0404fa08, 0xfc0c06f3, 0x0a110b02, 0x08fc12f6, 0xfdf10cff, \
  0x07f9fff4, 0xfdfefef9, 0xf3000000, 0x00000000, 0x00000300, 0x04fffcfd, 0xfafaf9fb, 0xf711ff03, \
  0x071317ff, 0x00000000, 0x00000000, 0x41000000, 0x00000000, 0x00000000, 0x00000000, 0x00000000, \
  0x00000000, 0x00000000, 0x00000000, 0x00000000, 0x00000000, 0x00000000, 0x00000000, 0x00000000, \
  0x00000000, 0x00000000, 0x00000000, 0x00000000, 0x00020000, 0x00000000, 0x00000000, 0x00000000, \
  0x00000000, 0x00000000, 0x00000000, 0x00000000, 0x00000000, 0x00000000, 0x00000000, 0x00000000, \
  0x00000000, 0x00000000, 0x00000000, 0x00000000, 0x00000000, 0x00000000, 0x00000000, 0x3e000000, \
  0x00000000, 0x00000000, 0x00000000, 0x00000000, 0x00000000, 0x00000000, 0x00000000, 0x00000000, \
  0x00000000, 0x00000000, 0x00000000, 0x00000000, 0x00000000, 0x00000000, 0x00000000, 0xfa02f1f0, \
  0x1c020a0c, 0x09fdfb07, 0x080f0906, 0x0a012c14, 0x0408060a, 0x0bfef200, 0xf206f51a, 0xfe0afd1f, \
  0x0f050705, 0xff050014, 0xfbf8080b, 0x11f60112, 0x040d29f0, 0x160c0313, 0x11030e14, 0xf80602f7, \
  0x0f071008, 0x040d0411, 0xfd0712f4, 0xfef2fcff, 0xeb1df50e, 0x07ec0419, 0x07f305fd, 0xe9faf006, \
  0x04fb0a0f, 0x010215e8, 0x140c1302, 0xf9000310, 0x10f5f708, 0x0cf7f90e, 0xfc080000, 0x00000000, \
  0x00fcf800, 0x50dbc2a0, 0x00000022, 0xeafbfa02, 0x01ffe903, 0x09f811f5, 0x08fa0cf8, 0xfb09ebf6, \
  0x04f00efb, 0xfd00ec01, 0xf603fdfd, 0x0f030508, 0x0a040afd, 0xf9fef1f8, 0x0008f409, 0xe70bf513, \
  0xf9f9e5f8, 0xfff4f303, 0xfdfbe909, 0xfdf61106, 0xe3ef1501, 0x02040bf8, 0xfe0403ef, 0x02000504, \
  0x33fc0d13, 0x03031909, 0x19ecf606, 0x0e03dd03, 0x00ff07f3, 0x10fc1b09, 0xfafcfa19, 0xf1f8f9fe, \
  0x0502fcfb, 0x0405fcf4, 0x10fb0000, 0x00000000, 0x00fbf200, 0x50dbc2e0, 0x00000058, 0x00000000, \
  0x00000000, 0x38000000, 0x00000000, 0x00000000, 0x00000000, 0x00000000, 0x00000000, 0x00000000, \
  0x00000000, 0x00000000, 0x00000000, 0x00000000, 0x00000000, 0x00000000, 0x00000000, 0x00000000, \
  0x00000000, 0x00000000, 0x00ff0000, 0x00000000, 0x00000000, 0x00000000, 0x00000000, 0x00000000, \
  0x00000000, 0x00000000, 0x00000000, 0x00000000, 0x00000000, 0x00000000, 0x00000000, 0x00000000, \
  0x00000000, 0x00000000, 0x00000000, 0x00000000, 0x00000000, 0x3f000000, 0x00000000, 0x00000000, \
  0x00000000, 0x00000000, 0x00000000, 0x00000000, 0x00000000, 0x00000000, 0x00000000, 0x00000000, \
  0x00000000, 0x00000000, 0x00000000, 0x00000000, 0x00000000, 0x030211fa, 0x1622fef8, 0xeb0d0a0b, \
  0x2900fd1c, 0xfff40c14, 0xf6ef11fb, 0x19fc091e, 0x0817fe15, 0x17f7fafa, 0x17f31003, 0x24131a1c, \
  0x1308f112, 0x0718f60e, 0x11ff0704, 0x0004051c, 0x09121115, 0x132405f1, 0x2afe0804, 0x0412061d, \
  0x15151707, 0x08fe1220, 0x090df60e, 0xeb24fa10, 0x030f1ef8, 0x0b0a0921, 0xed020ffe, 0x1803eefe, \
  0x061c1609, 0x07fc0710, 0x010aff03, 0xf81cfe05, 0x15fe0000, 0x00000000, 0x00070900, 0x50dbc380, \
  0x00000022, 0xf51205f3, 0xfbedf41f, 0x06f3f114, 0x01fbf70d, 0x0335f7f7, 0xf9e406ea, 0xf701fc19, \
  0x0316fd15, 0x05f402da, 0xf5081bfb, 0xfaf813fd, 0x1f0502da, 0x09260408, 0xfc03e003, 0xee1f11f0, \
  0xfd10f014, 0xf0f9ee12, 0x15fd0fe9, 0x0ef4f60a, 0x0d04e70b, 0x11f20a00, 0xf21002fb, 0x0cf1dfee, \
  0x0e0400e9, 0x0fff0008, 0x05fefa0f, 0xf2def3f3, 0xfdff0506, 0x0506040f, 0x00081aea, 0x06040203, \
  0x1f0f0000, 0x00000000, 0x00040500, 0x50dbc3c0, 0x00000058, 0x00000000, 0x00000000, 0x7b000000, \
  0x00000000, 0x00000000, 0x00000000, 0x00000000, 0x00000000, 0x00000000, 0x00000000, 0x00000000, \
  0x00000000, 0x00000000, 0x00000000, 0x00000000, 0x00000000, 0x00000000, 0x00000000, 0x00000000, \
  0x00e50000, 0x00000000, 0x00000000, 0x00000000, 0x00000000, 0x00000000, 0x00000000, 0x00000000, \
  0x00000000, 0x00000000, 0x00000000, 0x00000000, 0x00000000, 0x00000000, 0x00000000, 0x00000000, \
  0x00000000, 0x00000000, 0x00000000, 0x3e000000, 0x00000000, 0x00000000, 0x00000000, 0x00000000, \
  0x00000000, 0x00000000, 0x00000000, 0x00000000, 0x00000000, 0x00000000, 0x00000000, 0x00000000, \
  0x00000000, 0x00000000, 0x00000000, 0x0cf60317, 0x010609e5, 0x0beb16fe, 0x0ff90d1e, 0x10010400, \
  0x180d1508, 0xfcfd0312, 0x0d0d1102, 0x10ff0a0b, 0x0dfb0d13, 0x18121105, 0x081b0606, 0x0b10fd00, \
  0x0c0511f7, 0x040516fe, 0x111f0103, 0x03faf8fc, 0x15081102, 0x0a231f03, 0xff0d1e0f, 0x00022d1e, \
  0x0b0b0515, 0xee091000, 0xfd0c0517, 0x14120a0b, 0x0d08f40e, 0xfbf91210, 0xfb0af600, 0x0910fb05, \
  0x08f803ed, 0x0af6ff02, 0x000b0000, 0x00000000, 0x000d1500, 0x50dbc460, 0x00000022, 0xef15fd18, \
  0xf6f70617, 0x00e60cfe, 0x07eaf925, 0xf62108fc, 0xfcdf0afb, 0x0919f816, 0xfa000401, 0xfcee0de5, \
  0x060a080c, 0x00ee0ffd, 0x050ff8f2, 0xf61cfc02, 0x052405fa, 0x0702f505, 0xf9fef7ef, 0xffe80f1e, \
  0xf9170302, 0x03f80216, 0x00fcfb0f, 0xfffff7f8, 0x07eb00fa, 0xf9f60204, 0x06fcfdc0, 0xfa00fc0a, \
  0xeef7fdfb, 0x01fd0df6, 0x11e9f029, 0x0e01fc17, 0xfd010511, 0x110dfeee, 0x0b010000, 0x00000000, \
  0x00fcfa00, 0x50dbc4a0, 0x00000017, 0x00000000, 0x00000000, 0x4f000000, 0x00000000, 0x00000000, \
  0x00000000, 0x00000000, 0x00000000, 0x00000000, 0x00000000, 0x00000000, 0x00000000, 0x00000000, \
  0x00000000, 0x00000000, 0x00000000, 0x00000000, 0x00000000, 0xfe02e6f2, 0x000b1d2f, 0x0b000000, \
  0x00000000, 0x00e70000, 0x00000000 \
}
